Date,Close,High,Low,Open,Volume,RSI_14,MACD,MACD_Signal,MACD_Hist,Open_Growth,Close_Growth,High_Growth,Low_Growth,Volume_Growth,landmark,ground_truth
2/21/2014,16.44549942,16.73730723,16.42514797,16.68157525,278784800,45.96685989,0.008857012,-0.057808478,0.06666549,-0.000375392,-0.011108116,-0.00452531,-0.00831771,-0.088515586,-,-
2/24/2014,16.51750565,16.59171125,16.35688792,16.37974421,288909600,47.63322718,-0.000985881,-0.046443959,0.045458078,-0.018093678,0.004378476,-0.008698889,-0.004155826,0.036317618,-,-
2/25/2014,16.34562111,16.5807572,16.31243274,16.57480945,231952000,44.13427531,-0.0223979,-0.041634747,0.019236847,0.011908931,-0.010406204,-0.000660212,-0.002717826,-0.197146789,-,-
2/26/2014,16.19814873,16.4376691,16.1433565,16.39414867,276217200,41.32920602,-0.050682631,-0.043444324,-0.007238307,-0.01089972,-0.009022134,-0.008629769,-0.01036487,0.19083776,-,-
2/27/2014,16.52126884,16.55602232,16.15744759,16.19157569,301882000,48.98060556,-0.046489489,-0.044053357,-0.002436132,-0.012356419,0.019947966,0.007200122,0.000872873,0.092915286,-,-
2/28/2014,16.47649002,16.68031713,16.34749221,16.56540865,371968800,48.04549079,-0.046246569,-0.044491999,-0.00175457,0.023088115,-0.002710374,0.007507529,0.011762044,0.232166211,-,-
3/3/2014,16.524086,16.61457144,16.36910163,16.38820065,238781200,49.15660215,-0.041732391,-0.043940078,0.002207687,-0.010697472,0.002888721,-0.003941513,0.00132188,-0.358061214,-,-
3/4/2014,16.6330471,16.6768819,16.52440234,16.62553424,259140000,51.70307891,-0.029028004,-0.040957663,0.011929659,0.014481979,0.006594078,0.00375035,0.009487431,0.085261319,-,-
3/5/2014,16.66810989,16.74293921,16.56697803,16.62302436,200062800,52.52704822,-0.01594659,-0.035955448,0.020008858,-0.000150966,0.00210802,0.003961011,0.002576534,-0.227974068,-,-
3/6/2014,16.61770439,16.73323831,16.53473347,16.68157628,185488800,51.17538386,-0.009536843,-0.030671727,0.021134884,0.003522339,-0.003024068,-0.000579403,-0.001946315,-0.072847126,-,-
3/7/2014,16.60799599,16.65621342,16.47054554,16.62834744,220729600,50.90368383,-0.005180739,-0.02557353,0.020392791,-0.003190876,-0.000584221,-0.004603107,-0.003882006,0.18998883,-,-
3/10/2014,16.62302589,16.69848227,16.54224547,16.54287252,178584000,51.33445171,-0.00050983,-0.02056079,0.020050959,-0.005140313,0.00090498,0.002537723,0.004353222,-0.19093769,-,-
3/11/2014,16.78489685,16.86786776,16.67531237,16.76485976,279224400,55.829403,0.016068306,-0.013234971,0.029303277,0.013418905,0.009737755,0.010143766,0.008044065,0.563546566,-,-
3/12/2014,16.80117416,16.82434314,16.65683625,16.7354245,199326400,56.26683719,0.030172235,-0.004553529,0.034725765,-0.001755771,0.00096976,-0.002580327,-0.001107993,-0.286142615,-,-
3/13/2014,16.61457253,16.89667363,16.5679202,16.82716668,257742800,50.13692104,0.025992878,0.001555752,0.024437126,0.005481915,-0.011106464,0.004299157,-0.005338112,0.293069057,-,-
3/14/2014,16.42796898,16.62208951,16.37505453,16.55633814,237199200,44.8722743,0.007536485,0.002751899,0.004784587,-0.01609472,-0.011231318,-0.01625078,-0.01164091,-0.079705815,-,-
3/17/2014,16.49215126,16.59328147,16.46428527,16.52220941,199544800,46.93618081,-0.001889584,0.001823602,-0.003713186,-0.00206137,0.003906891,-0.001733118,0.005449188,-0.158745898,-,-
3/18/2014,16.63804817,16.65589477,16.44392774,16.46584429,209647200,51.39120843,0.002385354,0.001935953,0.000449401,-0.003411475,0.008846445,0.003773413,-0.001236466,0.050627228,-,-
3/19/2014,16.6336689,16.78959132,16.56290786,16.66497946,224756000,51.25211576,0.005358136,0.002620389,0.002737747,0.012093833,-0.000263208,0.008026981,0.007235505,0.07206774,-,-
3/20/2014,16.55351448,16.67781531,16.51124648,16.59077279,208398400,48.6563521,0.001232093,0.00234273,-0.001110637,-0.004452851,-0.004818806,-0.006657458,-0.003119101,-0.07277937,-,-
3/21/2014,16.68407822,16.71163151,16.47931297,16.65464712,374046400,52.84577093,0.008400738,0.003554332,0.004846407,0.003849991,0.007887373,0.002027616,-0.001934046,0.794862149,-,-
3/24/2014,16.88195992,16.92297551,16.75264935,16.85785119,355700800,58.38765002,0.029706898,0.008784845,0.020922053,0.012201043,0.011860511,0.012646521,0.016586637,-0.049046322,-,-
3/25/2014,17.06355667,17.0873527,16.89448294,16.95428654,282293200,62.71799769,0.060547569,0.01913739,0.041410179,0.005720501,0.010756853,0.009713256,0.008466337,-0.206374571,-,-
3/26/2014,16.90043068,17.18910825,16.87162663,17.11145972,299768000,56.98165192,0.071007587,0.029511429,0.041496158,0.009270409,-0.009559906,0.005955021,-0.001352886,0.061903014,-,-
3/27/2014,16.82779312,16.95428615,16.7545289,16.90794651,222031600,54.58746097,0.072599106,0.038128964,0.034470141,-0.011893387,-0.004297971,-0.013661099,-0.006940512,-0.259321876,-,-
3/28/2014,16.80900002,16.8741243,16.72728155,16.85471259,200564000,53.95580021,0.071519516,0.044807075,0.026712442,-0.003148455,-0.00111679,-0.004728117,-0.001626267,-0.096687138,-,^
3/31/2014,16.80524635,16.93267741,16.77988355,16.88320756,168669200,53.82183538,0.06955921,0.049757502,0.019801708,0.001690623,-0.000223313,0.003469994,0.003144683,-0.159025548,-,^
4/1/2014,16.95897484,16.965864,16.80618266,16.83717886,200760000,58.37951371,0.079493901,0.055704782,0.023789119,-0.0027263,0.009147648,0.001959914,0.0015673,0.190258802,-,^
4/2/2014,16.98716354,17.01628196,16.91546442,16.98184116,180420800,59.17519041,0.088620249,0.062287875,0.026332374,0.008591837,0.00166217,0.00297173,0.006502473,-0.101311018,^,^
4/3/2014,16.86942863,16.98558787,16.83342275,16.95083441,162344000,54.48966367,0.085368645,0.066904029,0.018464616,-0.001825877,-0.006930816,-0.001803807,-0.004850098,-0.100192439,-,v
4/4/2014,16.65120697,16.90732161,16.61238353,16.90137385,275251200,47.05292269,0.064440235,0.06641127,-0.001971036,-0.002917883,-0.012935925,-0.004607804,-0.013130973,0.6954812,-,v
4/7/2014,16.38976669,16.62239961,16.34029851,16.53222685,289850400,40.00802134,0.026453335,0.058419683,-0.031966348,-0.021841243,-0.015700981,-0.016851989,-0.016378446,0.053039551,-,v
4/8/2014,16.38883209,16.47274276,16.24042248,16.44362434,243888400,39.98497386,-0.003684498,0.045998847,-0.049683345,-0.005359381,-5.70E-05,-0.009003324,-0.006112252,-0.158571456,v,v
4/9/2014,16.60423851,16.60956089,16.34436668,16.3637784,206169600,47.49277304,-0.010071354,0.034784807,-0.04485616,-0.004855739,0.013143488,0.008305729,0.006400339,-0.154655982,-,v
4/10/2014,16.39007568,16.66434947,16.38036899,16.615505,239652000,41.88282601,-0.032044741,0.021418897,-0.053463639,0.015383159,-0.012898082,0.003298617,0.002202735,0.162402216,-,v
4/11/2014,16.26891327,16.36973079,16.19157742,16.24981257,271717600,39.0709648,-0.058560554,0.005423007,-0.063983561,-0.022009108,-0.007392426,-0.017679579,-0.011525478,0.133800678,-,v
4/14/2014,16.33372307,16.34875047,16.19376777,16.34061056,205674000,41.33957836,-0.073497682,-0.010361131,-0.063136551,0.005587633,0.003983659,-0.001281654,0.000135277,-0.243059706,-,-
4/15/2014,16.2172451,16.33246461,16.0096607,16.28957124,266490000,38.56070369,-0.093654669,-0.027019839,-0.066634831,-0.003123465,-0.007131134,-0.000996153,-0.011369007,0.29569124,-,-
4/16/2014,16.2501297,16.31525402,16.09765013,16.22007155,214765600,39.79124446,-0.105756618,-0.042767194,-0.062989424,-0.004266514,0.002027755,-0.001053765,0.00549602,-0.194095088,-,-
4/17/2014,16.43579102,16.52408597,16.25607255,16.281121,284334400,46.32731416,-0.099222409,-0.054058237,-0.045164172,0.003763822,0.011425221,0.012799798,0.009841339,0.323928972,-,-
4/21/2014,16.63084984,16.66121899,16.40510447,16.4483122,182548800,52.19851901,-0.077412027,-0.058728995,-0.018683032,0.010269023,0.01186793,0.008298977,0.009167769,-0.357978493,-,-
4/22/2014,16.64744949,16.65151945,16.48463788,16.54130792,202563200,52.67298076,-0.058117743,-0.058606745,0.000489002,0.005653815,0.000998124,-0.000582163,0.004848089,0.109638628,-,-
4/23/2014,16.4298439,16.62960114,16.4204499,16.56478952,394940000,46.19930472,-0.059697679,-0.058824932,-0.000872748,0.001419573,-0.013071407,-0.001316295,-0.003893806,0.949712485,-,-
4/24/2014,17.77679443,17.84661575,17.55637305,17.79057108,759911600,70.42738721,0.04719384,-0.037621178,0.084815017,0.073999224,0.081981943,0.073183632,0.069177347,0.924119107,-,-
4/25/2014,17.90735626,17.9089197,17.6575038,17.67534873,390275200,71.75514765,0.140818123,-0.001933317,0.142751441,-0.006476597,0.007344509,0.003491079,0.005760344,-0.486420263,-,-
4/28/2014,18.60087204,18.65284675,17.92645655,17.93428545,669485600,77.52700712,0.267888913,0.052031129,0.215857784,0.014649596,0.038727982,0.041539471,0.015231641,0.715419273,-,-
4/29/2014,18.54576874,18.66005025,18.45747542,18.58991623,337377600,76.19469151,0.35999723,0.113624349,0.246372881,0.036557397,-0.002962404,0.000386188,0.029622077,-0.496064441,-,-
4/30/2014,18.47562599,18.76806079,18.46654635,18.55546667,456640800,74.44098848,0.4224639,0.175392259,0.247071641,-0.001853132,-0.003782143,0.00578833,0.00049145,0.353500647,-,-
5/1/2014,18.51914787,18.62309559,18.35884114,18.53542769,244048000,74.82811827,0.470062451,0.234326298,0.235736154,-0.00107995,0.002355638,-0.007724037,-0.00583245,-0.465558049,-,-
5/2/2014,18.55358505,18.60430899,18.46372668,18.54607219,191514400,75.14886583,0.504745051,0.288410048,0.216335003,0.000574279,0.001859544,-0.00100878,0.00571308,-0.215259293,-,-
5/5/2014,18.81596756,18.81722165,18.47281209,18.47719641,287067200,77.5012,0.547096747,0.340147388,0.206949359,-0.003713766,0.014141876,0.011444266,0.000492068,0.498932717,-,-
5/6/2014,18.61089134,18.92398869,18.61089134,18.84227019,374564400,71.78202223,0.557684198,0.38365475,0.174029448,0.019758072,-0.010899052,0.0056739,0.007474728,0.304796926,-,-
5/7/2014,18.54576874,18.70106585,18.40174343,18.63719395,282864400,70.01509765,0.554428868,0.417809573,0.136619294,-0.010883839,-0.003499166,-0.011779908,-0.011237931,-0.244817714,-,-
5/8/2014,18.51270676,18.71483915,18.46264615,18.52089213,230297200,69.08533945,0.542922695,0.442832198,0.100090497,-0.006240307,-0.001782724,0.000736498,0.003309617,-0.185838868,-,-
5/9/2014,18.43556404,18.45791744,18.27152699,18.4040786,291597600,66.85454285,0.521566899,0.458579138,0.062987761,-0.006307122,-0.004167014,-0.013728235,-0.010351667,0.266179528,-,-
5/12/2014,18.66509247,18.69122413,18.49412942,18.49696437,213208800,69.96242918,0.517201328,0.470303576,0.046897752,0.005047021,0.012450307,0.012639925,0.012183023,-0.268825258,-,-
5/13/2014,18.69437599,18.71893381,18.5980347,18.63896327,159737200,70.34447745,0.510222984,0.478287458,0.031935526,0.007676876,0.001568892,0.001482497,0.005618284,-0.250794526,-,-
5/14/2014,18.69783783,18.80897938,18.63077592,18.65250046,166404000,70.39242036,0.499217271,0.48247342,0.016743851,0.000726284,0.000185181,0.004810401,0.001760467,0.041736051,-,-
5/15/2014,18.53883362,18.78378447,18.51427581,18.72396466,230846000,65.18021857,0.47222138,0.480423012,-0.008201632,0.003831347,-0.008503882,-0.001339515,-0.0062531,0.387262325,-,-
5/16/2014,18.81243706,18.81306593,18.43115633,18.53285137,276256400,69.38145804,0.467515228,0.477841455,-0.010326228,-0.010206882,0.014758396,0.001558869,-0.004489481,0.19671296,-,-
5/19/2014,19.03535461,19.12162223,18.80677443,18.82314687,317755200,72.31262517,0.47628286,0.477529736,-0.001246876,0.015663834,0.011849478,0.016401171,0.020379519,0.15021842,-,-
5/20/2014,19.03912544,19.09233373,18.91381591,19.03282835,234836000,72.36082642,0.478025169,0.477628823,0.000396346,0.011139555,0.000198096,-0.001531695,0.005691645,-0.260953086,-,-
5/21/2014,19.08949852,19.10177658,18.9556892,19.01141632,196859600,73.03613925,0.477961011,0.47769526,0.000265751,-0.001125006,0.002645766,0.000494588,0.002213899,-0.161714558,-,-
5/22/2014,19.1197319,19.20096353,19.0199268,19.09863791,200760000,73.45534761,0.474875676,0.477131344,-0.002255668,0.004587854,0.00158377,0.005192551,0.00338883,0.019813105,-,-
5/23/2014,19.33571625,19.35460752,19.09454359,19.1191014,232209600,76.29116514,0.484276222,0.478560319,0.005715903,0.001071463,0.011296411,0.00800189,0.003923085,0.15665272,-,-
5/27/2014,19.69778633,19.70502672,19.38293865,19.39080959,348866000,80.12448221,0.515005588,0.485849373,0.029156215,0.014211347,0.018725455,0.018105208,0.015103532,0.50237544,-,-
5/28/2014,19.64678383,19.83002492,19.63954176,19.71006747,315481600,78.20630027,0.529143717,0.494508242,0.034635476,0.016464392,-0.00258925,0.006343468,0.013238607,-0.095694049,-,-
5/29/2014,20.00476456,20.05167745,19.76516578,19.76768461,376474000,81.54574282,0.562747339,0.508156061,0.054591277,0.002923234,0.018220831,0.011177622,0.006396484,0.193331085,-,-
5/30/2014,19.92983055,20.28151414,19.80074275,20.08662386,564020800,78.82304037,0.576684246,0.521861698,0.054822547,0.016134376,-0.003745808,0.011462217,0.001799984,0.498166673,-,-
6/2/2014,19.7928772,19.98745309,19.59924629,19.96006201,369350800,73.9624546,0.570106521,0.531510663,0.038595858,-0.006300803,-0.006871777,-0.014498969,-0.010176207,-0.345146846,-,-
6/3/2014,20.07277298,20.11055552,19.78028031,19.78689183,292709200,77.07397439,0.580783961,0.541365322,0.039418638,-0.008675834,0.014141238,0.006158985,0.009236785,-0.207503544,-,-
6/4/2014,20.30198288,20.39864195,20.02775092,20.06962614,335482000,79.25976202,0.600815406,0.553255339,0.047560067,0.01428897,0.011418945,0.014325135,0.012510976,0.146127283,-,-
6/5/2014,20.38163757,20.44523734,20.23240075,20.34543057,303805600,79.97430677,0.61601688,0.565807647,0.050209233,0.01374238,0.003923493,0.00228424,0.010218314,-0.094420565,-,^
6/6/2014,20.32559586,20.50474597,20.29096438,20.46192575,349938400,77.93979729,0.616436167,0.575933351,0.040502816,0.005725865,-0.002749618,0.002910635,0.002894547,0.151849735,-,^
6/9/2014,20.65082741,20.69049822,20.22106165,20.43043437,301660000,80.96604329,0.635684151,0.587883511,0.04780064,-0.001539024,0.016001083,0.009058988,-0.003445018,-0.137962567,-,^
6/10/2014,20.77204514,20.94836025,20.62217779,20.87783454,251108000,81.95939702,0.653190008,0.60094481,0.052245197,0.021898711,0.005869873,0.012462823,0.019836552,-0.167579394,^,v
6/11/2014,20.68609238,20.88444646,20.60013922,20.74559776,182724000,78.81830745,0.652605031,0.611276855,0.041328177,-0.006333836,-0.004137905,-0.003051016,-0.001068683,-0.272329038,-,v
6/12/2014,20.34007835,20.74339811,20.25412518,20.72576626,218996000,67.58848607,0.617107364,0.612442956,0.004664407,-0.000955938,-0.016726892,-0.006753751,-0.016796684,0.198507038,-,v
6/13/2014,20.11747932,20.37313609,20.02932176,20.32024055,218100000,61.51623473,0.564506051,0.602855575,-0.038349525,-0.019566259,-0.010943863,-0.017849632,-0.011099143,-0.004091399,v,v
6/16/2014,20.32024002,20.44145688,20.15494522,20.16816995,142244000,64.63310776,0.533035721,0.588891604,-0.055855884,-0.007483701,0.010078832,0.003353474,0.006271978,-0.34780376,-,v
6/17/2014,20.29379272,20.43043534,20.23208294,20.34448219,118904000,63.90605529,0.500195243,0.571152332,-0.070957089,0.008742104,-0.001301525,-0.000539176,0.003827235,-0.16408425,-,v
6/18/2014,20.31583977,20.34008315,20.13291306,20.33567434,134056000,64.26691219,0.470524031,0.551026672,-0.080502641,-0.000432935,0.001086393,-0.004422431,-0.004901615,0.127430532,-,v
6/19/2014,20.24530602,20.3422795,20.13070069,20.3400751,142112000,62.12692179,0.436288634,0.528079064,-0.09179043,0.000216406,-0.00347186,0.000107981,-0.000109888,0.060094289,-,-
6/20/2014,20.03592873,20.39737312,20.03372433,20.24309701,403592000,56.14982779,0.387791617,0.500021575,-0.112229958,-0.004767833,-0.010342016,0.002708331,-0.004817337,1.839957217,-,-
6/23/2014,20.01830292,20.19241364,19.96761177,20.12629505,174776000,55.66432541,0.343970054,0.468811271,-0.124841217,-0.005769965,-0.00087971,-0.010048327,-0.003300063,-0.5669488,-,-
6/24/2014,19.8970871,20.21886079,19.87725253,20.00067211,156144000,52.31422613,0.296047396,0.434258496,-0.1382111,-0.006241732,-0.00605525,0.001309757,-0.004525291,-0.106605026,-,-
6/25/2014,19.91471863,19.98965147,19.75823974,19.88165933,147476000,52.75958472,0.256533898,0.398713576,-0.142179678,-0.005950439,0.000886136,-0.011336412,-0.005987386,-0.05551286,-,-
6/26/2014,20.03372955,20.06678885,19.79129752,19.9169215,130516000,55.76282368,0.232146315,0.365400124,-0.133253809,0.001773603,0.005976028,0.003858866,0.001673114,-0.115001763,-,-
6/27/2014,20.27175713,20.27616425,20.00508001,20.01610033,256116000,61.09070632,0.229381647,0.338196428,-0.108814782,0.004979627,0.011881341,0.010433926,0.010801843,0.96233412,-,-
6/30/2014,20.48112679,20.6574419,20.29599574,20.29820015,197929200,65.0751934,0.241303413,0.318817825,-0.077514412,0.014093645,0.010328146,0.01880423,0.014542093,-0.227189242,-,-
7/1/2014,20.61116028,20.73237715,20.52520711,20.61116028,152892000,67.31395388,0.258266975,0.306707655,-0.048440681,0.015418122,0.006348942,0.003627518,0.011293428,-0.22754197,-,-
7/2/2014,20.60234833,20.73017505,20.51639347,20.6883015,113860000,67.00051471,0.267911353,0.298948395,-0.031037042,0.003742692,-0.000427533,-0.000106215,-0.000429406,-0.255291317,-,-
7/3/2014,20.72356415,20.7389916,20.54063746,20.64422249,91567200,69.12991784,0.282084007,0.295575517,-0.01349151,-0.002130625,0.005883592,0.0004253,0.001181689,-0.195791323,-,-
7/7/2014,21.15112305,21.15553017,20.7389874,20.74780333,225872000,75.20706768,0.324080569,0.301276528,0.022804041,0.005017425,0.020631533,0.020084803,0.009656465,1.466734813,-,-
7/8/2014,21.01448059,21.33405158,20.69931841,21.21724183,260888000,70.43480985,0.342390379,0.309499298,0.032891081,0.022625937,-0.006460293,0.008438522,-0.001912774,0.155025855,-,-
7/9/2014,21.02330017,21.14671978,20.88445311,21.0343205,145744000,70.56464178,0.353537343,0.318306907,0.035230436,-0.008621353,0.000419691,-0.008780882,0.008944,-0.441354144,-,^
7/10/2014,20.94616127,21.05856223,20.6111628,20.66405836,158744000,67.76181613,0.352088274,0.32506318,0.027025093,-0.017602762,-0.00366921,-0.004168853,-0.013085825,0.089197497,-,^
7/11/2014,20.98583031,21.13349327,20.90648866,21.01668521,136072000,68.45570929,0.350105042,0.330071553,0.02003349,0.017064743,0.001893857,0.003558222,0.014328442,-0.142821146,-,^
7/14/2014,21.25691414,21.35388764,21.08060067,21.12688301,171240000,72.76911606,0.366186349,0.337294512,0.028891837,0.005243349,0.01291747,0.010428677,0.008328132,0.258451408,^,v
7/15/2014,21.00786781,21.34506895,20.94395362,21.3340503,181911600,64.09746648,0.354745656,0.340784741,0.013960915,0.009805861,-0.011716015,-0.000412978,-0.006482123,0.062319552,-,v
7/16/2014,20.88885498,21.40016684,20.88003906,21.37151634,213585200,60.39369199,0.332245563,0.339076905,-0.006831342,0.001756162,-0.005665155,0.002581294,-0.003051695,0.17411534,-,v
7/17/2014,20.51638985,20.9990512,20.40178619,20.94395294,229192000,50.54917789,0.281118693,0.327485263,-0.04636657,-0.020006227,-0.017830807,-0.018743575,-0.022904788,0.073070606,v,v
7/18/2014,20.81171608,20.88003739,20.50096107,20.63319824,199952000,56.59119096,0.261417184,0.314271647,-0.052854463,-0.014837442,0.014394649,-0.005667581,0.004861088,-0.127578624,-,v
7/21/2014,20.70372772,20.93734386,20.65524097,20.93513946,156316000,53.99337596,0.23438796,0.298294909,-0.06390695,0.014633757,-0.005188825,0.002744558,0.007525496,-0.218232376,-,v
7/22/2014,20.87563705,20.91310348,20.74340152,20.86682113,220788000,57.34987764,0.224253694,0.283486666,-0.059232972,-0.003263333,0.008303303,-0.001157758,0.004268192,0.412446583,-,v
7/23/2014,21.42000198,21.57207205,20.97480706,21.02990533,371672000,65.8469821,0.257183268,0.278225987,-0.021042719,0.007815479,0.026076566,0.031509841,0.011155622,0.68338859,-,^
7/24/2014,21.38474083,21.44865503,21.25030091,21.38694523,182916000,64.94440669,0.277239072,0.278028604,-0.000789532,0.016977723,-0.001646179,-0.005721148,0.013134512,-0.50785639,-,^
7/25/2014,21.52578926,21.56325568,21.29878468,21.34506702,173876000,66.89895219,0.301044616,0.282631806,0.01841281,-0.00195812,0.006595751,0.005343023,0.002281557,-0.049421592,-,^
7/28/2014,21.8233242,21.87181095,21.49934776,21.55885315,221272000,70.62022362,0.339999956,0.294105436,0.04589452,0.010015716,0.013822255,0.014309309,0.009416644,0.272585061,^,v
7/29/2014,21.68227196,21.91588978,21.65362146,21.89164641,172572000,66.78696577,0.355393848,0.306363119,0.049030729,0.015436501,-0.006463371,0.002015326,0.007175739,-0.22009111,-,v
7/30/2014,21.63158417,21.75279937,21.52579473,21.69549837,132040000,65.41289114,0.359361047,0.316962704,0.042398342,-0.008959949,-0.002337753,-0.007441651,-0.005903249,-0.234870083,-,v
7/31/2014,21.06957817,21.47730503,21.01007278,21.41339252,227372000,52.51248325,0.313541581,0.316278479,-0.002736899,-0.013002967,-0.025980806,-0.012664776,-0.023958324,0.721993335,v,v
8/1/2014,21.18638802,21.29438184,20.89546919,20.91530545,194044000,54.52010872,0.28338818,0.30970042,-0.02631224,-0.02326054,0.005544005,-0.008517046,-0.005454697,-0.146579174,-,v
8/4/2014,21.067379,21.28556941,20.97481428,21.23928706,159832000,52.10323993,0.247040628,0.297168461,-0.050127833,0.015490169,-0.00561724,-0.000413838,0.003797239,-0.176310528,-,v
8/5/2014,20.96378517,21.08720473,20.796286,21.01667903,223732000,50.02441891,0.207484029,0.279231575,-0.071747546,-0.010480956,-0.004917262,-0.00931921,-0.008511555,0.399794785,-,v
8/6/2014,20.9285202,21.04312551,20.87342195,20.88223787,154232000,49.30327416,0.171314742,0.257648208,-0.086333467,-0.006396879,-0.001682185,-0.00209033,0.003709121,-0.310639515,-,-
8/7/2014,20.92630768,21.2518955,20.84214067,21.02597718,186844000,49.25529832,0.140848178,0.234288202,-0.093440024,0.006883329,-0.000105718,0.009921054,-0.001498618,0.211447689,-,-
8/8/2014,20.98390007,21.00161962,20.66052583,20.87758613,167460000,50.60274436,0.119967521,0.211424066,-0.091456545,-0.00705751,0.002752153,-0.011776638,-0.008713829,-0.1037443,-,-
8/11/2014,21.26076317,21.28069809,21.00605007,21.10129056,146340000,56.57266432,0.124326826,0.194004618,-0.069677792,0.010715052,0.013194072,0.013288426,0.016723884,-0.12611967,-,-
8/12/2014,21.25633049,21.45788489,21.1765942,21.27183468,135180000,56.45502457,0.125971801,0.180398055,-0.054426253,0.008082165,-0.000208491,0.008326174,0.00811881,-0.076260763,-,-
8/13/2014,21.53762054,21.53762054,21.27183404,21.296198,127664000,61.87317398,0.148264117,0.173971267,-0.02570715,0.001145333,0.013233237,0.003715914,0.004497411,-0.055599941,-,-
8/14/2014,21.59521103,21.61071522,21.44016916,21.55755825,112464000,62.89122737,0.168634099,0.172903833,-0.004269734,0.012272625,0.002673948,0.003393814,0.007913522,-0.119062539,-,-
8/15/2014,21.70153046,21.74804302,21.45346174,21.6838109,195804000,64.76190481,0.191153052,0.176553677,0.014599375,0.005856538,0.004923287,0.006354617,0.000619985,0.741037132,-,-
8/18/2014,21.962883,22.00939555,21.70152552,21.81448386,190288000,68.91078465,0.227466361,0.186736214,0.040730147,0.006026291,0.012043046,0.012017289,0.011562879,-0.028171028,-,-
8/19/2014,22.26631546,22.29953919,21.99831365,22.01824857,277596000,72.90016211,0.277530188,0.204895009,0.072635179,0.009340799,0.013815694,0.013182717,0.013675911,0.458820314,-,-
8/20/2014,22.275177,22.39035068,22.13785304,22.246384,210796000,73.00909143,0.31429815,0.226775637,0.087522513,0.010361198,0.00039798,0.004072349,0.006343186,-0.240637473,-,-
8/21/2014,22.27740097,22.35713728,22.1733007,22.2751856,133912000,73.03838202,0.339700624,0.249360634,0.090339989,0.001294664,9.98E-05,-0.00148338,0.001601224,-0.364731779,-,-
8/22/2014,22.44129944,22.47452318,22.1910171,22.21316569,176736000,75.17637705,0.368806136,0.273249735,0.095556401,-0.00278426,0.007357163,0.005250489,0.000798997,0.319792102,-,-
8/25/2014,22.49002838,22.62956606,22.43244068,22.54540072,161080000,75.79103533,0.39129389,0.296858566,0.094435325,0.014956672,0.002171396,0.006898606,0.010879338,-0.088584103,-,-
8/26/2014,22.34606361,22.48117227,22.3394192,22.46345272,132608000,70.25617122,0.392968943,0.316080641,0.076888301,-0.003634799,-0.006401271,-0.006557518,-0.004146739,-0.176756891,-,-
8/27/2014,22.62070656,22.71816241,22.30397672,22.37485325,209476000,74.13653732,0.411711866,0.335206886,0.07650498,-0.003944161,0.01229044,0.010541716,-0.001586544,0.579663369,-,^
8/28/2014,22.64727974,22.76466879,22.49445159,22.501096,273840000,74.48340067,0.423824417,0.352930392,0.070894025,0.005642171,0.001174728,0.002047101,0.008539951,0.30726193,-,^
8/29/2014,22.7026577,22.79125377,22.63621022,22.782394,178380000,75.22897976,0.432902015,0.368924717,0.063977298,0.012501524,0.002445237,0.001167818,0.006301938,-0.348597721,-,v
9/2/2014,22.87984657,22.97730072,22.75138237,22.82668792,214256000,77.49485939,0.449215462,0.384982866,0.064232596,0.001944217,0.007804763,0.008163085,0.005087961,0.201121202,^,v
9/3/2014,21.91415977,22.85770332,21.83442346,22.83555472,501684000,50.42348397,0.379842543,0.383954801,-0.004112258,0.00038844,-0.042206874,-0.005205024,-0.040303437,1.34151669,-,v
9/4/2014,21.73253441,22.16886698,21.65944252,21.89422068,342872000,47.0914861,0.306673218,0.368498485,-0.061825266,-0.041222298,-0.008288037,-0.030135851,-0.008013994,-0.316557833,v,v
9/5/2014,21.92080116,22.01382628,21.77461738,21.88314838,233828000,50.72619615,0.260870403,0.346972868,-0.086102465,-0.000505718,0.008662899,-0.006993623,0.005317536,-0.318031219,-,v
9/8/2014,21.78569412,21.99610834,21.71703296,21.99389467,185426800,48.16879408,0.211234355,0.319825166,-0.10859081,0.005060802,-0.006163417,-0.000804855,-0.002644566,-0.206994885,-,v
9/9/2014,21.70373726,22.83111874,21.29398237,21.94516149,759385200,46.63293457,0.163400615,0.288540256,-0.12513964,-0.002215759,-0.003761958,0.037961733,-0.019480128,3.095336812,-,v
9/10/2014,22.37042427,22.39478823,21.65279925,21.70817159,403478400,58.28492451,0.177244932,0.266281191,-0.089036259,-0.010799187,0.030717613,-0.019111219,0.016850624,-0.468677557,-,-
9/11/2014,22.46566582,22.46788118,22.06477062,22.23974741,249412400,59.64061469,0.193669351,0.251758823,-0.058089472,0.024487361,0.004257476,0.003263838,0.01902624,-0.38184448,-,-
9/12/2014,22.51660919,22.63399828,22.38814496,22.41693797,250504400,60.38227142,0.208394285,0.243085915,-0.03469163,0.007967292,0.00226761,0.007393536,0.014655686,0.004378291,-,-
9/15/2014,22.50995636,22.82447244,22.46787454,22.77131379,245266000,60.22662095,0.217025341,0.237873801,-0.020848459,0.015808396,-0.000295463,0.0084154,0.003561241,-0.020911409,-,-
9/16/2014,22.33941841,22.4280145,21.90308407,22.10464022,267632400,56.22557063,0.207710174,0.231841075,-0.024130901,-0.029276904,-0.007576112,-0.017369862,-0.02513769,0.09119242,-,-
9/17/2014,22.49889183,22.54761976,22.27961613,22.43022897,243706000,58.97051493,0.210766425,0.227626145,-0.01685972,0.01472943,0.007138656,0.005332851,0.017190823,-0.089400237,-,-
9/18/2014,22.54539871,22.66943219,22.49445542,22.57640708,149197600,59.76293048,0.214468978,0.224994712,-0.010525734,0.006517014,0.002067074,0.005402452,0.009642864,-0.387796772,-,^
9/19/2014,22.36156273,22.66943276,22.25967784,22.65614395,283609600,55.22275177,0.200260769,0.220047923,-0.019787154,0.003531867,-0.008154036,2.52E-08,-0.010437131,0.90089921,-,^
9/22/2014,22.38370705,22.62291588,22.27739313,22.54761034,211153600,55.65972607,0.188613306,0.213761,-0.025147694,-0.004790471,0.000990285,-0.002051965,0.000795847,-0.255477953,-,v
9/23/2014,22.73366356,22.80011103,22.26853633,22.28182515,253608800,61.9751495,0.20525512,0.212059824,-0.006804704,-0.011787732,0.015634431,0.007832551,-0.000397569,0.201063112,^,v
9/24/2014,22.53654289,22.78018086,22.41472307,22.62735434,240687200,57.04641712,0.200229762,0.209693812,-0.009464049,0.015507221,-0.008670871,-0.000874126,0.006564721,-0.050950913,-,v
9/25/2014,21.67716217,22.30619108,21.64393843,22.26189389,400368000,41.53711866,0.125456109,0.192846271,-0.067390162,-0.016151268,-0.038132766,-0.020807112,-0.034387426,0.663437025,v,v
9/26/2014,22.31505203,22.31505203,21.7945524,21.8233454,249482000,51.97428087,0.116328863,0.177542789,-0.061213926,-0.019699514,0.029426816,0.000397242,0.006958713,-0.376868281,-,v
9/29/2014,22.1733017,22.2463936,21.84549667,21.84992741,199065200,49.84474634,0.096544484,0.161343128,-0.064798645,0.001218054,-0.00635223,-0.003076777,0.002337478,-0.202085922,-,v
9/30/2014,22.31505203,22.49002882,22.26632411,22.32834085,221056400,51.96430275,0.091251398,0.147324782,-0.056073384,0.021895425,0.006392838,0.010951673,0.019263807,0.110472348,-,v
10/1/2014,21.96730804,22.30175735,21.86099244,22.27960707,205965200,46.74530873,0.058324231,0.129524672,-0.071200441,-0.002182598,-0.015583382,-0.008371331,-0.018203798,-0.06826855,-,-
10/2/2014,22.12678528,22.1976618,21.71481497,21.98724591,191031200,49.26204883,0.04458376,0.11253649,-0.06795273,-0.013122366,0.007259753,-0.004667594,-0.00668668,-0.072507394,-,-
10/3/2014,22.06477165,22.19544957,21.93630741,22.0249035,173878400,48.30605479,0.0283634,0.095701872,-0.067338471,0.001712701,-0.00280265,-9.97E-05,0.010200061,-0.089790568,-,-
10/6/2014,22.06477165,22.29290543,22.02047276,22.13786186,148204800,48.30605479,0.015331912,0.07962788,-0.064295968,0.005128665,0,0.004390804,0.003836806,-0.147652612,-,^
10/7/2014,21.87207031,22.17551129,21.86764127,22.02268312,168376800,45.14848562,-0.010424853,0.061617333,-0.072042186,-0.005202794,-0.008733439,-0.005265987,-0.006940427,0.136108952,-,^
10/8/2014,22.3261261,22.39478725,21.77461643,21.87428764,229618800,52.95217569,0.005735122,0.050440891,-0.044705769,-0.006738301,0.020759616,0.009888203,-0.004253995,0.363719942,-,^
10/9/2014,22.37485123,22.67607685,22.28404148,22.49002662,309506000,53.71319737,0.022217618,0.044796236,-0.022578619,0.028148984,0.002182426,0.012560494,0.023395363,0.347912279,^,^
10/10/2014,22.31062508,22.59856024,22.21538458,22.3017653,265326400,52.50754315,0.029754608,0.041787911,-0.012033302,-0.00837088,-0.002870462,-0.003418431,-0.00308099,-0.142742305,-,^
10/13/2014,22.10685158,22.54318587,22.10685158,22.44351634,214333600,48.76737092,0.019065138,0.037243356,-0.018178218,0.006356046,-0.009133473,-0.00245035,-0.004885488,-0.192188942,-,v
10/14/2014,21.87207031,22.26410566,21.83220217,22.23531266,254754400,44.80716483,-0.008256059,0.028143473,-0.036399532,-0.009276785,-0.010620294,-0.012379803,-0.012423723,0.188588257,-,v
10/15/2014,21.60406876,21.9606667,21.08135382,21.69930923,403734400,40.74020217,-0.050946511,0.012325476,-0.063271987,-0.024105954,-0.012253141,-0.013629066,-0.034391783,0.584798535,-,v
10/16/2014,21.32056236,21.64393657,21.13229678,21.16330515,288618000,36.92232473,-0.106428753,-0.011425369,-0.095003384,-0.024701435,-0.013122824,-0.01442261,0.002416494,-0.285129035,v,v
10/17/2014,21.63286018,21.92744137,21.44237924,21.59520741,272718800,43.23312676,-0.123772237,-0.033894743,-0.089877494,0.020408072,0.014647729,0.013098578,0.014673392,-0.055087347,-,v
10/20/2014,22.09577942,22.14007662,21.7546856,21.77683419,310069200,51.05076768,-0.099021896,-0.046920174,-0.052101723,0.008410514,0.021398892,0.009697221,0.014564911,0.136955721,-,v
10/21/2014,22.6960144,22.81783254,22.43022617,22.81783254,378495600,58.94557417,-0.030620156,-0.04366017,0.013040014,0.047803015,0.027165142,0.030612176,0.031052647,0.220681061,-,v
10/22/2014,22.81119156,23.05926028,22.72481083,22.77796781,273052400,60.26975286,0.03250782,-0.028426572,0.060934392,-0.001747086,0.005074774,0.010580661,0.013133379,-0.278585009,-,-
10/23/2014,23.2187233,23.26745121,22.95293513,23.05260633,284298800,64.61830803,0.114106255,8.00E-05,0.114026262,0.0120572,0.01786543,0.009028517,0.010038556,0.041187699,-,-
10/24/2014,23.30511284,23.36491423,23.15228463,23.29625306,188215600,65.48082673,0.18362777,0.036789549,0.146838221,0.010569162,0.003720684,0.004188814,0.008685142,-0.337965549,-,-
10/27/2014,23.28074455,23.36269622,23.18993311,23.22315685,136750800,64.9994907,0.23405966,0.076243571,0.15781609,-0.003137681,-0.00104562,-9.49E-05,0.001626124,-0.273435358,-,-
10/28/2014,23.64177322,23.64177322,23.33390316,23.3449783,192243600,68.67355479,0.299704487,0.120935754,0.178768733,0.005245689,0.015507608,0.011945411,0.006208299,0.405795067,-,-
10/29/2014,23.77466202,23.78130812,23.55760344,23.62183554,210751600,69.92499311,0.358320998,0.168412803,0.189908195,0.011859392,0.005620932,0.005902049,0.009586921,0.096273686,-,-
10/30/2014,23.69493103,23.77688101,23.45572213,23.6905003,162619200,68.16550452,0.393801879,0.213490618,0.180311261,0.002906834,-0.003353612,-0.000186159,-0.004324774,-0.228384506,-,-
10/31/2014,23.92084122,23.92970099,23.74586449,23.92305658,178557200,70.43546565,0.435133844,0.257819263,0.177314581,0.009816436,0.009534115,0.006427251,0.01236979,0.098008107,-,-
11/3/2014,24.23093224,24.43027296,23.92306221,23.96957477,209130400,73.25455202,0.487294253,0.303714261,0.183579992,0.001944492,0.012963215,0.020918438,0.007462256,0.171223563,-,-
11/4/2014,24.05374718,24.2508726,23.85883712,24.22207959,166297600,69.19450081,0.508473039,0.344666017,0.163807022,0.010534389,-0.00731235,-0.007343363,-0.002684652,-0.204813839,-,-
11/5/2014,24.11133003,24.20878588,23.94964207,24.164487,149743600,69.7806826,0.523865045,0.380505822,0.143359222,-0.002377689,0.002393925,-0.001735472,0.003805925,-0.099544431,-,-
11/6/2014,24.18028641,24.20030777,23.980083,24.15804177,139874000,70.50449469,0.535455129,0.411495684,0.123959446,-0.000266723,0.002859916,-0.000350208,0.001271039,-0.065909995,-,-
11/7/2014,24.24925232,24.31821121,24.14692562,24.1914149,134766000,71.24628288,0.543935182,0.437983583,0.105951598,0.00138145,0.002852154,0.004871981,0.00695755,-0.036518581,-,-
11/10/2014,24.20920563,24.3204305,24.17361285,24.25146992,108782000,70.1431541,0.541185798,0.458624026,0.082561772,0.002482493,-0.001651461,9.13E-05,0.001105202,-0.192808275,-,-
11/11/2014,24.40273857,24.41386174,24.11355489,24.18028881,109769200,72.36965678,0.548302888,0.476559799,0.07174309,-0.002935126,0.007994188,0.003841677,-0.002484443,0.009075031,-,-
11/12/2014,24.7475338,24.78757482,24.32932889,24.33155217,187769600,75.82810321,0.575135523,0.496274944,0.078860579,0.006255648,0.014129366,0.015307414,0.008948245,0.710585483,-,-
11/13/2014,25.09678078,25.23692351,24.82539181,24.86988278,238091600,78.73197849,0.617464149,0.520512785,0.096951364,0.022124795,0.014112395,0.018127981,0.020389503,0.267998654,-,-
11/14/2014,25.39930916,25.40153413,24.73863322,25.17018622,176254400,80.87526754,0.667724292,0.549955086,0.117769206,0.012074984,0.01205447,0.00652261,-0.003494752,-0.259720209,-,-
11/17/2014,25.35704422,26.08890403,25.20355506,25.41932987,186986800,79.66736223,0.696120941,0.579188257,0.116932684,0.009898364,-0.001664019,0.027060173,0.018793352,0.06089153,-,-
11/18/2014,25.68627739,25.73521661,25.33480632,25.34592948,176896000,81.93124261,0.736699641,0.610690534,0.126009107,-0.002887582,0.012983894,-0.013557006,0.005207648,-0.053965307,-,-
11/19/2014,25.50831413,25.74633531,25.31478392,25.6796014,167476800,76.94415679,0.745900133,0.637732454,0.108167679,0.013164714,-0.00692834,0.000432042,-0.000790312,-0.053247106,-,-
11/20/2014,25.8731308,25.99547884,25.54835436,25.5617025,173582000,79.67533314,0.773710393,0.664928042,0.108782352,-0.00459115,0.014301873,0.009676854,0.009226641,0.036454004,-,-
11/21/2014,25.90872192,26.1534163,25.81084349,26.14006986,228717200,79.925179,0.789521024,0.689846638,0.099674386,0.022626324,0.001375602,0.006075574,0.010274209,0.317632013,-,^
11/24/2014,26.38921165,26.42035448,25.94208891,25.99325139,189803200,82.96898113,0.831240545,0.718125419,0.113115126,-0.005616606,0.018545482,0.010206628,0.005084894,-0.170140243,-,^
11/25/2014,26.16009331,26.63836067,26.1267255,26.48709475,275361600,76.97551853,0.836176706,0.741735677,0.094441029,0.018998907,-0.008682273,0.008251448,0.00711726,0.450774276,-,^
11/26/2014,26.47152138,26.49376601,26.21125557,26.23572518,163073200,79.17733413,0.855358254,0.764460192,0.090898062,-0.009490266,0.0119047,-0.005428061,0.003235387,-0.407785254,^,v
11/28/2014,26.4559536,26.56050527,26.26019839,26.53158571,99257600,78.7718111,0.859396986,0.783447551,0.075949435,0.01127701,-0.000588095,0.002519055,0.001867245,-0.39133101,-,^
12/1/2014,25.59728813,26.52712799,24.75197855,26.42924957,335256000,60.3973525,0.784270006,0.783612042,0.000657964,-0.003857144,-0.032456417,-0.001256651,-0.05743368,2.377635566,-,^
12/2/2014,25.49941826,25.74856263,25.08121327,25.24805061,237395600,58.71618396,0.708665004,0.768622634,-0.05995763,-0.044692868,-0.003823447,-0.02934978,0.01330135,-0.291897535,v,^
12/3/2014,25.78859711,25.88202559,25.6061884,25.74855609,172253600,62.07524801,0.664422759,0.747782659,-0.0833599,0.019823529,0.011340606,0.005183317,0.02093101,-0.274402727,^,v
12/4/2014,25.69071579,26.07110458,25.64622653,25.75300144,168178000,60.28719059,0.614380066,0.721102141,-0.106722074,0.000172645,-0.003795527,0.007305417,0.001563611,-0.023660463,-,^
12/5/2014,25.58171654,25.82196263,25.50163451,25.80194127,153275600,58.27417325,0.559476249,0.688776962,-0.129300713,0.001900355,-0.004242749,-0.009556248,-0.005637945,-0.088610877,-,^
12/8/2014,25.00335503,25.50386702,24.82984447,25.38151896,230659600,48.93691076,0.463947539,0.643811078,-0.179863538,-0.016294212,-0.022608393,-0.012318801,-0.026343019,0.504868355,v,^
12/9/2014,25.38596535,25.42600637,24.32487912,24.51173779,240832000,54.16867149,0.414337578,0.597916378,-0.1835788,-0.034268287,0.015302359,-0.003052896,-0.020337032,0.044101351,^,^
12/10/2014,24.90325165,25.54835634,24.81204812,25.45047959,178261200,47.54949015,0.332240504,0.544781203,-0.212540699,0.038297644,-0.019014983,0.004812001,0.020027602,-0.259810989,-,^
12/11/2014,24.82983971,25.31478019,24.76755236,24.9722074,165606800,46.61654113,0.258276994,0.487480361,-0.229203367,-0.018792266,-0.002947886,-0.009142512,-0.001793313,-0.070987966,-,v
12/12/2014,24.40941048,24.88545278,24.37604268,24.57179783,224112400,41.58439433,0.163846534,0.422753596,-0.258907062,-0.016034208,-0.016932418,-0.016959555,-0.015807363,0.353280179,-,v
12/15/2014,24.075737,24.82539156,23.65753039,24.62518645,268872400,38.07178416,0.061377531,0.350478383,-0.289100852,0.00217276,-0.01366987,-0.002413507,-0.029476166,0.199721211,-,v
12/16/2014,23.74651146,24.50506594,23.63751155,23.66198116,243162800,34.93611194,-0.045866917,0.271209323,-0.31707624,-0.039114639,-0.013674578,-0.012903145,-0.000846193,-0.095620079,v,v
12/17/2014,24.33822823,24.43387999,23.76208248,23.82881809,213647200,43.88219888,-0.082165167,0.200534425,-0.282699592,0.007050843,0.02491805,-0.002904948,0.005270053,-0.121382054,-,v
12/18/2014,25.05895805,25.05895805,24.61628364,24.88544757,236024800,52.45698216,-0.052173495,0.149992841,-0.202166336,0.044342505,0.029613077,0.025582432,0.035948076,0.1047409,-,v
12/19/2014,24.86543274,25.19020917,24.83873986,24.97220937,353719200,50.23726097,-0.043519093,0.111290454,-0.154809547,0.003486447,-0.0077228,0.005237692,0.009036954,0.498652684,-,v
12/22/2014,25.12347984,25.24582621,24.90770328,24.94996928,180670000,53.08779892,-0.015657681,0.085900827,-0.101558508,-0.000890594,0.010377744,0.002207883,0.002776446,-0.489227613,-,^
12/23/2014,25.0344944,25.2102299,25.01669801,25.18798527,104113600,51.98198994,-0.000749058,0.06857085,-0.069319908,0.009539731,-0.003541923,-0.001409988,0.004375945,-0.423736093,-,^
12/24/2014,24.91659546,25.0723096,24.91659546,25.04339174,57918400,50.48163361,0.00153498,0.055163676,-0.053628696,-0.005740575,-0.00470946,-0.005470807,-0.00400143,-0.443699959,-,^
12/26/2014,25.35704422,25.47494231,24.91659471,24.93661437,134884000,55.63352405,0.03844249,0.051819439,-0.013376949,-0.004263695,0.017676924,0.01605886,-3.02E-08,1.328862676,^,^
12/29/2014,25.33925438,25.53055962,25.29253843,25.3125598,110395600,55.38289161,0.065501406,0.054555832,0.010945573,0.015076041,-0.000701574,0.002183217,0.015088086,-0.181551555,-,^
12/30/2014,25.03004265,25.34147261,24.93883914,25.27918695,119526000,51.0757966,0.061288494,0.055902365,0.005386129,-0.00131843,-0.012202874,-0.007406301,-0.013984333,0.082706195,-,v
12/31/2014,24.55400467,25.16574153,24.51618862,25.09678264,165613600,45.24236098,0.019314795,0.048584851,-0.029270056,-0.007215592,-0.019018664,-0.006934525,-0.016947482,0.3855864,-,v
1/2/2015,24.32043266,24.78980179,23.87998139,24.77867863,212818400,42.6674075,-0.032423218,0.032383237,-0.064806455,-0.012675092,-0.009512583,-0.014938552,-0.025950495,0.285029732,-,v
1/5/2015,23.63528442,24.16916413,23.44842746,24.08908209,257142000,36.16516686,-0.127244902,0.000457609,-0.127702512,-0.027830239,-0.028171713,-0.025036007,-0.018071787,0.208269586,v,v
1/6/2015,23.63750839,23.89777416,23.27491425,23.69979404,263188400,36.19915457,-0.199907901,-0.039615493,-0.160292408,-0.016160352,9.41E-05,-0.011228769,-0.00739978,0.023513856,-,v
1/7/2015,23.96896172,24.06906343,23.73538879,23.84661367,160423600,41.22208182,-0.228118727,-0.07731614,-0.150802588,0.006194975,0.014022346,0.007167582,0.019784156,-0.390460978,-,v
1/8/2015,24.88990021,24.94773761,24.18028502,24.29818481,237458000,52.42857112,-0.174156404,-0.096684193,-0.077472211,0.018936489,0.038422127,0.036506372,0.018744005,0.480193687,-,^
1/9/2015,24.91659546,25.19243266,24.51618525,25.0634114,214798000,52.71002842,-0.127764007,-0.102900155,-0.024863851,0.031493159,0.001072533,0.009808306,0.013891492,-0.095427402,-,^
1/12/2015,24.30263138,25.0545108,24.20252969,25.04783758,198603200,45.97307565,-0.138937878,-0.1101077,-0.028830178,-0.000621377,-0.024640769,-0.005474733,-0.012793816,-0.075395488,-,^
1/13/2015,24.51841354,25.09233435,24.22700489,24.78757756,268367600,48.46606719,-0.128895606,-0.113865281,-0.015030325,-0.010390519,0.008878963,0.00150965,0.001011266,0.351275307,^,v
1/14/2015,24.42498398,24.57847316,24.13579862,24.25592169,195826400,47.44522978,-0.127011904,-0.116494606,-0.010517298,-0.02144848,-0.003810588,-0.020478812,-0.003764653,-0.270305357,-,v
1/15/2015,23.76208115,24.48281783,23.72649007,24.46947139,240056000,40.86787738,-0.176969778,-0.12858964,-0.048380137,0.008804023,-0.027140359,-0.003891834,-0.016958566,0.225861273,-,v
1/16/2015,23.5774498,23.9311458,23.40171428,23.80879775,314053200,39.23637511,-0.228822239,-0.14863616,-0.080186079,-0.026999914,-0.007769999,-0.022533028,-0.01368832,0.308249742,v,v
1/20/2015,24.18473816,24.2403506,23.69089942,23.98898128,199599600,46.76441381,-0.21839507,-0.162587942,-0.055807128,0.007567939,0.025757169,0.012920601,0.012357434,-0.364440165,-,v
1/21/2015,24.36937523,24.70527319,24.08463807,24.235904,194303600,48.83970863,-0.19300792,-0.168671937,-0.024335982,0.010293172,0.007634446,0.019179697,0.016619827,-0.026533119,-,^
1/22/2015,25.00335503,25.01892644,24.40718956,24.52731264,215185600,55.28538455,-0.120344295,-0.159006409,0.038662114,0.012023841,0.026015431,0.012695802,0.013392416,0.107470989,-,v
1/23/2015,25.13237381,25.30365937,24.80982065,24.98110791,185859200,56.48686858,-0.051750563,-0.13755524,0.085804676,0.01850163,0.005160059,0.011380701,0.016496413,-0.136284212,-,v
1/26/2015,25.15907097,25.43935818,25.09233705,25.3014387,222460000,56.7458645,0.004710402,-0.109102111,0.113812514,0.012822922,0.001062262,0.005362814,0.011387281,0.196927567,^,v
1/27/2015,24.27816772,25.02115084,24.25369811,25.0078027,382274800,46.83915393,-0.021378962,-0.091557482,0.07017852,-0.011605506,-0.035013345,-0.016439383,-0.033422113,0.718397914,v,v
1/28/2015,25.65068436,26.27576941,25.65068436,26.16676779,585908400,58.88354851,0.067912794,-0.059663426,0.127576221,0.046344139,0.056532958,0.050142321,0.057598896,0.53268905,-,v
1/29/2015,26.44927597,26.5137866,25.70629291,25.8753552,337745600,63.99503581,0.200802102,-0.007570321,0.208372422,-0.011136744,0.031133345,0.009058429,0.002167917,-0.423552214,-,v
1/30/2015,26.06221199,26.69396843,25.99325142,26.33804919,334982000,60.09547136,0.271752414,0.048294226,0.223458188,0.017881648,-0.014634199,0.006795779,0.011162967,-0.00818249,-,v
2/2/2015,26.38921165,26.50933472,25.82196584,26.2601921,250956400,62.1915516,0.350328815,0.108701144,0.241627671,-0.002956069,0.012546888,-0.006916683,-0.006589617,-0.250836164,-,-
2/3/2015,26.39365959,26.49153631,26.16231168,26.36029179,207662800,62.22062103,0.408253993,0.168611714,0.239642279,0.003811842,0.000168551,-0.000671401,0.013180477,-0.172514429,-,-
2/4/2015,26.59609032,26.80741859,26.31802814,26.36029414,280598800,63.5925768,0.46513282,0.227915935,0.237216885,8.88E-08,0.007669672,0.011923894,0.005951938,0.351223233,-,-
2/5/2015,26.7859211,26.85068633,26.63182446,26.80378602,168984800,64.88055303,0.51953854,0.286240456,0.233298084,0.016824239,0.007137545,0.001614021,0.011923246,-0.397770767,-,-
2/6/2015,26.56036186,26.85515434,26.45316382,26.80378822,174826400,62.07070242,0.538250109,0.336642387,0.201607722,8.24E-08,-0.008420813,0.000166402,-0.006708539,0.03456879,-,-
2/9/2015,26.73679161,26.76358984,26.44869868,26.47549862,155559200,63.40569271,0.560850433,0.381483996,0.179366437,-0.012247881,0.006642596,-0.003409569,-0.000168794,-0.110207612,-,-
2/10/2015,27.25044632,27.27948001,26.83505835,26.8372904,248034000,67.04266153,0.613141086,0.427815414,0.185325672,0.013665154,0.019211531,0.019275821,0.014607889,0.59446693,-,-
2/11/2015,27.88915634,27.89808965,27.35763715,27.41793486,294247200,70.91373288,0.69807341,0.481867013,0.216206397,0.021635734,0.023438516,0.022676739,0.019473734,0.186318005,-,-
2/12/2015,28.24202538,28.46982062,28.04326383,28.15269394,297898000,72.81360826,0.784809674,0.542455545,0.242354129,0.026798484,0.012652553,0.020493553,0.025061619,0.012407255,-,-
2/13/2015,28.38048935,28.42515422,28.06113062,28.42515422,217088800,73.54385826,0.854867295,0.604937895,0.2499294,0.009677947,0.004902764,-0.001568904,0.000637115,-0.271264661,-,-
2/17/2015,28.54797745,28.78247219,28.34474844,28.47204515,252609600,74.43827913,0.913374541,0.666625225,0.246749317,0.001649628,0.005901523,0.012570485,0.010107142,0.163623365,-,-
2/18/2015,28.74673653,28.76013564,28.46310945,28.50330849,179566800,75.49695538,0.96466015,0.72623221,0.238427941,0.001098036,0.006962282,-0.000776047,0.004175765,-0.289152906,-,^
2/19/2015,28.68643761,28.81596806,28.65963938,28.69313716,149449600,74.48902025,0.989037735,0.778793315,0.21024442,0.006659882,-0.002097592,0.001941313,0.006904725,-0.167721427,-,^
2/20/2015,28.92093277,28.92093277,28.59710834,28.72440333,195793600,75.83988298,1.015572063,0.826149064,0.189422999,0.001089674,0.008174426,0.003642588,-0.00218185,0.310097852,-,v
2/23/2015,29.7025795,29.7025795,28.95666591,29.03706401,283896400,79.69881242,1.087141182,0.878347488,0.208793694,0.010884845,0.027027023,0.027027023,0.012573215,0.449977936,^,v
2/24/2015,29.51722145,29.83658183,29.29389375,29.68918473,276912400,76.57530768,1.116038382,0.925885667,0.190152716,0.022458218,-0.00624047,0.004511471,0.011645948,-0.024600523,-,v
2/25/2015,28.76237106,29.38992472,28.61944148,29.38098971,298846800,65.34400375,1.065744268,0.953857387,0.111886881,-0.010380717,-0.02557322,-0.014970117,-0.023023647,0.07921061,v,v
2/26/2015,29.12639236,29.22688913,28.27551454,28.7623672,365150000,67.79695526,1.04323355,0.97173262,0.07150093,-0.021055196,0.012656165,-0.005547329,-0.012017248,0.22186351,-,v
2/27/2015,28.68867683,29.1598984,28.63954447,29.03259998,248059200,62.10469378,0.978790767,0.973144249,0.005646518,0.00939536,-0.015028141,-0.002292092,0.012874387,-0.320664932,-,v
3/2/2015,28.8293705,29.09513099,28.65294312,28.86510375,192386800,63.17494402,0.928370524,0.964189504,-0.03581898,-0.005769247,0.004904153,-0.002221112,0.000467838,-0.22443191,-,v
3/3/2015,28.88966751,28.92540076,28.60604042,28.80033781,151265200,63.64877656,0.883097781,0.947971159,-0.064873379,-0.002243745,0.002091513,-0.00583363,-0.001636925,-0.213744394,-,-
3/4/2015,28.70653725,28.93433242,28.65740829,28.8316036,126665200,61.07827858,0.822955208,0.922967969,-0.100012761,0.001085605,-0.006338954,0.000308783,0.0017957,-0.162628285,-,^
3/5/2015,28.23085403,28.75344001,28.0856907,28.71547471,226068400,54.87855584,0.728510313,0.884076438,-0.155566125,-0.004027833,-0.016570554,-0.006251826,-0.01995008,0.784771192,-,^
3/6/2015,28.2732811,28.89189796,28.19735051,28.67526986,291368400,55.31423273,0.649597408,0.837180632,-0.187583224,-0.001400111,0.001502861,0.004815352,0.003975683,0.288850631,-,v
3/9/2015,28.39388084,28.93656887,27.92935886,28.57700947,354114000,56.59711913,0.589988732,0.787742252,-0.19775352,-0.00342666,0.004265502,0.00154614,-0.009504143,0.215347992,^,v
3/10/2015,27.80652618,28.41174391,27.64796376,28.23084906,275426400,49.19021966,0.489708756,0.728135553,-0.238426797,-0.012113248,-0.020685959,-0.018137083,-0.010075244,-0.222209797,-,v
3/11/2015,27.29957199,27.86459068,27.27054001,27.86012488,275756000,43.85541705,0.365120306,0.655532503,-0.290412197,-0.013131882,-0.018231482,-0.019257995,-0.01365105,0.00119669,v,v
3/12/2015,27.79313469,27.89363319,27.16335057,27.31521349,193450800,49.58778034,0.302719881,0.584969979,-0.282250098,-0.019558828,0.018079503,0.001042273,-0.003930595,-0.298471112,-,v
3/13/2015,27.60106659,28.00529084,27.37550686,27.78196317,207309200,47.55307267,0.235059188,0.514987821,-0.279928633,0.017087535,-0.006910631,0.00400298,0.007810387,0.071637853,-,v
3/16/2015,27.90478897,27.90478897,27.44026876,27.66582846,143497200,50.97854005,0.203598502,0.452709957,-0.249111455,-0.00418022,0.011004009,-0.003588674,0.002365687,-0.307810748,-,v
3/17/2015,28.37155151,28.434083,28.06112614,28.11695807,204092400,55.76057896,0.213864224,0.40494081,-0.191076586,0.016306384,0.016726969,0.018967856,0.022625776,0.422274442,-,-
3/18/2015,28.69090652,28.84500316,28.22191875,28.36261457,261083600,58.72714357,0.244945584,0.372941765,-0.127996181,0.008736952,0.01125617,0.014451676,0.005730084,0.279242147,-,^
3/19/2015,28.4742775,28.86510091,28.45194507,28.75343708,183238000,55.98467813,0.249224725,0.348198357,-0.098973632,0.013779495,-0.007550442,0.00069675,0.008150627,-0.2981635,-,^
3/20/2015,28.11695862,28.67527618,27.95169659,28.64177839,274780400,51.69636686,0.221233091,0.322805304,-0.101572213,-0.003883316,-0.01254883,-0.006576271,-0.017582224,0.499581964,-,v
3/23/2015,28.40951157,28.55244113,28.25541493,28.38941289,150838800,54.75231962,0.220118706,0.302267984,-0.082149278,-0.008811097,0.010404858,-0.004283657,0.010865829,-0.451056917,^,v
3/24/2015,28.29338264,28.59487295,28.26434896,28.41397979,131369200,53.31053471,0.207473291,0.283309046,-0.075835754,0.000865354,-0.004087678,0.001486101,0.000316188,-0.129075543,-,v
3/25/2015,27.5541687,28.32241647,27.5541687,28.25988499,206620800,45.15872451,0.136232914,0.253893819,-0.117660906,-0.005423204,-0.026126743,-0.009528158,-0.025126362,0.572825289,v,v
3/26/2015,27.74622917,27.88915874,27.37997193,27.41570518,190291600,47.40884737,0.094186354,0.221952326,-0.127765972,-0.029872019,0.006970287,-0.015297343,-0.006321975,-0.079029798,-,v
3/27/2015,27.52514076,27.84896527,27.44921016,27.81993328,158184800,45.11415645,0.042533862,0.186068633,-0.143534771,0.014744399,-0.007968233,-0.001441186,0.002528791,-0.168724211,-,v
3/30/2015,28.22192001,28.22861957,27.69263279,27.70379986,188398800,52.85846178,0.057164199,0.160287746,-0.103123548,-0.004174468,0.025314285,0.013632618,0.008868111,0.191004445,-,v
3/31/2015,27.78866005,28.24871447,27.77302718,28.15938307,168362400,48.29530807,0.033413221,0.134912841,-0.10149962,0.016444792,-0.015351895,0.000711863,0.002903097,-0.106350996,-,-
4/1/2015,27.74846077,27.94275644,27.49163363,27.87575746,162485600,47.88227979,0.011217348,0.110173743,-0.098956395,-0.010072153,-0.001446607,-0.010830866,-0.010131901,-0.034905656,-,-
4/2/2015,27.98742294,28.04102111,27.73506329,27.92265772,128880400,50.58752733,0.012762095,0.090691413,-0.077929318,0.001682475,0.008611727,0.003516642,0.008854682,-0.206819558,-,-
4/6/2015,28.44078445,28.47651771,27.7663355,27.79760124,148776000,55.32539072,0.049992521,0.082551635,-0.032559114,-0.004478674,0.016198759,0.015530697,0.001127533,0.154372581,-,-
4/7/2015,28.14151764,28.61273741,28.13481808,28.5055411,140049200,51.79492687,0.054718806,0.076985069,-0.022266263,0.02546766,-0.010522453,0.00478358,0.01327084,-0.05865731,-,-
4/8/2015,28.04995155,28.22861435,27.90925575,28.10578346,149316800,50.72828595,0.050493743,0.071686804,-0.021193061,-0.014023857,-0.003253772,-0.013424897,-0.008017195,0.066173887,-,-
4/9/2015,28.2643528,28.26882031,27.84003154,28.10579034,129936000,53.16060014,0.063711314,0.070091706,-0.006380392,2.45E-07,0.007643551,0.001424298,-0.002480332,-0.129796513,-,-
4/10/2015,28.38495255,28.40951873,27.97403036,28.12812533,160752000,54.52060499,0.082961399,0.072665645,0.010295755,0.000794676,0.00426685,0.004977159,0.004813171,0.237162911,-,-
4/13/2015,28.32911491,28.71324049,28.27551675,28.66857223,145460400,53.74254579,0.092643661,0.076661248,0.015982413,0.019213755,-0.001967156,0.010690845,0.010777367,-0.095125411,-,-
4/14/2015,28.20628548,28.42737939,28.11918782,28.36261416,102098400,51.98506444,0.089375351,0.079204069,0.010171283,-0.010672246,-0.004335802,-0.009955724,-0.005528774,-0.298101751,-,-
4/15/2015,28.31348801,28.39165237,28.14152641,28.23085784,115881600,53.41688397,0.094347956,0.082232846,0.01211511,-0.004645422,0.003800661,-0.001256782,0.000794425,0.134999177,-,-
4/16/2015,28.17725372,28.38494854,28.16385461,28.2018199,113476000,51.32236336,0.086300989,0.083046475,0.003254514,-0.001028589,-0.004811639,-0.00023612,0.000793425,-0.02075912,-,-
4/17/2015,27.86012268,28.17054796,27.79535746,28.03878547,207828000,46.72901155,0.053714695,0.077180119,-0.023465424,-0.00578099,-0.01125486,-0.007553319,-0.013084045,0.831470972,-,-
4/20/2015,28.49661446,28.61274411,27.95392807,28.04325949,188217200,55.36375501,0.078346262,0.077413347,0.000932915,0.000159565,0.022845979,0.015697109,0.005704931,-0.094360721,-,-
4/21/2015,28.34252167,28.63061293,28.28892179,28.6082822,129740400,53.11893143,0.084459362,0.07882255,0.005636811,0.020148254,-0.005407407,0.000624505,0.01198378,-0.310687865,-,-
4/22/2015,28.72440147,28.78023339,28.2107489,28.36037802,150618000,57.69675854,0.118749674,0.086807975,0.031941699,-0.008665469,0.013473741,0.005225891,-0.002763375,0.160918264,-,^
4/23/2015,28.95889854,29.1263943,28.61720748,28.65294073,183083600,60.26274943,0.162968349,0.10204005,0.060928299,0.010315896,0.008163689,0.012027731,0.014407933,0.21554927,-,^
4/24/2015,29.09513664,29.17330271,28.86064184,29.14203697,178103600,61.71569087,0.206623417,0.122956723,0.083666694,0.01706967,0.004704533,0.001610512,0.008506573,-0.027200689,-,^
4/27/2015,29.62441063,29.73161035,29.28941916,29.54848005,387816800,66.79516025,0.28069271,0.154503921,0.12618879,0.013946969,0.01819115,0.019137622,0.014856819,1.177478726,^,v
4/28/2015,29.15766335,30.04650662,28.93657111,30.0286434,475696000,59.32054874,0.298292029,0.183261542,0.115030486,0.016250019,-0.015755496,0.010591295,-0.012046946,0.226599776,-,^
4/29/2015,28.72887039,29.38768632,28.6529398,29.06832939,253544400,53.40768456,0.274475624,0.201504359,0.072971265,-0.031979933,-0.014706012,-0.021926686,-0.009801828,-0.467003296,-,^
4/30/2015,27.9494648,28.72887807,27.82216806,28.72887807,332781600,44.68827805,0.190513314,0.19930615,-0.008792835,-0.011677703,-0.027129699,-0.022417833,-0.028994293,0.312518044,v,^
5/1/2015,28.79810143,29.06162984,27.98295682,28.16161793,234050400,53.57562575,0.190257295,0.197496379,-0.007239084,-0.019745294,0.030363251,0.011582484,0.00577916,-0.296684672,^,v
5/4/2015,28.74227333,29.15989843,28.6440086,28.92093617,203953200,52.97261902,0.183435013,0.194684106,-0.011249093,0.026962877,-0.001938603,0.003381386,0.023623371,-0.128592816,-,v
5/5/2015,28.09462547,28.68644252,28.09015796,28.61944353,197085600,46.44223362,0.124335275,0.18061434,-0.056279064,-0.010424719,-0.022532938,-0.016236542,-0.019335654,-0.033672431,-,v
5/6/2015,27.91819572,28.30678544,27.54970469,28.26435263,288564000,44.82121301,0.062540968,0.156999665,-0.094458697,-0.012407331,-0.00627984,-0.013234722,-0.019239952,0.464155677,v,v
5/7/2015,28.09087372,28.27476728,27.81278944,27.98098483,175763600,46.77918651,0.02718879,0.13103749,-0.1038487,-0.010025625,0.006185142,-0.001131112,0.009549458,-0.390902538,-,v
5/8/2015,28.62013054,28.62013054,28.28149665,28.40932509,222201600,52.35911502,0.041401289,0.11311025,-0.071708961,0.015308262,0.018840881,0.012214539,0.016852219,0.264207151,-,v
5/11/2015,28.32858276,28.60666527,28.17384249,28.5685414,168143200,49.29318686,0.028807255,0.096249651,-0.067442396,0.005604368,-0.010186808,-0.000470482,-0.003806523,-0.243285377,-,v
5/12/2015,28.22767448,28.4541764,27.99220024,28.16712318,192640000,48.24030065,0.010562183,0.079112157,-0.068549974,-0.014051058,-0.003562066,-0.005330537,-0.006447195,0.145690102,-,-
5/13/2015,28.25906944,28.52369693,28.22767311,28.29046578,138776800,48.60809668,-0.001348314,0.063020063,-0.064368377,0.004378956,0.001112205,0.002443245,0.008412089,-0.279605482,-,-
5/14/2015,28.918396,28.918396,28.51697113,28.57303627,180814000,55.72370311,0.041931315,0.058802314,-0.016870998,0.009988188,0.023331503,0.013837584,0.010248738,0.302912302,-,-
5/15/2015,28.87803268,29.03950056,28.75244732,28.94531154,152832000,55.2196437,0.072142142,0.061470279,0.010671863,0.013028901,-0.001395766,0.004187804,0.008257405,-0.154755716,-,-
5/18/2015,29.1964817,29.31533952,28.78608449,28.79057065,203531600,58.41566268,0.120392801,0.073254784,0.047138017,-0.005345974,0.011027379,0.00949875,0.001169889,0.331734192,-,-
5/19/2015,29.1695652,29.35121566,29.07313141,29.30860562,178532800,58.03860984,0.154676841,0.089539195,0.065137646,0.017993216,-0.000921909,0.001223801,0.009971725,-0.122825153,-,-
5/20/2015,29.16732025,29.3736395,29.00585242,29.15386517,145819600,58.00498108,0.179595772,0.10755051,0.072045262,-0.005279693,-7.70E-05,0.000763983,-0.002314129,-0.183233557,-,-
5/21/2015,29.46559715,29.51942092,29.1157512,29.16957497,158921600,61.22010811,0.220866645,0.130213737,0.090652908,0.000538858,0.010226407,0.004963002,0.003788849,0.089850747,-,-
5/22/2015,29.72348785,29.81992166,29.467831,29.51268584,182384000,63.80059984,0.271256853,0.15842236,0.112834492,0.011762628,0.008752265,0.010179764,0.012092417,0.14763506,-,-
5/26/2015,29.0686512,29.80647032,28.95652093,29.7369501,282790400,53.97860854,0.255407433,0.177819375,0.077588058,0.00759891,-0.022030949,-0.000451086,-0.017351466,0.550521976,-,-
5/27/2015,29.61135101,29.66068859,29.16507487,29.2301089,183332800,59.53807032,0.283371462,0.198929792,0.08444167,-0.017044155,0.01866959,-0.004890942,0.007202314,-0.351700765,-,-
5/28/2015,29.5530529,29.59117678,29.40055738,29.57099416,122933200,58.71749209,0.297400737,0.218623981,0.078776755,0.011662128,-0.001968776,-0.002343567,0.008074127,-0.329453322,-,-
5/29/2015,29.21666336,29.47904779,29.13144326,29.42971019,203538000,54.08539226,0.278168658,0.230532917,0.047635741,-0.004777789,-0.011382565,-0.003789271,-0.009153368,0.65567967,-,-
6/1/2015,29.27497292,29.46559577,29.16508743,29.2166664,128451200,54.75172986,0.264582251,0.237342783,0.027239468,-0.007239072,0.001995764,-0.000456325,0.001154909,-0.368908017,-,-
6/2/2015,29.14490128,29.30188297,29.00137467,29.12247385,134670400,52.90719959,0.240546363,0.237983499,0.002562863,-0.003223932,-0.0044431,-0.005556066,-0.005613313,0.048416831,-,-
6/3/2015,29.18077469,29.36466994,29.13143711,29.30187727,123934000,53.37374428,0.221835254,0.23475385,-0.012918596,0.006160308,0.001230864,0.002142762,0.004484699,-0.079723532,-,-
6/4/2015,29.01033783,29.28393591,28.90942129,29.05967541,153800400,50.79880081,0.191051414,0.226013363,-0.034961949,-0.008265746,-0.005840724,-0.002749359,-0.007621176,0.240986331,-,-
6/5/2015,28.85111237,29.08434521,28.78607833,29.04173516,142507200,48.44730951,0.15205405,0.2112215,-0.059167451,-0.000617359,-0.005488577,-0.006815706,-0.004266532,-0.073427637,-,-
6/8/2015,28.66049767,28.97670585,28.44296467,28.90718221,210699200,45.71887222,0.104562019,0.189889604,-0.085327585,-0.004633089,-0.006606841,-0.003700938,-0.01191943,0.478516173,-,-
6/9/2015,28.57527924,28.72329202,28.17161127,28.41381136,224301600,44.51194062,0.059363521,0.163784387,-0.104420866,-0.017067414,-0.002973376,-0.008745433,-0.009540264,0.064558385,-,-
6/10/2015,28.90269852,29.00585645,28.67170873,28.6874069,156349200,49.97606311,0.049394002,0.14090631,-0.091512308,0.009628963,0.011458131,0.009837467,0.017751823,-0.302951027,-,-
6/11/2015,28.83765984,29.19423325,28.81299104,28.96997272,141563600,48.94500899,0.03583196,0.11989144,-0.08405948,0.009849821,-0.002250263,0.00649444,0.004927586,-0.094567801,-,-
6/12/2015,28.51920509,28.77934807,28.50575001,28.74795174,147544800,44.14281078,-0.000605709,0.09579201,-0.09639772,-0.007663831,-0.011043016,-0.014211203,-0.010663281,0.042250974,-,-
6/15/2015,28.46314621,28.53490951,28.19179117,28.27925264,175955600,43.33674704,-0.033618773,0.069909854,-0.103528626,-0.016303739,-0.001965654,-0.008493541,-0.011013878,0.192557108,-,-
6/16/2015,28.61564255,28.67170768,28.33980306,28.48781412,125976400,46.21400161,-0.046935638,0.046540755,-0.093476393,0.00737507,0.005357677,0.004794063,0.005250177,-0.284044384,-,-
6/17/2015,28.54835892,28.67842869,28.42277189,28.64254791,131672400,45.12524442,-0.062201556,0.024792293,-0.086993849,0.005431578,-0.002351288,0.000234413,0.002927643,0.045214818,-,-
6/18/2015,28.67843246,28.77486455,28.53042142,28.53266451,141628800,47.69090342,-0.063076946,0.007218445,-0.070295391,-0.00383637,0.004556253,0.003362662,0.00378744,0.075614935,-,-
6/19/2015,28.39138031,28.66497841,28.34652889,28.64030961,218867600,42.92156248,-0.085942714,-0.011413786,-0.074528928,0.003772697,-0.010009339,-0.003818824,-0.006445489,0.545360831,-,-
6/22/2015,28.6178875,28.71880406,28.49902969,28.59097562,136157200,47.39228881,-0.084809136,-0.026092856,-0.05871628,-0.001722537,0.007978027,0.001877749,0.005379875,-0.377901526,-,-
6/23/2015,28.48781776,28.6178893,28.45417834,28.58873604,121075600,45.20276364,-0.093330453,-0.039540376,-0.053790077,-7.83E-05,-0.00454505,-0.003513891,-0.001573785,-0.110766085,-,-
6/24/2015,28.7300148,29.10901562,28.50799737,28.52817999,221123600,49.84897864,-0.079622542,-0.047556809,-0.032065733,-0.002118178,0.008501776,0.017161515,0.001891428,0.826326692,-,-
6/25/2015,28.59322166,28.97446394,28.59322166,28.89821617,127752400,47.40421021,-0.078887619,-0.053822971,-0.025064648,0.0129709,-0.004761332,-0.004622337,0.002989487,-0.422257959,-,-
6/26/2015,28.42502022,28.70310278,28.37119817,28.63133948,176267200,44.5133828,-0.0908306,-0.061224497,-0.029606103,-0.009235057,-0.005882564,-0.009365528,-0.007764899,0.379756466,-,^
6/29/2015,27.92716408,28.36223006,27.91595208,28.13572644,196645600,37.26885443,-0.138867549,-0.076753107,-0.062114442,-0.017310159,-0.017514715,-0.011875814,-0.016046065,0.115610845,-,^
6/30/2015,28.12899971,28.28374003,28.00117127,28.16039605,177482800,41.43054114,-0.158819952,-0.093166476,-0.065653475,0.000876807,0.007227215,-0.002767414,0.003052706,-0.097448405,-,^
7/1/2015,28.39138031,28.46762977,28.25458126,28.45865915,120955200,46.40796871,-0.151711616,-0.104875504,-0.046836111,0.01059158,0.009327761,0.006501606,0.009049978,-0.318496215,^,^
7/2/2015,28.35550308,28.41156822,28.20524722,28.35326,108844000,45.83438477,-0.1472755,-0.113355503,-0.033919997,-0.003703588,-0.001263666,-0.001969309,-0.001746055,-0.100129635,-,^
7/6/2015,28.25682449,28.30840516,27.99892456,28.0191089,112241600,44.21567345,-0.149993354,-0.120683073,-0.029310281,-0.01178528,-0.003480051,-0.003631023,-0.007315045,0.031215317,-,v
7/7/2015,28.18730354,28.29046317,27.75672207,28.23215496,187787200,43.0618273,-0.155959232,-0.127738305,-0.028220927,0.007603599,-0.002460324,-0.000633804,-0.008650421,0.673062394,-,v
7/8/2015,27.48761368,27.95183292,27.48088614,27.91595212,243046400,33.5674825,-0.214671755,-0.145124995,-0.06954676,-0.011200096,-0.024822873,-0.011969767,-0.009937626,0.294264998,-,v
7/9/2015,26.9269619,27.82176094,26.73634079,27.77466643,314380000,28.20183418,-0.302949552,-0.176689906,-0.126259645,-0.005061109,-0.020396524,-0.004653433,-0.027093207,0.293497867,v,v
7/10/2015,27.64683723,27.77466567,27.18261802,27.34632895,245418000,41.19871221,-0.311234698,-0.203598865,-0.107635834,-0.015421877,0.026734369,-0.00169275,0.016691784,-0.219358738,-,v
7/13/2015,28.18057823,28.20300394,27.88006824,28.03929301,165762000,48.62445777,-0.271601447,-0.217199381,-0.054402065,0.025340295,0.01930568,0.015421906,0.025657949,-0.32457277,-,v
7/14/2015,28.16936493,28.33980341,28.0415365,28.26579702,127072400,48.48592371,-0.238349089,-0.221429323,-0.016919766,0.008078093,-0.000397909,0.004850528,0.00579153,-0.23340452,-,v
7/15/2015,28.44072533,28.51473173,28.1626427,28.19403904,134596800,52.04649554,-0.18793346,-0.21473015,0.02679669,-0.002538686,0.009633174,0.006172531,0.004318815,0.059213488,-,^
7/16/2015,28.81971741,28.83317591,28.5595761,28.64703756,144889600,56.56224235,-0.116059357,-0.194995991,0.078936635,0.016067174,0.013325683,0.011167708,0.014094324,0.076471357,-,^
7/17/2015,29.0686512,29.0686512,28.77487043,28.94755201,184658800,59.27498672,-0.038567158,-0.163710225,0.125143067,0.010490245,0.008637621,0.008166818,0.007538429,0.274479328,-,^
7/20/2015,29.61808968,29.81992278,29.31085042,29.37140173,235600800,64.53895116,0.066415466,-0.117685087,0.184100552,0.014641988,0.018901409,0.025844735,0.018626669,0.275870958,^,^
7/21/2015,29.32206345,29.80870837,29.22563306,29.79301191,307025600,60.03636618,0.124295309,-0.069289007,0.193584317,0.014354446,-0.009994778,-0.000376071,-0.002907366,0.303160261,-,^
7/22/2015,28.08190155,28.14469422,27.35753934,27.35753934,461802400,45.66353267,0.069296,-0.041572006,0.110868006,-0.081746437,-0.042294496,-0.055823088,-0.063919701,0.504116921,-,v
7/23/2015,28.06844902,28.5012702,28.0460216,28.30167847,203998000,45.53618386,0.02434254,-0.028389097,0.052731636,0.034511113,-0.000479046,0.012669386,0.025166088,-0.558256951,-,^
7/24/2015,27.92043304,28.19851559,27.78587708,28.10432659,168649200,44.0795453,-0.022962358,-0.027303749,0.004341391,-0.006973151,-0.005273393,-0.010622495,-0.00927563,-0.17328013,-,^
7/27/2015,27.5324707,27.72085048,27.38670269,27.60423402,177822000,40.42903013,-0.090711484,-0.039985296,-0.050726188,-0.017794149,-0.013895284,-0.016939371,-0.014366089,0.054389822,v,^
7/28/2015,27.66926384,27.78812336,27.4831289,27.66926384,134472400,42.24523279,-0.131845261,-0.058357289,-0.073487972,0.002355791,0.004968429,0.002426797,0.003520913,-0.24378086,^,^
7/29/2015,27.58180618,27.69617955,27.4203383,27.61768869,148046800,41.37666576,-0.169546748,-0.080595181,-0.088951567,-0.001863987,-0.003160823,-0.003308745,-0.002284696,0.100945622,-,^
7/30/2015,27.44276047,27.48761189,27.2947477,27.43154676,134513200,39.96964539,-0.20824476,-0.106125097,-0.102119663,-0.006739953,-0.005041211,-0.007530557,-0.004580199,-0.091414337,-,v
7/31/2015,27.20280266,27.50331094,27.11534119,27.49434032,171540000,37.59377475,-0.255332489,-0.135966575,-0.119365914,0.0022891,-0.008743938,0.000571132,-0.006572932,0.275265178,-,v
8/3/2015,26.56141663,27.48761196,26.35509565,27.24765327,279904000,32.10112354,-0.34047951,-0.176869162,-0.163610348,-0.008972285,-0.023577939,-0.000570803,-0.028037469,0.63171272,-,v
8/4/2015,25.70922661,26.39546327,25.39750461,26.3326706,496554400,26.55051432,-0.471291,-0.23575353,-0.235537471,-0.033580238,-0.032083756,-0.039732396,-0.036334189,0.774016806,v,v
8/5/2015,25.87966156,26.33715318,25.13960124,25.33022232,397250400,29.18767257,-0.554811847,-0.299565193,-0.255246654,-0.038068614,0.00662933,-0.002209095,-0.010154674,-0.199986145,-,^
8/6/2015,25.93598557,26.24461383,25.70845839,26.12521801,211612000,30.08110464,-0.609432683,-0.361538691,-0.247893992,0.031385263,0.002176381,-0.003513643,0.022627931,-0.467308277,-,v
8/7/2015,26.02384567,26.18829767,25.79406524,25.8120877,154681600,31.532285,-0.6382729,-0.416885533,-0.221387367,-0.011985749,0.003387575,-0.002145818,0.00332991,-0.269032002,-,v
8/10/2015,26.97000504,27.03082871,26.25137506,26.25137506,219806400,44.81545038,-0.578117646,-0.449131955,-0.12898569,0.017018668,0.0363574,0.032172043,0.017729265,0.421024867,^,v
8/11/2015,25.56653214,26.62307545,25.53048893,26.53972284,388331200,34.21253261,-0.636357178,-0.486577,-0.149780178,0.010984102,-0.052038288,-0.015084749,-0.02746089,0.766696511,v,v
8/12/2015,25.96076584,26.00131553,24.69696928,25.35026902,404870000,38.60647728,-0.643285665,-0.517918733,-0.125366932,-0.044817869,0.015419913,-0.023354173,-0.032648009,0.042589419,-,^
8/13/2015,25.94048691,26.22208142,25.80306865,26.14098206,194143200,38.46416456,-0.643000769,-0.54293514,-0.100065628,0.031191505,-0.000781138,0.008490566,0.044786846,-0.520480154,-,^
8/14/2015,26.12296104,26.20180717,25.68367427,25.75350916,171718000,40.58647919,-0.620893574,-0.558526827,-0.062366747,-0.014822431,0.007034337,-0.000773175,-0.004627139,-0.115508552,-,^
8/17/2015,26.39329338,26.50367796,26.01933501,26.14098406,163538800,43.68522116,-0.574932439,-0.561807949,-0.01312449,0.015045519,0.010348457,0.011520991,0.013069031,-0.047631582,^,^
8/18/2015,26.24461555,26.45637523,26.13423096,26.22884633,138242800,42.37617557,-0.544231406,-0.558292641,0.014061235,0.003361093,-0.005633167,-0.001784761,0.004415791,-0.15467889,-,^
8/19/2015,25.90894699,26.24911191,25.83460563,26.15449657,193146000,39.49844962,-0.540752801,-0.554784673,0.014031871,-0.002834656,-0.012789997,-0.007834154,-0.011464861,0.397150521,-,v
8/20/2015,25.37730408,25.76027202,25.14752194,25.69944835,274006400,35.39826262,-0.574275235,-0.558682785,-0.01559245,-0.01739847,-0.020519665,-0.018623102,-0.026595478,0.418649105,-,v
8/21/2015,23.82515335,25.20834571,23.80037289,24.87719023,513102000,26.68789506,-0.717813095,-0.590508847,-0.127304248,-0.031995166,-0.061162948,-0.021425485,-0.053569853,0.872591297,-,v
8/24/2015,23.23042488,24.5099906,20.72535912,21.37190083,648825200,24.22787124,-0.869534053,-0.646313888,-0.223220164,-0.14090375,-0.02496221,-0.02770333,-0.129200235,0.264515048,v,v
8/25/2015,23.37009239,25.03037433,23.31602672,25.03037433,414406400,25.9540573,-0.967352961,-0.710521703,-0.256831258,0.171181475,0.006012267,0.021231495,0.12499989,-0.361297311,-,^
8/26/2015,24.71047783,24.75553226,23.66519932,24.12475997,387098400,40.06556778,-0.926042407,-0.753625844,-0.172416564,-0.036180616,0.057354734,-0.010980342,0.014975647,-0.065896666,-,^
8/27/2015,25.4381237,25.51021184,24.78482403,25.28268469,338464400,46.07380495,-0.825077575,-0.76791619,-0.057161385,0.047997357,0.029446856,0.03048529,0.04731102,-0.125637306,-,v
8/28/2015,25.52148247,25.52598723,25.12725002,25.26917308,212657600,46.7325966,-0.729921778,-0.760317307,0.03039553,-0.000534421,0.003276923,0.000618395,0.013815954,-0.371698767,^,v
8/31/2015,25.40207863,25.80081571,25.23086868,25.23762667,224917200,45.86820262,-0.656576411,-0.739569128,0.082992717,-0.001248415,-0.004678562,0.010766615,0.004123757,0.05764948,-,v
9/1/2015,24.26669121,25.20383694,24.18559184,24.81411106,307383600,38.56383667,-0.682201956,-0.728095694,0.045893738,-0.016781119,-0.044696634,-0.02313798,-0.041428492,0.366652261,v,v
9/2/2015,25.30746269,25.30746269,24.58432815,24.83213271,247555200,46.90987772,-0.611480062,-0.704772567,0.093292505,0.000726266,0.042888891,0.004111507,0.016486523,-0.19463758,-,v
9/3/2015,24.86367035,25.40658369,24.78932898,25.34125355,212935600,44.15533974,-0.584504976,-0.680719049,0.096214073,0.020502502,-0.017536027,0.003916671,0.00833868,-0.139845982,-,v
9/4/2015,24.61586571,24.881691,24.44465748,24.54828405,199985200,42.64938624,-0.576477515,-0.659870742,0.083393227,-0.031291645,-0.009966535,-0.020659711,-0.013904027,-0.060818388,-,v
9/8/2015,25.30070305,25.35702195,24.85240507,25.17454926,219374400,47.93435324,-0.508987751,-0.629694144,0.120706393,0.025511567,0.027820973,0.019103643,0.016680438,0.096953175,-,-
9/9/2015,24.81410599,25.6859214,24.72850017,25.62735099,340043200,44.77698124,-0.489127584,-0.601580832,0.112453248,0.017986488,-0.019232551,0.012970744,-0.00498563,0.550058712,-,-
9/10/2015,25.35927773,25.51922322,24.7577922,24.84114309,251571200,48.84268004,-0.424504038,-0.566165473,0.141661435,-0.030678469,0.021970235,-0.006489866,0.001184546,-0.260178707,-,-
9/11/2015,25.72873497,25.72873497,25.17681025,25.18356824,199662000,51.45128511,-0.339563029,-0.520844984,0.181281956,0.013784597,0.014568918,0.008209958,0.016924693,-0.206339994,-,-
9/14/2015,25.97653008,26.33246595,25.87515674,26.26263106,233453600,53.17586581,-0.24937701,-0.466551389,0.21717438,0.042847892,0.009631064,0.023465242,0.027737687,0.169244022,-,-
9/15/2015,26.19504929,26.25136819,25.77603649,26.11620316,173364800,54.70395143,-0.158444813,-0.404930074,0.246485261,-0.005575523,0.008412179,-0.003079763,-0.003830711,-0.257390762,-,-
9/16/2015,26.22433662,26.25362184,26.00581899,26.1882917,148694000,54.91631124,-0.083059688,-0.340555997,0.257496309,0.002760299,0.001118049,8.58E-05,0.008914579,-0.142305705,-,-
9/17/2015,25.66339874,26.24235703,25.61834431,26.05537957,256450400,50.07408993,-0.0677979,-0.286004377,0.218206477,-0.00507525,-0.021389974,-0.000429076,-0.014899538,0.724685596,-,-
9/18/2015,25.55751801,25.74900365,25.20158384,25.27817672,297141200,49.19237551,-0.06351436,-0.241506374,0.177992014,-0.029828882,-0.004125749,-0.018799888,-0.016268049,0.158669279,-,-
9/21/2015,25.95400429,25.99004921,25.6048281,25.60707962,200888000,52.56095434,-0.027805964,-0.198766292,0.170960328,0.013011338,0.015513489,0.009361355,0.016000751,-0.323930845,-,^
9/22/2015,25.54625702,25.72197174,25.34801336,25.54175054,201384800,48.96548598,-0.032039272,-0.165420888,0.133381616,-0.002551212,-0.01571038,-0.01031462,-0.010029934,0.00247302,-,^
9/23/2015,25.75350761,25.8436182,25.52372725,25.59806689,143026800,50.80744931,-0.018458035,-0.136028317,0.117570283,0.002204874,0.008112758,0.004729282,0.006932057,-0.289783539,-,^
9/24/2015,25.90670013,26.01933796,25.31422578,25.51246774,200878000,52.18130517,0.00461337,-0.10789998,0.11251335,-0.003343969,0.005948414,0.006799348,-0.008208106,0.404478042,^,v
9/25/2015,25.84137154,26.28741811,25.68593078,26.2310992,224607600,51.52050161,0.017425284,-0.082834927,0.100260211,0.028167854,-0.002521687,0.010303112,0.014683641,0.118129412,-,v
9/28/2015,25.32999039,25.80982682,25.32999039,25.64762811,208436000,46.55100336,-0.013529408,-0.068973823,0.055444415,-0.022243486,-0.019789242,-0.018168056,-0.013857407,-0.071999345,-,v
9/29/2015,24.56856728,25.57104517,24.29823712,25.41785763,293461600,40.31551223,-0.098367783,-0.074852615,-0.023515168,-0.008958742,-0.030060142,-0.009251579,-0.040732477,0.407921856,v,v
9/30/2015,24.8479023,25.12724359,24.49421963,24.81861537,265892000,43.3153063,-0.14143246,-0.088168584,-0.053263876,-0.02357564,0.01136961,-0.017355629,0.008065709,-0.093946193,-,v
10/1/2015,24.68569946,24.69471069,24.17432291,24.57080843,255716400,41.99538136,-0.186500082,-0.107834884,-0.078665199,-0.00998472,-0.006527828,-0.017213703,-0.01306009,-0.038269673,-,v
10/2/2015,24.86592102,25.00784575,24.22839236,24.33201893,232079200,44.03594435,-0.205307468,-0.127329401,-0.077978067,-0.009718423,0.007300646,0.012680248,0.002236648,-0.092435213,-,v
10/5/2015,24.95602798,25.08894147,24.57080696,24.75327962,208258800,45.07630397,-0.210514893,-0.143966499,-0.066548394,0.017313019,0.003623713,0.003242811,0.014132783,-0.102639099,-,-
10/6/2015,25.0754261,25.17229468,24.72850148,24.92223863,192787200,46.49564655,-0.202671118,-0.155707423,-0.046963695,0.006825722,0.00478434,0.003322309,0.006417963,-0.074290258,-,-
10/7/2015,24.95602798,25.17905032,24.64740155,25.17229233,187062400,45.23671189,-0.203740704,-0.165314079,-0.038426625,0.010033356,-0.004761559,0.000268376,-0.003279614,-0.029694918,-,-
10/8/2015,24.66767883,24.82311955,24.3770731,24.82311955,247918400,42.26070764,-0.225259079,-0.177303079,-0.047956,-0.013871314,-0.011554289,-0.014135989,-0.010967828,0.325324598,-,-
10/9/2015,25.25790596,25.29394917,24.66542991,24.78032097,211064400,49.57354812,-0.192467504,-0.180335964,-0.01213154,-0.001724142,0.023927145,0.018967383,0.011829017,-0.148653751,-,-
10/12/2015,25.14075661,25.39982389,25.1047134,25.39531913,121868800,48.26686832,-0.173927985,-0.179054368,0.005126383,0.024818006,-0.004638126,0.004185773,0.017809683,-0.422598979,-,-
10/13/2015,25.18356323,25.33224426,24.93350714,24.96504559,132197200,48.79795119,-0.154005862,-0.174044667,0.020038805,-0.016943026,0.001702678,-0.002660634,-0.006819686,0.084750158,-,-
10/14/2015,24.827631,25.12274157,24.68120147,25.07092913,177849600,44.68983006,-0.165035763,-0.172242886,0.007207123,0.004241271,-0.014133514,-0.008270198,-0.010119141,0.345335605,-,-
10/15/2015,25.19933891,25.2534046,24.8907106,24.98983245,150694000,49.4736895,-0.14214476,-0.166223261,0.024078501,-0.00323469,0.014971542,0.005200986,0.008488611,-0.152688564,-,-
10/16/2015,25.01460648,25.23087088,24.89971542,25.18130996,156930400,47.28481363,-0.137326822,-0.160443973,0.023117151,0.007662217,-0.007330845,-0.000892304,0.000361774,0.041384528,-,-
10/19/2015,25.17004585,25.17455061,24.80509873,24.96053946,119036800,49.31676689,-0.119587383,-0.152272655,0.032685272,-0.008767237,0.006213945,-0.002232197,-0.003799911,-0.241467555,-,-
10/20/2015,25.62960815,25.71971875,24.96504572,25.08218829,195871200,54.85709521,-0.067665903,-0.135351305,0.067685402,0.004873646,0.018258302,0.021655526,0.00644815,0.64546762,-,^
10/21/2015,25.62735558,26.03735714,25.61383787,25.68142124,167180800,54.82545978,-0.026395251,-0.113560094,0.087164843,0.023890776,-8.79E-05,0.012349995,0.025988022,-0.146475847,-,^
10/22/2015,26.01933861,26.01933861,25.70395234,25.7557665,166616400,59.23140094,0.037509406,-0.083346194,0.1208556,0.002894904,0.015295493,-0.000692026,0.003518195,-0.003375986,-,v
10/23/2015,26.82582855,26.85962025,26.20632043,26.28967133,237467600,66.47603841,0.151485081,-0.036379939,0.18786502,0.020729526,0.03099579,0.032294504,0.019544391,0.425235451,^,v
10/26/2015,25.96977234,26.61180749,25.88867298,26.60054474,265335200,55.25247817,0.170766552,0.005049359,0.165717192,0.011824926,-0.031911641,-0.00922622,-0.012121024,0.117353273,-,v
10/27/2015,25.80532455,26.25362258,25.67916903,25.9968085,279537600,53.3877416,0.170808718,0.038201231,0.132607487,-0.022696386,-0.006332277,-0.013459623,-0.008092495,0.053526257,v,v
10/28/2015,26.86861992,26.87537963,26.14548545,26.34147584,342205600,62.25742024,0.253716498,0.081304284,0.172412214,0.013258064,0.041204495,0.023682714,0.018159327,0.22418451,-,v
10/29/2015,27.15246773,27.18851265,26.64334439,26.74021297,204909200,64.21502395,0.33842451,0.13272833,0.205696181,0.015137236,0.010564287,0.011651297,0.01904187,-0.401210267,-,v
10/30/2015,26.92043877,27.30791314,26.9091743,27.25609899,197461200,61.41100629,0.382425064,0.182667677,0.199757388,0.019292517,-0.00854541,0.004391579,0.009977347,-0.036347807,-,v
11/2/2015,27.29889297,27.33944265,26.94521041,27.21328888,128813200,64.15996577,0.442730392,0.23468022,0.208050172,-0.001570662,0.014058248,0.001154592,0.001339176,-0.347653109,-,-
11/3/2015,27.61203575,27.81928893,27.19076968,27.21104538,182076000,66.29920231,0.509912845,0.289726745,0.220186101,-8.24E-05,0.011470897,0.017551429,0.009113281,0.41348868,-,^
11/4/2015,27.48362732,27.8936289,27.3980232,27.73818817,179544400,64.59651343,0.54649429,0.341080254,0.205414037,0.019372383,-0.004650451,0.002672246,0.007622201,-0.013904084,-,^
11/5/2015,27.35693932,27.75738507,27.18952221,27.56734258,158210800,62.88069642,0.558820946,0.384628392,0.174192554,-0.00615922,-0.004609581,-0.004884407,-0.007610074,-0.118820749,-,^
11/6/2015,27.38861084,27.55829082,27.28906642,27.39992353,132169200,63.14425986,0.564636756,0.420630065,0.144006691,-0.006073093,0.001157714,-0.007172659,0.003661124,-0.164600647,^,^
11/9/2015,27.2777462,27.55828321,27.16010221,27.36597963,135485600,61.49815972,0.553914792,0.44728701,0.106627782,-0.001238832,-0.004047837,-2.76E-07,-0.004725857,0.025092079,-,^
11/10/2015,26.41803741,26.71215003,26.25740726,26.44744971,236511600,50.50339479,0.470621216,0.451953852,0.018667365,-0.033564664,-0.031516856,-0.030703407,-0.033236066,0.745658579,-,v
11/11/2015,26.26871681,26.56509055,26.06510054,26.32753967,180872000,48.86916982,0.388087897,0.439180661,-0.051092764,-0.004533898,-0.005652222,-0.00550534,-0.007323904,-0.235251041,-,v
11/12/2015,26.18049049,26.42935412,26.16465376,26.30266029,130102400,47.88325801,0.311964389,0.413737406,-0.101773018,-0.000944995,-0.003358608,-0.005109579,0.003819407,-0.280693529,-,v
11/13/2015,25.41579247,26.14654819,25.39995574,26.06283879,183249600,40.29516651,0.187766761,0.368543277,-0.180776516,-0.009117766,-0.029208698,-0.010700448,-0.029226377,0.408502841,v,v
11/16/2015,25.83207893,25.84565278,25.11263579,25.19860635,152426800,45.37048413,0.121529174,0.319140457,-0.197611283,-0.033159567,0.016379047,-0.011508036,-0.011311829,-0.168201186,-,v
11/17/2015,25.72122192,26.02890841,25.63751252,25.99949611,110467600,44.29073668,0.059405385,0.267193442,-0.207788057,0.031783097,-0.004291447,0.007090385,0.020900902,-0.275274427,-,v
11/18/2015,26.53567886,26.58092615,26.13070922,26.18953208,186698800,53.11831599,0.075026841,0.228760122,-0.153733281,0.007309217,0.031664784,0.021207871,0.019237307,0.690077453,-,v
11/19/2015,26.87278366,27.09223671,26.41577968,26.61487023,173183200,56.21116749,0.113302418,0.205668581,-0.092366164,0.016240769,0.012703832,0.019235995,0.010909404,-0.072392538,-,-
11/20/2015,26.9904213,27.13068893,26.8886123,26.96779592,137148400,57.27054143,0.151383408,0.194811547,-0.043428139,0.01326047,0.004377575,0.001419308,0.017899628,-0.2080733,-,-
11/23/2015,26.63975334,27.08770919,26.54699414,26.9836373,129930000,53.14322024,0.151520263,0.18615329,-0.034633027,0.000587418,-0.012992311,-0.001584174,-0.012704939,-0.052632039,-,-
11/24/2015,26.89540672,27.00173978,26.49722562,26.54473581,171212800,55.65248459,0.17029476,0.182981584,-0.012686823,-0.016265468,0.009596687,-0.003173742,-0.001874733,0.317731086,-,-
11/25/2015,26.7030983,26.97458725,26.67821177,26.97006148,85553200,53.33857267,0.167722601,0.179929787,-0.012207187,0.016022976,-0.007150233,-0.001005585,0.006830381,-0.500310724,-,-
11/27/2015,26.65332031,26.78906562,26.60581014,26.76191622,52185600,52.7274579,0.159825114,0.175908853,-0.016083739,-0.007717641,-0.001864128,-0.006877644,-0.002713886,-0.390021647,-,-
11/30/2015,26.76418877,27.01531527,26.63975609,26.6940532,156721200,53.99182096,0.160660462,0.172859174,-0.012198712,-0.002535805,0.004159649,0.008445597,0.001275885,2.003150294,-,-
12/1/2015,26.54699707,26.8795701,26.43840285,26.86599625,139409600,51.10797899,0.142158216,0.166718983,-0.024560767,0.006441249,-0.008115011,-0.005024749,-0.007558374,-0.110461125,-,-
12/2/2015,26.30717659,26.72119604,26.2619293,26.54699034,133546400,48.05575353,0.106911139,0.154757414,-0.047846275,-0.011873965,-0.009033808,-0.005891986,-0.006674895,-0.042057362,-,-
12/3/2015,26.06284142,26.42256383,25.84112723,26.36826673,166278000,45.10050689,0.058586422,0.135523215,-0.076936794,-0.006732349,-0.009287776,-0.011175855,-0.016023273,0.245095338,-,-
12/4/2015,26.92934227,26.97911534,26.04248204,26.0832053,231108000,55.54206508,0.0891801,0.126254592,-0.037074492,-0.010810776,0.0332466,0.021063494,0.007792029,0.389889222,-,-
12/7/2015,26.75965691,27.11711639,26.65332387,26.91802588,128336800,53.4001629,0.098597054,0.120723085,-0.022126031,0.032006058,-0.006301133,0.005115107,0.023455592,-0.444689063,-,^
12/8/2015,26.74834633,26.83205399,26.43839702,26.58771447,137238000,53.25274688,0.103949128,0.117368293,-0.013419165,-0.012271012,-0.000422673,-0.010512268,-0.008063792,0.069358126,-,^
12/9/2015,26.1578598,26.62617636,26.03569004,26.61486367,185445600,46.09800246,0.059853405,0.105865316,-0.046011911,0.001021118,-0.022075627,-0.007672824,-0.015231898,0.351270056,-,^
12/10/2015,26.28228951,26.4564952,26.13297206,26.25287894,116850800,47.69282417,0.0345494,0.091602133,-0.057052733,-0.013600849,0.004756876,-0.00637272,0.003736487,-0.369891763,^,v
12/11/2015,25.60582924,26.10581916,25.53116967,26.06057187,187544800,40.65105189,-0.039632043,0.065355297,-0.104987341,-0.00732518,-0.025738255,-0.013254818,-0.023028471,0.604993718,-,^
12/14/2015,25.4474659,25.49271319,24.83887998,25.37959323,257274800,39.19215327,-0.109932733,0.030297691,-0.140230425,-0.02613061,-0.00618466,-0.023485414,-0.027115471,0.371804497,-,^
12/15/2015,24.99725151,25.51986697,24.96557806,25.32530047,213292400,35.31219198,-0.199673365,-0.01569652,-0.183976845,-0.002139229,-0.017691914,0.001065158,0.005100796,-0.170954948,v,v
12/16/2015,25.18955803,25.33661436,24.61491001,25.128474,224954000,38.12972885,-0.252366806,-0.063030577,-0.189336228,-0.007771931,0.007693107,-0.007180782,-0.014046062,0.054674241,^,v
12/17/2015,24.6556282,25.39543201,24.6556282,25.34339607,179091200,33.73615783,-0.333367558,-0.117097973,-0.216269585,0.00855293,-0.021196475,0.002321449,0.001654209,-0.203876348,-,v
12/18/2015,23.98822403,24.77780105,23.93845096,24.63979626,385813200,29.205981,-0.446270844,-0.182932547,-0.263338297,-0.027762649,-0.02706904,-0.024320553,-0.02908777,1.154283404,v,v
12/21/2015,24.28233528,24.29138509,23.88415247,24.27102259,190362400,33.44722361,-0.506180261,-0.24758209,-0.258598171,-0.014966587,0.012260651,-0.019631119,-0.002268254,-0.506594383,-,v
12/22/2015,24.2597084,24.37056549,24.08323981,24.29816878,131157600,33.28202593,-0.549154396,-0.307896551,-0.241257844,0.001118461,-0.000931825,0.003259608,0.008335541,-0.311010998,-,v
12/23/2015,24.57192421,24.62622132,24.25292501,24.26876174,130629600,37.84389319,-0.551659315,-0.356649104,-0.195010211,-0.001210257,0.012869726,0.010490353,0.00704578,-0.004025691,-,^
12/24/2015,24.44069862,24.66015163,24.42259902,24.66015163,54281600,36.707819,-0.557803281,-0.39687994,-0.160923342,0.016127312,-0.005340468,0.001377812,0.006996022,-0.584461715,-,^
12/28/2015,24.16695213,24.36378152,24.0221587,24.34115614,106816800,34.38860827,-0.578097524,-0.433123457,-0.144974068,-0.012935666,-0.011200436,-0.012018179,-0.016396302,0.967827035,-,v
12/29/2015,24.6013279,24.75743399,24.17599748,24.19862112,123724800,40.78207651,-0.552758508,-0.457050467,-0.095708041,-0.005855721,0.017973957,0.016157281,0.006404036,0.158289707,^,^
12/30/2015,24.28006935,24.59227983,24.2483959,24.56513215,100855200,37.8448475,-0.552234223,-0.476087218,-0.076147005,0.015145947,-0.013058586,-0.006670891,0.002994641,-0.184842489,-,^
12/31/2015,23.81401062,24.21445445,23.71446452,24.20993042,163649200,34.01715449,-0.582708665,-0.497411507,-0.085297157,-0.01445959,-0.019195115,-0.015363577,-0.022019245,0.622615393,v,^
1/4/2016,23.8343811,23.83890687,23.07647753,23.21448405,270597600,34.32979417,-0.598319101,-0.517593026,-0.080726075,-0.041117275,0.000855399,-0.015509232,-0.026902863,0.65352229,^,v
1/5/2016,23.23710632,23.94749967,23.16923537,23.92487602,223164000,29.86203305,-0.651376901,-0.544349801,-0.1070271,0.030601238,-0.025059379,0.004555276,0.004019584,-0.17529202,-,v
1/6/2016,22.78235626,23.16017819,22.59457847,22.75068282,273829600,26.98272685,-0.721799661,-0.579839773,-0.141959888,-0.04907834,-0.019569995,-0.03287698,-0.024802584,0.227033034,-,v
1/7/2016,21.82084274,22.65340584,21.8163187,22.3253586,324377600,22.12512856,-0.845450484,-0.632961915,-0.212488569,-0.018695009,-0.042204305,-0.021881194,-0.034444536,0.184596552,v,v
1/8/2016,21.93622398,22.42264019,21.89097669,22.29594638,283192000,23.89568404,-0.923488945,-0.691067321,-0.232421624,-0.001317435,0.005287662,-0.010186797,0.003422116,-0.126968077,-,v
1/11/2016,22.29141998,22.41132687,22.02219391,22.3909661,198957600,29.23000229,-0.945771375,-0.742008132,-0.203763243,0.004261749,0.016192212,-0.000504549,0.005994124,-0.297446256,-,v
1/12/2016,22.61494446,22.78010038,22.3615551,22.74842692,196616800,33.78266124,-0.926642878,-0.778935081,-0.147707797,0.015964511,0.014513408,0.016454782,0.015409963,-0.011765321,-,v
1/13/2016,22.03350449,22.89321683,22.01314372,22.69638749,249758400,30.04216219,-0.947478807,-0.812643826,-0.13483498,-0.002287606,-0.025710431,0.004965582,-0.015580821,0.270280057,-,-
1/14/2016,22.51539993,22.73259181,21.66021317,22.16246615,252680400,36.33397836,-0.914563971,-0.833027855,-0.081536116,-0.023524507,0.02187103,-0.007016271,-0.016032719,0.011699306,-,-
1/15/2016,21.97468185,22.10590142,21.57423797,21.76427867,319335600,32.77233978,-0.921487819,-0.850719848,-0.070767971,-0.01796675,-0.024015477,-0.027567925,-0.003969268,0.263792522,-,-
1/19/2016,21.86835289,22.31856988,21.60591374,22.26427278,212350800,32.1058606,-0.924893282,-0.865554535,-0.059338748,0.022973153,-0.004838703,0.009620438,0.001468222,-0.335023092,-,-
1/20/2016,21.89776039,22.2144966,21.1353313,21.5154144,289337600,32.51463152,-0.914675389,-0.875378706,-0.039296683,-0.03363498,0.001344752,-0.00466308,-0.021780261,0.362545373,-,-
1/21/2016,21.78689957,22.14435724,21.47921321,21.95884062,208646000,31.73884282,-0.905089864,-0.881320937,-0.023768927,0.020609699,-0.005062656,-0.003157369,0.016270477,-0.278883906,-,^
1/22/2016,22.94525528,22.95430508,22.25522447,22.31404561,263202000,46.1866822,-0.794860979,-0.864028946,0.069167967,0.016175945,0.053167534,0.036575812,0.036128477,0.261476376,-,v
1/25/2016,22.49729919,22.97013982,22.44526325,22.96787694,207178000,42.44526066,-0.735175461,-0.838258249,0.103082788,0.029301335,-0.01952282,0.000689837,0.008539064,-0.212855525,-,v
1/26/2016,22.6217289,22.82308229,22.18734867,22.60815505,300308000,43.80694311,-0.670109218,-0.804628443,0.134519224,-0.015661956,0.005530873,-0.006402117,-0.011490825,0.449516841,^,v
1/27/2016,21.13533401,21.86156399,21.11723441,21.72808326,533478800,33.58497358,-0.730067632,-0.78971628,0.059648649,-0.038927183,-0.065706511,-0.042129204,-0.048230831,0.776438856,v,v
1/28/2016,21.28691292,21.38419615,20.90230575,21.21904198,222715200,35.24440077,-0.756631973,-0.783099419,0.026467446,-0.023427804,0.007171824,-0.021835942,-0.010177879,-0.582522867,-,v
1/29/2016,22.02219772,22.02219772,21.3457407,21.44528684,257666000,42.72076691,-0.710166707,-0.768512877,0.05834617,0.01066235,0.034541636,0.029835191,0.021214643,0.156930465,-,v
2/1/2016,21.8163166,21.87966351,21.58328975,21.82536641,163774000,41.28350662,-0.682092793,-0.75122886,0.069136067,0.017723222,-0.0093488,-0.006472297,0.011128639,-0.364394216,-,v
2/2/2016,21.37514877,21.7280825,21.32989975,21.58781313,149428800,38.30929067,-0.6875173,-0.738486548,0.050969248,-0.010884275,-0.020221921,-0.00692794,-0.011740101,-0.087591437,-,-
2/3/2016,21.79821777,21.90907486,21.28465387,21.4927942,183857200,42.58138361,-0.65018322,-0.720825882,0.070642662,-0.004401508,0.019792564,0.008329882,-0.002121242,0.23040003,-,-
2/4/2016,21.97336578,22.13941786,21.65263743,21.80504028,185886800,44.30105929,-0.599551457,-0.696570997,0.097019541,0.014527942,0.008034969,0.010513589,0.017288679,0.011039002,-,-
2/5/2016,21.38650513,22.04616158,21.31144213,21.95517418,185672400,39.98035141,-0.599865296,-0.677229857,0.077364561,0.006885285,-0.026707818,-0.004212228,-0.015757678,-0.00115339,-,-
2/8/2016,21.61168861,21.76864002,21.16357734,21.18404858,216085600,42.30555519,-0.575311755,-0.656846236,0.081534482,-0.035122727,0.010529233,-0.012588203,-0.006938282,0.163800328,-,-
2/9/2016,21.60713959,21.82323478,21.36602457,21.44791302,177324800,42.2699293,-0.549881275,-0.635453244,0.085571969,0.012455807,-0.000210489,0.002507955,0.009565832,-0.179377062,-,-
2/10/2016,21.443367,21.91649997,21.40469793,21.81868884,169374400,40.93347434,-0.536755137,-0.615713623,0.078958486,0.017287268,-0.007579559,0.004273665,0.00181004,-0.04483524,-,-
2/11/2016,21.31371307,21.54573099,21.0612239,21.33418606,200298800,39.85904257,-0.530697022,-0.598710303,0.068013281,-0.022205861,-0.006046342,-0.016917344,-0.016046666,0.18258013,-,-
2/12/2016,21.37967873,21.49568769,21.15676146,21.42517329,161405600,40.71172227,-0.514640588,-0.58189636,0.067255771,0.004264856,0.003094986,-0.002322655,0.004536182,-0.194175901,-,-
2/16/2016,21.98246002,22.03022799,21.52070125,21.61396203,196231600,47.97091558,-0.448110794,-0.555139247,0.107028453,0.008811539,0.028194123,0.024867327,0.017202056,0.215766987,-,-
2/17/2016,22.31911278,22.33958402,21.8710015,21.98928385,179452800,51.53964183,-0.364024145,-0.516916226,0.152892081,0.017364786,0.015314608,0.014042344,0.016277362,-0.085505087,-,-
2/18/2016,21.8960247,22.49426368,21.85735391,22.48288961,156084000,47.16151727,-0.327746484,-0.479082278,0.151335794,0.02244756,-0.018956312,0.006924017,-0.000624004,-0.130222543,-,-
2/19/2016,21.84598732,22.00976426,21.79139558,21.83688841,141496800,46.65672871,-0.299580399,-0.443181902,0.143601503,-0.028733015,-0.002285227,-0.021538799,-0.003017672,-0.093457369,-,-
2/22/2016,22.03705978,22.04161011,21.8186911,21.90740333,137123200,48.90569238,-0.258856684,-0.406316859,0.147460175,0.003229165,0.008746341,0.001446896,0.001252582,-0.030909533,-,-
2/23/2016,21.53890419,21.95061993,21.50705887,21.92787352,127770400,43.72930297,-0.263739613,-0.377801409,0.114061796,0.000934396,-0.022605357,-0.00412811,-0.014282811,-0.068207276,-,-
2/24/2016,21.85963631,21.92332696,21.22727665,21.3774061,145022800,47.57659272,-0.238974223,-0.350035972,0.11106175,-0.025103548,0.014890828,-0.00124338,-0.013008856,0.135026579,-,-
2/25/2016,22.00976372,22.00976372,21.66628718,21.84826194,110330800,49.32315625,-0.20487181,-0.32100314,0.11613133,0.022025864,0.006867791,0.003942684,0.020681435,-0.239217558,-,-
2/26/2016,22.04388618,22.29637363,21.96882146,22.10985026,115964400,49.73308323,-0.173096654,-0.291421842,0.118325189,0.011972958,0.001550333,0.013021944,0.013963365,0.051060991,-,-
2/29/2016,21.99383736,22.34413758,21.98473845,22.03250642,140865200,49.10565133,-0.150221476,-0.263181769,0.112960293,-0.003498162,-0.002270418,0.00214223,0.000724526,0.214727968,-,-
3/1/2016,22.86731339,22.92190511,22.15988914,22.21220744,201628400,58.86052618,-0.060908403,-0.222727096,0.161818693,0.008156177,0.039714581,0.025857679,0.007966922,0.43135707,-,-
3/2/2016,22.91736031,22.94920563,22.66487114,22.86276857,132678400,59.34138302,0.013752686,-0.17543114,0.189183826,0.02928845,0.002188579,0.001191023,0.02278811,-0.341965715,-,-
3/3/2016,23.08795738,23.13572536,22.84911575,22.87868764,147822800,61.01417781,0.0857,-0.123204912,0.208904911,0.000696288,0.007444011,0.008127503,0.008129083,0.114143674,-,-
3/4/2016,23.43143463,23.59976015,23.05838796,23.28585553,184220400,64.20716543,0.168492234,-0.064865483,0.233357716,0.01779682,0.014876901,0.020057067,0.009158876,0.246224534,-,-
3/7/2016,23.17212105,23.3904897,22.96512473,23.29040342,143315600,60.19860065,0.210751821,-0.009742022,0.220493843,0.000195307,-0.01106691,-0.008867482,-0.004044655,-0.222042727,-,-
3/8/2016,22.98104095,23.14709299,22.83773706,22.92417408,126247600,57.35697721,0.226216597,0.037449702,0.188766896,-0.015724474,-0.00824612,-0.010405798,-0.005547006,-0.119093804,-,-
3/9/2016,23.00151825,23.10615311,22.80816945,23.0447359,108806800,57.58802957,0.237388425,0.077437447,0.159950978,0.005259157,0.000891052,-0.001768684,-0.001294682,-0.138147577,-,-
3/10/2016,23.01289558,23.25628584,22.78087941,23.06748906,134054400,57.72508548,0.244343594,0.110818676,0.133524918,0.000987347,0.000494634,0.006497521,-0.001196503,0.232040645,-,-
3/11/2016,23.26082993,23.26537851,23.08795412,23.2562796,109632800,60.70515093,0.266786496,0.14201224,0.124774256,0.00818427,0.010773713,0.000390977,0.013479493,-0.182176788,-,-
3/14/2016,23.3199749,23.40868885,23.15164938,23.18122128,100304400,61.40410718,0.286047781,0.170819348,0.115228433,-0.003227443,0.002542685,0.006159811,0.002758809,-0.085087674,-,-
3/15/2016,23.78855896,23.92503916,23.62250687,23.64752844,160270800,66.48975545,0.335258654,0.203707209,0.131551444,0.020115729,0.020093678,0.022058062,0.020337967,0.597844162,-,-
3/16/2016,24.10473824,24.18207637,23.79083188,23.79538221,153214000,69.41796518,0.395215847,0.242008937,0.15320691,0.006252398,0.013291233,0.01074344,0.00712562,-0.044030478,-,-
3/17/2016,24.06606674,24.21846958,23.8749931,24.00237437,137682800,68.62807156,0.434602067,0.280527563,0.154074504,0.008698838,-0.001604311,0.001504966,0.003537548,-0.101369327,-,-
3/18/2016,24.09336281,24.22529441,23.92731247,24.18889876,176820800,68.89709583,0.46268495,0.31695904,0.14572591,0.007771081,0.001134214,0.000281803,0.002191388,0.284262086,-,-
3/21/2016,24.09108734,24.48688036,23.91593637,24.09563593,142010800,68.84409629,0.479232927,0.349413818,0.129819109,-0.003855605,-9.44E-05,0.010798051,-0.000475444,-0.19686598,-,-
3/22/2016,24.27533531,24.40499174,23.93185885,23.94095776,129777600,70.80263313,0.501434366,0.379817927,0.121616439,-0.006419344,0.007647972,-0.003344184,0.000665769,-0.086142744,-,-
3/23/2016,24.14113808,24.3549582,24.0888215,24.22075313,102814000,67.47555211,0.502409112,0.404336164,0.098072948,0.011686891,-0.005528131,-0.002050135,0.006558732,-0.20776775,-,-
3/24/2016,24.03650284,24.16843447,23.85907837,23.99101001,104532000,64.91418027,0.489100371,0.421289006,0.067811365,-0.009485383,-0.004334313,-0.007658552,-0.009537333,0.016709787,-,-
3/28/2016,23.92730713,24.15477463,23.89773524,24.11155525,77645600,62.25814025,0.464388733,0.429908951,0.034479782,0.005024601,-0.004542912,-0.000565194,0.001620216,-0.257207362,-,-
3/29/2016,24.49370384,24.51872541,23.85679406,23.85906922,124760400,69.27952535,0.484918227,0.440910806,0.044007421,-0.010471578,0.023671561,0.015067447,-0.001713183,0.606792916,-,-
3/30/2016,24.92134857,25.11697084,24.70297989,24.71435397,182404400,73.31596191,0.529590564,0.458646758,0.070943806,0.035847364,0.017459374,0.024399532,0.035469386,0.462037634,-,-
3/31/2016,24.79169273,24.99868908,24.76667116,24.95774484,103553600,70.30004449,0.548212123,0.476559831,0.071652292,0.009848158,-0.005202601,-0.004709237,0.002578283,-0.432285625,-,-
4/1/2016,25.01915741,25.02143257,24.61199025,24.74392186,103496000,72.44183859,0.574699562,0.496187777,0.078511785,-0.0085674,0.009175036,0.000909787,-0.006245527,-0.000556234,-,-
4/4/2016,25.27619743,25.51958767,25.08284861,25.11696909,149424800,74.66520381,0.609407163,0.518831654,0.090575509,0.015076318,0.010273728,0.019909136,0.019131259,0.443773672,-,-
4/5/2016,24.97821426,25.18748576,24.88950205,24.90997503,106314800,67.83276496,0.60588418,0.536242159,0.069642021,-0.008241204,-0.011789082,-0.013013608,-0.007708317,-0.288506326,-,-
4/6/2016,25.23980141,25.24435173,24.839458,25.07375105,105616400,70.39398448,0.617086696,0.552411067,0.064675629,0.006574716,0.010472612,0.002257707,-0.002010649,-0.00656917,-,-
4/7/2016,24.68932724,25.11696559,24.59379129,25.01005557,127207600,59.63356764,0.574918799,0.556912613,0.018006186,-0.002540325,-0.021809766,-0.005046124,-0.00989018,0.204430373,-,-
4/8/2016,24.71662712,24.96911453,24.60516676,24.77349401,94326800,59.96044981,0.537507261,0.553031543,-0.015524282,-0.009458658,0.001105736,-0.005886502,0.000462534,-0.258481411,-,-
4/11/2016,24.7985096,25.16018388,24.75529195,24.78713726,117630000,60.98106305,0.508602723,0.544145779,-0.035543056,0.00055072,0.00331285,0.007652228,0.006101368,0.247047499,-,^
4/12/2016,25.12151718,25.13516468,24.71662521,24.87130148,108929200,64.79348908,0.505927662,0.536502155,-0.030574494,0.00339548,0.013025282,-0.000994396,-0.001561958,-0.073967525,-,^
4/13/2016,25.48546791,25.55370714,25.2034086,25.2034086,133029200,68.52516572,0.527099365,0.534621597,-0.007522232,0.013353025,0.014487609,0.01665167,0.019694573,0.221244625,-,^
4/14/2016,25.49911308,25.56507888,25.32396383,25.38992963,101895600,68.65929109,0.538768556,0.535450989,0.003317567,0.007400627,0.00053541,0.000445013,0.004783291,-0.234035836,^,v
4/15/2016,24.98731232,25.54460891,24.96001732,25.50138951,187756000,58.57656469,0.50094386,0.528549563,-0.027605704,0.004389925,-0.020071316,-0.000800701,-0.014371625,0.842631085,-,^
4/18/2016,24.44821548,24.78259136,24.32538279,24.76894386,243286000,50.21210937,0.422595489,0.507358748,-0.084763259,-0.028721794,-0.021574823,-0.029830856,-0.025426045,0.295756194,-,^
4/19/2016,24.31855774,24.56649655,24.16387973,24.53919982,129539600,48.42123152,0.346052467,0.475097492,-0.129045025,-0.009275488,-0.005303362,-0.008719621,-0.006639281,-0.467541905,v,^
4/20/2016,24.36860275,24.58697143,24.1252125,24.25714412,122444000,49.17473315,0.286131439,0.437304281,-0.151172842,-0.011494087,0.002057894,0.000833448,-0.001600208,-0.054775528,^,^
4/21/2016,24.10473824,24.32310689,24.00237679,24.32310689,126210000,45.40811521,0.214874987,0.392818422,-0.177943436,0.002719313,-0.010828053,-0.010731885,-0.005091591,0.030756917,-,^
4/22/2016,24.03877258,24.22074733,23.79765752,23.88636973,134732400,44.49062877,0.151336347,0.344522007,-0.19318566,-0.017955649,-0.002736626,-0.004208326,-0.008529125,0.067525553,-,^
4/25/2016,23.90229225,24.03194869,23.77263581,23.88409443,112126400,42.57395979,0.088943411,0.293406288,-0.204462877,-9.53E-05,-0.005677508,-0.007794914,-0.001051436,-0.167784438,-,^
4/26/2016,23.73624039,23.95233562,23.63615584,23.63615584,224064800,40.29921079,0.025800153,0.239885061,-0.214084908,-0.010380908,-0.00694711,-0.003312802,-0.005741053,0.998323321,-,-
4/27/2016,22.25087929,22.4533253,21.76409879,21.83688835,458408400,26.60523597,-0.142455423,0.163416964,-0.305872387,-0.076123525,-0.062577775,-0.062583054,-0.07920311,1.045874229,-,v
4/28/2016,21.57074547,22.26452037,21.43881389,22.2031049,328970800,22.78696702,-0.326911857,0.0653512,-0.392263057,0.016770546,-0.030566604,-0.008408774,-0.014945939,-0.282363063,-,v
4/29/2016,21.32281113,21.54573013,21.04302697,21.37967802,274126000,21.57159653,-0.487481754,-0.045215391,-0.442266363,-0.037086114,-0.011494009,-0.032284111,-0.018461232,-0.166716316,-,v
5/2/2016,21.30006218,21.40014846,21.01800289,21.37512689,192640400,21.45850478,-0.609543763,-0.158081065,-0.451462698,-0.000212872,-0.001066883,-0.006756868,-0.001189186,-0.297256006,v,v
5/3/2016,21.65036201,21.77774329,21.30916068,21.42744305,227325200,27.74062373,-0.670285877,-0.260522028,-0.409763849,0.002447525,0.016445954,0.017644496,0.013852781,0.18004946,-,v
5/4/2016,21.42516899,21.81413829,21.34100537,21.65490997,164102000,26.28510948,-0.728201382,-0.354057899,-0.374143484,0.010615682,-0.010401351,0.001671202,0.001494413,-0.278117868,-,v
5/5/2016,21.33820343,21.5281514,21.21004661,21.51213179,143562000,25.72378729,-0.772215611,-0.437689441,-0.33452617,-0.006593339,-0.004059037,-0.013110162,-0.006136485,-0.125166055,-,^
5/6/2016,21.21920013,21.38626145,21.02009787,21.36795458,174799600,24.9389547,-0.807392656,-0.511630084,-0.295762572,-0.006702135,-0.005577006,-0.006590902,-0.008955602,0.217589613,-,^
5/9/2016,21.23521996,21.45949439,21.18944842,21.28327876,131745600,25.26949422,-0.824474028,-0.574198873,-0.250275155,-0.003962748,0.000754968,0.003424298,0.008056601,-0.246304911,-,v
5/10/2016,21.37940025,21.41372848,21.07960404,21.35880437,134747200,28.32855355,-0.816959592,-0.622751017,-0.194208575,0.003548589,0.006789678,-0.002132665,-0.005183919,0.022783304,^,v
5/11/2016,21.17114449,21.41372757,21.15970116,21.39313168,114876400,26.63272704,-0.818375128,-0.661875839,-0.156499289,0.001607174,-0.009740955,-4.25E-08,0.003799745,-0.147467257,-,v
5/12/2016,20.67452621,21.23292666,20.47542573,21.21919608,305258800,23.08395873,-0.849774227,-0.699455516,-0.15031871,-0.008130441,-0.023457318,-0.008443224,-0.032338615,1.657280347,v,v
5/13/2016,20.71572685,20.97890757,20.59672432,20.59672432,177571200,23.98886821,-0.861403962,-0.731845206,-0.129558757,-0.029335313,0.001992821,-0.011963452,0.005924106,-0.418292937,-,v
5/16/2016,21.48467255,21.60138781,20.97433244,21.1436828,245039200,38.52538744,-0.799358612,-0.745347887,-0.054010725,0.026555605,0.037118934,0.029671719,0.018333406,0.379949001,-,v
5/17/2016,21.39541817,21.67232946,21.28556995,21.63800299,187667600,37.62591301,-0.74875809,-0.746029928,-0.002728163,0.023379096,-0.004154328,0.003284125,0.014838971,-0.234132335,-,v
5/18/2016,21.64029503,21.78904952,21.48696425,21.54875541,168249600,41.65102475,-0.681046615,-0.733033265,0.05198665,-0.004124575,0.011445294,0.005385672,0.009461541,-0.103470178,-,-
5/19/2016,21.55790329,21.65859894,21.41372685,21.65859894,121768400,40.69936442,-0.626807659,-0.711788144,0.084980485,0.005097442,-0.00380733,-0.005986979,-0.003408457,-0.276263361,-,-
5/20/2016,21.79133415,21.83939297,21.63113636,21.65859929,128104000,44.56399089,-0.558548377,-0.681140191,0.122591813,1.61E-08,0.010828087,0.008347448,0.01015281,0.052029919,-,-
5/23/2016,22.06824493,22.24217331,21.89431656,21.9400881,152074400,48.82463627,-0.476613911,-0.640234935,0.163621024,0.012996631,0.012707381,0.018442836,0.01216673,0.187116718,-,-
5/24/2016,22.40466118,22.44814197,22.16207633,22.2490414,140560800,53.50041826,-0.38015212,-0.588218372,0.208066252,0.01408168,0.015244359,0.009260276,0.012229647,-0.07571031,-,-
5/25/2016,22.79828644,22.82574762,22.45271868,22.58087552,152675200,58.30115634,-0.268844119,-0.524343521,0.255499402,0.014914535,0.0175689,0.016821243,0.013114401,0.086186191,-,-
5/26/2016,22.9790802,23.05231293,22.5740103,22.81201711,225324800,60.32714756,-0.16415095,-0.452305007,0.288154057,0.010236166,0.007930147,0.009925866,0.005402091,0.475844145,-,-
5/27/2016,22.96534538,22.99280831,22.71360801,22.75709054,145364800,60.08829628,-0.081351377,-0.378114281,0.296762904,-0.002407791,-0.00059771,-0.002581286,0.006184001,-0.35486551,-,-
5/31/2016,22.85320282,22.97678334,22.61519609,22.7937007,169228800,58.06679103,-0.024498681,-0.307391161,0.28289248,0.001608736,-0.004883121,-0.000696956,-0.004332729,0.164166291,-,-
6/1/2016,22.53281784,22.77997897,22.50306764,22.66097469,116693200,52.62021063,-0.005234559,-0.24695984,0.241725282,-0.005822925,-0.014019259,-0.008565358,-0.004958102,-0.310441249,-,-
6/2/2016,22.36346436,22.39092554,22.11401425,22.33600143,160766400,49.95295902,-0.003591612,-0.198286195,0.194694582,-0.014340657,-0.007515859,-0.017078744,-0.017288905,0.377684389,-,-
6/3/2016,22.40923119,22.48932919,22.30167026,22.379481,114019600,50.68052309,0.001387442,-0.158351468,0.159738909,0.001946614,0.0020465,0.004394801,0.008485841,-0.290774689,-,-
6/6/2016,22.57172012,23.31777972,22.32456076,22.42525467,93170000,53.277548,0.018234679,-0.123034238,0.141268917,0.002045341,0.007250982,0.036837494,0.001026403,-0.182859789,-,-
6/7/2016,22.66326523,22.85550226,22.64724562,22.71361306,89638000,54.72405709,0.038529022,-0.090721586,0.129250608,0.012858645,0.004055743,-0.019825106,0.014454253,-0.037909198,-,-
6/8/2016,22.64266205,22.78454945,22.58315992,22.66096892,83392400,54.31647888,0.052346513,-0.062107966,0.114454479,-0.002317735,-0.0009091,-0.003104408,-0.002829735,-0.069675807,-,-
6/9/2016,22.80514908,22.88295808,22.53281408,22.54196839,106405600,57.03431663,0.07553757,-0.034578859,0.110116429,-0.005251343,0.007176145,0.004319095,-0.002229353,0.275962798,-,-
6/10/2016,22.61748695,22.73648945,22.53738895,22.54883052,126851600,53.10478977,0.077876176,-0.012087852,0.089964028,0.000304416,-0.008228937,-0.006400773,0.000203031,0.192151541,-,-
6/13/2016,22.27649689,22.68385572,22.22157279,22.58544909,152082000,46.79578905,0.051619452,0.000653609,0.050965843,0.001623968,-0.015076391,-0.002314946,-0.014012988,0.198896979,-,-
6/14/2016,22.30396271,22.53739322,22.14147765,22.2719235,127727600,47.33848399,0.032650695,0.007053026,0.025597669,-0.013881752,0.001232951,-0.006456685,-0.003604386,-0.160139925,-,-
6/15/2016,22.23072815,22.52137176,22.20555424,22.38634789,117780800,45.99140032,0.011574972,0.007957415,0.003617557,0.005137607,-0.003283477,-0.000710884,0.002893962,-0.077875103,-,-
6/16/2016,22.32455254,22.37032232,21.98585021,22.0728135,125307200,48.03174126,0.002415312,0.006848995,-0.004433683,-0.014005607,0.004220482,-0.006706938,-0.009894102,0.063901756,-,-
6/17/2016,21.81650925,22.11859448,21.80964395,22.11172918,244032800,39.36068274,-0.045316255,-0.003584055,-0.041732199,0.00176306,-0.022757154,-0.011252759,-0.00801453,0.947476282,-,-
6/20/2016,21.76387405,22.10028753,21.74785445,21.96984167,137647600,38.5835308,-0.086395176,-0.020146279,-0.066248896,-0.006416844,-0.002412631,-0.000827672,-0.002833128,-0.435946315,-,^
6/21/2016,21.94924736,22.04994129,21.66775798,21.72726012,142185600,42.86232629,-0.102807341,-0.036678492,-0.066128849,-0.01104157,0.008517477,-0.002278081,-0.00368296,0.032968246,-,^
6/22/2016,21.86685371,22.17351518,21.82108217,22.02704974,116876400,41.47908772,-0.121066994,-0.053556192,-0.067510802,0.013797857,-0.003753826,0.005604273,0.007076145,-0.178001148,-,v
6/23/2016,21.99271774,22.03620026,21.79819353,21.95610226,128960800,44.4293422,-0.123952873,-0.067635528,-0.056317345,-0.003220925,0.005755928,-0.006192745,-0.001048923,0.103394697,^,v
6/24/2016,21.37482262,21.66317724,21.20318325,21.26268539,301245600,35.07957941,-0.174092101,-0.088926843,-0.085165258,-0.031581966,-0.028095442,-0.016927738,-0.027296311,1.335947047,-,v
6/27/2016,21.06358528,21.29472681,20.94000472,21.28328348,181958400,31.48538682,-0.236219066,-0.118385287,-0.117833778,0.000968744,-0.014560932,-0.017008144,-0.012412218,-0.395979891,v,v
6/28/2016,21.41829872,21.43432007,21.08646339,21.26039173,161779600,39.13884629,-0.253905854,-0.145489401,-0.108416453,-0.001075574,0.016840126,0.006555297,0.006994204,-0.110897876,-,v
6/29/2016,21.60367203,21.63800024,21.42745466,21.5052654,146124000,42.73874027,-0.250081896,-0.1664079,-0.083673996,0.011517835,0.008654903,0.009502526,0.016171098,-0.096771163,-,v
6/30/2016,21.8782959,21.9172004,21.58078873,21.61282794,143345600,47.67641828,-0.222328664,-0.177592053,-0.044736612,0.005001684,0.012711907,0.012903233,0.007155963,-0.019013988,-,v
7/1/2016,21.94466972,22.07740461,21.81651286,21.85312836,104106000,48.82500276,-0.192756241,-0.18062489,-0.012131351,0.011118416,0.003033775,0.00730952,0.010922869,-0.273741224,-,-
7/5/2016,21.73869896,21.83252932,21.61740741,21.83024031,110820800,45.48800594,-0.183821028,-0.181264118,-0.00255691,-0.001047358,-0.009385913,-0.01109167,-0.009126365,0.064499645,-,-
7/6/2016,21.8622818,21.89203375,21.59681377,21.64944888,123796400,47.79355776,-0.164867218,-0.177984738,0.01311752,-0.008281697,0.005684923,0.002725494,-0.000952641,0.117086323,-,-
7/7/2016,21.95610428,22.08426109,21.88287157,21.90117843,100558400,49.53848189,-0.140654124,-0.170518615,0.029864491,0.011627527,0.004291523,0.008780698,0.01324537,-0.187711436,-,-
7/8/2016,22.12545967,22.17351849,21.98128323,22.08197714,115648400,52.61706723,-0.106571023,-0.157729097,0.051158074,0.008255204,0.007713363,0.004041675,0.0044972,0.150062053,-,-
7/11/2016,22.19411469,22.34744543,22.13690156,22.14147785,95179600,53.84635843,-0.073176501,-0.140818578,0.067642077,0.002694537,0.003102987,0.007843904,0.007079584,-0.17699164,-,-
7/12/2016,22.29480743,22.35888585,22.22615274,22.23759432,96670000,55.66316279,-0.038146311,-0.120284124,0.082137813,0.004341014,0.004536912,0.000511934,0.004031783,0.015658818,-,-
7/13/2016,22.16894341,22.35202437,22.16207636,22.29252397,103568800,52.86202727,-0.020306726,-0.100288645,0.079981919,0.002470126,-0.005645441,-0.000306879,-0.002882927,0.071364436,-,-
7/14/2016,22.60833931,22.65410911,22.27192585,22.28794545,155676000,60.36138065,0.028953098,-0.074440296,0.103393394,-0.000205384,0.019820336,0.013514872,0.004956642,0.503116769,-,-
7/15/2016,22.60604477,22.72504902,22.54196636,22.63808397,120548000,60.30742362,0.067033988,-0.046145439,0.113179427,0.015709771,-0.000101491,0.003131437,0.012124704,-0.225648141,-,^
7/18/2016,22.84634399,22.91499869,22.56485467,22.58773957,145975600,63.94259377,0.115274691,-0.013861413,0.129136104,-0.002223881,0.010629866,0.008358603,0.001015364,0.210933404,-,^
7/19/2016,22.85549736,22.88524755,22.73420408,22.78455191,95119600,64.07755049,0.152486625,0.019408194,0.133078431,0.008713237,0.000400649,-0.001298326,0.007505008,-0.348386991,-,^
7/20/2016,22.87609482,22.99052106,22.82574699,22.88524913,105104000,64.40044607,0.181546637,0.051835883,0.129710754,0.004419539,0.000901204,0.00460006,0.00402666,0.1049668,^,^
7/21/2016,22.7548008,23.1140991,22.68614436,22.84634213,130808000,60.92733414,0.192569669,0.07998264,0.112587029,-0.001700091,-0.005302217,0.005375173,-0.006116016,0.244557771,-,v
7/22/2016,22.57858658,22.72505203,22.49848681,22.71589772,113254800,56.18656687,0.184954447,0.100977001,0.083977445,-0.005709641,-0.007744046,-0.016831591,-0.008271901,-0.134190569,-,v
7/25/2016,22.27649689,22.61977557,22.18037928,22.48475346,161531600,49.12901388,0.152782038,0.111338009,0.04144403,-0.01017544,-0.013379478,-0.004632617,-0.014139064,0.426267143,-,v
7/26/2016,22.12317276,22.42068174,22.06595963,22.15750099,224959200,45.97269486,0.113603645,0.111791136,0.001812509,-0.014554417,-0.006882776,-0.00880176,-0.005158597,0.392663726,v,v
7/27/2016,23.56036377,23.88075761,23.51459397,23.86244899,369379200,67.22702394,0.196261411,0.128685191,0.06757622,0.076946764,0.064963151,0.065121832,0.065650185,0.64198308,-,v
7/28/2016,23.87846947,23.90364338,23.53061443,23.53290344,159479200,70.03675398,0.284161124,0.159780378,0.124380746,-0.013810215,0.013501731,0.000958335,0.000681299,-0.56825073,-,v
7/29/2016,23.84872055,23.92653131,23.727429,23.84414427,110934800,69.43720409,0.347416984,0.197307699,0.150109285,0.013225772,-0.001245847,0.000957508,0.008364192,-0.3043933,-,v
8/1/2016,24.26980782,24.29269272,23.89448986,23.89448986,152671600,72.9650566,0.426608258,0.243167811,0.183440447,0.002111445,0.017656598,0.015303572,0.007040833,0.376228199,-,-
8/2/2016,23.9105072,24.2743818,23.80065725,24.26980552,135266400,65.96791545,0.455128913,0.285560031,0.169568882,0.015707205,-0.014804428,-0.000753762,-0.003926956,-0.114004176,-,-
8/3/2016,24.21030617,24.22174774,23.97687564,23.98602995,120810400,68.66784729,0.496203089,0.327688643,0.168514446,-0.011692536,0.012538377,-0.002168296,0.00740393,-0.10687059,-,-
8/4/2016,24.35986328,24.38977464,24.22410796,24.29313633,109634800,69.94867157,0.534659457,0.369082805,0.165576651,0.012803552,0.006177415,0.006937026,0.010311282,-0.092505281,-,-
8/5/2016,24.73031425,24.76942951,24.43119365,24.4519011,162213600,72.90343003,0.588247749,0.412915794,0.175331955,0.006535376,0.015207432,0.015566149,0.008548743,0.479581301,-,-
8/8/2016,24.9350872,24.9350872,24.65667591,24.73950747,112148800,74.40171919,0.639864364,0.458305508,0.181558856,0.011762127,0.00828024,0.00668799,0.009229277,-0.308635034,-,-
8/9/2016,25.03633499,25.0662481,24.85226226,24.90288283,105260800,75.13384808,0.681089577,0.502862322,0.178227255,0.006603824,0.004060455,0.005260094,0.007932389,-0.061418401,-,-
8/10/2016,24.84996414,25.05704753,24.79474249,25.01332944,96034000,71.10260153,0.690759638,0.540441785,0.150317853,0.004435093,-0.007444015,-0.00036705,-0.002314468,-0.087656564,-,-
8/11/2016,24.83385468,25.06394691,24.81544688,24.96960825,109938000,70.74924478,0.689178907,0.57018921,0.118989697,-0.001747916,-0.000648269,0.000275347,0.000835031,0.144782056,-,-
8/12/2016,24.89138412,24.95120861,24.79934686,24.79934686,74641600,71.29782042,0.684675795,0.593086527,0.091589268,-0.006818745,0.002316573,-0.004498026,-0.00064879,-0.321057323,-,-
8/15/2016,25.19049835,25.20430332,24.86836888,24.88217385,103472800,74.02541371,0.697206107,0.613910443,0.083295664,0.003339886,0.012016778,0.010143585,0.002783219,0.386261816,-,-
8/16/2016,25.16748619,25.36306598,25.12837094,25.22500925,135177600,73.44712521,0.697242206,0.630576795,0.066665411,0.013778354,-0.000913525,0.00629903,0.010455131,0.306407094,-,-
8/17/2016,25.13067436,25.16518855,24.92819207,25.10306266,101424000,72.47180447,0.686388153,0.641739067,0.044649086,-0.004834352,-0.001462674,-0.007801795,-0.007966249,-0.249698175,-,-
8/18/2016,25.09845924,25.21810642,25.08465252,25.13297343,87938800,71.57603285,0.66749231,0.646889716,0.020602595,0.001191519,-0.001281904,0.002102821,0.006276446,-0.132958669,-,-
8/19/2016,25.16288948,25.23882035,24.93279722,25.02713414,101472400,72.31311683,0.65022086,0.647555944,0.002664915,-0.004211173,0.002567099,0.000821391,-0.006053713,0.153897938,-,-
8/22/2016,24.96730995,25.10306353,24.81544823,25.04784189,103280800,66.66206373,0.613677386,0.640780233,-0.027102847,0.000827412,-0.007772539,-0.005378889,-0.004706612,0.017821595,-,-
8/23/2016,25.04553986,25.15368349,24.97191041,24.98571538,85030800,67.747755,0.584293547,0.629482896,-0.045189348,-0.002480314,0.003133293,0.002016485,0.006305031,-0.176702737,-,-
8/24/2016,24.85686302,25.02252971,24.77633109,24.98111304,94700400,62.46416582,0.539562262,0.611498769,-0.071936507,-0.000184199,-0.007533351,-0.005214098,-0.007831973,0.113718794,-,-
8/25/2016,24.75102425,24.82235228,24.54624228,24.70960757,100344800,59.65367453,0.489924546,0.587183924,-0.097259378,-0.010868429,-0.00425793,-0.007999887,-0.009286638,0.059602705,-,-
8/26/2016,24.60606575,24.83845766,24.46110651,24.71420939,111065200,55.94117478,0.433887771,0.556524694,-0.122636923,0.000186236,-0.005856667,0.000648825,-0.003468383,0.106835631,-,-
8/29/2016,24.57845116,24.72110897,24.45650256,24.53243341,99881200,55.23594494,0.382836851,0.521787125,-0.138950274,-0.00735512,-0.001122268,-0.004724476,-0.000188215,-0.100697608,-,-
8/30/2016,24.38977814,24.50482426,24.27473201,24.34376039,99455600,50.5472452,0.32342604,0.482114908,-0.158688868,-0.007690759,-0.007676359,-0.008748989,-0.007432401,-0.004261062,-,-
8/31/2016,24.41278458,24.5209282,24.30694236,24.31154519,118649600,51.0924142,0.275028612,0.440697649,-0.165669037,-0.001323345,0.000943282,0.000657174,0.001326909,0.192990641,-,-
9/1/2016,24.55774117,24.57384755,24.30233868,24.42198585,106806000,54.49619519,0.245539659,0.401666051,-0.156126392,0.004542725,0.005937733,0.00215813,-0.000189398,-0.099819974,-,^
9/2/2016,24.78783798,24.84996212,24.5784532,24.78093374,107210000,59.33425716,0.237992908,0.368931422,-0.130938515,0.014697735,0.009369625,0.011236115,0.011361644,0.003782559,-,^
9/6/2016,24.78093338,24.91899013,24.73721705,24.82695288,107521600,59.13109056,0.228817246,0.340908587,-0.112091341,0.001857038,-0.000278548,0.002777791,0.006459473,0.002906445,-,v
9/7/2016,24.93279648,25.02483373,24.63597726,24.81084787,169457200,62.19707868,0.231135169,0.318953904,-0.087818735,-0.000648691,0.006128223,0.004247508,-0.00409261,0.576029375,^,v
9/8/2016,24.27933311,24.68199455,24.21490757,24.67739347,212008000,46.1525547,0.178189055,0.290800934,-0.112611879,-0.005378873,-0.026208988,-0.013699958,-0.017091658,0.251100573,-,v
9/9/2016,23.72941399,24.32535385,23.72941399,24.07685379,186228000,37.40725078,0.090808219,0.250802391,-0.159994172,-0.024335621,-0.02264968,-0.014449428,-0.020049367,-0.121599185,v,v
9/12/2016,24.26092529,24.32535084,23.59135606,23.61896776,181171200,47.71878322,0.063712361,0.213384385,-0.149672024,-0.019017685,0.022398838,-1.24E-07,-0.005818008,-0.027153811,-,v
9/13/2016,24.8384552,25.03173358,24.67508993,24.73721581,248704800,56.16833722,0.087828108,0.18827313,-0.100445021,0.04734534,0.023804941,0.029038954,0.045937752,0.372761234,-,v
9/14/2016,25.71741104,26.00732778,24.988019,25.01793212,443554800,65.34744755,0.175837457,0.185785995,-0.009948538,0.011347934,0.035386896,0.038974296,0.012681983,0.783458944,-,v
9/15/2016,26.59175682,26.62857242,26.1131646,26.19829935,359934400,71.69703397,0.312535186,0.211135833,0.101399353,0.047180847,0.033998204,0.023887292,0.045027403,-0.188523267,-,-
9/16/2016,26.44219398,26.72060532,26.23971349,26.48821348,319547600,69.35593906,0.404141954,0.249737057,0.154404896,0.011066143,-0.005624406,0.003456171,0.004846172,-0.112206002,-,-
9/19/2016,26.13387489,26.73211432,26.05794404,26.50432351,188092000,64.66813371,0.446712776,0.289132201,0.157580575,0.000608196,-0.011660118,0.000430716,-0.006927265,-0.411380339,-,-
9/20/2016,26.13157272,26.25812414,25.88767554,26.01192554,138057200,64.63300503,0.474791592,0.326264079,0.148527513,-0.018578024,-8.81E-05,-0.017731114,-0.006534226,-0.266012377,-,-
9/21/2016,26.12697411,26.2282135,25.87157158,26.19600072,144012800,64.55756648,0.491013092,0.359213882,0.13179921,0.007076569,-0.000175979,-0.001139101,-0.00062207,0.043138641,-,-
9/22/2016,26.37316895,26.44679838,26.23051115,26.31104307,124296000,66.79224392,0.517766128,0.390924331,0.126841797,0.0043916,0.009423014,0.00833396,0.013873899,-0.136910052,-,-
9/23/2016,25.93369293,26.41228515,25.66678688,26.3271504,209924800,59.57166582,0.4977681,0.412293085,0.085475015,0.000612189,-0.016663755,-0.001305006,-0.021491166,0.688910343,-,-
9/26/2016,25.97281265,26.09016019,25.66679129,25.68749875,119477600,59.98633288,0.47954822,0.425744112,0.053804108,-0.024296274,0.001508452,-0.012196028,1.72E-07,-0.43085524,-,-
9/27/2016,26.02112198,26.04183119,25.84855286,26.00041453,98429600,60.52479849,0.463662184,0.433327726,0.030334457,0.012181637,0.001859996,-0.001852384,0.007081585,-0.176166913,-,-
9/28/2016,26.21901131,26.37777552,26.09936411,26.15918859,118564400,62.73689818,0.461718002,0.439005781,0.022712221,0.006106597,0.00760495,0.012900181,0.009703106,0.204560417,-,-
9/29/2016,25.8117485,26.18449858,25.72431408,26.03723968,143548000,55.80587549,0.422444839,0.435693593,-0.013248754,-0.0046618,-0.015533111,-0.007327265,-0.014370083,0.210717551,-,-
9/30/2016,26.01192856,26.08555801,25.72431326,25.87617322,145516400,58.24754582,0.40282986,0.429120846,-0.026290987,-0.006186004,0.007755385,-0.003778593,-3.21E-08,0.013712486,-,-
10/3/2016,25.88997269,26.01192302,25.83475105,25.93369077,86807200,56.21002133,0.373142671,0.417925211,-0.04478254,0.002222799,-0.004688459,-0.002822826,0.004293129,-0.403454181,-,-
10/4/2016,26.00042152,26.30184178,25.91528677,26.0142265,118947200,57.65470732,0.354441873,0.405228544,-0.05078667,0.003105448,0.004266086,0.01114561,0.003117341,0.370245786,-,-
10/5/2016,26.01192856,26.15228497,25.92909521,26.09246049,85812400,57.81087322,0.336668967,0.391516629,-0.054847661,0.003007354,0.000442571,-0.005686173,0.00053283,-0.278567297,-,-
10/6/2016,26.2052021,26.3087429,26.03033153,26.16148402,115117200,60.44920822,0.334325475,0.380078398,-0.045752923,0.002645344,0.007430189,0.005982572,0.003904352,0.341498431,-,-
10/7/2016,26.24431992,26.35936603,26.11777024,26.30184297,97433600,60.98106131,0.331799938,0.370422706,-0.038622768,0.005365099,0.00149275,0.001924194,0.003359109,-0.153613882,-,-
10/10/2016,26.70220566,26.86326953,26.39618255,26.46520917,144944000,66.6366008,0.362566543,0.368851473,-0.00628493,0.006211207,0.017447042,0.019116677,0.010659881,0.487618234,-,-
10/11/2016,26.75972557,27.30964583,26.73671494,27.08185327,256164000,67.27822571,0.387128104,0.3725068,0.014621304,0.023300179,0.002154126,0.016616604,0.01290082,0.767330831,-,-
10/12/2016,26.99902153,27.14628217,26.86326796,27.00132294,150347200,69.8739301,0.421048912,0.382215222,0.03883369,-0.00297359,0.008942392,-0.005981903,0.004733304,-0.413082244,-,-
10/13/2016,26.91619301,27.02203524,26.62627627,26.87247492,140769600,67.8671166,0.436219362,0.39301605,0.043203312,-0.004771915,-0.003067834,-0.004576941,-0.008822146,-0.063703215,-,-
10/14/2016,27.06575012,27.19000014,26.950704,27.12327318,142608800,69.56673802,0.455064363,0.405425713,0.049638651,0.009332905,0.005556399,0.00621585,0.012184495,0.013065321,-,-
10/17/2016,27.04734421,27.11406941,26.8701722,26.99672363,94499600,69.08244833,0.463174769,0.416975524,0.046199245,-0.004665718,-0.000680044,-0.002792598,-0.002988115,-0.337350851,-,-
10/18/2016,27.02893448,27.19920224,27.02433165,27.19229975,98214000,68.56828447,0.462782148,0.426136849,0.036645299,0.007244439,-0.000680648,0.003139802,0.005737196,0.039305986,-,-
10/19/2016,26.9484024,27.09566129,26.18449628,26.97831376,80138400,66.24556475,0.450776457,0.43106477,0.019711687,-0.00786936,-0.002979476,-0.003806764,-0.031077008,-0.184043008,-,-
10/20/2016,26.93459129,27.00822072,26.76662498,26.88857356,96503200,65.83368908,0.435131494,0.431878115,0.003253379,-0.003326383,-0.000512502,-0.003227106,0.022231808,0.204206722,-,^
10/21/2016,26.82875252,26.9000823,26.75512308,26.87707167,92770800,62.62056723,0.409472302,0.427396953,-0.01792465,-0.000427761,-0.003929474,-0.004003908,-0.00042971,-0.038676438,-,^
10/24/2016,27.07034874,27.0910562,26.92078845,26.94379732,94154800,66.62491179,0.403975229,0.422712608,-0.018737379,0.002482623,0.009005123,0.00709938,0.006191912,0.014918487,-,^
10/25/2016,27.20840263,27.23371292,26.9921154,27.13937427,192516000,68.68904737,0.406077545,0.419385595,-0.013308051,0.0072587,0.00509982,0.005265823,0.002649512,1.044675364,^,^
10/26/2016,26.59635735,26.62166763,26.07174739,26.3018396,264536800,53.03023193,0.354272868,0.40636305,-0.052090181,-0.0308605,-0.022494716,-0.02247381,-0.034097661,0.374102932,-,^
10/27/2016,26.34096527,26.65849199,26.25352908,26.55034834,138248000,48.10249458,0.289274704,0.382945381,-0.093670676,0.00944834,-0.009602521,0.001383248,0.006972363,-0.477395962,-,v
10/28/2016,26.1660881,26.50892503,26.10396222,26.20060229,151446800,45.0177568,0.221103324,0.350576969,-0.129473645,-0.013172936,-0.006638981,-0.005610481,-0.005697019,0.095471906,-,v
10/31/2016,26.12467194,26.28343614,26.04643967,26.14998222,105677600,44.2933038,0.161869148,0.312835405,-0.150966257,-0.001932019,-0.001582818,-0.00850615,-0.002203595,-0.302213054,-,v
11/1/2016,25.6529789,26.17758883,25.4320906,26.10626081,175303200,36.99188773,0.075988009,0.265465926,-0.189477917,-0.001671948,-0.018055463,-0.004027149,-0.023586681,0.658849179,v,v
11/2/2016,25.67598915,25.85085972,25.59315757,25.63227282,113326800,37.53285045,0.009671831,0.214307107,-0.204635276,-0.018156104,0.000896982,-0.012481253,0.006333218,-0.353538327,-,v
11/3/2016,25.40077591,25.77775118,25.33601959,25.66674086,107730400,33.79551147,-0.064349841,0.158575717,-0.222925558,0.001344712,-0.010718701,-0.002828089,-0.010047138,-0.049382847,-,v
11/4/2016,25.17181015,25.49790667,25.00298146,25.10011592,123348000,31.02740789,-0.139875772,0.09888542,-0.238761191,-0.022076233,-0.009014125,-0.010856048,-0.013144848,0.144969294,-,v
11/7/2016,25.53491592,25.55804293,25.31520497,25.45859522,130240000,39.49161313,-0.168488781,0.045410579,-0.21389936,0.014281978,0.014425096,0.002358478,0.012487451,0.055874437,-,-
11/8/2016,25.68523788,25.83787926,25.37070574,25.51178274,97016800,42.63042461,-0.176994785,0.000929507,-0.177924292,0.002089177,0.005886918,0.010949052,0.002192389,-0.255092138,-,-
11/9/2016,25.64361763,25.74537858,24.98911464,25.41234402,236705600,41.98108735,-0.184962133,-0.036248821,-0.148713312,-0.003897757,-0.001620396,-0.003580041,-0.015040618,1.439841347,-,-
11/10/2016,24.92898369,25.69218557,24.47568761,25.69218557,228538000,32.75542599,-0.246104363,-0.07821993,-0.167884433,0.011012033,-0.027867907,-0.002066119,-0.020546028,-0.03450531,-,-
11/11/2016,25.07698822,25.17874914,24.64219463,24.77402047,136575600,35.89735131,-0.279396581,-0.11845526,-0.160941321,-0.035737135,0.005937046,-0.019984148,0.006802956,-0.40239435,-,-
11/14/2016,24.4479332,24.93360743,24.07095785,24.91048042,204702000,29.5728043,-0.352477249,-0.165259658,-0.187217592,0.005508187,-0.025084951,-0.009736056,-0.023181246,0.498818237,-,-
11/15/2016,24.77171516,24.90354104,24.55200595,24.64682721,129058000,35.83877518,-0.379888587,-0.208185444,-0.171703144,-0.010584027,0.013243736,-0.001205858,0.019984585,-0.369532296,-,-
11/16/2016,25.43777847,25.4932854,24.65376124,24.67688825,235362000,46.40296666,-0.343902237,-0.235328802,-0.108573434,0.001219672,0.026888058,0.023681144,0.00414448,0.823691674,-,-
11/17/2016,25.42852783,25.52103761,25.16950257,25.39614967,110528000,46.28897262,-0.312526632,-0.250768368,-0.061758263,0.029147169,-0.000363658,0.001088609,0.020919377,-0.530391482,-,-
11/18/2016,25.45396233,25.56497439,25.36145433,25.37533018,113715600,46.67684442,-0.282354085,-0.257085512,-0.025268574,-0.000819789,0.001000235,0.001721591,0.007626363,0.028839751,-,-
11/21/2016,25.84019852,25.90032838,25.44240767,25.4678479,117058400,52.30901261,-0.224686051,-0.25060562,0.025919568,0.003645971,0.015173912,0.013117713,0.003191983,0.029396143,-,-
11/22/2016,25.85638428,25.99977275,25.7638745,25.8910739,103862000,52.53526629,-0.175652847,-0.235615065,0.059962218,0.016618051,0.000626379,0.003839502,0.012635079,-0.112733473,-,-
11/23/2016,25.72456169,25.78931801,25.51641511,25.75462662,109705600,50.43658538,-0.145750538,-0.21764216,0.071891622,-0.005270051,-0.005098261,-0.008094484,-0.009604898,0.056263118,-,-
11/25/2016,25.85406685,25.87256915,25.65979618,25.70142548,45903600,52.44642128,-0.110330933,-0.196179914,0.085848981,-0.002065693,0.0050343,0.003228125,0.00561917,-0.581574687,-,-
11/28/2016,25.80318832,26.01133486,25.76155902,25.77081017,108776000,51.5617956,-0.085381883,-0.174020308,0.088638425,0.002699644,-0.001967912,0.00536343,0.003965848,1.369661639,-,-
11/29/2016,25.77775764,25.90958354,25.45628745,25.62049151,114115200,51.09786335,-0.066890552,-0.152594357,0.085703805,-0.005832904,-0.000985563,-0.003911807,-0.011849887,0.049084357,-,-
11/30/2016,25.56035233,25.94889197,25.50253394,25.81012819,144649200,47.18888612,-0.068983631,-0.135872212,0.066888581,0.007401758,-0.008433834,0.001517139,0.001816702,0.267571717,-,-
12/1/2016,25.32214355,25.6574913,25.21575792,25.52566543,148347600,43.2819238,-0.088839779,-0.126465725,0.037625946,-0.011021362,-0.009319464,-0.011229792,-0.011245001,0.025568064,-,-
12/2/2016,25.4169693,25.46091008,25.17413131,25.24813879,106112000,45.22605995,-0.095819723,-0.120336525,0.024516801,-0.010872455,0.003744776,-0.007661747,-0.001650817,-0.284706999,-,-
12/5/2016,25.23425865,25.44702991,25.03536325,25.44009198,137298000,42.222919,-0.114771587,-0.119223537,0.00445195,0.007602667,-0.00718853,-0.000545156,-0.005512328,0.293897014,-,-
12/6/2016,25.42852783,25.52335084,25.25276119,25.32445543,104782000,46.30555844,-0.112814718,-0.117941773,0.005127055,-0.004545445,0.007698628,0.002999208,0.008683635,-0.236827922,-,-
12/7/2016,25.67830276,25.71530738,25.24582234,25.26894935,119994800,51.09081755,-0.090070855,-0.11236759,0.022296735,-0.002191798,0.009822627,0.00752082,-0.000274776,0.145185242,-,-
12/8/2016,25.93039322,26.00208746,25.57885641,25.63898803,108273200,55.41003886,-0.051115361,-0.100117144,0.049001783,0.014644007,0.009817255,0.011152116,0.01319165,-0.097684233,-,-
12/9/2016,26.35362816,26.52708337,25.97433956,25.97433956,137610400,61.54945838,0.013750168,-0.077343681,0.09109385,0.013079749,0.016321964,0.020190529,0.015461331,0.270955324,-,-
12/12/2016,26.20329666,26.59646103,26.01596387,26.20098343,105497600,58.46998569,0.052421786,-0.051390588,0.103812374,0.008725684,-0.005704395,0.002615352,0.001602516,-0.233360269,-,-
12/13/2016,26.64039993,26.80922863,26.30736547,26.32817924,174935200,64.0950244,0.1169913,-0.01771421,0.13470551,0.00485462,0.016681232,0.007999846,0.011200877,0.658191276,-,-
12/14/2016,26.64039993,26.87398494,26.5918327,26.60570855,136127200,64.0950244,0.166246716,0.019077975,0.147168741,0.010541151,0,0.002415448,0.010813216,-0.221842145,-,-
12/15/2016,26.78610229,26.99656207,26.64965175,26.68434137,186098000,65.88153196,0.214565573,0.058175495,0.156390079,0.002955487,0.005469226,0.004561182,0.002174316,0.367089017,-,-
12/16/2016,26.82079887,26.9433736,26.74679139,26.93643567,177404400,66.31140271,0.252744854,0.097089367,0.155655487,0.009447275,0.00129532,-0.001970194,0.003645063,-0.046715172,-,-
12/19/2016,26.97575569,27.14689768,26.7699223,26.78148669,111117600,68.236219,0.29213834,0.136099161,0.156039179,-0.005752394,0.005777487,0.007553771,0.000864811,-0.373648004,-,-
12/20/2016,27.0474472,27.17464839,26.98500411,26.99887996,85700000,69.1154232,0.325391952,0.173957719,0.151434233,0.008117296,0.002657628,0.001022242,0.008034458,-0.228745041,-,-
12/21/2016,27.0728817,27.15151562,27.00812539,27.01275184,95132800,69.43862258,0.349766144,0.209119404,0.140646739,0.000513795,0.000940366,-0.000851263,0.000856819,0.110067678,-,-
12/22/2016,26.89480019,26.94568065,26.74447203,26.90867603,104343600,64.36022348,0.350670861,0.237429696,0.113241165,-0.00385284,-0.006577856,-0.007580976,-0.009762001,0.096820445,-,-
12/23/2016,26.94799805,26.94799805,26.73291354,26.73291354,56998000,65.17948201,0.35162714,0.260269184,0.091357955,-0.006531815,0.001977998,8.60E-05,-0.000432183,-0.453747043,-,-
12/27/2016,27.11914253,27.24403049,26.94106087,26.9479988,73187600,67.74807377,0.362021766,0.280619701,0.081402065,0.00804571,0.006350917,0.010985322,0.007786182,0.284038036,-,-
12/28/2016,27.00350571,27.29490917,26.87399129,27.17927237,83623600,64.29689247,0.35681551,0.295858863,0.060956647,0.008582217,-0.00426403,0.001867517,-0.002489493,0.142592461,-,-
12/29/2016,26.99656296,27.08444627,26.92024226,26.93180488,60158000,64.08580974,0.348116423,0.306310375,0.041806048,-0.009105008,-0.000257105,-0.007710701,0.001721031,-0.28060978,-,-
12/30/2016,26.78610229,27.10525916,26.69590575,26.97805976,122345200,57.88236235,0.320544875,0.309157275,0.0113876,0.001717482,-0.007795832,0.000768444,-0.008333376,1.033731175,-,-
1/3/2017,26.86242485,26.90405416,26.54095474,26.78147946,115127600,59.41657846,0.301378711,0.307601562,-0.006222851,-0.007286673,0.002849334,-0.007423098,-0.005804299,-0.058993732,-,-
1/4/2017,26.83235359,26.94567889,26.76991052,26.79303752,84472400,58.51219562,0.280529124,0.302187074,-0.02165795,0.000431569,-0.001119454,0.001547154,0.008626509,-0.266271511,-,-
1/5/2017,26.96881294,27.02663134,26.78379337,26.8092336,88774400,61.38457545,0.27188271,0.296126202,-0.024243491,0.000604489,0.005085627,0.003004283,0.000518599,0.050927877,-,-
1/6/2017,27.2694664,27.32728479,26.93643191,27.00812615,127007600,66.83304583,0.285993828,0.294099727,-0.008105899,0.007418807,0.01114819,0.011124341,0.005698914,0.430678214,-,-
1/9/2017,27.51923752,27.62099844,27.27640136,27.27871283,134247600,70.55055154,0.313715119,0.298022805,0.015692314,0.010018714,0.009159369,0.010748,0.012621176,0.057004463,-,-
1/10/2017,27.54699516,27.60943825,27.35966414,27.46836123,97848400,70.94036894,0.334073264,0.305232897,0.028840367,0.006952249,0.001008663,-0.000418529,0.003052557,-0.271134828,-,-
1/11/2017,27.69501114,27.73664045,27.42904617,27.46142433,110354400,72.99326433,0.358023816,0.315791081,0.042232736,-0.000252542,0.005373217,0.0046072,0.002535924,0.127809959,-,-
1/12/2017,27.57937813,27.59094251,27.33885336,27.49843272,108344800,68.89836203,0.363484165,0.325329698,0.038154468,0.00134765,-0.004175229,-0.005252905,-0.003288223,-0.01821042,-,-
1/13/2017,27.53080559,27.66494468,27.47761189,27.54699467,104447600,67.19314602,0.359745214,0.332212801,0.027532413,0.00176599,-0.001761191,0.002682118,0.005075507,-0.035970347,-,-
1/17/2017,27.75283051,27.80833567,27.3411638,27.3689155,137759200,70.75603539,0.370427565,0.339855754,0.030571811,-0.006464559,0.008064599,0.00518313,-0.004965791,0.318931215,-,-
1/18/2017,27.75051498,27.868465,27.68575867,27.75282821,94852000,70.66983612,0.374390818,0.346762767,0.027628051,0.014027326,-8.34E-05,0.002162277,0.012603519,-0.311465223,-,-
1/19/2017,27.70195198,27.77364623,27.60713072,27.61406865,102389200,68.77737431,0.369355397,0.351281293,0.018074104,-0.004999835,-0.001749986,-0.003402368,-0.002840014,0.079462742,-,-
1/20/2017,27.75283051,27.85690291,27.69038741,27.85690291,130391600,69.69306482,0.365259774,0.354076989,0.011182785,0.008793861,0.00183664,0.002997686,0.003015768,0.273489782,-,-
1/23/2017,27.7713356,27.94016435,27.69963958,27.75283329,88200800,70.03725809,0.359364637,0.355134519,0.004230119,-0.003735865,0.000666782,0.002988898,0.000334129,-0.323569923,-,-
1/24/2017,27.74588776,27.77595268,27.63718891,27.64875329,92844000,68.87877391,0.34862059,0.353831733,-0.005211143,-0.003750248,-0.000916335,-0.005877262,-0.002254566,0.052643513,-,-
1/25/2017,28.18762779,28.23850827,27.81759036,27.84996852,129510400,76.22910542,0.371468526,0.357359092,0.014109435,0.007277552,0.015920919,0.016653095,0.006527489,0.39492482,-,-
1/26/2017,28.20149803,28.31713481,28.1228641,28.13905318,105350400,76.41744558,0.386242529,0.363135779,0.02310675,0.010380071,0.000492068,0.002784373,0.010974126,-0.186548725,-,-
1/27/2017,28.20381165,28.29632143,28.12286625,28.24775419,82251600,76.45096236,0.39360054,0.369228731,0.024371809,0.003862994,8.20E-05,-0.00073501,7.62E-08,-0.21925688,-,-
1/30/2017,28.12980461,28.12980461,27.90547072,27.96791381,121510000,72.88265434,0.388976192,0.373178224,0.015797969,-0.009906642,-0.002624008,-0.005884751,-0.007730205,0.47729649,-,-
1/31/2017,28.06504822,28.07429937,27.89621949,28.01879421,196804000,69.81218378,0.375754599,0.373693499,0.0020611,0.001819242,-0.002302056,-0.001973183,-0.00033152,0.619652703,-,-
2/1/2017,29.77646637,30.17888357,29.37405093,29.37867562,447940000,86.27236555,0.497637082,0.398482215,0.099154867,0.048534616,0.06098041,0.074964799,0.052976047,1.276071625,-,-
2/2/2017,29.72559357,29.92448899,29.55213838,29.59839415,134841600,84.79232476,0.583399749,0.435465722,0.147934027,0.007478844,-0.00170849,-0.008429556,0.006062747,-0.69897397,-,-
2/3/2017,29.85279465,29.87823488,29.64002337,29.674713,98029200,85.46381875,0.654091386,0.479190855,0.174900531,0.002578479,0.004279177,-0.001545694,0.002973896,-0.27300477,-,-
2/6/2017,30.13262939,30.18119839,29.8111593,29.86435476,107383600,86.84044494,0.724345538,0.528221791,0.196123747,0.006390685,0.009373821,0.01013994,0.005773812,0.095424629,-,-
2/7/2017,30.41941833,30.54893099,30.16964241,30.19045619,152735200,88.08575544,0.794011066,0.581379646,0.21263142,0.01091942,0.009517554,0.012184162,0.012025131,0.422332647,-,-
2/8/2017,30.53736305,30.57899413,30.34772054,30.37778724,92016400,88.56501716,0.848952456,0.634894208,0.214058248,0.006204976,0.003877284,0.000984098,0.00590256,-0.397542937,-,-
2/9/2017,30.75802231,30.76499031,30.45606246,30.57916859,113399600,89.42230307,0.89992548,0.687900463,0.212025018,0.00662923,0.007225878,0.006082482,0.003570018,0.232384662,-,-
2/10/2017,30.68833923,30.87880747,30.67208174,30.76731586,80262000,87.1990357,0.924047286,0.735129827,0.188917459,0.006152792,-0.002265525,0.003699568,0.007092817,-0.292219726,-,-
2/13/2017,30.96009445,31.0832041,30.83466686,30.91131843,92141600,88.40932664,0.954094162,0.778922694,0.175171468,0.004680375,0.008855325,0.006619317,0.005300753,0.148010266,-,-
2/14/2017,31.36194611,31.3782036,30.95081607,31.00191714,132904800,89.92608964,0.998818836,0.822901922,0.175916913,0.002930924,0.012979665,0.00949064,0.003766839,0.442397354,-,-
2/15/2017,31.47575569,31.65228792,31.26902996,31.47808072,142492400,90.31273089,1.031555811,0.8646327,0.166923111,0.015359166,0.003628907,0.008734863,0.010281276,0.072138854,-,-
2/16/2017,31.43859291,31.56634202,31.32012975,31.51291947,90338400,89.11004883,1.042484265,0.900203013,0.142281252,0.001106762,-0.00118068,-0.002715314,0.001634198,-0.366012503,-,-
2/17/2017,31.52453613,31.55008666,31.38052598,31.38052598,88792800,89.45962828,1.04602215,0.929366841,0.11665531,-0.004201245,0.002733685,-0.000514958,0.001928352,-0.017109003,-,-
2/21/2017,31.75216675,31.76378127,31.58492754,31.64299661,98028800,90.34378754,1.055032085,0.954499889,0.100532196,0.008364125,0.007220744,0.006773186,0.006513644,0.104017443,-,-
2/22/2017,31.84739685,31.84971834,31.6151206,31.68944716,83347600,90.69542831,1.057664697,0.975132851,0.082531846,0.001467957,0.002999169,0.002705505,0.000955932,-0.149764151,-,-
2/23/2017,31.71267891,31.93334066,31.65925636,31.91011516,83152800,85.92822036,1.036927395,0.98749176,0.049435635,0.006963454,-0.004230108,0.002625528,0.001396033,-0.0023372,-,-
2/24/2017,31.74287987,31.74287987,31.42233744,31.56867264,87106400,86.10455239,1.011272578,0.992247923,0.019024654,-0.010700134,0.000952331,-0.005964324,-0.007483401,0.047546204,-,-
2/27/2017,31.80559731,31.92406051,31.6546191,31.8543769,81029600,86.48334686,0.984651277,0.990728594,-0.006077317,0.009050246,0.001975795,0.005707757,0.007392246,-0.069762957,-,-
2/28/2017,31.81952667,31.92405028,31.75216457,31.84043069,93931600,86.57090681,0.953684209,0.983319717,-0.029635508,-0.000437811,0.000437953,-3.20E-07,0.003081556,0.159225764,-,-
3/1/2017,32.46990967,32.5535293,31.96122743,32.02858602,145658400,89.87042233,0.97043647,0.980743068,-0.010306598,0.005909321,0.020439745,0.019718019,0.006584208,0.550685818,-,-
3/2/2017,32.27711487,32.58371773,32.23065677,32.51868065,104844000,83.33404979,0.957122713,0.976018997,-0.018896284,0.015301788,-0.005937645,0.000927347,0.008429881,-0.280206291,-,-
3/3/2017,32.4675827,32.47919723,32.19117332,32.23530639,84432400,84.53104395,0.950978341,0.971010866,-0.020032524,-0.008714199,0.005901018,-0.003207752,-0.001225028,-0.194685437,-,-
3/6/2017,32.36537552,32.46525616,32.19349334,32.37234352,87000000,81.16235395,0.927173735,0.962243439,-0.035069705,0.00425115,-0.003147976,-0.000429231,7.21E-05,0.030410127,-,-
3/7/2017,32.40718842,32.51403352,32.23762417,32.30033976,69785200,81.48738592,0.901292822,0.950053316,-0.048760494,-0.002224237,0.001291902,0.001502448,0.0013708,-0.197871264,-,-
3/8/2017,32.28640366,32.47222539,32.24459563,32.27478913,74828800,77.33623032,0.861109358,0.932264524,-0.071155166,-0.000791033,-0.003727098,-0.001285849,0.000216252,0.072273204,-,-
3/9/2017,32.21207047,32.237621,31.83346257,32.22601002,88623600,74.8104464,0.813883662,0.908588352,-0.09470469,-0.001511369,-0.002302306,-0.007224771,-0.012750449,0.18435148,-,-
3/10/2017,32.31890488,32.37000592,32.2027668,32.3444554,78451200,76.02252215,0.776130849,0.882096851,-0.105966002,0.003675459,0.003316596,0.004106535,0.011601133,-0.114782067,-,-
3/13/2017,32.33286285,32.38628541,32.24460026,32.25156827,69686800,76.18376424,0.738821095,0.8534417,-0.114620605,-0.00287181,0.000431883,0.000502919,0.001299064,-0.111717858,-,-
3/14/2017,32.28408051,32.43738015,32.24923694,32.35608558,61236400,74.30311905,0.697278723,0.822209104,-0.124930382,0.003240689,-0.001508754,0.001577666,0.000143797,-0.121262563,-,-
3/15/2017,32.62552643,32.69288499,32.29336952,32.38163564,102767200,78.33452525,0.684022935,0.794571871,-0.110548935,0.000789652,0.010576294,0.007876864,0.001368485,0.678204467,-,-
3/16/2017,32.67894363,32.75559522,32.57906301,32.68591164,76928000,78.89242781,0.670103416,0.76967818,-0.099574764,0.009396561,0.001637283,0.001918161,0.008846816,-0.25143431,-,-
3/17/2017,32.51637268,32.75097056,32.49314362,32.75097056,175540000,72.75222274,0.63859268,0.74346108,-0.1048684,0.001990427,-0.004974792,-0.000141187,-0.002637258,1.28187396,-,-
3/20/2017,32.85779953,32.86708902,32.57209719,32.61158373,86168000,76.83071456,0.633863702,0.721541604,-0.087677902,-0.00425596,0.010500152,0.003545497,0.002429853,-0.509126125,-,-
3/21/2017,32.48151398,33.16905332,32.45596344,33.00878212,158119600,65.24052544,0.592918063,0.695816896,-0.102898833,0.012179672,-0.01145194,0.009187437,-0.003565437,0.835015319,-,-
3/22/2017,32.84852219,32.89033377,32.46294258,32.48385015,103440800,69.99490239,0.583358253,0.673325167,-0.089966914,-0.015902797,0.011298987,-0.008403,0.000215034,-0.345806592,-,-
3/23/2017,32.7323761,32.88567931,32.66037101,32.81134919,81385200,66.87735553,0.559955202,0.650651174,-0.090695972,0.010081904,-0.003535809,-0.000141515,0.006081655,-0.213219542,-,-
3/24/2017,32.6673317,32.92283699,32.59997314,32.86708941,89582400,65.12789695,0.530049495,0.626530838,-0.096481344,0.001698809,-0.001987158,0.001129905,-0.001849271,0.100721016,-,-
3/27/2017,32.72307968,32.80205276,32.19813308,32.37698679,94300400,65.95003579,0.50502578,0.602229827,-0.097204047,-0.014911653,0.001706536,-0.003668707,-0.012326392,0.052666595,-,-
3/28/2017,33.40133667,33.45708072,32.6626961,32.73005822,133499200,73.98580132,0.533770996,0.588538061,-0.054767064,0.010905012,0.020727175,0.019969115,0.01442826,0.415680103,-,-
3/29/2017,33.47566223,33.56160688,33.25964695,33.37346008,116760000,74.69068838,0.556138422,0.582058133,-0.025919711,0.019657828,0.002225227,0.003124187,0.018276227,-0.125388017,-,-
3/30/2017,33.43153,33.56392921,33.33165288,33.49192411,84829200,73.41859919,0.563804478,0.578407402,-0.014602924,0.003549648,-0.001318338,6.92E-05,0.002164964,-0.273473792,-,-
3/31/2017,33.36880875,33.51049741,33.21782705,33.38274476,78646800,71.55340142,0.55838212,0.574402346,-0.016020225,-0.003259871,-0.001876111,-0.001591941,-0.003414947,-0.072880565,-,-
4/3/2017,33.37809372,33.47564931,33.22711559,33.38041875,79942800,71.66814922,0.548511187,0.569224114,-0.020712927,-6.97E-05,0.000278253,-0.001039916,0.000279625,0.016478738,-,-
4/4/2017,33.62664032,33.65451234,33.25499683,33.27357936,79565600,74.61953172,0.55435379,0.566250049,-0.011896259,-0.003200661,0.007446399,0.005343079,0.000839111,-0.004718374,-,-
4/5/2017,33.45242691,33.78690528,33.40364734,33.49888145,110871600,69.17967448,0.538716539,0.560743347,-0.022026808,0.006771201,-0.005180815,0.003933884,0.00447002,0.393461496,-,-
4/6/2017,33.36880875,33.56856647,33.32002917,33.51514038,84596000,66.66748281,0.513655517,0.551325781,-0.037670264,0.000485357,-0.002499614,-0.006462232,-0.002503265,-0.236991258,-,-
4/7/2017,33.29448318,33.48959442,33.27822569,33.3850708,66688800,64.42788324,0.482238085,0.537508242,-0.055270157,-0.00388092,-0.002227396,-0.00235256,-0.001254605,-0.211679039,-,-
4/10/2017,33.2550087,33.41992649,33.19229308,33.35488938,75733600,63.21329868,0.448978734,0.51980234,-0.070823606,-0.000904039,-0.001185616,-0.002080286,-0.002582247,0.135626972,-,-
4/11/2017,32.89729309,33.29680861,32.5326176,33.20157447,121517600,53.39071569,0.389268554,0.493695583,-0.104427029,-0.004596475,-0.010756744,-0.003683966,-0.019874357,0.604540125,-,-
4/12/2017,32.93677139,33.01806595,32.75327118,32.89031685,81400000,54.23589238,0.341200232,0.463196513,-0.121996281,-0.009374785,0.001200047,-0.008371453,0.006782534,-0.330138186,-,-
4/13/2017,32.76257706,33.071505,32.76257706,32.96233484,71291600,49.93334205,0.285755698,0.42770835,-0.141952651,0.002189641,-0.00528875,0.001618479,0.000284121,-0.124181818,-,-
4/17/2017,32.94375229,32.95536681,32.72076545,32.86245416,66328400,54.01904369,0.253512499,0.39286918,-0.13935668,-0.003030146,0.005529944,-0.00351173,-0.0012762,-0.0696183,-,-
4/18/2017,32.79740906,32.99252028,32.77650504,32.84618863,58790000,50.43857907,0.213687598,0.357032864,-0.143345265,-0.000494958,-0.004442215,0.001127387,0.001703493,-0.113652674,-,-
4/19/2017,32.6766243,32.98323068,32.62320175,32.95535866,69313600,47.63237705,0.170415315,0.319709354,-0.149294039,0.003323674,-0.003682753,-0.000281567,-0.004677231,0.179003232,-,-
4/20/2017,33.08543015,33.19692175,32.78811682,32.80205283,93278400,56.46152756,0.167181767,0.289203836,-0.12202207,-0.004651924,0.012510651,0.006478779,0.005055147,0.345744558,-,-
4/21/2017,33.04594421,33.14117479,32.94838861,33.08543075,69283600,55.48840339,0.15959328,0.263281725,-0.103688445,0.00863903,-0.001193454,-0.001679281,0.004888106,-0.257238546,-,-
4/24/2017,33.36416245,33.43616752,33.2573138,33.33164391,68537200,61.2802324,0.177214088,0.246068198,-0.06885411,0.00744174,0.00962957,0.008901095,0.009376033,-0.010773112,-,-
4/25/2017,33.57089615,33.65683725,33.41759293,33.42688596,75486000,64.51101031,0.205491607,0.23795288,-0.032461272,0.002857406,0.00619628,0.006599732,0.004819365,0.101387276,-,-
4/26/2017,33.37345123,33.58714851,33.30377119,33.55695146,80164800,59.41219464,0.209553983,0.2322731,-0.022719117,0.003891044,-0.005881431,-0.002070567,-0.003406042,0.061982354,-,-
4/27/2017,33.39900208,33.4849467,33.28751046,33.42919912,56985200,59.85439332,0.21238692,0.228295864,-0.015908944,-0.003807031,0.000765604,-0.003042884,-0.000488255,-0.289149352,-,-
4/28/2017,33.3664856,33.5174673,33.27822302,33.46868772,83441600,58.97382281,0.209592187,0.224555129,-0.014962942,0.001181261,-0.000973576,0.000971201,-0.000279007,0.464267915,-,-
5/1/2017,34.04705429,34.19106444,33.67076789,33.70328642,134411600,69.19043313,0.259304446,0.231504992,0.027799454,0.007009498,0.020396775,0.020096898,0.011795848,0.610846388,-,-
5/2/2017,34.26307297,34.39779364,34.10744828,34.27004097,181408800,71.60731928,0.31253002,0.247709998,0.064820023,0.016816003,0.00634471,0.006046293,0.012969125,0.349651369,-,-
5/3/2017,34.15855789,34.25843856,33.51050846,33.81711139,182788000,68.79540329,0.342331988,0.266634396,0.075697592,-0.013216488,-0.003050371,-0.004051279,-0.017501744,0.007602718,-,-
5/4/2017,34.03543854,34.17712719,33.86819935,34.03311705,93487600,65.53085688,0.351958402,0.283699197,0.068259205,0.006387466,-0.003604349,-0.00237347,0.010673992,-0.488546294,-,-
5/5/2017,34.5998764,34.60451938,34.08886575,34.08886575,109310800,72.07351464,0.400515925,0.307062543,0.093453382,0.001638072,0.016583828,0.012505211,0.006515445,0.169254532,-,-
5/8/2017,35.54059601,35.70086723,34.61613731,34.61613731,195009600,79.16998063,0.509038443,0.347457723,0.16158072,0.01546756,0.027188525,0.031682216,0.01546756,0.783992067,-,-
5/9/2017,35.76823044,35.97495621,35.64279925,35.74035487,156521600,80.46367351,0.606421072,0.399250393,0.20717068,0.03247669,0.006404913,0.007677376,0.029658478,-0.197364643,-,^
5/10/2017,35.59867096,35.75662072,35.33155458,35.68461562,103222800,76.64515394,0.66228111,0.451856536,0.210424574,-0.001559561,-0.004740505,-0.006069097,-0.008732329,-0.340520414,-,^
5/11/2017,35.90652847,35.93451909,35.52402321,35.55667596,109020400,78.62826616,0.723057168,0.506096663,0.216960506,-0.003585289,0.008648006,0.004975257,0.005447499,0.056165886,-,^
5/12/2017,36.40799332,36.48262668,36.07446534,36.08146211,130108000,81.39892882,0.802436664,0.565364663,0.237072001,0.014759145,0.01396584,0.015252955,0.015494927,0.193428019,^,v
5/15/2017,36.31469727,36.53626986,36.1630959,36.38699956,104038800,79.33814058,0.848041579,0.621900046,0.226141533,0.00846799,-0.002562516,0.001470376,0.002456878,-0.20036585,-,v
5/16/2017,36.26105499,36.39866282,36.0861287,36.37067576,80194000,78.11360905,0.869828478,0.671485732,0.198342746,-0.000448616,-0.00147715,-0.003766313,-0.002128336,-0.229191417,-,v
5/17/2017,35.04355621,36.05113305,34.91761089,35.82489483,203070800,56.71691763,0.779863001,0.693161186,0.086701815,-0.015006071,-0.033575934,-0.009547872,-0.032381357,1.532244308,v,v
5/18/2017,35.57766724,35.76425596,35.24880857,35.28146133,134272800,61.6763753,0.743097048,0.703148359,0.03994869,-0.015169158,0.015241348,-0.007957506,0.009485119,-0.338788245,-,v
5/19/2017,35.69895172,35.91352751,35.59866237,35.77358864,107843200,62.72094937,0.715498587,0.705618404,0.009880183,0.013948609,0.003409006,0.004173764,0.009925266,-0.1968351,-,v
5/22/2017,35.91585922,36.05346702,35.66396499,35.91819029,91865600,64.58034171,0.703025194,0.705099762,-0.002074568,0.004042134,0.006076019,0.003896568,0.001834412,-0.148155841,-,v
5/23/2017,35.8715477,36.12810409,35.75726126,36.12810409,79675600,63.87938098,0.681706087,0.700421027,-0.01871494,0.00584422,-0.001233759,0.002070177,0.002615981,-0.132693848,-,-
5/24/2017,35.76425552,35.95784101,35.60798849,35.88087303,76712000,62.12117773,0.648675433,0.690071908,-0.041396476,-0.006843178,-0.00299101,-0.00471276,-0.004174614,-0.037195829,-,-
5/25/2017,35.88788223,35.99983764,35.69196561,35.85522946,76942400,63.37215297,0.625266362,0.677110799,-0.051844437,-0.000714686,0.003456711,0.001167941,0.002358379,0.003003441,-,-
5/26/2017,35.82723236,35.97417157,35.75726114,35.91819388,87710400,62.28537557,0.594962213,0.660681082,-0.065718869,0.001756073,-0.001689982,-0.00071295,0.001829418,0.139948845,-,-
5/30/2017,35.84122086,36.01847817,35.76192181,35.78291211,80507600,62.44534306,0.565555341,0.641655934,-0.076100592,-0.003766386,0.000390443,0.001231623,0.000130342,-0.08212025,-,-
5/31/2017,35.62898636,35.95784865,35.54035946,35.91120235,97804800,58.39817815,0.519140307,0.617152808,-0.098012501,0.003585238,-0.00592152,-0.001683289,-0.006195482,0.214851766,-,-
6/1/2017,35.72694016,35.76192754,35.50303652,35.72460909,65616400,59.69650354,0.484673101,0.590656867,-0.105983766,-0.005195962,0.002749273,-0.005448632,-0.001050156,-0.329108592,-,-
6/2/2017,36.25639725,36.25639725,35.65931593,35.82024873,111082800,65.89254958,0.494381433,0.57140178,-0.077020347,0.002677136,0.014819548,0.013826707,0.00440186,0.692912138,-,^
6/5/2017,35.90186691,36.02315013,35.79224972,35.99749413,101326800,59.31664089,0.468072077,0.55073584,-0.082663762,0.00494819,-0.009778422,-0.006433268,0.003727884,-0.087826378,-,^
6/6/2017,36.0231514,36.3403512,35.86688435,35.89487141,106499600,60.75939297,0.451800295,0.530948731,-0.079148436,-0.002850829,0.003378222,0.008805478,0.002085218,0.05105066,-,^
6/7/2017,36.23772049,36.37999398,36.03014148,36.15609038,84278400,63.24288581,0.451019649,0.514962914,-0.063943265,0.007277334,0.005956422,0.001090875,0.004551751,-0.208650549,^,v
6/8/2017,36.14909744,36.27737386,36.01148607,36.20973727,85003200,61.51129116,0.438198562,0.499610044,-0.061411482,0.001483758,-0.002445602,-0.002820784,-0.000517772,0.008600068,-,v
6/9/2017,34.74734879,36.19573968,34.05697519,36.19573968,259530800,41.94762975,0.31133943,0.461955921,-0.150616491,-0.00038657,-0.038776865,-0.002250278,-0.054274652,2.053188586,-,v
6/12/2017,33.91703033,34.07329734,33.23831569,33.99166724,289229200,34.87245677,0.142164114,0.39799756,-0.255833446,-0.060893146,-0.023895879,-0.058637905,-0.024037939,0.11443112,v,v
6/13/2017,34.18992233,34.3905046,33.85406332,34.32286801,136661600,38.54141677,0.029768409,0.32435173,-0.29458332,0.009743587,0.008045869,0.009309556,0.018525236,-0.527497224,-,v
6/14/2017,33.85640717,34.40217643,33.54853513,34.40217643,126124800,35.88098509,-0.085235343,0.242434315,-0.327669658,0.002310658,-0.00975478,0.000339391,-0.00902486,-0.077101395,-,v
6/15/2017,33.6534729,33.69778811,33.16834729,33.42723825,128661600,34.32823903,-0.190555144,0.155836423,-0.346391567,-0.028339433,-0.005993969,-0.020475109,-0.011332472,0.020113411,-,v
6/16/2017,33.18234634,33.70245943,33.16601818,33.53452993,201444400,30.97674294,-0.308481833,0.062972772,-0.371454605,0.003209708,-0.013999344,0.000138624,-7.02E-05,0.565691706,-,-
6/19/2017,34.13161469,34.22491084,33.50654649,33.50654649,130165600,43.04295001,-0.321633967,-0.013948576,-0.307685391,-0.000834467,0.028607632,0.015501878,0.010267386,-0.353838578,-,-
6/20/2017,33.8214035,34.25522071,33.80507891,34.25522071,99600400,40.54834607,-0.353019192,-0.081762699,-0.271256493,0.022344118,-0.009088676,0.000885609,0.008909674,-0.234817801,-,-
6/21/2017,34.0219841,34.06863394,33.72810932,33.940354,85063200,42.85454837,-0.357585013,-0.136927162,-0.220657851,-0.009191788,0.005930582,-0.005446959,-0.002276865,-0.145955237,-,-
6/22/2017,33.96601105,34.21557062,33.84705893,33.9986638,76425200,42.36072504,-0.361552268,-0.181852183,-0.179700085,0.001718008,-0.001645202,0.004312961,0.00352672,-0.101548025,-,-
6/23/2017,34.1176033,34.32285117,33.84471888,33.84938457,141757600,44.23494064,-0.348447432,-0.215171233,-0.133276199,-0.004390738,0.004463057,0.003135431,-6.91E-05,0.854854158,-,-
6/26/2017,34.0103302,34.58408632,33.90770623,34.32519532,102769600,43.16530861,-0.342766599,-0.240690306,-0.102076293,0.014056703,-0.003144216,0.007611115,0.001861069,-0.275032873,-,-
6/27/2017,33.5228653,34.08962819,33.4972093,33.82140581,99047600,38.59790037,-0.37329572,-0.267211389,-0.106084331,-0.01467696,-0.014332848,-0.014297273,-0.012106302,-0.036216936,-,-
6/28/2017,34.01265717,34.07796267,33.3899202,33.70012315,88329600,44.90591715,-0.353888749,-0.284546861,-0.069341888,-0.003585973,0.01461068,-0.000342201,-0.003202927,-0.108210598,-,-
6/29/2017,33.5112114,33.84940508,33.18468374,33.75144678,125997600,40.33702822,-0.374652309,-0.302567951,-0.072084359,0.001522951,-0.014742917,-0.006706903,-0.006146659,0.426448212,-,-
6/30/2017,33.59050751,33.80974899,33.53452982,33.69079685,92096400,41.3531927,-0.380324898,-0.31811934,-0.062205558,-0.001796958,0.002366256,-0.001171545,0.010542396,-0.269062268,-,-
7/3/2017,33.46923065,33.88905447,33.37593805,33.79109617,57111200,40.22479123,-0.390109554,-0.332517383,-0.057592171,0.002977054,-0.00361045,0.002345639,-0.004729208,-0.379875869,-,-
7/5/2017,33.60683441,33.77009822,33.28730356,33.51354182,86278400,42.15350896,-0.382352964,-0.342484499,-0.039868465,-0.008213831,0.004111351,-0.003510167,-0.00265564,0.510708933,-,-
7/6/2017,33.28963089,33.46922284,33.21499754,33.35727103,96515200,39.02736359,-0.39722255,-0.353432109,-0.04379044,-0.004662915,-0.009438661,-0.00890952,-0.00217218,0.118648468,-,-
7/7/2017,33.62782288,33.76076854,33.32928234,33.32928234,76806800,43.81179762,-0.377367479,-0.358219183,-0.019148296,-0.000839058,0.010159079,0.00871086,0.003440759,-0.20419996,-,-
7/10/2017,33.83307266,34.0406517,33.43890489,33.6115001,84362400,46.55289142,-0.341137825,-0.354802912,0.013665086,0.008467562,0.00610357,0.008290189,0.003289076,0.098371498,-,-
7/11/2017,33.9426918,34.01732872,33.67447296,33.75610308,79127200,48.01161646,-0.300120612,-0.343866452,0.04374584,0.004302188,0.00324,-0.000685151,0.00704473,-0.062056082,-,-
7/12/2017,33.99167633,34.09429676,33.77710052,34.02199447,99538000,48.68559448,-0.260656843,-0.32722453,0.066567687,0.007876839,0.001443154,0.002262613,0.003047637,0.257949226,-,-
7/13/2017,34.46513748,34.63306697,33.9216995,33.93569303,100797600,54.78678915,-0.188998506,-0.299579325,0.110580819,-0.002536637,0.013928738,0.015802356,0.004280977,0.012654464,-,-
7/14/2017,34.76134109,34.82898123,34.36251126,34.51178151,80528400,58.14003308,-0.107073328,-0.261078126,0.154004798,0.016975887,0.008594297,0.005656856,0.012994979,-0.201088121,-,-
7/17/2017,34.88263321,35.19516732,34.65173279,34.71004155,95174000,59.46574419,-0.031991001,-0.215260701,0.1832697,0.005744706,0.003489282,0.010513833,0.008416775,0.181868757,-,-
7/18/2017,35.00391388,35.01557634,34.67505163,34.79866591,71475200,60.80250004,0.036873565,-0.164833848,0.201707412,0.002553277,0.003476821,-0.005102717,0.000672949,-0.24900498,-,-
7/19/2017,35.22315979,35.31645239,34.97359657,35.09721086,83692000,63.1672674,0.107896775,-0.110287723,0.218184498,0.008579207,0.006263468,0.008592634,0.008609791,0.170923621,-,-
7/20/2017,35.06455231,35.39108347,35.02956848,35.33510579,68974800,60.33162206,0.149659699,-0.058298239,0.207957938,0.006778172,-0.004502932,0.00211321,0.001600405,-0.175849544,-,-
7/21/2017,35.04823303,35.08788256,34.72403645,34.9829275,105010400,60.03300695,0.179372592,-0.010764073,0.190136665,-0.00996681,-0.000465407,-0.008567155,-0.008722118,0.522445879,-,^
7/24/2017,35.4727211,35.5543548,34.96193572,35.12053742,85972800,64.89963082,0.234470088,0.03828276,0.196187329,0.003933631,0.01211154,0.013294397,0.006851141,-0.18129252,-,^
7/25/2017,35.6243248,35.88088123,35.40508327,35.40508327,75415600,66.46995541,0.287059361,0.08803808,0.199021281,0.008101979,0.004273811,0.009183866,0.012675143,-0.122796978,-,^
7/26/2017,35.79224777,35.90186496,35.69895163,35.76659178,63124000,68.1686593,0.338386015,0.138107667,0.200278348,0.010210639,0.004713717,0.000584816,0.008300174,-0.162984847,^,v
7/27/2017,35.1158638,35.91586176,34.35551892,35.85988408,129905200,55.88687998,0.320786399,0.174643413,0.146142986,0.002608364,-0.018897499,0.000389863,-0.037632273,1.057936759,-,v
7/28/2017,34.86863327,35.03889383,34.79633099,34.95959478,68854800,52.18584864,0.283619747,0.19643868,0.087181067,-0.02510575,-0.007040423,-0.024417288,0.012830895,-0.469961172,-,v
7/31/2017,34.68904114,35.06221857,34.54910227,34.96192567,79383600,49.61545427,0.236942004,0.204539345,0.032402659,6.67E-05,-0.005150535,0.000665681,-0.007105023,0.152913087,v,v
8/1/2017,34.99691391,35.03656343,34.61440864,34.77534136,141474400,53.81512677,0.222230579,0.208077592,0.014152988,-0.005336786,0.008875217,-0.000731703,0.001890248,0.782161555,-,v
8/2/2017,36.65056229,37.25930602,36.42199289,37.14968524,279747200,68.83909624,0.340086963,0.234479466,0.105607497,0.068276652,0.047251263,0.063440656,0.052220573,0.977369757,-,v
8/3/2017,36.28437805,36.66688339,36.15609806,36.62956493,108389200,63.88330007,0.399337672,0.267451107,0.131886565,-0.014000665,-0.009991231,-0.015899991,-0.007300392,-0.612545899,-,v
8/4/2017,36.4756279,36.71119401,36.31236408,36.40099454,82239600,65.28880999,0.45646471,0.305253828,0.151210882,-0.006240052,0.005270859,0.001208464,0.004321982,-0.241256509,-,^
8/7/2017,37.04004669,37.06570268,36.54092398,36.63188548,87481200,69.10945337,0.541045344,0.352412131,0.188633213,0.006342984,0.015473861,0.009656691,0.006294272,0.063735719,-,v
8/8/2017,37.33626175,37.74442303,36.91410694,36.99107492,144823600,70.91859564,0.624776155,0.406884936,0.217891219,0.009805377,0.007997157,0.018311277,0.01021274,0.655482549,-,v
8/9/2017,37.56483841,37.61381934,37.11003075,37.14501459,104526000,72.26828343,0.701491297,0.465806208,0.235685089,0.004161535,0.006122109,-0.003460212,0.005307559,-0.278252992,^,v
8/10/2017,36.36832047,37.46414499,36.20675577,37.44072847,163217200,57.28161188,0.658152826,0.504275532,0.153877294,0.007961065,-0.031852072,-0.003979238,-0.024340454,0.561498575,v,v
8/11/2017,36.87408066,37.12930784,36.54393062,36.66803031,105028400,60.96635076,0.657043408,0.534829107,0.122214301,-0.020637904,0.013906614,-0.008937536,0.009312485,-0.356511446,-,v
8/14/2017,37.42902374,37.51331821,37.17145632,37.30492405,88490800,64.57685198,0.692955496,0.566454385,0.126501111,0.017369183,0.015049679,0.010342514,0.017171817,-0.157458364,-,v
8/15/2017,37.83879471,37.97928313,37.49693275,37.61869224,117862000,67.00384798,0.745883101,0.602340128,0.143542973,0.008410906,0.010947947,0.01242132,0.008756085,0.33191247,-,v
8/16/2017,37.6865921,38.05186699,37.49927064,37.91840281,110686400,65.21651655,0.766708986,0.6352139,0.131495087,0.007967065,-0.004022396,0.001911143,6.23E-05,-0.06088137,-,-
8/17/2017,36.96306229,37.6303938,36.95837827,37.58590456,111762400,57.38060543,0.716570661,0.651485252,0.065085409,-0.008768783,-0.0191986,-0.011076281,-0.014424077,0.009721158,-,-
8/18/2017,36.87878036,37.34708234,36.69614288,36.96307486,109712400,56.52856047,0.662399106,0.653668023,0.008731083,-0.016570832,-0.002280166,-0.007528793,-0.007095425,-0.018342484,-,-
8/21/2017,36.81086731,36.97008822,36.31914895,36.8787695,105474000,55.80942869,0.606990731,0.644332564,-0.037341834,-0.002280799,-0.001841521,-0.010094339,-0.010273394,-0.038631914,-,-
8/22/2017,37.41263962,37.46415311,37.00053522,37.04970492,86418400,60.59324843,0.604666966,0.636399445,-0.031732479,0.004635063,0.016347681,0.013363909,0.018761075,-0.180666325,-,-
8/23/2017,37.45945358,37.57418879,37.20188978,37.24637902,77596400,60.94742738,0.599690008,0.629057557,-0.029367549,0.005308385,0.001251287,0.002937092,0.005441936,-0.102084741,-,-
8/24/2017,37.29323196,37.63743423,37.12464295,37.56484442,79275600,58.92240719,0.575696764,0.618385399,-0.042688635,0.008550238,-0.004437374,0.001683215,-0.002076422,0.021640179,-,-
8/25/2017,37.4313736,37.59527856,37.29322538,37.38220032,101920400,60.10865233,0.561357836,0.606979886,-0.04562205,-0.004862102,0.003704201,-0.001120046,0.004540985,0.285646529,-,-
8/28/2017,37.80835342,37.93245314,37.44775897,37.49693224,103864000,63.22933202,0.573798859,0.600343681,-0.026544822,0.003069159,0.010071226,0.008968535,0.004143744,0.019069784,-,-
8/29/2017,38.14552689,38.19469658,37.46414686,37.48756338,118067600,65.80590007,0.603904108,0.601055766,0.002848342,-0.000249857,0.008917962,0.006913432,0.00043762,0.136751906,-,^
8/30/2017,38.24856567,38.37500564,38.07529265,38.3539329,109078400,66.57666496,0.628828362,0.606610285,0.022218077,0.023110852,0.002701202,0.004720788,0.016312818,-0.076136044,-,^
8/31/2017,38.40075302,38.52251251,38.27899354,38.31645854,107140400,67.73353512,0.653330078,0.615954244,0.037375834,-0.000977067,0.003978903,0.003843827,0.005349949,-0.017767037,-,^
9/1/2017,38.41246033,38.62085451,38.31411737,38.58807352,66364400,67.8257935,0.666015138,0.625966423,0.040048715,0.007088729,0.000304872,0.002552845,0.000917575,-0.380584728,^,^
9/5/2017,37.95118713,38.45929428,37.59527668,38.3422188,117874000,60.48733589,0.631566937,0.627086526,0.004480412,-0.006371262,-0.012008426,-0.004183238,-0.018761771,0.776163124,-,v
9/6/2017,37.91136932,38.1642527,37.58589975,38.09869074,86606800,59.88500954,0.594203913,0.620510003,-0.02630609,-0.006351434,-0.001049185,-0.007671529,-0.000249418,-0.265259514,-,v
9/7/2017,37.75917435,37.98864481,37.54843996,37.95352003,87714000,57.52699369,0.546018423,0.605611687,-0.059593264,-0.003810386,-0.004014494,-0.004601371,-0.000996645,0.012784216,-,v
9/8/2017,37.14336395,37.73342174,37.11994743,37.66551954,114446000,49.10217263,0.452919351,0.57507322,-0.122153869,-0.007588242,-0.016308895,-0.006718404,-0.011411727,0.304763208,v,v
9/11/2017,37.81537628,37.94416001,37.43839313,37.58122535,126323200,56.57586315,0.42842483,0.545743542,-0.117318712,-0.002237967,0.018092393,0.005584924,0.00857883,0.103779949,-,v
9/12/2017,37.66552353,38.39139293,37.17614888,38.07528771,286856000,54.64883122,0.392397566,0.515074347,-0.122676781,0.013146521,-0.003962747,0.011786608,-0.007004688,1.270810112,-,v
9/13/2017,37.38219833,37.45478813,36.97477796,37.43371183,179629600,51.10459371,0.337097869,0.479479051,-0.142381182,-0.016850191,-0.007522136,-0.024396218,-0.00541667,-0.3737987,-,v
9/14/2017,37.061409,37.3236569,37.01691975,37.22765773,95042800,47.35945388,0.264340293,0.436451299,-0.172111007,-0.005504506,-0.00858134,-0.003501054,0.001139744,-0.470895665,-,^
9/15/2017,37.4360466,37.69127022,36.99584177,37.10589298,196458400,51.80182481,0.234209689,0.396002977,-0.161793288,-0.003270814,0.010108563,0.009849338,-0.000569415,1.067051897,-,^
9/18/2017,37.15273666,37.5812334,36.99585593,37.48991466,113077600,48.47057123,0.185333812,0.353869144,-0.168535333,0.010349345,-0.007567838,-0.002919425,3.83E-07,-0.424419623,-,^
9/19/2017,37.16677856,37.41029755,37.09887636,37.34941602,83242400,48.6468413,0.146048831,0.312305081,-0.166256251,-0.003747638,0.000377951,-0.004548436,0.002784648,-0.263847128,^,^
9/20/2017,36.54393768,37.05672522,36.01943831,36.97243074,211805600,41.81427695,0.063920313,0.262628128,-0.198707815,-0.010093472,-0.016758,-0.009451203,-0.029096247,1.544443697,-,v
9/21/2017,35.91640854,36.4807131,35.7665521,36.4807131,150046800,36.28467582,-0.051213134,0.199859875,-0.251073009,-0.013299576,-0.017171908,-0.015544064,-0.007020826,-0.29158247,-,v
9/22/2017,35.56517792,35.6541564,35.25375681,35.48322368,186581600,33.60594839,-0.168852172,0.126117466,-0.294969638,-0.027342926,-0.009779113,-0.022657361,-0.014337286,0.243489365,-,v
9/25/2017,35.25141907,35.55113194,34.92594946,35.12029513,177549200,31.3774553,-0.284124465,0.04406908,-0.328193545,-0.010228173,-0.00882208,-0.00288955,-0.009298508,-0.048409918,v,v
9/26/2017,35.85787582,36.04051328,35.51835767,35.53943039,146640000,39.70075527,-0.322821313,-0.029308999,-0.293512314,0.011934275,0.017203754,0.013765563,0.016961836,-0.174088084,-,v
9/27/2017,36.11310959,36.22784487,35.95154482,36.01242637,102016800,42.8428705,-0.329099952,-0.08926719,-0.239832763,0.013309048,0.007117928,0.005197806,0.012196148,-0.304304419,-,v
9/28/2017,35.89066696,36.12481797,35.75485895,36.03349922,88022000,40.84523518,-0.348013398,-0.141016431,-0.206996967,0.000585155,-0.006159609,-0.002843859,-0.00547086,-0.137181327,-,v
9/29/2017,36.08733749,36.08968129,35.5909387,35.87426288,105199200,43.35983078,-0.343176843,-0.181448514,-0.16172833,-0.00441912,0.005479712,-0.000972647,-0.004584559,0.195146668,-,-
10/2/2017,36.01473999,36.16459638,35.75951643,36.12010715,74795200,42.63929506,-0.341267926,-0.213412396,-0.12785553,0.006852943,-0.002011717,0.002075804,0.004736535,-0.289013605,-,-
10/3/2017,36.17163086,36.31446305,36.0381667,36.06157965,64921200,44.77510924,-0.323367732,-0.235403463,-0.087964268,-0.001620358,0.004356296,0.004144016,0.007792339,-0.132013819,-,-
10/4/2017,35.93748093,36.02645942,35.69864957,35.97260571,80655200,42.2468348,-0.324336888,-0.253190148,-0.071146739,-0.002467278,-0.006473303,-0.007930825,-0.009421043,0.242355348,-,-
10/5/2017,36.38471222,36.39642048,36.07095084,36.10138803,85135200,48.25669729,-0.28572348,-0.259696815,-0.026026666,0.003580011,0.012444703,0.010269149,0.010429001,0.055545086,-,-
10/6/2017,36.36364365,36.4081329,36.19037066,36.2863734,69630400,48.00327359,-0.253895387,-0.258536529,0.004641142,0.005124052,-0.00057905,0.000321801,0.003310692,-0.182119734,-,-
10/9/2017,36.49008179,36.69847598,36.4081311,36.48305754,65051600,49.71013309,-0.215979218,-0.250025067,0.034045849,0.005420331,0.003477048,0.007974677,0.006017083,-0.065758634,-,-
10/10/2017,36.50413132,36.99584974,36.31681342,36.54159633,62468000,49.90690722,-0.182690757,-0.236558205,0.053867448,0.001604547,0.000385023,0.008103164,-0.002508167,-0.039716164,-,-
10/11/2017,36.65633011,36.7570133,36.46900864,36.52052214,67622400,52.09373178,-0.142386893,-0.217723942,0.07533705,-0.000576718,0.004169358,-0.006455763,0.004190765,0.082512646,-,-
10/12/2017,36.52754211,36.84832772,36.46432037,36.60949636,64500400,50.10063589,-0.119460835,-0.198071321,0.078610486,0.00243628,-0.00351339,0.002484272,-0.000128555,-0.046168134,-,-
10/13/2017,36.75935745,36.82725965,36.62354948,36.69847592,65576800,53.54586844,-0.081645055,-0.174786068,0.093141013,0.002430505,0.006346316,-0.000571751,0.00436671,0.016688269,-,-
10/16/2017,37.4360466,37.46414356,36.91388753,36.97242525,96486000,61.83047695,0.002894021,-0.13925005,0.142144071,0.007464869,0.018408623,0.017293818,0.007927633,0.471343524,-,-
10/17/2017,37.57419968,37.66785862,37.28385124,37.41263496,75989200,63.27065714,0.080116118,-0.095376816,0.175492934,0.011906433,0.003690376,0.005437601,0.010022345,-0.212432892,-,-
10/18/2017,37.40795517,37.63040143,37.37049373,37.56249566,65496800,60.32120381,0.126443087,-0.051012836,0.177455923,0.004005617,-0.004424432,-0.000994407,0.002323861,-0.138077516,-,-
10/19/2017,36.52286148,36.78042894,36.29807859,36.7031587,170336800,47.59897024,0.090692434,-0.022671782,0.113364215,-0.022877526,-0.023660574,-0.022587389,-0.028696842,1.600688889,-,-
10/20/2017,36.58607483,36.93730115,36.51817265,36.67036929,95896400,48.43543748,0.066691791,-0.004799067,0.071490858,-0.000893368,0.001730788,0.0042651,0.006063518,-0.437018894,-,-
10/23/2017,36.56735229,36.92326273,36.41047159,36.73594126,87937200,48.19007551,0.045634313,0.005287609,0.040346704,0.001788146,-0.000511739,-0.000380061,-0.002949245,-0.082997902,-,-
10/24/2017,36.78511047,36.86003691,36.5743725,36.59544523,71028800,51.28132469,0.045987262,0.013427539,0.032559723,-0.003824484,0.005954989,-0.001712357,0.004501477,-0.192278126,-,-
10/25/2017,36.6235466,36.89047851,36.35661469,36.74062206,84828400,48.947819,0.032851432,0.017312318,0.015539114,0.003967074,-0.0043921,0.00082587,-0.005953836,0.194281756,-,-
10/26/2017,36.85770035,36.95604331,36.71018411,36.81555132,68002000,52.33319719,0.040864383,0.022022731,0.018841652,0.002039412,0.00639353,0.001777283,0.009725037,-0.198358097,-,-
10/27/2017,38.17831039,38.30709412,37.15975241,37.2979006,177816800,66.01938046,0.152024455,0.048023076,0.10400138,0.013101781,0.035829963,0.036558319,0.012246419,1.614876033,-,-
10/30/2017,39.03763962,39.35374477,38.33518689,38.37499212,178803200,71.71119344,0.305933687,0.099605198,0.206328489,0.028878074,0.022508309,0.027322632,0.031631925,0.005547282,-,-
10/31/2017,39.58085632,39.72368848,39.0891417,39.31392451,144187200,74.60677265,0.466364945,0.172957147,0.293407798,0.024467299,0.013915204,0.00940047,0.019667435,-0.193598325,-,-
11/1/2017,39.0774498,39.79161087,38.77773688,39.77521859,134551200,67.69184585,0.546586466,0.247683011,0.298903454,0.011733606,-0.012718434,0.001709871,-0.00796653,-0.066829788,-,-
11/2/2017,39.36310959,39.4544283,38.70046209,39.009543,165573600,69.4236921,0.625996854,0.32334578,0.302651074,-0.019250066,0.007310093,-0.00847371,-0.001992762,0.230562046,-,-
11/3/2017,40.39103317,40.8031375,40.06790376,40.74225955,237594400,74.6827717,0.763078705,0.411292365,0.35178634,0.044417761,0.026113882,0.034183975,0.035333988,0.434977557,-,^
11/6/2017,40.80080795,40.97408096,40.20840626,40.36060297,140105200,76.42365724,0.894471549,0.507928201,0.386543347,-0.009367585,0.010145192,0.004189469,0.00350661,-0.410317752,-,^
11/7/2017,40.93193436,41.03496136,40.64861366,40.72119989,97446000,76.96940115,0.997681478,0.605878857,0.391802621,0.008934379,0.003213819,0.001485827,0.010948143,-0.304479777,-,^
11/8/2017,41.26675797,41.26675797,40.81952887,40.8967991,97638000,78.34765139,1.093883944,0.703479874,0.39040407,0.004312231,0.008180009,0.005648759,0.0042047,0.001970322,^,^
11/9/2017,41.18246841,41.23398191,40.54089355,41.00217119,117930400,77.09681181,1.150066379,0.792797175,0.357269204,0.002576536,-0.002042553,-0.000794248,-0.00682603,0.207833016,-,^
11/10/2017,41.0461731,41.21301948,40.95217745,41.14957045,100582000,75.01138617,1.170105227,0.868258785,0.301846441,0.003594914,-0.003309547,-0.000508377,0.010144915,-0.147107107,-,v
11/13/2017,40.88167572,41.00622155,40.74772818,40.77122888,67928400,72.46372504,1.159348348,0.926476698,0.23287165,-0.009194302,-0.004007618,-0.005017782,-0.004992391,-0.324646557,-,v
11/14/2017,40.26364136,40.7665255,40.22604167,40.66312816,99130000,63.70880361,1.088406761,0.958862711,0.12954405,-0.002651397,-0.015117638,-0.005845358,-0.012802837,0.459330707,-,v
11/15/2017,39.7325592,40.02395139,39.56806506,39.94170253,116632400,57.30208313,0.978056721,0.962701513,0.015355209,-0.017741518,-0.013190117,-0.018215291,-0.016356981,0.176560073,v,v
11/16/2017,40.20724869,40.38819047,40.01925383,40.22604495,94550000,61.07041139,0.918321159,0.953825442,-0.035504283,0.007118936,0.011947116,0.009100528,0.011402851,-0.189333324,-,v
11/17/2017,39.98399734,40.27538952,39.86415239,40.19314066,87598000,58.45734595,0.843245371,0.931709428,-0.088464057,-0.000817985,-0.005552515,-0.002792919,-0.003875671,-0.073527234,-,v
11/20/2017,39.94404221,40.08033835,39.84534574,40.01688934,65049600,57.97920608,0.77162837,0.899693216,-0.128064846,-0.004385109,-0.000999278,-0.004842937,-0.000471768,-0.257407703,-,^
11/21/2017,40.68662643,40.81822174,40.13204365,40.13204365,100525200,63.89064669,0.765962187,0.872947011,-0.106984823,0.002877643,0.018590613,0.018410109,0.007195267,0.545362308,-,^
11/22/2017,41.11432266,41.12372079,40.66548576,40.73833292,102355600,66.78859544,0.786912174,0.855740043,-0.068827869,0.015107361,0.010511961,0.007484379,0.013292174,0.01820837,-,^
11/24/2017,41.11666489,41.24121071,41.04146552,41.14721508,56106800,66.80430741,0.794545165,0.843501068,-0.048955902,0.010036792,5.70E-05,0.002856986,0.009245672,-0.451844354,^,v
11/27/2017,40.90987015,41.14251417,40.73362566,41.13546467,82867200,63.92866709,0.774974337,0.829795721,-0.054821385,-0.00028557,-0.005029463,-0.002393153,-0.007500703,0.476954665,-,v
11/28/2017,40.67019653,41.09318061,40.38585373,40.95923661,105715200,60.66907756,0.731690188,0.810174615,-0.078484427,-0.004284091,-0.005858577,-0.001199089,-0.008537711,0.275718258,-,v
11/29/2017,39.82654953,40.63492474,39.2813685,40.56677846,166665600,50.84217574,0.622140279,0.772567748,-0.150427468,-0.009581676,-0.020743618,-0.011151628,-0.02734832,0.576552851,v,v
11/30/2017,40.3834877,40.45163399,39.58216192,40.04979499,166108800,55.91836514,0.573648777,0.732783954,-0.159135176,-0.012744011,0.013984093,-0.00451067,0.007657407,-0.003340821,-,v
12/1/2017,40.19549179,40.34118608,39.59625984,39.93699845,159037200,53.8952448,0.514122727,0.689051708,-0.174928981,-0.002816407,-0.004655267,-0.00273037,0.000356169,-0.042572097,-,v
12/4/2017,39.90175247,40.56442988,39.86180415,40.53153105,130169600,50.80245561,0.438194363,0.638880239,-0.200685876,0.014886762,-0.007307768,0.005533893,0.006706298,-0.181514765,-,v
12/5/2017,39.864151,40.30593831,39.57275884,39.72785484,109400800,50.40371556,0.370713114,0.585246814,-0.2145337,-0.01982842,-0.000942351,-0.00637237,-0.007251185,-0.159551846,-,-
12/6/2017,39.71611404,39.99575592,39.11688554,39.36127637,114240000,48.78040884,0.301809322,0.528559316,-0.226749994,-0.009227241,-0.003713536,-0.007695699,-0.011519877,0.04423368,-,-
12/7/2017,39.78896332,40.05215398,39.69261546,39.72081343,102693200,49.63994469,0.250196785,0.47288681,-0.222690024,0.009134284,0.00183425,0.001410101,0.014718194,-0.10107493,-,-
12/8/2017,39.80070877,40.18374798,39.67146567,40.06390301,93420800,49.78625661,0.207845327,0.419878513,-0.212033186,0.008637526,0.000295194,0.003285566,-0.000532839,-0.090292249,-,-
12/11/2017,40.57618713,40.62788581,39.66441435,39.76076222,141095200,58.38324475,0.234156898,0.38273419,-0.148577292,-0.007566432,0.019484034,0.011052673,-0.000177743,0.510318901,-,-
12/12/2017,40.3482399,40.51038541,40.29184395,40.45398588,77636800,55.38173595,0.233919098,0.352971172,-0.119052074,0.017434869,-0.005617759,-0.002892112,0.015818451,-0.449755909,-,-
12/13/2017,40.48219299,40.78063114,40.41874396,40.53624031,95273600,56.78766132,0.241752759,0.330727489,-0.08897473,0.002033284,0.003319924,0.006671023,0.003149521,0.22717062,-,-
12/14/2017,40.4704361,40.68428028,40.33648856,40.51273305,81906000,56.61903061,0.244197354,0.313421462,-0.069224108,-0.000579907,-0.000290421,-0.002362662,-0.002035081,-0.140307493,-,-
12/15/2017,40.88167572,40.92867354,40.52683807,40.80177907,160677200,60.98337772,0.276135199,0.30596421,-0.029829011,0.007134696,0.010161482,0.006007069,0.00471904,0.961726858,-,-
12/18/2017,41.45740891,41.64070291,41.09082089,41.09552175,117684400,66.1220215,0.343938321,0.313559032,0.030379289,0.007199262,0.014082916,0.017396835,0.01391628,-0.267572499,-,-
12/19/2017,41.01561356,41.21535873,40.90986759,41.13076124,109745600,59.63177569,0.357897966,0.322426819,0.035471147,0.000857502,-0.010656608,-0.010214625,-0.00440374,-0.067458389,-,-
12/20/2017,40.97097015,41.22241043,40.7124768,41.09316375,93902400,59.00154545,0.361195103,0.330180476,0.031014628,-0.000914097,-0.001088449,0.000171094,-0.004825016,-0.144362963,-,-
12/21/2017,41.12607193,41.36341686,40.91223129,40.92867892,83799600,60.56106508,0.372034939,0.338551368,0.03348357,-0.00400273,0.003785651,0.003420626,0.004906469,-0.107588304,-,-
12/22/2017,41.12607193,41.2224198,41.00622694,41.04852391,65397600,60.56106508,0.376287973,0.346098689,0.030189284,0.002928142,0,-0.003408738,0.002297495,-0.21959532,-,-
12/26/2017,40.08271027,40.29420228,39.8735633,40.13675759,132742000,46.70169546,0.29210081,0.335299113,-0.043198303,-0.022211915,-0.025369835,-0.022517298,-0.027621747,1.029768677,-,-
12/27/2017,40.08976364,40.13206061,39.88062024,39.97226727,85992800,46.79034719,0.223376085,0.312914508,-0.089538423,-0.004098246,0.000175971,-0.004023945,0.000176983,-0.352180922,-,-
12/28/2017,40.20254135,40.38348669,40.06154433,40.18374151,65920800,48.27188062,0.175982843,0.285528175,-0.109545332,0.005290524,0.00281313,0.006264968,0.004536642,-0.233414891,-,-
12/29/2017,39.76780319,40.08739332,39.76545456,40.0709457,103999600,43.27037394,0.102165916,0.248855723,-0.146689807,-0.002807001,-0.010813698,-0.007332041,-0.007390873,0.577644689,-,-
1/2/2018,40.4798317,40.48923341,39.77485376,39.98634929,102223600,52.0358872,0.099967852,0.219078149,-0.119110297,-0.002111166,0.017904648,0.010024101,0.000236366,-0.017076989,-,-
1/3/2018,40.47277832,41.01796292,40.40933289,40.54327682,118071600,51.95025454,0.096543825,0.194571284,-0.098027459,0.013927941,-0.000174244,0.013058521,0.015951765,0.155032693,-,-
1/4/2018,40.66077805,40.76417539,40.43753574,40.54563036,89738400,54.11759683,0.107758097,0.177208647,-0.069450549,5.80E-05,0.004645091,-0.006187229,0.000697929,-0.239966258,-,-
1/5/2018,41.12372971,41.21067587,40.66549458,40.7571416,94640000,59.01962151,0.152246812,0.17221628,-0.019969467,0.005216622,0.011385706,0.010953257,0.005637308,0.054620987,-,-
1/8/2018,40.97097015,41.2670596,40.87227008,40.97097015,82271200,56.86088151,0.17318169,0.172409362,0.000772328,0.005246407,-0.003714633,0.001368183,0.00508479,-0.130693153,-,-
1/9/2018,40.96628189,41.13782557,40.75008902,41.01798058,86336000,56.79222511,0.187236086,0.175374707,0.011861379,0.001147408,-0.000114429,-0.003131651,-0.002989339,0.049407326,-,-
1/10/2018,40.95687485,40.95922707,40.65373585,40.69133554,95839600,56.64443322,0.195363201,0.179372406,0.015990796,-0.00796346,-0.000229629,-0.004341467,-0.00236449,0.110076909,-,-
1/11/2018,41.18951416,41.2388642,41.00387153,41.02736865,74670800,59.45451432,0.21806236,0.187110396,0.030951963,0.0082581,0.005680104,0.006827207,0.008612632,-0.220877383,-,-
1/12/2018,41.61486053,41.67830957,41.27647044,41.4010163,101672400,64.04330328,0.267292325,0.203146782,0.064145543,0.009107278,0.010326569,0.010656098,0.006648126,0.361608554,-,-
1/16/2018,41.40336609,42.15534204,41.39161574,41.80520161,118263600,60.38384138,0.285945392,0.219706504,0.066238888,0.009762691,-0.005082186,0.011445581,0.002789611,0.163182929,-,-
1/17/2018,42.08718491,42.12243237,41.14016482,41.39395372,137547200,66.95795478,0.35185063,0.246135329,0.105715301,-0.009837242,0.01651602,-0.000780676,-0.006074924,0.163056088,-,-
1/18/2018,42.12478638,42.32218295,41.88744506,42.15063572,124773600,67.27949353,0.402475642,0.277403392,0.125072251,0.018280013,0.000893419,0.004742143,0.01816425,-0.09286703,-,-
1/19/2018,41.9367981,42.19998877,41.69005505,41.97204557,129700400,63.92998106,0.42255628,0.30643397,0.116122311,-0.00423695,-0.004462652,-0.002887237,-0.004712391,0.039485917,-,-
1/22/2018,41.59370422,41.77699823,41.49970859,41.66420274,108434400,58.23192284,0.406104206,0.326368017,0.079736189,-0.007334473,-0.008181213,-0.010023475,-0.004565752,-0.163962486,-,-
1/23/2018,41.60310364,42.16708824,41.55140855,41.66420403,130756400,58.3414694,0.389336247,0.338961663,0.050374584,3.09E-08,0.000225982,0.009337435,0.001245791,0.205857182,-,-
1/24/2018,40.9404335,41.66421154,40.70073991,41.65246118,204420400,48.65318551,0.318899502,0.334949231,-0.016049729,-0.000281845,-0.015928382,-0.01192581,-0.020472679,0.563368218,-,-
1/25/2018,40.20960617,41.11197739,40.07330996,41.00858002,166116000,40.63814944,0.201780219,0.308315428,-0.106535209,-0.015458418,-0.017850992,-0.0132544,-0.015415689,-0.187380516,-,-
1/26/2018,40.30359268,40.41874038,39.96285402,40.41874038,156572000,41.96230732,0.115218107,0.269695964,-0.154477857,-0.014383323,0.002337414,-0.016862167,-0.002756347,-0.057453827,-,-
1/29/2018,39.4693718,39.98635497,39.26022846,39.98635497,202561600,34.58748535,-0.020461774,0.211664416,-0.23212619,-0.010697647,-0.020698425,-0.010697647,-0.017581967,0.293728125,-,-
1/30/2018,39.23671722,39.33071284,38.70328298,38.89832728,184192800,32.85333458,-0.145089831,0.140313567,-0.285403398,-0.027209974,-0.00589456,-0.016396647,-0.014185997,-0.090682538,-,-
1/31/2018,39.34482956,39.5821745,39.12628805,39.21323421,129915600,34.49686701,-0.232455104,0.065759833,-0.298214937,0.008095642,0.002755387,0.006393519,0.010929436,-0.294676013,-,v
2/1/2018,39.42708588,39.62447894,39.18739225,39.28374015,188923200,35.78473341,-0.291692862,-0.005730706,-0.285962156,0.001798014,0.002090651,0.001068775,0.001561717,0.454199496,-,^
2/2/2018,37.71632767,39.19678237,37.62233202,39.00878749,346375200,24.84421195,-0.471250815,-0.098834728,-0.372416087,-0.006999147,-0.04339043,-0.010793746,-0.039937851,0.833418024,-,^
2/5/2018,36.77401352,38.51060965,36.65886579,37.38734469,290954000,21.03024942,-0.681730103,-0.215413803,-0.4663163,-0.041566091,-0.02498425,-0.017505843,-0.025608892,-0.160003372,v,v
2/6/2018,38.31085968,38.47300522,36.18887588,36.38392025,272975200,37.80104462,-0.71626911,-0.315584864,-0.400684246,-0.026838612,0.041791635,-0.000976469,-0.012820634,-0.061792586,^,v
2/7/2018,37.49071884,38.39779045,37.38027562,38.32494331,206434400,33.68928761,-0.800591315,-0.412586154,-0.38800516,0.053348376,-0.021407529,-0.001955001,0.032921712,-0.243761338,-,v
2/8/2018,36.45911789,37.83382669,36.43091991,37.66698029,217562000,29.36285538,-0.939825126,-0.518033949,-0.421791177,-0.01716801,-0.027516169,-0.014687401,-0.025397237,0.053903807,v,v
2/9/2018,36.90506744,37.25427364,35.44925136,37.06079584,282690400,33.34770441,-1.002626864,-0.614952532,-0.387674332,-0.016093258,0.012231496,-0.015318383,-0.026946027,0.299355586,-,v
2/12/2018,38.39154053,38.66996063,37.16459399,37.39818648,243278000,44.57210423,-0.921825508,-0.676327127,-0.245498381,0.009103707,0.040278292,0.03800066,0.048388684,-0.139418954,-,^
2/13/2018,38.77614594,38.87288661,38.14143783,38.21222378,130196800,47.05640659,-0.817333695,-0.704528441,-0.112805255,0.021766759,0.010017973,0.005247639,0.02628426,-0.46482296,-,^
2/14/2018,39.49108124,39.53119244,38.43166453,38.46941392,162579600,51.41562583,-0.669120671,-0.697446887,0.028326216,0.006730572,0.018437503,0.016934833,0.007609223,0.248721935,-,^
2/15/2018,40.81712341,40.84071633,39.87567858,40.0620781,204588800,58.27747488,-0.439592906,-0.645876091,0.206283185,0.041400791,0.03357827,0.033126344,0.03757355,0.258391582,^,v
2/16/2018,40.68499374,41.2489196,40.52926896,40.66847906,160704400,57.40743258,-0.265294113,-0.569759695,0.304465582,0.015136533,-0.003237114,0.009995008,0.016390702,-0.214500501,-,v
2/20/2018,40.54814148,41.1167801,40.44668078,40.59533091,135722000,56.46712138,-0.136628925,-0.483133541,0.346504616,-0.001798645,-0.003363704,-0.003203466,-0.002037742,-0.155455607,-,v
2/21/2018,40.36410141,41.0837484,40.34994134,40.77937348,149886400,55.15865597,-0.0489471,-0.396296253,0.347349153,0.00453359,-0.004538804,-0.000803363,-0.002391777,0.104363331,v,^
2/22/2018,40.70150757,41.04363546,40.51510805,40.53634275,123967600,57.12040122,0.047222879,-0.307592427,0.354815305,-0.005959649,0.008359065,-0.00097637,0.004093357,-0.17292296,-,^
2/23/2018,41.40936279,41.44475397,40.94689767,40.97757242,135249600,60.97745505,0.178498659,-0.210374209,0.388872869,0.010884792,0.017391376,0.009772977,0.010657497,0.09100765,-,^
2/26/2018,42.22809982,42.32719869,41.57687714,41.6099101,152648800,64.9091804,0.344628237,-0.09937372,0.444001957,0.015431311,0.019771785,0.021292073,0.01538528,0.128645112,^,^
2/27/2018,42.09125137,42.58438754,42.03698371,42.25877798,155712400,63.75294055,0.459942666,0.012489557,0.447453109,0.015594071,-0.003240696,0.006076208,0.011066405,0.020069598,-,^
2/28/2018,42.02755737,42.6174344,42.01104269,42.29654115,151128400,63.18875116,0.539966213,0.117984888,0.421981325,0.000893617,-0.001513236,0.000776032,-0.0006171,-0.029438889,-,^
3/1/2018,41.29140091,42.41924574,40.73927676,42.12666538,195208000,56.91915691,0.537784532,0.201944817,0.335839715,-0.004016304,-0.017516042,-0.004650413,-0.030272182,0.291669865,-,^
3/2/2018,41.57688522,41.59811993,40.68970806,40.77229226,153816000,58.63330103,0.552720316,0.272099917,0.280620399,-0.03215002,0.006913893,-0.019357388,-0.00121673,-0.21204049,-,v
3/5/2018,41.72081375,41.93788801,41.1781263,41.3409329,113605600,59.50804548,0.569604812,0.331600896,0.238003916,0.013946742,0.003461744,0.008167871,0.012003484,-0.261418838,-,v
3/6/2018,41.6854248,42.05822748,41.55801296,41.97800507,95154000,59.17669586,0.573519133,0.379984543,0.19353459,0.015410203,-0.000848232,0.002869469,0.009225448,-0.16241805,-,v
3/7/2018,41.2984581,41.49193944,41.11913683,41.2772234,126814000,55.53527901,0.539180939,0.411823822,0.127357117,-0.016694021,-0.009283022,-0.013464382,-0.010560566,0.332723795,v,^
3/8/2018,41.74913406,41.79160348,41.30790723,41.40464432,95096400,58.72111302,0.542084643,0.437875986,0.104208656,0.003086955,0.010912658,0.007222223,0.004590816,-0.250111186,-,^
3/9/2018,42.46642303,42.47114306,41.85531134,41.98980502,128740800,63.23598043,0.595401654,0.46938112,0.126020534,0.014132731,0.017180931,0.016260194,0.0132518,0.353792573,-,^
3/12/2018,42.87696838,43.03505495,42.52068407,42.53955696,128828400,65.5579558,0.663139094,0.508132715,0.155006379,0.01309251,0.009667528,0.01327753,0.015896972,0.000680437,^,^
3/13/2018,42.46406555,43.29697158,42.29182248,43.08225549,126774000,61.36042051,0.67571448,0.541649068,0.134065412,0.012757503,-0.009629945,0.006086123,-0.005382359,-0.015946794,-,^
3/14/2018,42.10305405,42.59383206,41.95440392,42.54664263,117473600,57.87149635,0.649067901,0.563132835,0.085935067,-0.012432331,-0.008501577,-0.016239924,-0.007978341,-0.073362046,-,^
3/15/2018,42.15260696,42.52777145,42.01575867,42.11721579,90975200,58.22263379,0.624747106,0.575455689,0.049291417,-0.010093084,0.001176944,-0.001550943,0.001462415,-0.225568979,-,^
3/16/2018,42.00395584,42.26349952,41.90957338,42.15260237,157618800,56.69599215,0.586714518,0.577707455,0.009007063,0.000840193,-0.003526499,-0.006214103,-0.002527273,0.732546892,-,-
3/19/2018,41.36217117,41.87418392,40.97521205,41.83879274,133787200,50.53509234,0.499034203,0.561972804,-0.062938601,-0.007444609,-0.015279148,-0.009211627,-0.022294699,-0.1511977,-,-
3/20/2018,41.34800339,41.71608592,41.27721745,41.34800339,78597600,50.40487714,0.423521606,0.534282565,-0.110760958,-0.011730486,-0.00034253,-0.003775548,0.007370442,-0.412517789,-,v
3/21/2018,40.4112854,41.31261538,40.40892359,41.30081712,148219600,42.59082622,0.284808916,0.484387835,-0.199578919,-0.001141198,-0.022654491,-0.009671821,-0.021035669,0.885803129,-,^
3/22/2018,39.84029388,40.74398228,39.78130618,40.11163586,165963200,38.65681804,0.127336017,0.412977471,-0.285641455,-0.028793165,-0.014129506,-0.013764152,-0.015531654,0.119711563,-,^
3/23/2018,38.91772461,40.09275856,38.91772461,39.73175413,164115200,33.3041367,-0.071086579,0.316164661,-0.387251241,-0.009470612,-0.023156688,-0.01598331,-0.021708226,-0.011134999,v,^
3/26/2018,40.76521301,40.84307719,39.2716443,39.65624518,150164800,48.64080192,-0.078357782,0.237260173,-0.315617955,-0.001900469,0.047471645,0.018714568,0.009094049,-0.085003705,^,^
3/27/2018,39.71995163,41.32677579,39.38490197,40.97992787,163690400,42.66336485,-0.166544302,0.156499278,-0.32304358,0.033378921,-0.025641014,0.011842854,0.002883955,0.090071708,-,v
3/28/2018,39.28107452,40.11634208,38.97669968,39.46275758,166674000,40.41748619,-0.268748504,0.071449721,-0.340198225,-0.037022278,-0.011049286,-0.029289333,-0.010364436,0.018227092,-,v
3/29/2018,39.5878334,40.52455857,39.3801955,39.59491164,153594000,42.68846019,-0.321289566,-0.007098136,-0.31419143,0.00334883,0.00780933,0.010175815,0.010352232,-0.078476547,-,v
4/2/2018,39.32825851,39.86150937,38.80680952,39.31882207,150347200,41.25552778,-0.379499624,-0.081578434,-0.297921191,-0.006972855,-0.006556936,-0.016361664,-0.014560263,-0.021138847,v,^
4/3/2018,39.73174667,39.81668909,38.90356084,39.55478361,121112000,44.38083339,-0.388593924,-0.142981532,-0.245612392,0.006001236,0.010259497,-0.0011244,0.002493153,-0.194451244,-,^
4/4/2018,40.49151611,40.58589499,38.87761354,38.90356827,138422000,49.79698705,-0.330682279,-0.180521681,-0.150160598,-0.01646363,0.019122478,0.019318681,-0.000666965,0.142925557,-,^
4/5/2018,40.77228928,41.10969711,40.60240445,40.72037982,107732800,51.67000403,-0.259143589,-0.196246063,-0.062897526,0.046700383,0.006934123,0.012906014,0.044364629,-0.221707532,^,^
4/6/2018,39.72939301,40.69678903,39.68691999,40.34050465,140021200,44.96019281,-0.283335559,-0.213663962,-0.069671597,-0.009328871,-0.025578556,-0.010044056,-0.022547543,0.299708167,-,v
4/9/2018,40.12343597,40.84072485,40.07624653,40.08332477,116070800,47.72251084,-0.267626859,-0.224456541,-0.043170318,-0.006375227,0.009918172,0.003536786,0.009809946,-0.171048384,-,v
4/10/2018,40.87846756,41.05543062,40.47263198,40.81947987,113634400,52.62843396,-0.192039155,-0.217973064,0.025933909,0.01836562,0.01881772,0.005257149,0.009890783,-0.020990637,-,v
4/11/2018,40.68735504,41.0365612,40.51275016,40.63780379,89726400,51.31573462,-0.145874982,-0.203553448,0.057678466,-0.00445072,-0.004675139,-0.000459608,0.000991242,-0.210394036,v,v
4/12/2018,41.08847427,41.29139212,40.82892694,40.91623119,91557200,53.91399638,-0.076045961,-0.17805195,0.102005989,0.006851438,0.009858572,0.006209851,0.007804377,0.020404251,-,^
4/13/2018,41.22768784,41.4895934,41.02005355,41.2394861,100497200,54.81531488,-0.009364639,-0.144314488,0.134949849,0.007900408,0.003388141,0.004800063,0.004681157,0.097643877,-,^
4/16/2018,41.48487091,41.57217155,41.25127833,41.29846776,86313600,56.50757973,0.06350131,-0.102751328,0.166252639,0.001430223,0.006238115,0.001990334,0.005636872,-0.14113428,-,^
4/17/2018,42.05586243,42.22102723,41.62407213,41.64294862,106421600,60.08209206,0.165415536,-0.049117955,0.214533492,0.00834125,0.013763849,0.015607933,0.009037145,0.232964446,^,^
4/18/2018,41.96149445,42.19272885,41.73498367,41.95441621,83018000,59.21588614,0.235849857,0.007875607,0.22797425,0.00747948,-0.002243872,-0.000670244,0.002664601,-0.219914002,-,^
4/19/2018,40.77228928,41.38340084,40.73925632,40.99879997,139235200,49.52586025,0.193480324,0.044996551,0.148483774,-0.022777489,-0.028340391,-0.019181694,-0.023858338,0.677168807,-,^
4/20/2018,39.10177612,40.39950583,39.03334836,40.25321745,261964400,39.6984688,0.024819609,0.040961162,-0.016141553,-0.018185472,-0.040971777,-0.023775112,-0.041873812,0.881452391,-,^
4/23/2018,38.98851395,39.38490959,38.71716835,39.36367488,146062000,39.13150868,-0.116639981,0.009440934,-0.126080915,-0.02209867,-0.002896599,-0.025114076,-0.008100253,-0.44243569,-,-
4/24/2018,38.4458313,39.24570452,38.03999556,39.0899761,134768000,36.44572483,-0.269431837,-0.046333621,-0.223098217,-0.00695308,-0.013919039,-0.003534477,-0.017490246,-0.077323328,-,v
4/25/2018,38.6133461,39.03098001,38.32076942,38.37031707,113528400,37.86342283,-0.372707104,-0.111608317,-0.261098787,-0.018410322,0.004357164,-0.005471287,0.007381017,-0.157601211,-,v
4/26/2018,38.74783707,39.10412145,38.54727747,38.72424055,111852000,39.03917133,-0.438644776,-0.177015609,-0.261629167,0.009223887,0.003483018,0.001873933,0.005910843,-0.014766349,-,v
4/27/2018,38.29953003,38.77378977,37.90077266,38.69592559,142623200,36.55607381,-0.521068929,-0.245826273,-0.275242656,-0.000731195,-0.01156986,-0.00844749,-0.016771737,0.275106391,v,v
4/30/2018,38.99321365,39.46511508,38.18626264,38.25469037,169709600,42.6360617,-0.524371564,-0.301535331,-0.222836233,-0.011402627,0.018112066,0.017829707,0.007532564,0.189915806,-,v
5/1/2018,39.89928055,39.92287347,38.99558858,39.26457234,214277600,49.45026448,-0.448704514,-0.330969168,-0.117735346,0.026398906,0.023236528,0.011599064,0.021194165,0.262613311,-,v
5/2/2018,41.66183472,41.94025493,41.00824999,41.34565791,266157600,59.52307194,-0.243705159,-0.313516366,0.069811207,0.05300161,0.044175086,0.050531971,0.051612541,0.242115835,-,v
5/3/2018,41.73733139,41.8812615,41.15925273,41.49902241,136272800,59.89173999,-0.074293335,-0.26567176,0.191378425,0.003709325,0.00181213,-0.001406606,0.003682253,-0.487999591,-,-
5/4/2018,43.37482834,43.47392723,42.03934618,42.05822268,224805200,66.92778484,0.189909911,-0.174555426,0.364465337,0.013475023,0.039233389,0.038028122,0.021382639,0.649670367,-,-
5/7/2018,43.68864059,44.28087567,43.59189993,43.69335702,169805600,68.08332875,0.419775997,-0.055689141,0.475465138,0.038877875,0.007234893,0.018561664,0.036930968,-0.244654483,-,^
5/8/2018,43.89865112,43.93876233,43.33708701,43.64854383,113611200,68.86729237,0.611839714,0.07781663,0.534023084,-0.001025629,0.004806982,-0.007725984,-0.005845419,-0.330933727,-,^
5/9/2018,44.20772934,44.21716578,43.70279492,44.01660982,92844800,70.03388901,0.780000264,0.218253357,0.561746907,0.008432492,0.007040722,0.00633617,0.008438682,-0.182784796,-,^
5/10/2018,44.84008789,44.91795209,44.27616563,44.29740394,111957200,72.31928183,0.953305648,0.365263815,0.588041833,0.006379276,0.014304253,0.015848739,0.013119772,0.205853209,^,^
5/11/2018,44.66954041,45.01772578,44.39951946,44.88271712,104848800,70.75203988,1.06461741,0.505134534,0.559482876,0.013213261,-0.00380346,0.002221243,0.00278601,-0.06349212,-,^
5/14/2018,44.56533051,44.89219936,44.49664251,44.76903081,83115200,69.75727646,1.131382047,0.630384037,0.500998011,-0.002532964,-0.002332907,-0.002788378,0.00218748,-0.207285157,-,^
5/15/2018,44.16029358,44.30951692,43.84290122,44.24082532,94780800,65.88018564,1.138486643,0.732004558,0.406482085,-0.011798457,-0.00908861,-0.012979592,-0.014691924,0.140354592,-,^
5/16/2018,44.57242584,44.63875014,44.05607147,44.07265345,76732400,67.83891243,1.163955363,0.818394719,0.345560644,-0.003801282,0.009332643,0.007430305,0.004862138,-0.190422533,-,-
5/17/2018,44.29056168,44.74533356,44.14133835,44.52978956,69176000,65.08691011,1.148160149,0.884347805,0.263812344,0.01037233,-0.006323734,0.002387688,0.001935417,-0.098477306,-,-
5/18/2018,44.12949753,44.48478843,44.08686436,44.33793601,73190800,63.50165679,1.109852113,0.929448666,0.180403446,-0.004308432,-0.003636534,-0.005822845,-0.001234081,0.05803747,-,-
5/21/2018,44.44216537,44.8306167,44.27162542,44.52980266,73603200,65.27004753,1.092132971,0.961985527,0.130147444,0.00432737,0.007085235,0.007774079,0.004190841,0.005634588,-,-
5/22/2018,44.33083725,44.73823783,44.24082905,44.61980751,60962800,64.07954357,1.056923617,0.980973145,0.075950472,0.002021227,-0.002505011,-0.00206062,-0.000695623,-0.171737098,-,-
5/23/2018,44.61507416,44.64823451,43.99923499,44.13898553,80233600,65.7949514,1.039967397,0.992771996,0.047195401,-0.010775976,0.00641172,-0.002011776,-0.005460884,0.316107528,-,-
5/24/2018,44.56533051,44.72876493,44.10582387,44.71218657,92936000,65.20804532,1.010862974,0.996390191,0.014472782,0.012986276,-0.001114952,0.001803664,0.002422517,0.158317712,-,-
5/25/2018,44.66717148,44.92061044,44.44688925,44.58426882,69844000,65.87911236,0.984664623,0.994045078,-0.009380454,-0.002860915,0.002285206,0.004289086,0.007732887,-0.248472067,-,v
5/29/2018,44.50611115,44.70744413,44.26214498,44.43505585,90056400,63.78380265,0.940069483,0.983249959,-0.043180476,-0.003346763,-0.003605788,-0.004745401,-0.004156517,0.289393506,-,v
5/30/2018,44.41137314,44.52980347,44.24083318,44.46348277,74762000,62.52409936,0.88685978,0.963971923,-0.077112143,0.000639741,-0.002128652,-0.003973402,-0.000481491,-0.16983135,-,v
5/31/2018,44.26215363,44.58428429,44.08924634,44.34505631,109931200,60.49743931,0.823161052,0.935809749,-0.112648697,-0.002663455,-0.003359939,0.001223469,-0.003426401,0.470415452,v,v
6/1/2018,45.06036758,45.06510219,44.47058331,44.52743117,93770000,66.71307467,0.827549075,0.914157614,-0.086608539,0.004112631,0.01803378,0.010784471,0.008649206,-0.147011949,-,^
6/4/2018,45.43697739,45.81358494,45.32328529,45.39197329,105064800,69.17733954,0.851599174,0.901645926,-0.050046752,0.019415944,0.008357895,0.016608922,0.019174517,0.12045217,-,^
6/5/2018,45.78751755,45.93674087,45.56250072,45.73067332,86264000,71.30658984,0.888700328,0.899056806,-0.010356479,0.007461672,0.007714865,0.002688197,0.005277981,-0.178944804,-,^
6/6/2018,45.94621658,45.96990409,45.45828434,45.86331754,83734400,72.24150811,0.920300296,0.903305504,0.016994792,0.002900553,0.003465989,0.000721932,-0.002287328,-0.029323936,^,^
6/7/2018,45.82305527,45.99832981,45.55776893,45.98411875,85388800,70.32639446,0.924745519,0.907593507,0.017152012,0.002633939,-0.002680554,0.000618355,0.002188481,0.01975771,-,^
6/8/2018,45.40617752,45.47723643,44.94903829,45.28064169,106627200,64.12936235,0.884434629,0.902961732,-0.018527103,-0.015298261,-0.009097555,-0.011328528,-0.013361731,0.248725828,-,^
6/11/2018,45.2948494,45.47012753,45.0532542,45.32327512,73234000,62.54434398,0.833892119,0.889147809,-0.05525569,0.000941538,-0.002451828,-0.000156318,0.002318535,-0.313177126,-,^
6/12/2018,45.5435524,45.62171682,45.27589878,45.33274663,67644400,64.64652589,0.804629798,0.872244207,-0.067614409,0.000208977,0.005490757,0.003333822,0.004941809,-0.076325204,-,-
6/13/2018,45.16931534,45.68567332,45.10773288,45.57671586,86553600,59.25708608,0.742680239,0.846331413,-0.103651174,0.005381744,-0.008217125,0.001401887,-0.003714248,0.279538291,-,-
6/14/2018,45.19300079,45.37538446,45.05562122,45.37064623,86440400,59.48728823,0.687570106,0.814579152,-0.127009046,-0.004521379,0.00052437,-0.00679182,-0.001155271,-0.00130786,-,-
6/15/2018,44.72876358,45.04142137,44.59138397,45.01062833,246876800,53.14869618,0.599523926,0.771568107,-0.172044181,-0.00793504,-0.010272325,-0.007360006,-0.010303648,1.85603491,-,-
6/18/2018,44.70507431,44.81876639,44.34030693,44.50137403,73939600,52.83929494,0.521819953,0.721618476,-0.199798523,-0.01131409,-0.00052962,-0.004943338,-0.005630618,-0.700500006,-,-
6/19/2018,43.98264694,44.13423759,43.45207788,43.85237288,134314000,44.35855041,0.397364571,0.656767695,-0.259403124,-0.014583845,-0.016159852,-0.015273263,-0.020032091,0.816536741,-,-
6/20/2018,44.17451096,44.34031269,43.99212724,44.1389833,82514800,46.80067118,0.310633814,0.587540919,-0.276907105,0.006535802,0.004362266,0.00466928,0.01242862,-0.385657489,-,-
6/21/2018,43.92817307,44.61270013,43.80500453,44.35215199,102847600,44.12300659,0.219491494,0.513931034,-0.29443954,0.004829488,-0.005576471,0.00614311,-0.00425355,0.246413977,-,-
6/22/2018,43.80025864,44.09159614,43.74814902,44.08449061,108801600,42.75507381,0.135378366,0.4382205,-0.302842135,-0.006034913,-0.0029119,-0.01168062,-0.001297923,0.057891482,-,-
6/25/2018,43.14889526,43.80026192,42.80781542,43.44023279,126652400,36.54231862,0.015974382,0.353771277,-0.337796894,-0.014614161,-0.014871222,-0.006607477,-0.021494249,0.16406744,-,-
6/26/2018,43.6842041,44.18161287,43.23653766,43.34312783,98276800,43.77341352,-0.035055092,0.276006003,-0.311061095,-0.002235369,0.012406084,0.008706591,0.010015046,-0.224043129,-,-
6/27/2018,43.62025833,44.35926241,43.58946529,43.87369735,101141200,43.14099854,-0.079737049,0.204857393,-0.284594441,0.012241145,-0.001463819,0.004020893,0.008162717,0.029146248,-,-
6/28/2018,43.93764496,44.10581759,43.53498263,43.60604154,69460800,47.21711289,-0.088517004,0.146182513,-0.234699517,-0.006100598,0.007276129,-0.005713459,-0.001249904,-0.313229426,-,v
6/29/2018,43.84527588,44.33794647,43.32418316,44.12476972,90950800,46.17953815,-0.101755619,0.096594887,-0.198350506,0.011895787,-0.002102277,0.005262999,-0.004842071,0.309383134,-,v
7/2/2018,44.33556366,44.36398939,43.44496914,43.53971554,70925200,52.18557554,-0.071856869,0.062904536,-0.134761405,-0.013259087,0.011182226,0.000587373,0.002787957,-0.220180581,-,v
7/3/2018,43.56340408,44.51795208,43.47339589,44.48005351,55819200,43.88035098,-0.109209816,0.028481666,-0.137691481,0.021597246,-0.017416257,0.003470443,0.000654316,-0.212984948,v,^
7/5/2018,43.9139595,44.15319105,43.64867675,43.88079916,66416800,47.93177745,-0.109265854,0.000932162,-0.110198016,-0.013472429,0.008047016,-0.008193572,0.004031911,0.18985582,-,^
7/6/2018,44.52268982,44.63164368,43.86658491,43.91869453,69940800,54.12506703,-0.05950488,-0.011155247,-0.048349634,0.000863598,0.013861886,0.010836196,0.00499232,0.053058865,-,^
7/9/2018,45.14089584,45.16457974,44.83771455,44.88508595,79026400,59.40592266,0.029475336,-0.00302913,0.032504466,0.022004102,0.01388519,0.011940767,0.022138255,0.129904148,^,^
7/10/2018,45.08641815,45.30669678,45.04614867,45.17168812,63756400,58.76395958,0.094507481,0.016478192,0.078029289,0.006385243,-0.001206837,0.003146648,0.004648634,-0.193226567,-,^
7/11/2018,44.50138092,44.95141472,44.43742753,44.64823337,75326000,52.23570266,0.097711946,0.032724943,0.064987003,-0.011588116,-0.012975908,-0.007841712,-0.013513278,0.181465704,-,^
7/12/2018,45.2474823,45.33749049,44.84008176,44.89219138,72164400,58.55864415,0.1586271,0.057905374,0.100721725,0.005464001,0.016765803,0.008588735,0.009061151,-0.041972227,-,^
7/13/2018,45.31855011,45.43934774,45.21669815,45.25933495,50055600,59.11384714,0.210214158,0.088367131,0.121847027,0.008178339,0.001570647,0.002246645,0.008399101,-0.306367128,-,-
7/16/2018,45.21906662,45.63120183,45.1030036,45.36355176,60172400,57.94357759,0.240299761,0.118753657,0.121546104,0.002302659,-0.002195205,0.004222202,-0.002514437,0.202111252,-,-
7/17/2018,45.34695816,45.44643917,44.81402185,44.94429589,62138000,59.06549707,0.271334818,0.149269889,0.122064929,-0.009242131,0.002828266,-0.004049042,-0.006407151,0.032666139,-,-
7/18/2018,45.09825516,45.42986215,44.98693039,45.42512393,65573600,55.94029563,0.272718343,0.17395958,0.098758763,0.010698311,-0.005484447,-0.000364759,0.003858358,0.055289839,-,-
7/19/2018,45.44881439,45.60751056,44.93008908,44.93008908,81147200,59.21596046,0.298659239,0.198899512,0.099759727,-0.01089782,0.007773233,0.003910389,-0.001263507,0.237498017,-,-
7/20/2018,45.34459686,45.57908656,45.04378287,45.4251286,82704800,57.83924392,0.30726613,0.220572835,0.086693295,0.011017996,-0.002293075,-0.000623231,0.00253046,0.019194747,-,-
7/23/2018,45.38485718,45.46775983,44.89929225,45.16457495,63957600,58.24312621,0.313719461,0.23920216,0.074517301,-0.005735892,0.000887875,-0.002442496,-0.003207782,-0.226676082,-,-
7/24/2018,45.71409607,45.87042493,45.48907922,45.58382202,74791600,61.49188401,0.34146441,0.25965461,0.0818098,0.009282653,0.007254378,0.008856058,0.013135774,0.169393473,-,-
7/25/2018,46.14518356,46.15228909,45.57908326,45.7283066,66839600,65.29879633,0.39369932,0.286463552,0.107235768,0.003169646,0.009430078,0.006144791,0.001978586,-0.1063221,-,v
7/26/2018,46.0007019,46.41520798,45.85858409,46.09544471,76304000,63.04906212,0.418611902,0.312893222,0.10571868,0.008028684,-0.003131024,0.005696768,0.006132217,0.141598693,-,v
7/27/2018,45.23563766,46.23282241,45.02720279,46.18545101,96096000,52.69590568,0.372329036,0.324780385,0.047548651,0.001952607,-0.016631578,-0.003929436,-0.018129241,0.259383519,-,v
7/30/2018,44.98220825,45.52461757,44.78324617,45.45355865,84118000,49.77987718,0.311607873,0.322145883,-0.010538009,-0.015846816,-0.005602428,-0.015318226,-0.005417983,-0.124646187,v,v
7/31/2018,45.07221222,45.51040587,44.84719532,45.07458314,157492000,50.82072288,0.26766303,0.311249312,-0.043586282,-0.008337642,0.002000879,-0.000312176,0.00142797,0.872274662,-,v
8/1/2018,47.72742081,47.78900327,46.73497411,47.16606222,271742800,70.34644274,0.441994529,0.337398356,0.104596174,0.046400409,0.058910101,0.050067613,0.042093575,0.725438752,-,^
8/2/2018,49.12252426,49.35701758,47.45502707,47.509504,249616000,75.78620815,0.684832367,0.406885158,0.277947209,0.007281544,0.029230648,0.032811195,0.015407154,-0.081425524,-,^
8/3/2018,49.26464844,49.44229393,48.67012589,49.03726062,133789600,76.26391201,0.878623116,0.501232749,0.377390366,0.032156863,0.002893259,0.001727745,0.025605271,-0.464018332,-,^
8/6/2018,49.52046204,49.56309522,49.0467407,49.26701938,101701600,77.13818487,1.040847458,0.609155691,0.431691767,0.004685391,0.00519264,0.002443279,0.00773811,-0.23983927,^,^
8/7/2018,49.05619431,49.62229094,48.97329166,49.57965777,102349600,71.95798625,1.11904919,0.711134391,0.407914799,0.006345795,-0.009375271,0.001194351,-0.001497531,0.006371581,-,v
8/8/2018,49.0893631,49.22200447,48.44273462,48.80513108,90102000,72.10212937,1.170211599,0.802949833,0.367261767,-0.015621864,0.000676139,-0.008066667,-0.0108336,-0.119664366,-,v
8/9/2018,49.47544861,49.68862173,49.07752088,49.62940657,93970400,73.79091704,1.227759208,0.887911708,0.3398475,0.016889115,0.007864953,0.009479851,0.013103849,0.042933564,-,v
8/10/2018,49.32807541,49.70125249,49.12366074,49.28766832,98444800,71.99927272,1.247098541,0.959749074,0.287349466,-0.006885802,-0.002978714,0.000254198,0.000940143,0.047614994,v,v
8/13/2018,49.64657974,50.14097807,49.36848136,49.75116449,103563600,73.49697618,1.273446243,1.022488508,0.250957735,0.009403897,0.006456857,0.008847374,0.004983762,0.051996652,-,v
8/14/2018,49.85576248,50.0482919,49.50160105,49.95321681,82992000,74.46307233,1.296263765,1.077243559,0.219020205,0.004061258,0.004213437,-0.001848511,0.002696451,-0.198637359,-,^
8/15/2018,49.97222137,50.09106703,49.51823011,49.72977523,115230400,75.00925218,1.308658672,1.123526582,0.18513209,-0.004473017,0.002335916,0.000854677,0.00033593,0.388451899,-,^
8/16/2018,50.704319,50.82078544,50.26458857,50.33114185,114001600,78.1700759,1.361857242,1.171192714,0.190664528,0.012092687,0.014650092,0.014567835,0.015072398,-0.010663853,-,v
8/17/2018,51.71688461,51.80482925,50.66628928,50.73284256,141708000,81.630687,1.468791758,1.230712523,0.238079235,0.007981156,0.019970007,0.019363019,0.007991724,0.243035185,^,v
8/20/2018,51.21297455,52.09718294,51.12978113,51.8404795,121150800,75.23842173,1.49563604,1.283697226,0.211938814,0.02183274,-0.009743628,0.005643367,0.009147934,-0.145067322,-,v
8/21/2018,51.11314011,51.62417862,50.87307318,51.53147915,104639200,74.0020274,1.491659599,1.325289701,0.166369898,-0.0059606,-0.001949397,-0.009079269,-0.005020713,-0.136289649,v,v
8/22/2018,51.11551666,51.4268917,50.82790858,50.88971064,76072400,74.01297519,1.471734766,1.354578714,0.117156052,-0.012453912,4.65E-05,-0.003821599,-0.00088779,-0.273002852,-,v
8/23/2018,51.2201004,51.59089826,51.00855529,51.02043695,75532800,74.52144175,1.447695099,1.373201991,0.074493108,0.002568816,0.002046027,0.003189121,0.003554085,-0.007093243,-,v
8/24/2018,51.37934494,51.55523416,51.12976839,51.48392968,73905600,75.31348814,1.425065919,1.383574777,0.041491143,0.009084452,0.003109024,-0.000691287,0.002376329,-0.021542959,-,v
8/27/2018,51.8024559,51.99260972,51.41977267,51.6146777,82100400,77.33000396,1.424848879,1.391829597,0.033019282,0.002539589,0.00823504,0.008483631,0.005671926,0.11088199,-,-
8/28/2018,52.22078323,52.42044308,52.03538429,52.05677564,91107200,79.14393557,1.441812081,1.401826094,0.039985987,0.008565353,0.008075434,0.008228734,0.011972274,0.109704703,-,-
8/29/2018,53.00040436,53.12162924,52.15184831,52.32773755,109019200,82.02979137,1.50086343,1.421633561,0.079229869,0.005205123,0.014929327,0.013376197,0.00223817,0.196603562,-,^
8/30/2018,53.4876709,54.25541275,52.86254164,53.06458069,195175200,83.56084187,1.568895141,1.451085877,0.117809264,0.014081311,0.009193638,0.021343161,0.013627385,0.790282813,-,^
8/31/2018,54.10567474,54.40040965,53.71823674,53.83945801,173360400,85.27447006,1.653616644,1.491592031,0.162024614,0.014602533,0.011554136,0.002672487,0.016187173,-0.111770348,-,^
9/4/2018,54.27920532,54.47411037,53.86800024,54.29109062,109560400,85.72445627,1.714992151,1.536272055,0.178720096,0.008388506,0.003207253,0.001354783,0.002787945,-0.368019455,^,^
9/5/2018,53.92502594,54.59056233,53.50431494,54.42893398,133332000,80.32894877,1.715280679,1.572073779,0.143206899,0.002538968,-0.006525139,0.002137749,-0.006751416,0.216972556,-,^
9/6/2018,53.02893829,54.03912647,52.60109317,53.77290971,137160000,68.56988189,1.624476599,1.582554343,0.041922256,-0.012052859,-0.016617287,-0.010101304,-0.016881288,0.028710287,-,^
9/7/2018,52.60108948,53.56849126,52.46085247,52.73182043,150479200,63.76988518,1.500690859,1.566181646,-0.065490788,-0.019360851,-0.008068214,-0.008709157,-0.002666117,0.097107028,-,^
9/10/2018,51.89515305,52.73182762,51.45304699,52.51790322,158066000,56.7153544,1.330291821,1.519003681,-0.18871186,-0.004056701,-0.013420567,-0.015618578,-0.01921062,0.050417599,-,-
9/11/2018,53.20720291,53.31416328,51.47443117,51.81908286,142996000,64.56210492,1.286293227,1.472461591,-0.186168363,-0.013306326,0.025282705,0.011043343,0.000415606,-0.095339921,-,-
9/12/2018,52.54642868,53.48055395,52.25406571,53.46629305,197114800,58.78258095,1.184451447,1.414859562,-0.230408114,0.031787714,-0.012418887,0.003120947,0.015146054,0.378463733,-,-
9/13/2018,53.81570053,54.27682234,52.9029666,53.12877266,166825600,65.22273238,1.192415312,1.370370712,-0.1779554,-0.00631277,0.024155245,0.014888933,0.01241819,-0.153662739,-,-
9/14/2018,53.20482635,53.91790034,52.89107569,53.65881767,127997200,60.33646791,1.136335326,1.323563635,-0.187228309,0.009976609,-0.011351226,-0.006612804,-0.000224768,-0.232748451,-,-
9/17/2018,51.78818512,52.99327821,51.64319327,52.80312443,148780400,50.82683331,0.966439906,1.252138889,-0.285698983,-0.015946927,-0.026626179,-0.017148704,-0.02359344,0.162372302,-,-
9/18/2018,51.87375259,52.73181836,51.60753586,51.7667886,126286800,51.32585087,0.829143295,1.16753977,-0.338396475,-0.019626411,0.001652259,-0.00493383,-0.000690457,-0.151186581,-,-
9/19/2018,51.90464783,52.20176195,51.17493742,51.93554886,108495200,51.51716328,0.714590375,1.076949891,-0.362359516,0.00326001,0.000595585,-0.010051927,-0.008382466,-0.140882499,-,-
9/20/2018,52.29923248,52.83403807,52.09006291,52.34914927,106435200,54.00373355,0.648174295,0.991194772,-0.343020477,0.007963725,0.007602106,0.012112161,0.017882298,-0.018987015,-,-
9/21/2018,51.73590088,52.61535816,51.64795261,52.47749674,384986800,50.05659285,0.543814169,0.901718651,-0.357904482,0.002451759,-0.010771317,-0.004138997,-0.008487421,2.617100358,-,v
9/24/2018,52.47986221,52.59157742,51.49106913,51.53623106,110773600,54.75940921,0.515200569,0.824415035,-0.309214466,-0.017936558,0.014379982,-0.000451973,-0.003037555,-0.712266498,-,v
9/25/2018,52.81263351,52.9623802,52.22078084,52.23266613,98217600,56.72242138,0.513457133,0.762223454,-0.248766322,0.013513504,0.006340933,0.007050612,0.014171617,-0.113348307,-,v
9/26/2018,52.39192581,53.18343843,52.23504865,52.52978723,95938800,53.55838493,0.472679101,0.704314584,-0.231635483,0.005688415,-0.007966043,0.004173873,0.000273221,-0.023201544,v,v
9/27/2018,53.46866226,53.82282364,53.13351663,53.20007353,120724800,59.74706341,0.52123735,0.667699137,-0.146461787,0.012760118,0.020551572,0.012022262,0.017200481,0.2583522,-,v
9/28/2018,53.65642929,53.68019624,53.24760001,53.43061968,91717600,60.72982471,0.568320102,0.64782333,-0.079503228,0.004333568,0.003511721,-0.002649943,0.002147108,-0.240275403,-,^
10/1/2018,54.01772308,54.53113716,53.80142676,54.18173066,94403200,62.62088487,0.627552873,0.643769239,-0.016216366,0.014057688,0.006733467,0.015852046,0.010400971,0.029281185,-,^
10/2/2018,54.4978714,54.66900946,53.86799078,54.01535826,99152800,65.03093522,0.705111145,0.65603762,0.049073525,-0.003070637,0.008888718,0.002528322,0.001237217,0.050311854,-,^
10/3/2018,55.16102219,55.49378856,54.61670707,54.68088474,114619200,68.09100794,0.810741635,0.686978423,0.123763212,0.01232106,0.01216838,0.015086776,0.013899094,0.155985509,^,^
10/4/2018,54.1912384,55.22757257,53.89174506,54.85439551,128168000,59.84367884,0.806899676,0.710962674,0.095937003,0.003173152,-0.017580961,-0.004797221,-0.013273631,0.118207072,-,^
10/5/2018,53.31178284,54.29107351,52.4299501,54.18411314,134322000,53.51357029,0.724538157,0.71367777,0.010860387,-0.012219301,-0.016228741,-0.016957093,-0.027124654,0.048015105,-,^
10/8/2018,53.18819046,53.43301224,52.33963066,52.81739256,118655600,52.67038727,0.641893835,0.699320983,-0.057427148,-0.02522364,-0.002318294,-0.015804831,-0.001722669,-0.116633165,-,v
10/9/2018,53.92502594,54.02010464,52.82689326,53.15728403,107564000,57.01852023,0.62860788,0.685178363,-0.056570483,0.006435219,0.013853366,0.010987447,0.00930963,-0.093477257,-,^
10/10/2018,51.42689514,53.80143278,51.35321141,53.58988765,167962400,42.69681645,0.411753943,0.630493479,-0.218739535,0.008138181,-0.046326001,-0.004047972,-0.027896432,0.561511286,-,^
10/11/2018,50.97290039,52.17324222,50.46662037,50.98954052,212497600,40.69624782,0.200945677,0.544583918,-0.343638241,-0.048523093,-0.008827963,-0.030262959,-0.017264569,0.265149819,v,^
10/12/2018,52.79361343,52.97663675,51.5409793,52.39191457,161351600,50.67737325,0.178734593,0.471414053,-0.29267946,0.027503171,0.035719236,0.015398593,0.021288506,-0.240689777,^,^
10/15/2018,51.6645813,52.7270617,51.64318995,52.56780897,123164000,45.55699659,0.069230643,0.390977371,-0.321746728,0.003357281,-0.021385771,-0.00471104,0.001983095,-0.236673203,-,v
10/16/2018,52.8031311,53.00279459,51.52197489,52.03776468,116736000,50.94023585,0.073472483,0.327476394,-0.254003911,-0.010083058,0.022037337,0.005229438,-0.002347164,-0.052190575,-,v
10/17/2018,52.57494736,52.91959907,52.13521693,52.83878489,91541600,49.87582557,0.057755877,0.27353229,-0.215776414,0.015393056,-0.004321406,-0.001569644,0.011902534,-0.215823739,-,v
10/18/2018,51.34608078,52.23029279,50.62825197,51.78343195,130325200,44.48487673,-0.053245133,0.208176806,-0.261421939,-0.019973074,-0.023373615,-0.013025539,-0.028904933,0.423671861,v,^
10/19/2018,52.12808609,52.59158347,51.68122522,51.83097192,132314800,48.31349389,-0.077222764,0.151096892,-0.228319656,0.000918054,0.015230088,0.006917263,0.020798136,0.015266426,-,^
10/22/2018,52.44658661,53.09073166,52.0401365,52.24217194,115168400,49.8310704,-0.069721177,0.106933278,-0.176654455,0.007933481,0.00610996,0.009491028,0.006944713,-0.129587922,-,^
10/23/2018,52.940979,53.06457949,51.03231827,51.30091058,155071200,52.17824424,-0.023610612,0.0808245,-0.104435112,-0.018017271,0.009426589,-0.000492594,-0.019366172,0.346473512,^,^
10/24/2018,51.12501907,53.29751734,50.99428814,52.910083,163702000,44.02977468,-0.132077935,0.038244013,-0.170321948,0.031367326,-0.034301593,0.004389705,-0.000745217,0.055657014,-,v
10/25/2018,52.2445488,52.62010149,51.5195896,51.74777485,119423200,49.28769486,-0.12624708,0.005345794,-0.131592874,-0.021967612,0.021897884,-0.012710083,0.010301182,-0.270484172,-,v
10/26/2018,51.41263199,52.33725106,50.54981136,51.31755329,189033600,45.84146401,-0.186603767,-0.033044118,-0.153559649,-0.008313818,-0.015923514,-0.00537533,-0.018823485,0.582888417,-,v
10/29/2018,50.44760895,52.21840862,48.9858051,52.09956296,183742000,42.15899909,-0.308747126,-0.088184719,-0.220562406,0.015238639,-0.018770154,-0.002270705,-0.030939903,-0.027992907,v,^
10/30/2018,50.69956589,51.14642316,49.74167003,50.18852731,146640000,43.43658205,-0.380825875,-0.14671295,-0.234112924,-0.036680455,0.004994428,-0.02052888,0.015430285,-0.201924438,-,^
10/31/2018,52.02111816,52.39904646,51.48868835,51.5504904,153435600,49.7109431,-0.327534959,-0.182877352,-0.144657607,0.027136941,0.026066343,0.024490927,0.035121827,0.046342062,-,v
11/1/2018,52.819767,52.85304364,51.53385605,52.06628593,233292800,53.09697404,-0.218340347,-0.189969951,-0.028370396,0.010005638,0.015352397,0.008664226,0.000877235,0.520460701,^,v
11/2/2018,49.31620026,50.78275545,48.82893226,49.80822309,365314800,40.28312057,-0.409787609,-0.233933483,-0.175854126,-0.043369002,-0.066330598,-0.039170652,-0.052488286,0.565906878,-,^
11/5/2018,47.91618729,48.58172364,47.10328349,48.56033229,264654800,36.49321448,-0.666793905,-0.320505567,-0.346288338,-0.025053911,-0.0283885,-0.043342111,-0.035340703,-0.275543175,v,^
11/6/2018,48.43436432,48.66017036,47.93996591,47.9946339,127531600,38.78866521,-0.819217263,-0.420247906,-0.398969357,-0.011649393,0.010814238,0.001614737,0.01776272,-0.518120964,-,^
11/7/2018,49.90329361,49.9294398,48.51993197,48.95728314,133697600,44.8718206,-0.81212192,-0.498622709,-0.313499211,0.020057435,0.030328245,0.026084361,0.012097757,0.048348801,^,^
11/8/2018,49.72916794,50.11795409,49.31414073,50.08456135,101450400,44.30968343,-0.811198306,-0.561137828,-0.250060478,0.023025751,-0.003489262,0.003775614,0.016368711,-0.241195055,-,^
11/9/2018,48.77031708,49.13763727,48.24080095,49.02791981,137463200,41.24547788,-0.877719779,-0.624454219,-0.253265561,-0.021097151,-0.019281458,-0.019560192,-0.021765355,0.354979379,-,v
11/12/2018,46.31354904,47.66834808,46.22291004,47.46560409,204542000,34.63628628,-1.115816734,-0.722726722,-0.393090012,-0.031865837,-0.050374248,-0.029901503,-0.041829548,0.487976418,-,v
11/13/2018,45.85082626,47.03150282,45.66478044,45.70771605,187531600,33.54596691,-1.32655643,-0.843492663,-0.483063767,-0.037034987,-0.009991089,-0.013359919,-0.01207474,-0.08316336,-,^
11/14/2018,44.55566025,46.38749718,44.3481448,46.24915476,243204000,30.63871786,-1.579866513,-0.990767433,-0.58909908,0.011845674,-0.028247387,-0.01369307,-0.028832628,0.296869434,v,^
11/15/2018,45.65523148,45.78880244,44.57950118,44.9348982,185915200,35.73114796,-1.672609568,-1.12713586,-0.545473708,-0.028416877,0.024678598,-0.012906382,0.005216822,-0.235558626,-,^
11/16/2018,46.16090012,46.50437043,45.19012298,45.43818285,147713200,37.98603505,-1.685872189,-1.238883126,-0.446989063,0.011200307,0.011075809,0.015627576,0.013697367,-0.205480778,^,^
11/19/2018,44.33145142,45.48589057,44.1239396,45.31892683,167701200,33.41786876,-1.822989841,-1.355704469,-0.467285372,-0.002624577,-0.039631998,-0.021900734,-0.023593284,0.135316275,-,^
11/20/2018,42.21339035,43.28434955,41.86276465,42.54493396,271300800,29.06050321,-2.078605523,-1.50028468,-0.578320844,-0.061210471,-0.047777842,-0.048400526,-0.05124599,0.617763021,-,^
11/21/2018,42.16568375,42.99812219,42.11082501,42.86931899,124496800,28.96888081,-2.258992064,-1.652026157,-0.606965907,0.007624528,-0.00113013,-0.006612722,0.005925561,-0.541111563,-,v
11/23/2018,41.09472656,42.12275376,41.04941069,41.72680855,94496000,26.91721354,-2.460009532,-1.813622832,-0.6463867,-0.026651005,-0.025398786,-0.020358295,-0.025205261,-0.240976475,-,^
11/26/2018,41.65048218,41.72919444,40.61053181,41.55984679,179994000,29.69967391,-2.545133772,-1.95992502,-0.585208753,-0.004001307,0.01352377,-0.009343153,-0.010691478,0.904779038,-,^
11/27/2018,41.55984116,41.68625681,40.75841159,40.90867713,165549600,29.50238772,-2.590052803,-2.085950576,-0.504102226,-0.01566824,-0.00217623,-0.001028959,0.003641415,-0.080249342,v,v
11/28/2018,43.15791702,43.24139705,41.72440592,42.15374372,184250000,37.3980754,-2.468247669,-2.162409995,-0.305837674,0.030435269,0.038452406,0.037305826,0.02370049,0.1129595,^,^
11/29/2018,42.82637787,43.60156988,42.38511327,43.56817714,167080000,36.48511203,-2.371135685,-2.204155133,-0.166980552,0.033554159,-0.007682001,0.008329352,0.015835033,-0.093188602,-,^
11/30/2018,42.59501648,43.0124276,42.22530876,43.00288474,158126000,35.82780981,-2.286485487,-2.220621204,-0.065864284,-0.012974892,-0.00540231,-0.013511951,-0.003770298,-0.053591094,v,^
12/3/2018,44.08338928,44.1120106,43.22232957,43.9975217,163210000,42.94849883,-2.075376699,-2.191572303,0.116195604,0.02312954,0.034942416,0.025564309,0.023611925,0.032151575,^,^
12/4/2018,42.14421844,43.50378556,42.0440402,43.16031521,165377200,37.16260643,-2.04101875,-2.161461592,0.120442843,-0.019028492,-0.043988697,-0.013788196,-0.027261126,0.013278598,-,^
12/6/2018,41.67434311,41.68865377,40.64870322,40.96832013,172393600,35.90056136,-2.028323588,-2.134833991,0.106510403,-0.050787281,-0.011149224,-0.041723537,-0.033187509,0.042426646,-,^
12/7/2018,40.18835831,41.61948266,40.14303879,41.38096193,169126400,32.17875067,-2.113802536,-2.1306277,0.016825164,0.010072217,-0.035657066,-0.001659231,-0.012439866,-0.01895198,-,^
12/10/2018,40.45310974,40.56998255,38.95758402,39.35591313,248104000,33.50148798,-2.135564532,-2.131615067,-0.003949465,-0.048936726,0.006587764,-0.025216558,-0.029530768,0.466973814,-,-
12/11/2018,40.22173309,40.97545548,39.83294332,40.94445028,189126800,32.89762521,-2.146735007,-2.134639055,-0.012095952,0.040363366,-0.005719626,0.009994407,0.022469548,-0.237711605,-,-
12/12/2018,40.33385086,41.00647733,40.31476877,40.64392485,142510800,33.52292126,-2.122078719,-2.132126988,0.010048268,-0.007339833,0.002787492,0.000757084,0.012096155,-0.246480139,-,-
12/13/2018,40.77510834,41.1615143,40.44118085,40.66539087,127594400,36.04872342,-2.043377855,-2.114377161,0.070999306,0.000528148,0.010940128,0.003780792,0.003135627,-0.104668558,-,-
12/14/2018,39.47039032,40.32906599,39.42268692,40.3099839,162814800,32.15803723,-2.062511347,-2.104003998,0.041492652,-0.00873979,-0.031997904,-0.020223948,-0.025184574,0.276034058,-,-
12/17/2018,39.10308456,40.15496174,38.81447291,39.46324951,177151600,31.13912114,-2.083298315,-2.099862862,0.016564547,-0.021005575,-0.009305856,-0.004317091,-0.01542802,0.088055877,-,-
12/18/2018,39.61112976,39.9593679,39.21041314,39.44654991,135366000,34.24262749,-2.035315288,-2.086953347,0.051638059,-0.000423168,0.012992458,-0.004870975,0.01020084,-0.23587481,-,-
12/19/2018,38.37558746,39.94028235,37.94624956,39.59442814,196189200,30.62744073,-2.073089051,-2.084180488,0.011091437,0.003748825,-0.031191796,-0.000477624,-0.032240506,0.449324055,-,v
12/20/2018,37.40720367,38.66659274,37.04226728,38.25872072,259092000,28.12146864,-2.156308922,-2.098606175,-0.057702747,-0.033734732,-0.02523437,-0.03188985,-0.023822704,0.320623154,-,^
12/21/2018,35.95222092,37.72443145,35.68985035,37.41435384,382978400,24.83369516,-2.313003355,-2.141485611,-0.171517744,-0.022069919,-0.038895791,-0.024366287,-0.036510101,0.478156022,-,^
12/24/2018,35.02199173,36.14780963,34.96474546,35.33683713,148676800,22.98358157,-2.483616953,-2.209911879,-0.273705074,-0.055527264,-0.02587404,-0.041793124,-0.020316838,-0.611788028,v,^
12/26/2018,37.48830032,37.50261098,34.99575958,35.37262275,234330000,36.49259296,-2.392242682,-2.24637804,-0.145864643,0.0010127,0.070421711,0.037479487,0.000887011,0.576103333,^,^
12/27/2018,37.24500656,37.39289187,35.79480388,37.17106573,212468400,35.82502574,-2.312799179,-2.259662268,-0.053136911,0.050842794,-0.006489858,-0.002925639,0.022832603,-0.093294072,-,^
12/28/2018,37.26408386,37.81029824,36.86337088,37.56700614,169165600,35.92400775,-2.222678596,-2.252265533,0.029586938,0.010651845,0.000512211,0.01116272,0.029852573,-0.20380819,-,v
12/31/2018,37.62424469,38.01064694,37.32370637,37.81267438,140014000,37.87223891,-2.098010852,-2.221414597,0.123403745,0.006539468,0.009665093,0.005298786,0.012487613,-0.172325816,-,^
1/2/2019,37.66718292,37.88900903,36.78704109,36.9444656,148158800,38.11382458,-1.973002467,-2.171732171,0.198729704,-0.022960788,0.001141238,-0.003200101,-0.014378671,0.058171326,-,v
1/3/2019,33.9152565,34.75723422,33.86993699,34.34220692,365248800,27.9035099,-2.151876039,-2.167760945,0.015884905,-0.070437037,-0.099607301,-0.082656551,-0.079297057,1.465252148,v,v
1/4/2019,35.36307144,35.43224447,34.29927135,34.47339041,234428400,35.12575672,-2.152001139,-2.164608983,0.012607845,0.003819891,0.042689193,0.019420712,0.012675972,-0.358167912,^,v
1/7/2019,35.28436279,35.49903359,34.8001661,35.46802474,219111200,34.92095274,-2.133853674,-2.158457922,0.024604247,0.028852234,-0.00222573,0.001884981,0.014603656,-0.0653385,v,^
1/8/2019,35.95698929,36.21220814,35.42508924,35.67314912,164101200,38.23523633,-2.04166134,-2.135098605,0.093437265,0.005783361,0.019063019,0.020089971,0.017957476,-0.251059736,-,^
1/9/2019,36.56760025,36.85859573,35.68984601,36.08578752,180396400,41.16453066,-1.897454376,-2.08756976,0.190115383,0.011567198,0.016981704,0.017849991,0.007473708,0.0992997,-,v
1/10/2019,36.68447495,36.72502302,35.98322369,36.37439739,143122800,41.73413982,-1.753524964,-2.0207608,0.267235837,0.007997882,0.003196127,-0.003623923,0.0082202,-0.206620531,^,v
1/11/2019,36.32431793,36.66063301,36.13827207,36.46504792,108092800,40.43501343,-1.649507037,-1.946510048,0.29700301,0.002492152,-0.009817696,-0.001753301,0.004308907,-0.244754854,-,v
1/14/2019,35.77809906,36.08102132,35.59205324,35.98084308,129756800,38.478694,-1.592786726,-1.875765383,0.282978658,-0.013278602,-0.015037278,-0.015810193,-0.015114691,0.20042038,v,v
1/15/2019,36.51036835,36.58669308,35.79003475,35.8425096,114843600,42.49543044,-1.471781676,-1.794968642,0.323186966,-0.003844642,0.02046697,0.014014896,0.00556252,-0.114931934,-,^
1/16/2019,36.95639801,37.18060805,36.49366727,36.51274936,122278800,44.85707845,-1.324623994,-1.700899712,0.376275718,0.018699577,0.01221652,0.016233087,0.019660012,0.064741962,-,^
1/17/2019,37.17583847,37.60517648,36.55568316,36.77989321,119284800,46.03141212,-1.176728863,-1.596065542,0.41933668,0.007316454,0.005937821,0.011419082,0.00169936,-0.024485029,-,^
1/18/2019,37.40480804,37.65763934,37.20444794,37.56700033,135004000,47.29271147,-1.029181214,-1.482688677,0.453507463,0.021400473,0.006159096,0.001395097,0.017747303,0.131778735,^,v
1/22/2019,36.56521988,37.38334404,36.40302393,37.30701932,121576000,43.29688193,-0.968828338,-1.379916609,0.411088271,-0.006920462,-0.022445996,-0.007283922,-0.021541081,-0.09946372,-,^
1/23/2019,36.71309662,37.00409209,36.1835805,36.76795535,92522400,44.19128444,-0.898706107,-1.283674508,0.384968402,-0.014449398,0.004044191,-0.010144944,-0.006028165,-0.238974798,-,^
1/24/2019,36.42210007,36.8466665,36.1931223,36.75841503,101766000,42.76187876,-0.856738772,-1.198287361,0.341548589,-0.000259474,-0.007926233,-0.004254275,0.000263705,0.099906617,v,v
1/25/2019,37.62900925,37.71726435,36.80850142,37.08518256,134142000,49.98740815,-0.717817321,-1.102193353,0.384376032,0.008889598,0.033136727,0.023627588,0.017002654,0.318141619,^,v
1/28/2019,37.28078461,37.28793994,36.65109013,37.15913673,104768400,48.10069764,-0.628574078,-1.007469498,0.37889542,0.00199417,-0.009254154,-0.011382703,-0.004276493,-0.218973923,-,v
1/29/2019,36.89437485,37.71727406,36.75841996,37.26885404,166348800,46.02478219,-0.582315631,-0.922438725,0.340123094,0.002952634,-0.010364851,0.011514021,0.002928421,0.587776467,v,v
1/30/2019,39.41553497,39.63020209,38.21816037,38.9384937,244439200,58.58401938,-0.338318996,-0.805614779,0.467295783,0.044799866,0.06833454,0.050717558,0.039711729,0.469437712,-,v
1/31/2019,39.6993866,40.30999902,39.25096651,39.62067433,162958400,59.72041482,-0.12065462,-0.668622747,0.547968128,0.017519441,0.007201516,0.017153506,0.027023963,-0.333337697,-,v
2/1/2019,39.7184639,40.30522272,39.57773393,39.82341358,130672400,59.80025015,0.052776966,-0.524342804,0.57711977,0.005117007,0.000480544,-0.000118489,0.00832508,-0.198124184,-,^
2/4/2019,40.84666061,40.94445495,39.89973336,39.93074221,125982000,64.30591576,0.278053564,-0.363863531,0.641917095,0.002695114,0.028404843,0.015859787,0.008135873,-0.035894343,-,^
2/5/2019,41.54552841,41.7601992,41.10903879,41.23068302,144406400,66.78911164,0.50713376,-0.189664073,0.696797833,0.032554887,0.017109545,0.019923192,0.030308609,0.146246289,-,^
2/6/2019,41.55984116,41.87707407,41.22829758,41.65763186,112958400,66.83999104,0.681975001,-0.015336258,0.697311259,0.010355124,0.000344507,0.002798714,0.002901036,-0.217774281,^,^
2/7/2019,40.77272034,41.48828228,40.62960649,41.12095845,126966800,61.27989103,0.74839682,0.137410358,0.610986462,-0.012882955,-0.018939457,-0.00928412,-0.014521363,0.124013796,-,^
2/8/2019,40.82062912,40.88051502,40.343936,40.48047762,95280000,61.48987184,0.795729751,0.269074236,0.526655515,-0.015575533,0.001175021,-0.01464913,-0.007031092,-0.249567603,-,^
2/11/2019,40.58587265,41.01226364,40.54275655,40.97393579,83973600,59.77914813,0.805018799,0.376263149,0.42875565,0.012190028,-0.005750927,0.003222773,0.00492814,-0.118664987,-,^
2/12/2019,40.93560791,40.96195785,40.65055043,40.74637006,89134000,61.49772594,0.831021649,0.467214849,0.3638068,-0.005553914,0.008617167,-0.001226604,0.00265877,0.061452647,-,-
2/13/2019,40.76553726,41.3164884,40.70325723,41.05538669,89960800,60.15173928,0.828357031,0.539443285,0.288913745,0.007583906,-0.00415459,0.008655117,0.001296583,0.009275922,-,-
2/14/2019,40.91404724,41.02423525,40.57389577,40.6529456,87342800,60.95536535,0.828676351,0.597289898,0.231386452,-0.009802394,0.003643028,-0.007073523,-0.00317816,-0.029101564,-,-
2/15/2019,40.82302094,41.12963646,40.66252716,41.02184257,98507200,60.15459239,0.812221567,0.640276232,0.171945335,0.009074299,-0.002224818,0.002569243,0.002184444,0.127822786,-,-
2/19/2019,40.9451828,41.06735237,40.60024311,40.65294299,75891200,60.89703111,0.799818662,0.672184718,0.127633944,-0.00899276,0.002992475,-0.001514336,-0.001531731,-0.229587279,-,-
2/20/2019,41.20868683,41.51770013,40.95956308,41.00747107,104457600,62.51931245,0.802006809,0.698149136,0.103857672,0.008720847,0.006435532,0.010966077,0.008850193,0.376412548,-,-
2/21/2019,40.97633743,41.29013904,40.79428557,41.15360106,68998800,60.14963934,0.776046495,0.713728608,0.062317887,0.003563497,-0.00563836,-0.005481062,-0.004035139,-0.339456392,-,-
2/22/2019,41.43386459,41.44105061,41.05299107,41.10089907,75652800,63.11440933,0.783361277,0.727655142,0.055706135,-0.001280617,0.011165643,0.003654906,0.006341709,0.09643646,-,-
2/25/2019,41.73569107,42.12854253,41.66861914,41.71892491,87493600,64.96611594,0.804242363,0.742972586,0.061269777,0.015036796,0.007284536,0.016589635,0.014995937,0.156515027,-,-
2/26/2019,41.75964355,41.99200118,41.48177205,41.61112767,68280800,65.11578166,0.813347772,0.757047623,0.056300149,-0.002583893,0.000573909,-0.003241065,-0.00448412,-0.219590919,-,-
2/27/2019,41.88898468,41.92012652,41.37636156,41.49134512,111341600,65.961404,0.82153053,0.769944204,0.051586325,-0.002878618,0.003097276,-0.001711628,-0.002541128,0.630642875,-,-
2/28/2019,41.47697449,41.89857358,41.42188048,41.75724373,112861600,60.89731205,0.785712441,0.773097852,0.012614589,0.006408532,-0.009835765,-0.000514143,0.001100119,0.013651681,-,-
3/1/2019,41.91295242,41.95606853,41.4147012,41.74766672,103544800,64.04313812,0.783474715,0.775173224,0.008301491,-0.00022935,0.010511324,0.001372241,-0.000173321,-0.082550664,-,-
3/4/2019,42.12375259,42.57888407,41.67340936,42.08542473,109744800,65.48884012,0.789608992,0.778060378,0.011548614,0.008090464,0.005029476,0.014844469,0.006246771,0.059877464,-,v
3/5/2019,42.04708862,42.15967441,41.80993914,42.14530238,78949600,64.47356505,0.779301012,0.778308505,0.000992507,0.001422764,-0.00181997,-0.009845483,0.003276185,-0.280607373,-,v
3/6/2019,41.80516052,42.03751816,41.66622476,41.84109061,83241600,61.24671411,0.743044928,0.771255789,-0.028210861,-0.007218166,-0.005753742,-0.002897467,-0.003437326,0.054363797,-,v
3/7/2019,41.32127762,41.78599286,41.2062977,41.64945123,99185600,55.28658547,0.667571071,0.750518846,-0.082947775,-0.004580172,-0.011574717,-0.005983353,-0.011038367,0.191538846,v,v
3/8/2019,41.41950226,41.45783013,40.60265736,40.79908495,95997600,56.21797958,0.608667067,0.72214849,-0.113481423,-0.020417227,0.002377096,-0.007853415,-0.014649225,-0.032141763,-,v
3/11/2019,42.85435486,42.90705475,42.00397788,42.03751384,128044000,67.02398822,0.670042006,0.711727193,-0.041685187,0.03035433,0.034641957,0.034956596,0.034513025,0.333825012,-,v
3/12/2019,43.33583832,43.75743378,42.96693909,43.11785274,129870400,69.72434886,0.748900915,0.719161938,0.029738977,0.0256994,0.011235345,0.019819096,0.022925477,0.014263847,-,v
3/13/2019,43.52746582,43.90833924,43.33822434,43.65681775,124130000,70.75093816,0.817437002,0.73881695,0.078620051,0.012499811,0.004421918,0.003448682,0.008641185,-0.044200988,-,^
3/14/2019,44.01134872,44.09998235,43.73108312,44.0520707,94318000,73.2202549,0.90041819,0.771137198,0.129280992,0.009053636,0.011116726,0.004364618,0.009064949,-0.240167566,-,v
3/15/2019,44.5838623,44.87371173,44.01375091,44.27964451,156171600,75.82119251,1.000841364,0.817078031,0.183763333,0.005166018,0.013008317,0.017544891,0.006463773,0.655798469,-,v
3/18/2019,45.03899384,45.12762381,44.50480891,44.50720669,104879200,77.67731148,1.104421679,0.874546761,0.229874918,0.005139205,0.010208437,0.00565837,0.011156922,-0.328436156,^,^
3/19/2019,44.68206787,45.27134674,44.53594613,45.11803898,126585600,72.94787417,1.144515619,0.928540533,0.215975086,0.013724346,-0.007924821,0.003184811,0.000699637,0.206965728,v,^
3/20/2019,45.07254028,45.39113382,44.25090355,44.61021907,124140800,74.75849468,1.194034133,0.981639253,0.21239488,-0.011255363,0.008738906,0.00264598,-0.006400281,-0.019313413,-,^
3/21/2019,46.73256302,47.02959842,45.46777302,45.51807879,204136800,80.67905454,1.351646929,1.055640788,0.296006141,0.020350936,0.036830024,0.036096578,0.027499314,0.644397329,^,v
3/22/2019,45.76480484,47.35537417,45.70012705,46.79244526,169630800,70.32324768,1.382529271,1.121018485,0.261510787,0.02799693,-0.020708434,0.006927037,0.005110301,-0.169033707,-,v
3/25/2019,45.21147156,45.98759067,44.69884827,45.87500486,175381200,65.17225958,1.346828973,1.166180582,0.180648391,-0.019606592,-0.012090804,-0.028883385,-0.021909759,0.033899504,-,v
3/26/2019,44.74436188,46.20318565,44.2149724,45.91094207,199202000,61.10339069,1.266247864,1.186194039,0.080053826,0.000783372,-0.010331663,0.004688112,-0.010825243,0.135822996,v,v
3/27/2019,45.14678574,45.45579539,44.68686243,45.21385766,119393600,63.23308674,1.22078653,1.193112537,0.027673993,-0.015183405,0.008993845,-0.016176163,0.01067263,-0.400640556,-,v
3/28/2019,45.20668411,45.40789993,44.92162655,45.26177814,83121600,63.55296454,1.176034797,1.189696989,-0.013662192,0.001059863,0.001326747,-0.001053671,0.005253538,-0.303801879,-,v
3/29/2019,45.50130081,45.53244265,45.1635435,45.47255675,94256000,65.15860908,1.151072978,1.181972187,-0.030899208,0.004656879,0.006517105,0.002742754,0.005385312,0.133953148,-,v
4/1/2019,45.81031799,45.9157141,45.12522317,45.90613397,111448000,66.81019746,1.143049301,1.17418761,-0.031138309,0.009534921,0.006791392,0.008417547,-0.000848479,0.182396877,-,-
4/2/2019,46.47625351,46.58165329,45.76480868,45.77438881,91062800,70.0996037,1.176859802,1.174722048,0.002137754,-0.002869881,0.014536802,0.014503514,0.01417357,-0.18291221,-,-
4/3/2019,46.7948494,47.07032311,46.26785049,46.29180631,93087200,71.55222949,1.215353059,1.18284825,0.032504809,0.011303646,0.006855025,0.010490607,0.010991892,0.022230812,-,^
4/4/2019,46.87629318,47.0391811,46.2654562,46.66070172,76457200,71.92768417,1.238158357,1.193910272,0.044248086,0.007968914,0.001740443,-0.000661606,-5.17E-05,-0.178649696,-,^
4/5/2019,47.19009781,47.21405364,46.93378436,47.05834807,74106400,73.38521681,1.266948537,1.208517925,0.058430612,0.008522083,0.006694314,0.003717593,0.014445511,-0.030746614,-,^
4/8/2019,47.93268204,47.96382022,47.03199565,47.05115957,103526800,76.49526088,1.334304274,1.233675194,0.100629079,-0.000152757,0.015736018,0.015880157,0.00209255,0.397002148,^,^
4/9/2019,47.78895187,48.59142446,47.72427407,47.9853794,143072800,74.67634119,1.360404462,1.259021048,0.101383414,0.019855405,-0.002998584,0.013084951,0.014719308,0.381988046,-,v
4/10/2019,48.05723572,48.08598344,47.47274875,47.59252055,86781200,75.83154641,1.386751702,1.284567179,0.102184524,-0.008187053,0.00561393,-0.010401856,-0.005270386,-0.393447252,-,v
4/11/2019,47.65720749,48.14827269,47.53504155,48.11234261,83603200,70.65592971,1.359679605,1.299589664,0.060089941,0.010922348,-0.008323996,0.001295372,0.00131218,-0.036620835,-,v
4/12/2019,47.63803864,47.94226006,47.00085538,47.71708847,111042800,70.40794548,1.321445209,1.303960773,0.017484436,-0.008215234,-0.000402224,-0.004278713,-0.011237734,0.328212317,v,v
4/15/2019,47.72426987,47.87278938,47.43202639,47.56856799,70146400,70.90269047,1.283309126,1.299830444,-0.016521318,-0.003112522,0.001810134,-0.001449049,0.009173684,-0.368294027,-,v
4/16/2019,47.72906876,48.23690009,47.56378306,47.77937453,102785600,70.93181674,1.23918864,1.287702083,-0.048513443,0.004431635,0.000100554,0.007605797,0.0027778,0.465301142,-,v
4/17/2019,48.65849686,48.71838276,47.57575867,47.79853248,115627200,75.95249066,1.264641913,1.283090049,-0.018448136,0.000400967,0.019472999,0.009981626,0.00025178,0.124935789,-,^
4/18/2019,48.83336258,48.90282862,48.51237501,48.65609898,96783200,76.76560038,1.284121464,1.283296332,0.000825132,0.017941273,0.003593735,0.00378596,0.01968684,-0.162972034,-,^
4/22/2019,48.99386215,49.09207593,48.46926098,48.58663868,77758000,77.51702715,1.297552743,1.286147614,0.011405129,-0.001427577,0.003286679,0.003869864,-0.000888722,-0.196575439,-,^
4/23/2019,49.70051575,49.76519356,48.84294904,48.96990688,93292000,80.50630779,1.349660126,1.298850116,0.050810009,0.007888346,0.014423309,0.01371133,0.007709795,0.199773657,^,^
4/24/2019,49.62386703,49.94006278,49.59751709,49.67177504,70162400,79.27509618,1.368989829,1.312878059,0.05611177,0.014332642,-0.001542212,0.003513886,0.015448863,-0.247926939,-,^
4/25/2019,49.17352295,49.76759021,49.13519509,49.54481636,74172800,72.28071174,1.332608275,1.316824102,0.015784173,-0.002555952,-0.009075151,-0.003453591,-0.009321475,0.05715882,-,v
4/26/2019,48.93875885,49.10643864,48.41655189,49.08248282,74596400,68.86947846,1.270190169,1.307497315,-0.037307146,-0.009331623,-0.004774197,-0.013284782,-0.014625834,0.005710988,-,^
4/29/2019,49.01302338,49.33880287,48.83336565,48.9627176,88818800,69.36206541,1.212736229,1.288545098,-0.075808869,-0.002440081,0.001517499,0.004731848,0.00860891,0.190657994,-,^
4/30/2019,48.0692215,48.72317461,47.69553401,48.64173065,186139600,57.01486007,1.078613063,1.246558691,-0.167945628,-0.006555742,-0.019256145,-0.012477568,-0.023300291,1.095722978,v,^
5/1/2019,50.42873001,51.57614248,50.11971666,50.27542222,259309200,70.94147601,1.149461826,1.227139318,-0.077677492,0.033586214,0.04908564,0.058554638,0.050826198,0.393089917,^,^
5/2/2019,50.10055161,50.93895436,49.85621972,50.2658373,127985200,67.65810312,1.165691361,1.214849727,-0.049158366,-0.000190648,-0.006507767,-0.012354319,-0.005257351,-0.506437874,-,^
5/3/2019,50.72336197,50.74492002,50.35925464,50.51735431,83569600,70.45298885,1.214805455,1.214840872,-3.54E-05,0.005003736,0.012431208,-0.003809154,0.010089712,-0.347037001,-,^
5/6/2019,49.94005966,50.02629552,48.7471333,48.93637117,129772400,63.07079977,1.176955568,1.207263811,-0.030308244,-0.031295842,-0.015442634,-0.014161506,-0.032012415,0.552866114,-,^
5/7/2019,48.59381485,49.68613308,48.10754163,49.31723755,155054800,52.82581595,1.02649575,1.171110199,-0.144614449,0.00778289,-0.026957213,-0.006799673,-0.0131206,0.194821087,-,-
5/8/2019,48.60340118,49.18788823,48.32792747,48.36385755,105358000,52.88450538,0.897680891,1.116424337,-0.218743447,-0.019331577,0.000197275,-0.010027845,0.004581108,-0.3205112,-,-
5/9/2019,48.08119965,48.31115949,47.10865305,48.00454393,139634400,49.28733427,0.744870483,1.042113567,-0.297243083,-0.007429383,-0.010744136,-0.017824078,-0.025229189,0.325332675,-,-
5/10/2019,47.41510391,47.81668553,46.3546512,47.4728171,164834800,45.075632,0.563522835,0.94639542,-0.382872585,-0.011076594,-0.013853559,-0.010235191,-0.016005591,0.180474153,-,-
5/13/2019,44.65937805,45.56352954,43.96924131,45.13790706,229722400,32.64645431,0.195189449,0.796154226,-0.600964777,-0.049184148,-0.058119157,-0.047120706,-0.05145999,0.393652311,-,-
5/14/2019,45.36633301,45.61641612,44.58481822,44.82528431,146118800,37.41423787,-0.039219953,0.62907939,-0.668299344,-0.006925947,0.015829933,0.001160722,0.014000171,-0.363933165,-,-
5/15/2019,45.90979385,46.10938119,44.73151127,44.7916278,106178800,40.87889161,-0.179074091,0.467448694,-0.646522785,-0.000750838,0.011979387,0.010806747,0.003290202,-0.273339228,-,-
5/16/2019,45.707798,46.28251185,45.40961871,45.66691921,132125600,39.99270748,-0.302719319,0.313415091,-0.616134411,0.019541407,-0.004399842,0.003754782,0.015159502,0.244368932,-,-
5/17/2019,45.4480896,45.90497369,44.90944425,44.95032305,131516400,38.82726747,-0.416860048,0.167360063,-0.584220112,-0.0156918,-0.005681928,-0.008157253,-0.011014725,-0.004610764,-,-
5/20/2019,44.02694702,44.32993672,43.35123772,44.13034938,154449200,33.13670976,-0.614903503,0.01090735,-0.625810853,-0.018241775,-0.031269578,-0.034310813,-0.034696634,0.17437217,-,-
5/21/2019,44.87098694,45.20763809,44.41409903,44.53914246,113459200,38.86732708,-0.695727486,-0.130419617,-0.565307869,0.00926331,0.019170984,0.019799292,0.024517439,-0.265394706,-,-
5/22/2019,43.95238876,44.65695627,43.89708259,44.40446616,118994400,35.31940317,-0.824401089,-0.269215911,-0.555185177,-0.003023774,-0.020471985,-0.012181168,-0.011640818,0.048785819,-,-
5/23/2019,43.20213699,43.41374465,42.75727328,43.2358021,146118800,32.69440395,-0.975668,-0.410506329,-0.565161671,-0.026318615,-0.017069647,-0.027839148,-0.025965491,0.227946861,-,-
5/24/2019,43.03622055,43.79849769,42.95205594,43.33199284,94858800,32.12576529,-1.096298738,-0.547664811,-0.548633927,0.002224794,-0.003840468,0.008862471,0.004555545,-0.350810436,-,-
5/28/2019,42.85828018,43.42578043,42.78133292,43.02420241,111792800,31.49313697,-1.19251124,-0.676634097,-0.515877143,-0.007103076,-0.004134665,-0.008509818,-0.003974735,0.178517966,-,-
5/29/2019,42.65388107,43.12759962,42.32203666,42.42303199,113924800,30.74419618,-1.270606876,-0.795428653,-0.475178224,-0.013972843,-0.004769186,-0.006866447,-0.010735904,0.019070996,-,v
5/30/2019,42.87511063,43.09874236,42.48314967,42.79094602,84873600,32.61213265,-1.299665124,-0.896275947,-0.403389177,0.008672507,0.005186622,-0.000669113,0.003806835,-0.2550033,-,v
5/31/2019,42.09840393,42.80056454,42.0791662,42.37734183,108174400,29.59419005,-1.369580067,-0.990936771,-0.378643296,-0.009665694,-0.018115561,-0.006918481,-0.009509264,0.274535309,-,v
6/3/2019,41.67277527,42.78372746,40.94416329,42.22584802,161584400,28.06167796,-1.442702265,-1.08128987,-0.361412396,-0.003574878,-0.010110328,-0.000393384,-0.026973037,0.493739739,v,v
6/4/2019,43.19733429,43.24302344,41.96614891,42.1873773,123872000,40.03910695,-1.361933442,-1.137418584,-0.224514858,-0.00091107,0.036584053,0.010735296,0.024960472,-0.233391342,-,v
6/5/2019,43.89468384,44.48382877,43.55803274,44.31309621,119093600,44.58405584,-1.227503391,-1.155435546,-0.072067846,0.050387558,0.016143347,0.028693769,0.037932569,-0.038575304,-,v
6/6/2019,44.53913116,44.59924769,43.80089848,44.02453386,90105200,48.47121563,-1.056783156,-1.135705068,0.078921911,-0.006511898,0.014681671,0.002594627,0.005575682,-0.243408546,-,^
6/7/2019,45.72462082,46.15024678,44.67138195,44.84932449,122737600,54.75807515,-0.816415898,-1.071847234,0.255431336,0.018734795,0.026616811,0.034776351,0.019873644,0.362158899,-,^
6/10/2019,46.30897522,46.97987422,46.07812608,46.12381524,104883600,57.50998366,-0.572174922,-0.971912771,0.39973785,0.028417167,0.012779863,0.017976663,0.031490947,-0.145464796,-,^
6/11/2019,46.8452034,47.13135866,46.55424145,46.85722744,107731600,59.91926016,-0.331521482,-0.843834514,0.512313031,0.015900944,0.011579358,0.003224454,0.010332785,0.027153912,^,^
6/12/2019,46.69612122,47.12415066,46.50374757,46.63840802,73012800,58.91899334,-0.151089913,-0.705285593,0.55419568,-0.004669918,-0.003182443,-0.000152934,-0.001084625,-0.322271274,-,^
6/13/2019,46.68648911,47.32131943,46.55423569,46.81874619,86698400,58.85063666,-0.0087727,-0.565983015,0.557210315,0.003866731,-0.000206272,0.004184028,0.001085679,0.187441106,-,^
6/14/2019,46.34743881,46.5518328,45.76070092,46.06128356,75046000,56.37143365,0.075782618,-0.437629888,0.513412506,-0.016178618,-0.007262279,-0.016260887,-0.017045383,-0.134401558,-,^
6/17/2019,46.62397385,46.88127434,46.21037184,46.38591108,58676400,57.92819759,0.163225816,-0.317458747,0.480684564,0.007047731,0.005966566,0.007076876,0.009826574,-0.218127548,-,-
6/18/2019,47.72049713,48.16295388,46.94138931,47.14337996,106204000,63.49111677,0.317347265,-0.190497545,0.507844809,0.016329719,0.023518443,0.027338837,0.015819337,0.80999516,-,-
6/19/2019,47.58102798,48.06436721,47.44636755,48.01627106,84496800,62.36164811,0.42335545,-0.067726946,0.491082396,0.018515667,-0.002922626,-0.00204694,0.010757633,-0.204391548,-,-
6/20/2019,47.96337509,48.23990967,47.61950662,48.18219648,86056000,64.23977861,0.532086357,0.052235715,0.479850642,0.003455608,0.008035705,0.003652237,0.003649153,0.01845277,-,-
6/21/2019,47.79985428,48.2976209,47.64835945,47.80466463,191202400,62.79656385,0.598166331,0.161421838,0.436744493,-0.007835505,-0.003409285,0.001196338,0.000605904,1.221836943,-,-
6/24/2019,47.75175858,48.13169545,47.65316659,47.74213788,72881600,62.35285186,0.639284987,0.256994468,0.382290519,-0.001307963,-0.001006189,-0.003435479,0.000100888,-0.618824868,-,-
6/25/2019,47.02796555,47.91528253,46.96063165,47.7156952,84281200,55.94623228,0.606476683,0.326890911,0.279585772,-0.000553865,-0.015157411,-0.004496266,-0.014532821,0.156412592,-,v
6/26/2019,48.04512787,48.33128312,47.45598665,47.55698198,104270000,61.87474698,0.65500191,0.392513111,0.2624888,-0.003326227,0.021628882,0.008682002,0.010548304,0.237167957,-,v
6/27/2019,48.0307045,48.47075794,47.9898257,48.16295793,83598800,61.74785158,0.68440526,0.45089154,0.233513719,0.012742103,-0.000300205,0.002885808,0.01124914,-0.198246859,-,v
6/28/2019,47.59305954,47.97299649,47.38385517,47.77581249,124442400,57.86971053,0.664730733,0.493659379,0.171071354,-0.00803824,-0.009111775,-0.010269314,-0.012627063,0.488566822,v,^
7/1/2019,48.46594238,49.17291329,48.24952069,48.85549628,109012000,62.877618,0.711372618,0.537202027,0.174170592,0.022598962,0.018340549,0.025012338,0.018269209,-0.123996323,-,^
7/2/2019,48.74969482,48.84588347,48.42025742,48.43228146,67740800,64.36068094,0.762444118,0.582250445,0.180193673,-0.008662584,0.005854677,-0.006650609,0.00353862,-0.378593182,-,^
7/3/2019,49.15367889,49.16089258,48.74007689,48.88195101,45448000,66.41772314,0.825995229,0.630999402,0.194995827,0.009284501,0.008286905,0.006449041,0.006605076,-0.329089707,^,^
7/5/2019,49.11038971,49.31478736,48.79056936,48.89878204,69062000,65.97826798,0.862919666,0.677383455,0.185536211,0.00034432,-0.000880691,0.003130431,0.001035954,0.51958282,-,^
7/8/2019,48.09802628,48.42986697,47.71087574,48.28799286,101354400,56.55422305,0.801256889,0.702158142,0.099098748,-0.012490887,-0.020614038,-0.017944321,-0.022129146,0.467585648,-,^
7/9/2019,48.39139557,48.45631877,47.80706108,47.90084271,82312000,58.40821108,0.767217143,0.715169942,0.052047201,-0.008017524,0.006099404,0.000546188,0.002016005,-0.187879362,-,^
7/10/2019,48.86991882,48.99015186,48.46834092,48.53807814,71588400,61.30854185,0.769977406,0.726131435,0.043845971,0.01330322,0.009888602,0.01101679,0.013832263,-0.130279911,-,-
7/11/2019,48.51403046,49.14886075,48.50441343,48.88915695,80767200,58.06549311,0.734975379,0.727900224,0.007075155,0.007233059,-0.007282361,0.003239608,0.000744249,0.128216303,-,-
7/12/2019,48.88676071,49.05508625,48.62224652,48.68236305,70380800,60.42652686,0.728909818,0.728102142,0.000807676,-0.004229852,0.007682937,-0.001907969,0.002429327,-0.128596757,-,-
7/15/2019,49.34604263,49.50474745,49.05507708,49.07671815,67789600,63.17765892,0.752488807,0.732979475,0.019509332,0.008100574,0.009394812,0.009166454,0.008901904,-0.036816859,-,-
7/16/2019,49.17531586,49.56246641,48.93484976,49.19695692,67467200,61.46702746,0.748767774,0.736137135,0.012630639,0.002450017,-0.003459787,0.001165928,-0.002450864,-0.004755892,-,v
7/17/2019,48.89879227,49.31720101,48.87955453,49.06711784,56430000,58.69492848,0.715260606,0.731961829,-0.016701223,-0.002639169,-0.005623219,-0.004948612,-0.001129976,-0.163593568,-,v
7/18/2019,49.45425415,49.50715698,48.98293903,49.05507958,74162400,62.36646842,0.725167783,0.73060302,-0.005435237,-0.000245343,0.011359419,0.003851718,0.002115087,0.314237108,-,^
7/19/2019,48.71603394,49.65625741,48.66072775,49.48552484,83717200,55.32759687,0.665776434,0.717637703,-0.051861269,0.008774734,-0.014927335,0.003011695,-0.006578031,0.128836176,v,^
7/22/2019,49.82939529,49.83179863,48.96131236,48.97092939,89111600,62.24793741,0.700472706,0.714204703,-0.013731998,-0.010398909,0.022854105,0.003535128,0.00617715,0.064435982,-,^
7/23/2019,50.21893311,50.23576749,49.84620996,50.12755849,73420800,64.32998024,0.750748041,0.721513371,0.02923467,0.023618688,0.00781743,0.008106648,0.018073405,-0.176080331,^,^
7/24/2019,50.17805862,50.29348132,49.81735949,49.93759253,59966400,63.9315507,0.778321373,0.732874971,0.045446402,-0.003789651,-0.000813926,0.001148859,-0.00057879,-0.183250523,-,^
7/25/2019,49.78129578,50.31513084,49.71155855,50.23096623,55638400,60.04404126,0.759404054,0.738180788,0.021223266,0.005874807,-0.007907098,0.000430464,-0.002123777,-0.072173751,-,^
7/26/2019,49.95444107,50.43296638,49.81015991,49.89191752,70475600,61.15414926,0.749740775,0.740492785,0.00924799,-0.006749795,0.003478119,0.00234195,0.001983469,0.266671939,-,^
7/29/2019,50.42093277,50.65178185,50.12275714,50.12756749,86693600,64.0520019,0.77083879,0.746561986,0.024276803,0.004723209,0.009338343,0.004338739,0.006275772,0.230122198,-,-
7/30/2019,50.20451736,50.53636179,49.85103187,50.19970701,135742800,61.75055244,0.761320178,0.749513625,0.011806554,0.001439119,-0.004292174,-0.002278697,-0.005421196,0.565776482,-,-
7/31/2019,51.22889709,53.23198018,50.81048842,52.0416737,277125600,67.67173694,0.826903465,0.764991593,0.061911872,0.036692778,0.020404135,0.053340175,0.019246473,1.041549165,-,v
8/1/2019,50.1203537,52.42883001,49.71396902,51.43570372,216071600,57.32902582,0.780432168,0.768079708,0.01235246,-0.011643937,-0.021639025,-0.015087738,-0.021580572,-0.220311657,-,v
8/2/2019,49.05988693,49.63940735,48.48517319,49.42298936,163448400,49.53024687,0.650533579,0.744570482,-0.094036903,-0.039130686,-0.021158405,-0.053203985,-0.024717315,-0.243545195,-,v
8/5/2019,46.49171829,47.76859279,46.30896536,47.60988794,209572000,36.5595337,0.336479538,0.662952293,-0.326472755,-0.036685386,-0.052347627,-0.037688092,-0.044883986,0.282190587,v,^
8/6/2019,47.37182617,47.62912668,46.66004483,47.20590396,143299200,42.15053701,0.156799314,0.561721697,-0.404922383,-0.008485296,0.018930423,-0.002919619,0.007581242,-0.316229267,-,^
8/7/2019,47.86237717,47.98742058,46.60714734,46.98948761,133457600,45.05702472,0.053369596,0.460051277,-0.406681681,-0.004584519,0.010355332,0.00752258,-0.001133679,-0.068678681,-,v
8/8/2019,48.91802216,48.94207024,47.94654062,48.1413176,108038000,50.7871733,0.055937713,0.379228564,-0.323290852,0.024512504,0.022055841,0.019893748,0.028737937,-0.190469482,^,^
8/9/2019,48.51491547,48.94215496,48.10456696,48.5897426,98478800,48.69856651,0.025155644,0.30841398,-0.283258336,0.009314764,-0.008240454,1.73E-06,0.003295886,-0.088479979,-,^
8/12/2019,48.39180374,48.77077166,48.07076828,48.18421704,89927600,48.04866424,-0.009068914,0.244917401,-0.253986315,-0.008345909,-0.002537606,-0.003501752,-0.000702609,-0.086832902,v,v
8/13/2019,50.44112778,51.20630116,48.39181233,48.52215946,188874000,58.07795533,0.127699164,0.221473754,-0.09377459,0.00701355,0.042348577,0.049938302,0.006678571,1.100289566,^,v
8/14/2019,48.93974304,49.83043489,48.9011214,49.03870962,146189600,50.40115795,0.113629797,0.199904962,-0.086275166,0.010645655,-0.029765091,-0.026869081,0.010524695,-0.225994049,-,v
8/15/2019,48.69594955,49.51663919,48.19629173,49.111123,108909600,49.2624828,0.081863948,0.17629676,-0.094432811,0.001476657,-0.004981503,-0.00629727,-0.014413364,-0.2550113,v,v
8/16/2019,49.8449173,50.00422881,49.20284629,49.30905397,110481600,54.48181225,0.147698799,0.170577167,-0.022878368,0.004030268,0.023594729,0.009846985,0.020884481,0.014433989,-,^
8/19/2019,50.77423477,51.3487161,50.69699148,50.83940466,97654400,58.22501027,0.271729221,0.190807578,0.080921643,0.031035896,0.018644177,0.026887472,0.030367048,-0.116102591,-,^
8/20/2019,50.77664566,51.49837246,50.76699209,50.90216416,107537200,58.23460587,0.365999745,0.225846012,0.140153734,0.001234466,4.75E-05,0.00291451,0.001380765,0.101201789,-,^
8/21/2019,51.32698822,51.57078043,51.07595491,51.4114726,86141600,60.46692865,0.479589451,0.2765947,0.202994752,0.010005634,0.010838498,0.001406025,0.0060859,-0.198959988,^,^
8/22/2019,51.28354263,51.7614735,50.87078165,51.45974882,89014800,60.19341021,0.559653084,0.333206376,0.226446707,0.000939016,-0.000846447,0.003697696,-0.004017023,0.033354384,-,^
8/23/2019,48.91319275,51.1845771,48.5173301,50.55215964,187272000,47.55445033,0.426915448,0.351948191,0.074967257,-0.017636875,-0.046220479,-0.011145286,-0.046263326,1.103829925,-,^
8/26/2019,49.84250259,50.01146767,49.49732766,49.69043218,104174400,51.82529897,0.39218657,0.359995867,0.032190704,-0.017046304,0.018999166,-0.022919197,0.020198918,-0.443726772,-,^
8/27/2019,49.28009415,50.33975118,49.12802371,50.17319855,103493200,49.21335137,0.315643482,0.35112539,-0.035481908,0.009715479,-0.011283712,0.006564165,-0.007461089,-0.006539035,-,-
8/28/2019,49.61077881,49.65664155,49.07733163,49.26560754,63755200,50.78398884,0.278456152,0.336591542,-0.05813539,-0.01808916,0.006710309,-0.013569984,-0.001031836,-0.383967256,-,v
8/29/2019,50.45078278,50.5256136,49.88354254,50.32768042,83962000,54.62295742,0.313156354,0.331904504,-0.018748151,0.0215581,0.016931884,0.017499614,0.016427358,0.316943559,-,v
8/30/2019,50.38561249,50.79836982,50.01388559,50.72837131,84573600,54.26927364,0.331575618,0.331838727,-0.000263109,0.00796164,-0.00129176,0.005398375,0.002612947,0.007284248,-,^
9/3/2019,49.65181351,49.96077929,49.29457251,49.82801969,80092000,50.31852011,0.283691356,0.322209253,-0.038517897,-0.017748483,-0.014563661,-0.016488532,-0.014382268,-0.052990531,v,v
9/4/2019,50.49423218,50.56423069,50.04285321,50.30112763,76752400,54.42082514,0.310143736,0.31979615,-0.009652414,0.009494817,0.016966524,0.012078502,0.015179779,-0.041697048,-,v
9/5/2019,51.48147202,51.64802463,51.05422883,51.17250623,95654800,58.72239776,0.406088308,0.337054581,0.069033727,0.017323242,0.019551537,0.021434004,0.020210191,0.246277641,^,v
9/6/2019,51.47665024,51.75665167,51.2956154,51.66734233,77449200,58.69326255,0.476246127,0.36489289,0.111353236,0.00966996,-9.37E-05,0.002103218,0.004728043,-0.190326047,v,^
9/9/2019,51.69630432,52.24423742,50.94802925,51.85802832,109237600,59.67480199,0.543308035,0.400575919,0.142732116,0.003690648,0.004267062,0.009420736,-0.006776138,0.410441941,-,^
9/10/2019,52.30699158,52.3263024,51.10250897,51.62147396,127111600,62.35322346,0.638373665,0.448135468,0.190238196,-0.004561576,0.011812977,0.001570795,0.003032104,0.163624979,-,^
9/11/2019,53.97009277,53.99906085,52.55560741,52.63767932,177158400,68.4911237,0.838249411,0.526158257,0.312091154,0.01968571,0.031795008,0.031967832,0.028434973,0.393723311,^,^
9/12/2019,53.84939957,54.65319446,53.79388326,54.2621605,128906800,67.62938362,0.97566657,0.61605992,0.35960665,0.030861565,-0.002236298,0.012113796,0.023561251,-0.272364167,-,^
9/13/2019,52.80181122,53.2942242,52.38422535,53.10353585,159053200,60.5126503,0.988642578,0.690576451,0.298066126,-0.02135235,-0.01945404,-0.02486534,-0.026204799,0.233861984,-,^
9/16/2019,53.07940674,53.13492673,52.51457899,52.55561311,84632400,61.66387463,1.009686755,0.754398512,0.255288243,-0.010318009,0.005257311,-0.002989019,0.002488414,-0.467898791,-,^
9/17/2019,53.27251053,53.3014786,52.89113008,53.09389187,73274800,62.48326348,1.030072248,0.809533259,0.220538989,0.010242079,0.003638017,0.003134508,0.00717041,-0.134199196,-,-
9/18/2019,53.77217484,53.79148566,52.96837972,53.35941379,101360000,64.5921518,1.074164334,0.862459474,0.21170486,0.005000988,0.009379402,0.009193123,0.001460541,0.383285932,-,-
9/19/2019,53.33527756,54.01113799,53.19286069,53.58872338,88242400,61.34506531,1.061616022,0.902290784,0.159325238,0.004297453,-0.008124969,0.004083403,0.004238018,-0.129415943,-,-
9/20/2019,52.55560684,53.72147136,52.49284944,53.43664505,221652400,55.9405426,0.97749058,0.917330743,0.060159837,-0.002837879,-0.014618293,-0.005363091,-0.013159872,1.511858245,-,-
9/23/2019,52.79458237,53.06492652,52.53630425,52.85009868,76662000,57.18561417,0.919504415,0.917765477,0.001738938,-0.010976482,0.004547099,-0.012221274,0.000827823,-0.654134131,-,-
9/24/2019,52.54354095,53.70458062,52.42526724,53.35216457,124763200,55.41407053,0.84356888,0.902926158,-0.059357278,0.00949981,-0.00475506,0.012054178,-0.002113529,0.627445149,-,-
9/25/2019,53.35215759,53.46560635,52.41319066,52.75353694,87613600,59.74037227,0.838966938,0.890134314,-0.051167376,-0.011220306,0.015389458,-0.004449793,-0.000230358,-0.297760878,-,-
9/26/2019,53.07699203,53.3304415,52.82113009,53.10354395,75334000,57.6889836,0.803850022,0.872877456,-0.069027433,0.006634759,-0.005157534,-0.002528071,0.007783144,-0.140156323,-,-
9/27/2019,52.81872177,53.33527432,52.44699487,53.23389158,101408000,55.75381145,0.746573329,0.84761663,-0.101043301,0.002454594,-0.004865955,9.06E-05,-0.00708306,0.346111981,-,v
9/30/2019,54.0618248,54.2090666,53.29423525,53.32078717,103909600,62.30767053,0.792355383,0.836564381,-0.044208998,0.001632336,0.023535273,0.016383009,0.016154222,0.024668665,-,v
10/1/2019,54.21147537,55.08768501,54.11733742,54.3273403,139223200,63.01785196,0.83113276,0.835478057,-0.004345297,0.018877312,0.002768138,0.016207961,0.015444488,0.339849254,-,v
10/2/2019,52.85251617,53.96768954,52.60389162,53.84217102,138449200,53.21289037,0.743635295,0.817109504,-0.073474209,-0.008930481,-0.025067741,-0.020331141,-0.027966006,-0.005559418,v,^
10/3/2019,53.30147171,53.33526472,51.92802051,52.72457064,114426000,55.66698425,0.702422792,0.794172162,-0.09174937,-0.020756971,0.008494497,-0.011718582,-0.01284831,-0.173516351,-,v
10/4/2019,54.79561615,54.91148108,54.0425125,54.46492707,138478800,62.6823889,0.781319984,0.791601726,-0.010281742,0.033008451,0.028031955,0.029552987,0.040719673,0.210203975,-,v
10/7/2019,54.80768585,55.50044456,54.51320226,54.61699747,122306000,62.73369045,0.835192918,0.800319965,0.034872953,0.002792079,0.000220268,0.010725689,0.00870962,-0.116788996,^,v
10/8/2019,54.16561508,55.04906586,54.14872041,54.50837757,111820000,58.15369544,0.816663868,0.803588745,0.013075123,-0.001988756,-0.011714977,-0.008132884,-0.006686121,-0.085735777,v,^
10/9/2019,54.80043793,54.98388519,54.46492026,54.80043793,74770400,61.17200297,0.843481234,0.811567243,0.031913991,0.005358082,0.011720034,-0.001184047,0.00583947,-0.331332499,-,^
10/10/2019,55.53907013,55.62355452,54.86562219,55.01768894,113013600,64.39036076,0.913801896,0.832014174,0.081787722,0.003964403,0.013478582,0.01163376,0.007357065,0.511475129,-,^
10/11/2019,57.01631546,57.36148675,56.07493217,56.22941508,166795600,69.78456365,1.076325667,0.880876472,0.195449195,0.022024301,0.026598309,0.031244537,0.022041306,0.475889627,^,^
10/14/2019,56.93423843,57.47975901,56.64458348,56.70009979,96427600,69.15772742,1.184845832,0.941670344,0.243175488,0.008370792,-0.001439536,0.002061876,0.010158752,-0.421881632,-,^
10/15/2019,56.80148315,57.36389472,56.69527548,57.05975757,87360000,68.09233931,1.245776071,1.00249149,0.243284582,0.006343159,-0.00233173,-0.002015741,0.000894913,-0.094035318,-,^
10/16/2019,56.57216644,56.78216931,56.2897526,56.33078671,73903200,66.19535713,1.261023489,1.05419789,0.2068256,-0.012775569,-0.004037161,-0.010140968,-0.007152675,-0.154038462,-,^
10/17/2019,56.79182434,57.00182353,56.36699733,56.7459616,67585200,67.13970553,1.276121401,1.098582592,0.177538809,0.007370302,0.003882791,0.003868366,0.00137227,-0.085490209,-,v
10/18/2019,57.06459045,57.34700433,56.55286285,56.62527752,97433600,68.32309293,1.295166676,1.137899409,0.157267267,-0.002126743,0.004802912,0.00605561,0.003297418,0.441641069,-,v
10/21/2019,58.05424118,58.17010611,57.28424289,57.3325181,87247200,72.23058762,1.374274949,1.185174517,0.189100433,0.012489839,0.017342641,0.014353004,0.012932679,-0.104547097,-,v
10/22/2019,57.92149353,58.46218188,57.83942161,58.21114853,82293600,70.96603832,1.410003557,1.230140325,0.179863232,0.015325167,-0.002286614,0.005021063,0.009691648,-0.056776607,v,v
10/23/2019,58.69873047,58.71321635,58.22562818,58.43804356,75828800,73.85244174,1.483929446,1.280898149,0.203031297,0.003897793,0.0134188,0.004293963,0.006677221,-0.078557749,-,^
10/24/2019,58.79528427,59.08976788,58.36804105,59.01976569,69275200,74.19563951,1.532640011,1.331246522,0.20139349,0.009954511,0.001644904,0.006413403,0.002445879,-0.086426265,-,^
10/25/2019,59.51941681,59.5556223,58.62631251,58.69389854,73477200,76.66896201,1.611103135,1.387217844,0.223885291,-0.005521322,0.012316167,0.007883842,0.004424878,0.060656627,-,v
10/28/2019,60.11561966,60.16389487,59.55320447,59.72216954,96572800,78.49646532,1.701777284,1.450129732,0.251647552,0.017519215,0.010016947,0.010213521,0.01581017,0.314323355,^,v
10/29/2019,58.72528076,60.28459565,58.55149072,60.09631973,142839600,65.59333381,1.642514585,1.488606703,0.153907882,0.006264846,-0.023127748,0.0020062,-0.016820484,0.479087279,-,v
10/30/2019,58.71803284,59.21044956,58.22320733,59.08010244,124522000,65.53285798,1.576787398,1.506242842,0.070544556,-0.016909809,-0.000123421,-0.01781792,-0.005606747,-0.128238948,v,^
10/31/2019,60.04562378,60.14459036,57.26975672,59.67872922,139162000,70.83673603,1.613227343,1.527639742,0.085587601,0.01013246,0.022609595,0.015776621,-0.016375783,0.117569586,-,^
11/1/2019,61.74977875,61.77632699,60.14218849,60.2339103,151125200,75.95227833,1.759336786,1.573979151,0.185357635,0.00930283,0.028381002,0.027130231,0.050156172,0.085965996,-,^
11/4/2019,62.15529633,62.23978073,61.64357235,62.11425852,103272000,76.98675043,1.886109554,1.636405231,0.249704323,0.031217436,0.00656711,0.007502125,0.024963905,-0.316646066,^,^
11/5/2019,62.06598282,62.32184479,61.87046579,62.04666831,79897600,76.20917196,1.956814099,1.700487005,0.256327094,-0.001088159,-0.001436941,0.001318515,0.003680732,-0.226338214,-,^
11/6/2019,62.0925293,62.15287424,61.64115031,61.97908051,75864400,76.28583931,1.992027189,1.758795042,0.233232147,-0.001089306,0.000427714,-0.002711257,-0.00370638,-0.050479614,-,^
11/7/2019,62.80915833,63.03189768,62.48957866,62.64210566,94940400,78.3172059,2.054081616,1.817852356,0.236229259,0.010697563,0.011541308,0.014142925,0.013763993,0.251448637,-,^
11/8/2019,62.98105621,63.05368459,62.18453049,62.6300018,69986400,78.78661484,2.093004071,1.872882699,0.220121372,-0.000193222,0.002736828,0.000345649,-0.004881585,-0.262838581,-,-
11/11/2019,63.47978592,63.54515146,62.53073328,62.53557271,81821200,80.13061672,2.13943168,1.926192495,0.213239184,-0.001507729,0.007918726,0.007794419,0.005567346,0.169101425,-,-
11/12/2019,63.42167664,63.62262746,63.16989334,63.32241293,87388800,79.49862053,2.146790101,1.970312016,0.176478084,0.012582282,-0.000915398,0.001219228,0.010221535,0.068045934,-,-
11/13/2019,64.02934265,64.10439441,63.20618928,63.22071495,102734400,81.17104425,2.176565183,2.01156265,0.165002533,-0.001606035,0.009581362,0.007572258,0.000574577,0.17560145,-,-
11/14/2019,63.58632278,64.12863444,63.4555843,63.8550552,89182800,76.28512766,2.139748461,2.037199812,0.102548649,0.010033741,-0.006919013,0.000378134,0.003945737,-0.131909078,-,-
11/15/2019,64.34166718,64.3465066,63.67588008,63.83808589,100206400,78.64530569,2.146774246,2.059114699,0.087659547,-0.000265747,0.011879039,0.003397424,0.003471653,0.123606794,-,-
11/18/2019,64.66608429,64.74597549,63.97124587,64.35134415,86703200,79.58506246,2.153693542,2.078030467,0.075663075,0.008040001,0.0050421,0.00620809,0.004638582,-0.134753868,-,-
11/19/2019,64.46998596,64.88398244,64.25209347,64.85977052,76167200,77.36869289,2.118927956,2.086209965,0.032717991,0.007900789,-0.003032476,0.002131514,0.004390216,-0.121518006,-,-
11/20/2019,63.71945572,64.41913357,63.04398239,64.28840252,106234400,69.40227123,2.007671275,2.070502227,-0.062830952,-0.008809282,-0.011641545,-0.007164308,-0.018802673,0.394752597,-,-
11/21/2019,63.4337883,63.91799719,63.23283747,63.840522,121395200,66.59169545,1.874836632,2.031369108,-0.156532476,-0.006966739,-0.004483206,-0.00777931,0.002995608,0.142710836,-,-
11/22/2019,63.37811279,63.7170576,63.15053398,63.57421684,65325200,66.03044847,1.744956894,1.974086665,-0.229129771,-0.004171413,-0.000877695,-0.003143709,-0.001301594,-0.461879877,-,-
11/25/2019,64.48934937,64.50629845,63.55724593,63.60324635,84020400,71.2405029,1.711959369,1.921661206,-0.209701837,0.000456624,0.017533444,0.012386649,0.006440356,0.286186648,-,-
11/26/2019,63.98578262,64.68062116,63.55241362,64.62735789,105207600,66.27952778,1.626426533,1.862614271,-0.236187739,0.016101561,-0.007808526,0.002702414,-7.60E-05,0.252167331,-,-
11/27/2019,64.84523773,64.87913589,64.23271393,64.29807946,65235600,70.10581551,1.609439373,1.811979292,-0.202539919,-0.005095032,0.01343197,0.003069153,0.010704555,-0.379934529,-,v
11/29/2019,64.7024231,64.88400146,64.37558057,64.54505666,46617600,68.71059802,1.566396534,1.76286274,-0.196466206,0.003841129,-0.002202392,7.50E-05,0.002224204,-0.285396317,-,v
12/2/2019,63.954319,64.94452542,63.78242689,64.70726037,94487200,61.77513351,1.45514502,1.701319196,-0.246174176,0.002513031,-0.011562227,0.000932802,-0.009213955,1.026856809,-,v
12/3/2019,62.81398773,62.83335283,62.04893696,62.53798518,114430400,52.99431861,1.260432707,1.613141898,-0.352709191,-0.033524448,-0.017830403,-0.032507322,-0.027178175,0.211067743,v,^
12/4/2019,63.36841965,63.74852543,63.11178951,63.20621379,67181600,56.25041282,1.137744607,1.51806244,-0.380317833,0.010685164,0.008826568,0.014565077,0.017129263,-0.412904263,-,v
12/5/2019,64.29808807,64.37314724,63.60809639,63.86472649,74424400,61.114475,1.102817284,1.435013409,-0.332196125,0.01041848,0.014670848,0.009798216,0.007863933,0.107809281,-,v
12/6/2019,65.54010773,65.6103201,64.71453049,64.75811491,106075600,66.4768273,1.161963345,1.380403396,-0.218440051,0.013988762,0.019316588,0.019218772,0.017394548,0.425279881,^,v
12/9/2019,64.62252045,65.56187947,64.13588816,65.36819887,128042400,59.9043467,1.121863259,1.328695369,-0.20683211,0.009420965,-0.014000393,-0.000738308,-0.008941459,0.207086267,v,v
12/10/2019,65.00019073,65.38513584,64.36587101,65.02924208,90420400,61.58771554,1.10778859,1.284514013,-0.176725423,-0.005185347,0.005844252,-0.002695829,0.003585868,-0.293824546,-,v
12/11/2019,65.55461884,65.63451744,65.0050444,65.08009619,78756800,63.97860561,1.128364939,1.253284198,-0.124919259,0.000782019,0.008529638,0.003814041,0.009930315,-0.128993015,-,v
12/12/2019,65.72167206,65.98798843,64.71936348,64.83072945,137310400,64.69172183,1.144953334,1.231618025,-0.086664692,-0.00383169,0.002548306,0.005385444,-0.00439475,0.743473579,-,^
12/13/2019,66.61502838,66.65134257,65.59334745,65.7216625,133587600,68.30532637,1.21616693,1.228527806,-0.012360877,0.01374245,0.013593025,0.01005265,0.013504212,-0.027112294,-,^
12/16/2019,67.75536346,67.98052627,67.05810869,67.06294812,128186000,72.21441945,1.349068507,1.252635946,0.09643256,0.020408577,0.017118286,0.01994234,0.022330942,-0.040434891,-,^
12/17/2019,67.88851929,68.21777784,67.49872723,67.68515241,114158400,72.63878245,1.448441791,1.291797115,0.156644675,0.009277914,0.001965244,0.003489993,0.006570697,-0.109431607,^,v
12/18/2019,67.72629547,68.24924196,67.5761919,67.74082115,116028400,71.21183061,1.496850962,1.332807884,0.164043077,0.000822466,-0.002389562,0.000461231,0.001147646,0.016380748,-,v
12/19/2019,67.79407501,68.07491702,67.53502891,67.66818338,98369200,71.46406342,1.523127159,1.370871739,0.15225542,-0.001072289,0.001000786,-0.00255424,-0.000609135,-0.152197221,-,v
12/20/2019,67.65366364,68.4308168,67.44061055,68.32913707,275978000,70.09395029,1.515155442,1.39972848,0.115426962,0.00976757,-0.002071145,0.00522806,-0.001398065,1.805532626,v,^
12/23/2019,68.75766754,68.81819366,67.87882716,67.91756476,98572000,74.27079299,1.579711753,1.435725135,0.143986619,-0.006023379,0.016318464,0.005660854,0.006497815,-0.642826602,-,v
12/24/2019,68.82302856,68.97313953,68.49619347,68.92471568,48478800,74.49788309,1.617501631,1.472080434,0.145421198,0.01482902,0.0009506,0.002251525,0.009095123,-0.508188938,-,v
12/26/2019,70.18852234,70.20547143,68.92715986,68.95621122,93121200,78.72299224,1.737604297,1.525185207,0.212419091,0.000456956,0.019840652,0.017866838,0.00629183,0.920864378,^,v
12/27/2019,70.16186523,71.17144402,69.75513154,70.48144488,146266000,78.44974163,1.809773576,1.582102881,0.227670696,0.022118873,-0.000379793,0.013759221,0.01201227,0.570705704,v,^
12/30/2019,70.57827759,70.86154301,69.0530227,70.07954308,144114400,79.63868377,1.878910338,1.641464372,0.237445966,-0.005702236,0.005935024,-0.004354289,-0.010065336,-0.014710186,-,^
12/31/2019,71.09397888,71.10124172,70.0940862,70.19334992,100805600,81.03421142,1.952803798,1.703732257,0.24907154,0.001623967,0.007306799,0.003382635,0.015076291,-0.300516812,-,^
1/2/2020,72.71606445,72.77659056,71.46680475,71.72101144,135480400,84.60772631,2.117840499,1.786553906,0.331286594,0.021763622,0.022816075,0.023562863,0.019583942,0.343976922,^,v
1/3/2020,72.00911713,72.77174459,71.78396179,71.94132818,146322800,77.73339723,2.166613165,1.862565757,0.304047408,0.003071858,-0.009722024,-6.66E-05,0.004437823,0.080029288,-,v
1/6/2020,72.582901,72.62163859,70.87606782,71.12785848,118387200,79.20986372,2.225906552,1.935233916,0.290672636,-0.011307405,0.007968211,-0.002062696,-0.012647588,-0.190917615,-,v
1/7/2020,72.241539,72.84921605,72.0212231,72.59258597,108872000,75.98188106,2.219763872,1.992139908,0.227623965,0.02059288,-0.004703064,0.003133742,0.01615715,-0.080373554,v,v
1/8/2020,73.40365601,73.7062866,71.94376632,71.94376632,132079200,79.10390624,2.282359267,2.05018378,0.232175488,-0.008937822,0.016086548,0.011764993,-0.001075472,0.213160409,-,^
1/9/2020,74.9628067,75.15648732,74.13239016,74.38417348,170108400,82.40789229,2.429768145,2.126100653,0.303667492,0.033921037,0.021240777,0.019675401,0.030421313,0.287927244,-,^
1/10/2020,75.13227081,75.69880173,74.62869681,75.19764374,140644800,82.7275617,2.53108827,2.207098176,0.323990094,0.010936066,0.002260643,0.007215803,0.006694869,-0.173204851,-,^
1/13/2020,76.73741913,76.76405446,75.33079296,75.44942916,121532000,85.4284733,2.709671843,2.30761291,0.402058934,0.003348315,0.021364299,0.014072254,0.009407858,-0.135894111,^,^
1/14/2020,75.70120239,76.88509646,75.57773417,76.67446681,161954400,77.05200791,2.736047133,2.393299754,0.342747378,0.01623654,-0.013503409,0.001576806,0.003278091,0.33260705,-,^
1/15/2020,75.37680054,76.38395596,74.94343149,75.50027617,121923600,74.58633847,2.699653298,2.454570463,0.245082835,-0.015313972,-0.004285293,-0.006518045,-0.008392719,-0.247173278,-,^
1/16/2020,76.32100677,76.43238014,75.55837921,75.9215359,108829200,76.90305865,2.715695626,2.506795495,0.20890013,0.005579579,0.012526483,0.000633958,0.008205492,-0.107398404,-,^
1/17/2020,77.16595459,77.16837061,76.26290232,76.57037232,137816400,78.76831493,2.764719547,2.558380306,0.206339241,0.008546145,0.011070973,0.009629302,0.009324222,0.266354986,-,-
1/21/2020,76.64299774,77.23614914,76.50499645,76.7931013,110843200,74.74497533,2.729904472,2.592685139,0.137219333,0.002908814,-0.006777041,0.00087832,0.003174468,-0.195718362,-,-
1/22/2020,76.91658783,77.47100171,76.82216355,77.12963354,101832400,75.45142403,2.693342531,2.612816617,0.080525913,0.004382324,0.003569668,0.003040708,0.004145704,-0.081293214,-,v
1/23/2020,77.28701019,77.36690141,76.42027208,76.96985394,104472000,76.41343293,2.663553136,2.622963921,0.040589215,-0.002071572,0.004815897,-0.001343732,-0.005231452,0.025921023,-,v
1/24/2020,77.06427002,78.27963175,76.87300543,77.53395326,146537600,74.52228718,2.592091537,2.616789444,-0.024697907,0.007328835,-0.002881987,0.011797427,0.005924257,0.402649514,-,^
1/27/2020,74.79816437,75.48089322,73.81279759,75.06689673,161940000,58.62553536,2.32579164,2.558589883,-0.232798243,-0.031819047,-0.0294054,-0.035753088,-0.039808614,0.105108859,v,^
1/28/2020,76.91415405,77.08604612,75.58257974,75.68184344,162234000,65.93310339,2.259444269,2.498760761,-0.239316491,0.008191983,0.028289326,0.021265685,0.02397663,0.001815487,-,^
1/29/2020,78.52416229,79.37395134,77.80753514,78.55079763,216229200,70.240071,2.310147764,2.461038161,-0.150890397,0.037908091,0.020932535,0.029679888,0.02943741,0.332822959,^,v
1/30/2020,78.41036987,78.46363315,77.17079623,77.60416528,126743200,69.57059553,2.314468796,2.431724288,-0.117255492,-0.012051212,-0.001449139,-0.011468727,-0.008183512,-0.413847898,-,v
1/31/2020,74.93373871,78.12224967,74.63837103,77.69856695,199588400,52.96167487,2.014140409,2.348207512,-0.334067104,0.001216451,-0.044338921,-0.00435085,-0.032815849,0.574746416,-,v
2/3/2020,74.72796631,75.89732764,73.16881294,73.67238698,173788400,52.16783719,1.739472331,2.226460476,-0.486988145,-0.051817944,-0.002746058,-0.028480005,-0.019689043,-0.129266029,v,^
2/4/2020,77.19499969,77.38626427,75.93121426,76.33794794,136616400,59.92370128,1.701253881,2.121419157,-0.420165276,0.036181276,0.033013522,0.019617774,0.037753808,-0.213892297,-,^
2/5/2020,77.82447815,78.62584329,77.21921703,78.32562874,118826800,61.63315288,1.702137948,2.037562915,-0.335424967,0.026037912,0.008154394,0.016018075,0.016962757,-0.130215699,-,^
2/6/2020,78.73477936,78.73720277,77.53636687,78.09562751,105425600,64.0230669,1.75604963,1.981260258,-0.225210628,-0.002936475,0.01169685,0.001416322,0.004107136,-0.112779272,^,^
2/7/2020,77.66457367,78.48240086,77.17193551,78.23244174,117684000,59.34289592,1.692903632,1.923588933,-0.230685301,0.001751881,-0.013592541,-0.003236106,-0.004700135,0.116275364,-,^
2/10/2020,78.03343964,78.03343964,76.16481554,76.24489636,109348800,60.41693643,1.653563128,1.869583772,-0.216020644,-0.025405642,0.004749475,-0.005720534,-0.01305034,-0.07082696,-,^
2/11/2020,77.56264496,78.60374012,77.3442353,78.53093937,94323200,58.3000348,1.566340501,1.808935118,-0.242594616,0.029982899,-0.006033243,0.007308411,0.0154851,-0.13740983,-,^
2/12/2020,79.40457916,79.40943008,78.0140257,78.0140257,113730400,63.6642195,1.627088573,1.772565809,-0.145477235,-0.006582293,0.023747697,0.010250021,0.008659862,0.205752137,-,-
2/13/2020,78.83914185,79.16676004,78.47027236,78.67412187,94747600,61.06722372,1.611034786,1.740259604,-0.129224818,0.00846125,-0.007120966,-0.003055935,0.005848265,-0.166910518,-,-
2/14/2020,78.8585434,79.10850247,78.34891602,78.80757547,80113600,61.12582049,1.581645364,1.708536756,-0.126891392,0.001696283,0.00024609,-0.000735884,-0.001546526,-0.154452461,-,-
2/18/2020,77.41460419,77.59661344,76.34923978,76.53124904,152531200,54.54594107,1.425408981,1.651911201,-0.22650222,-0.028884615,-0.018310498,-0.019111587,-0.025522705,0.90393641,-,-
2/19/2020,78.53579712,78.76634519,77.6573001,77.6573001,93984000,58.29955854,1.376197473,1.596768456,-0.220570982,0.014713611,0.014482964,0.015074521,0.017132591,-0.383837536,-,-
2/20/2020,77.73008728,78.7857425,77.22288902,78.29553355,100566000,54.79751756,1.257685137,1.528951792,-0.271266655,0.008218589,-0.010259141,0.000246264,-0.00559395,0.070033197,-,-
2/21/2020,75.97067261,77.76650348,75.351844,77.32239667,129554000,48.01477845,1.01014883,1.425191199,-0.41504237,-0.012429022,-0.022634925,-0.012936846,-0.024229151,0.288248513,-,-
2/24/2020,72.36203003,73.81810418,70.1900572,72.13876947,222195200,37.70585407,0.516829537,1.243518867,-0.72668933,-0.067039143,-0.047500469,-0.050772494,-0.068502462,0.715077883,-,-
2/25/2020,69.91098022,73.4176956,69.4377605,73.03426594,230673600,32.58798794,-0.071089319,0.98059723,-1.051686549,0.012413526,-0.033872043,-0.00542426,-0.010717995,0.03815744,-,v
2/26/2020,71.02001953,72.28923358,69.52754492,69.53482499,198054800,36.76997766,-0.442428999,0.695991984,-1.138420983,-0.047915056,0.015863593,-0.015370436,0.00129302,-0.141406732,-,^
2/27/2020,66.37756348,69.40620034,66.24166382,68.21707461,320605600,28.73416507,-1.098661094,0.337061369,-1.435722462,-0.018950941,-0.065368273,-0.039881917,-0.047260134,0.618772178,-,v
2/28/2020,66.33872986,67.56426329,62.2156159,62.43160377,426510000,28.67770706,-1.603380533,-0.051027012,-1.552353521,-0.084809718,-0.000585041,-0.026538509,-0.060778182,0.330326108,v,^
3/2/2020,72.51489258,73.15313937,67.39679469,68.50341005,341397200,46.63618235,-1.487858502,-0.33839331,-1.149465193,0.097255331,0.093100407,0.082719411,0.083277787,-0.1995564,^,^
3/3/2020,70.21188354,73.77440916,69.3576488,73.69432835,319475600,42.35368626,-1.564109957,-0.583536639,-0.980573318,0.075776057,-0.031759118,0.008492729,0.029094175,-0.064211423,v,^
3/4/2020,73.46865082,73.62881987,71.13650878,71.93977582,219178400,49.42622197,-1.346227412,-0.736074794,-0.610152618,-0.023808515,0.046384844,-0.001973439,0.02564764,-0.313943224,^,v
3/5/2020,71.08553314,72.69448863,70.7190855,71.71649259,187572800,45.06886011,-1.350286344,-0.858917104,-0.49136924,-0.003103752,-0.032437205,-0.012689749,-0.005867919,-0.144200341,-,^
3/6/2020,70.14151764,70.57591516,68.24862422,68.43548441,226176800,43.43532813,-1.413384621,-0.969810607,-0.443574014,-0.045749702,-0.013279995,-0.029143522,-0.034933445,0.205808092,-,^
3/9/2020,64.5938797,67.48660955,63.82458393,64.0065932,286744800,35.33094464,-1.889260262,-1.153700538,-0.735559724,-0.064716298,-0.079092072,-0.043772803,-0.06482241,0.267790507,v,v
3/10/2020,69.24603271,69.51298113,65.37044836,67.25606914,285290000,44.65648819,-1.86945535,-1.296851501,-0.572603849,0.050767832,0.072021576,0.030026276,0.024220517,-0.005073501,^,^
3/11/2020,66.84107208,68.2461855,65.97470632,67.31672823,255598800,41.33781973,-2.024483057,-1.442377812,-0.582105245,0.000901913,-0.034730663,-0.018223871,0.009243595,-0.10407375,-,v
3/12/2020,60.2402153,65.52333888,60.18440016,62.11127227,418474000,33.89282924,-2.649436554,-1.68378956,-0.965646994,-0.077327822,-0.098754502,-0.039897418,-0.087765546,0.637229909,v,^
3/13/2020,67.45749664,67.93072376,61.3856657,64.28325789,370732000,45.45917765,-2.533141932,-1.853660035,-0.679481897,0.034969266,0.119808359,0.036740876,0.019959749,-0.114085941,^,^
3/16/2020,58.77929306,62.87328366,58.24297074,58.71619414,322423600,37.06225076,-3.105438546,-2.104015737,-1.001422809,-0.086602079,-0.128646985,-0.074449966,-0.051195909,-0.13030545,v,^
3/17/2020,61.36381531,62.51653692,57.85467515,60.06548111,324056000,40.5823078,-3.312256757,-2.345663941,-0.966592816,0.02297981,0.043969944,-0.005674059,-0.006666823,0.005062905,^,^
3/18/2020,59.8616333,60.66975488,57.54404792,58.18714955,300233600,39.20966179,-3.556379483,-2.587807049,-0.968572434,-0.031271398,-0.024479932,-0.029540696,-0.005369095,-0.07351322,-,v
3/19/2020,59.40296555,61.3589577,58.87635256,60.03635789,271857200,38.77836949,-3.743704067,-2.818986453,-0.924717614,0.031780356,-0.007662132,0.011359908,0.023152779,-0.094514405,-,^
3/20/2020,55.63173676,61.11385462,55.33081345,59.98539502,401693200,35.33666548,-4.148643812,-3.084917925,-1.063725887,-0.000848867,-0.063485531,-0.003994577,-0.060220088,0.47758897,-,v
3/23/2020,54.44989014,55.45215567,51.59598622,55.35023092,336752800,34.30899269,-4.512904666,-3.370515273,-1.142389393,-0.077271544,-0.021244108,-0.092641824,-0.067499952,-0.161666665,v,^
3/24/2020,59.91260147,60.1091709,56.85969876,57.35961698,287531200,42.61612262,-4.311093267,-3.558630872,-0.752462396,0.03630312,0.100325479,0.083982582,0.102017869,-0.146165377,^,^
3/25/2020,59.58255005,62.67185273,59.28648137,60.8517602,303602000,42.26833171,-4.130178544,-3.672940406,-0.457238138,0.060881565,-0.005508882,0.042633791,0.042680188,0.055892369,v,^
3/26/2020,62.71797943,62.77622004,59.78641582,59.82524536,252087200,46.71702873,-3.691248955,-3.676602116,-0.014646839,-0.016869107,0.052623283,0.001665298,0.00843252,-0.169678724,^,^
3/27/2020,60.1212883,62.09426577,59.95383922,61.33710858,204216800,43.71278507,-3.512436188,-3.64376893,0.131332743,0.025271325,-0.041402659,-0.010863258,0.002800359,-0.189896195,-,^
3/30/2020,61.83703613,62.00933985,60.52414184,60.84933452,167976400,46.1757367,-3.195444179,-3.55410398,0.358659801,-0.007952349,0.028538108,-0.001367693,0.009512362,-0.177460424,-,^
3/31/2020,61.71084976,63.70081709,61.1551164,62.02876241,197002000,46.01625858,-2.920739448,-3.427431074,0.506691626,0.019382757,-0.002040628,0.027277782,0.010425172,0.172795702,-,v
4/1/2020,58.46380997,60.35913273,58.03184156,59.82038495,176218400,41.99683586,-2.931253281,-3.328195515,0.396942234,-0.035602475,-0.052617,-0.05245905,-0.051071358,-0.105499437,-,^
4/2/2020,59.43937302,59.4927627,57.4906607,58.32547716,165934000,43.59107196,-2.828263325,-3.228209077,0.399945752,-0.024989939,0.016686614,-0.014353586,-0.009325585,-0.058361669,-,v
4/3/2020,58.58514786,59.62623931,57.99301041,58.92247157,129880000,42.4898179,-2.783485585,-3.139264379,0.355778793,0.010235569,-0.014371369,0.002243577,0.008737936,-0.217279159,v,v
4/6/2020,63.69596481,63.85127554,60.51929722,60.88816668,201820400,50.54065416,-2.308982179,-2.973207939,0.66422576,0.033360704,0.087237417,0.070858674,0.043561919,0.553898984,^,v
4/7/2020,62.95821762,65.93589399,62.85386742,65.71747695,202887200,49.46421547,-1.969758692,-2.772518089,0.802759397,0.079314431,-0.011582322,0.032648031,0.038575633,0.005285888,v,v
4/8/2020,64.56961823,64.88509804,63.39505248,63.76149282,168895200,51.875219,-1.552993135,-2.528613098,0.975619964,-0.02976353,0.025594762,-0.01593663,0.008610211,-0.167541373,-,^
4/9/2020,65.03556061,65.54033721,64.23715181,65.20786808,161834800,52.57971155,-1.171600292,-2.257210537,1.085610245,0.02268415,0.007216124,0.010098454,0.01328336,-0.041803438,-,^
4/13/2020,66.31204224,66.42125076,64.51136065,65.11320728,131022800,54.54296243,-0.757609072,-1.957290244,1.199681172,-0.001451677,0.019627441,0.013440784,0.004268695,-0.190391683,-,^
4/14/2020,69.66101074,69.95222853,67.47689953,67.95012659,194994800,59.30343967,-0.157469072,-1.59732601,1.439856938,0.04356903,0.050503172,0.053160363,0.04596925,0.4882509,^,^
4/15/2020,69.02519226,69.48628092,68.10301494,68.53255414,131154400,58.06025662,0.263800041,-1.2251008,1.488900841,0.008571398,-0.009127322,-0.00666094,0.009278959,-0.327395397,-,^
4/16/2020,69.57364655,69.94009422,68.52042052,69.74109566,157125200,58.86137544,0.634599261,-0.853160787,1.487760048,0.017634561,0.007945712,0.006530977,0.006129032,0.198016994,-,^
4/17/2020,68.62962341,69.63674726,67.18810945,69.08829031,215250000,56.84849928,0.842572881,-0.514014054,1.356586935,-0.009360411,-0.013568688,-0.00433724,-0.019444,0.369926657,-,^
4/20/2020,67.20511627,68.35784191,67.1857052,67.45265367,130015200,53.8556516,0.882277308,-0.234755781,1.11703309,-0.023674586,-0.020756447,-0.01836538,-3.58E-05,-0.395980488,-,-
4/21/2020,65.12776184,67.28275254,64.41428499,67.04735361,180991600,49.74294476,0.73761544,-0.040281537,0.777896977,-0.00600866,-0.030910659,-0.015727374,-0.041250147,0.392080311,-,-
4/22/2020,67.00366974,67.44048895,66.05722317,66.39939403,116862400,53.2172488,0.76551557,0.120877884,0.644637686,-0.009664208,0.028803506,0.002344381,0.025505805,-0.354321416,-,-
4/23/2020,66.74401093,68.37481424,66.70518139,66.94786041,124814400,52.67443992,0.757937298,0.248289767,0.509647531,0.008260111,-0.003875292,0.013854071,0.009809044,0.068045839,-,v
4/24/2020,68.67087555,68.68058478,67.22208165,67.27062041,126161200,56.24134319,0.897072442,0.378046302,0.51902614,0.004821065,0.028869476,0.004471976,0.007749027,0.010790422,-,v
4/27/2020,68.71942139,69.05189046,67.93799465,68.38694491,117087600,56.3306445,0.999731013,0.502383244,0.497347769,0.016594532,0.000706935,0.005406268,0.010649968,-0.071920686,-,^
4/28/2020,67.60551453,69.36493733,67.51330272,69.18292807,112004800,53.62635198,0.979909904,0.597888576,0.382021328,0.011639402,-0.016209491,0.004533502,-0.00625117,-0.043410233,v,v
4/29/2020,69.8260498,70.29684778,68.89416309,69.09801261,137280800,57.95919949,1.130350198,0.704380901,0.425969298,-0.001227405,0.032845476,0.013434892,0.02045316,0.2256689,-,v
4/30/2020,71.2990799,71.47623821,69.97648392,70.36719352,183064000,60.58976881,1.352841716,0.834073064,0.518768652,0.018367835,0.02109571,0.016777288,0.015709906,0.333500388,^,v
5/1/2020,70.15123749,72.56103877,69.36981062,69.46688076,240616800,57.56698169,1.420175656,0.951293582,0.468882074,-0.012794496,-0.016098979,0.01517708,-0.008669674,0.314386226,v,v
5/4/2020,71.14379883,71.27241844,69.48387484,70.17551168,133568000,59.45084691,1.535924512,1.068219768,0.467704744,0.01020099,0.014148879,-0.017759122,0.001644292,-0.444893291,-,v
5/5/2020,72.21157074,73.04638719,71.45926427,71.60487317,147751200,61.4344347,1.694285911,1.193432997,0.500852914,0.02036838,0.015008643,0.024889975,0.028429466,0.106187111,-,v
5/6/2020,72.95658112,73.58996968,72.52946375,72.91532243,142333600,62.80172567,1.858481157,1.326442629,0.532038528,0.018301118,0.01031705,0.007441607,0.014976357,-0.036667046,-,^
5/7/2020,73.71131897,74.05835558,73.28177979,73.58512855,115215200,64.18695287,2.026151892,1.466384481,0.559767411,0.009186082,0.010345028,0.006364806,0.010372558,-0.190527044,-,^
5/8/2020,75.46578217,75.51931637,74.04470106,74.37320609,133838400,67.24090951,2.274384981,1.627984581,0.6464004,0.010709739,0.023801815,0.019727157,0.010410791,0.161638395,-,^
5/11/2020,76.65326691,77.14966694,74.76254165,74.97181445,145946400,69.15795832,2.537678805,1.809923426,0.727755379,0.00804871,0.015735406,0.021588524,0.009694692,0.09046731,^,^
5/12/2020,75.77723694,77.79205798,75.65556898,77.33944933,162301200,66.08551944,2.645160991,1.976970939,0.668190052,0.031580333,-0.011428475,0.008326556,0.01194485,0.112060318,-,^
5/13/2020,74.86230469,76.88199756,73.78189246,75.95731648,200622400,62.94048207,2.626240347,2.10682482,0.519415527,-0.017870994,-0.012073972,-0.011698629,-0.024765877,0.236111625,-,^
5/14/2020,75.32221985,75.38305384,73.37309631,74.09824019,158929200,63.8712594,2.618176205,2.209095097,0.409081108,-0.024475276,0.006143481,-0.01949668,-0.005540603,-0.207819266,-,^
5/15/2020,74.87688446,74.92311887,73.05186529,73.08593588,166348400,62.24114615,2.546496049,2.276575288,0.269920761,-0.013661651,-0.005912404,-0.006101305,-0.004378049,0.046682422,-,-
5/18/2020,76.64109039,77.01582984,75.51201542,76.20552438,135178400,65.94874067,2.602050861,2.341670402,0.260380459,0.042683841,0.023561423,0.027931445,0.03367676,-0.187377817,-,-
5/19/2020,76.19822693,77.50736817,76.16659207,76.65812804,101729600,64.24341509,2.58059557,2.389455436,0.191140134,0.00593925,-0.005778408,0.006382303,0.00866851,-0.247441899,-,-
5/20/2020,77.68016052,77.75072262,77.02071456,77.05964921,111504800,67.29135837,2.652594298,2.442083208,0.210511089,0.005237816,0.0194484,0.003139759,0.011213873,0.096090027,-,-
5/21/2020,77.10099792,78.08407725,76.86252602,77.5414354,102688800,64.96080686,2.632573557,2.480181278,0.152392279,0.00625212,-0.007455734,0.004287479,-0.002053844,-0.079063861,-,-
5/22/2020,77.59741974,77.68015309,76.73600823,76.83820519,81803200,66.0462866,2.626487554,2.509442533,0.117045021,-0.009069089,0.006438591,-0.005172939,-0.001646027,-0.203387322,-,-
5/26/2020,77.07181549,78.89926384,77.01584554,78.71919757,125522000,63.79291526,2.549859292,2.517525885,0.032333407,0.02447991,-0.006773476,0.01569398,0.003646754,0.534438751,-,-
5/27/2020,77.40757751,77.55358054,76.186034,76.92821293,112945200,64.6232621,2.487549114,2.511530531,-0.023981417,-0.022751561,0.004356483,-0.017055714,-0.010774556,-0.100195982,-,-
5/28/2020,77.44168091,78.70459532,76.80414179,77.08154096,133560800,64.71178311,2.413102959,2.491845016,-0.078742058,0.001993131,0.000440569,0.014841543,0.008113138,0.182527456,-,-
5/29/2020,77.36621857,78.14732475,77.00851449,77.68498801,153532400,64.32821063,2.321256662,2.457727346,-0.136470683,0.007828684,-0.000974441,-0.007080534,0.002660959,0.149531899,-,-
6/1/2020,78.31768799,78.43935598,77.18860546,77.32000897,80791200,66.98538221,2.29874494,2.425930865,-0.127185924,-0.004698193,0.012298254,0.003736932,0.002338585,-0.473784035,-,v
6/2/2020,78.68024445,78.70457953,77.60713203,78.05000523,87642800,67.96462418,2.283832911,2.397511274,-0.113678363,0.009441234,0.004629305,0.003381256,0.005422129,0.084806266,-,v
6/3/2020,79.11340332,79.37621037,78.42719398,79.00147083,104491200,69.142242,2.280677095,2.374144438,-0.093467343,0.012190462,0.005505307,0.008533568,0.010566838,0.192239408,-,v
6/4/2020,78.43204498,79.23505065,78.05730554,78.93575218,87560400,65.08906455,2.197860596,2.338887669,-0.141027074,-0.000831866,-0.008612426,-0.001778363,-0.004716329,-0.16203087,v,v
6/5/2020,80.66584778,80.72668175,78.65346264,78.68266175,137250400,71.07554175,2.286124125,2.32833496,-0.042210836,-0.003206284,0.028480741,0.018825395,0.007637429,0.567493981,-,^
6/8/2020,81.14281464,81.17688524,79.64873557,80.36170821,95654400,72.17279649,2.367272404,2.336122449,0.031149955,0.021339472,0.005912872,0.005576886,0.012653898,-0.303066512,-,v
6/9/2020,83.7051239,84.09932692,80.78996422,80.82159908,147712400,77.18085722,2.608273391,2.390552638,0.217720754,0.005722761,0.031577772,0.036000909,0.014328271,0.544230062,-,v
6/10/2020,85.85864258,86.32827911,84.21612517,84.65656257,166651600,80.37725969,2.939158579,2.500273826,0.438884753,0.047449735,0.025727441,0.026503805,0.042408249,0.128216724,^,v
6/11/2020,81.73654175,85.42551553,81.63434481,84.99967763,201662400,62.36855535,2.83607587,2.567434235,0.268641635,0.004053024,-0.048010319,-0.010457333,-0.030656603,0.210083792,v,^
6/12/2020,82.44220734,84.63223063,81.32773208,83.88275926,200146000,63.86130425,2.779285522,2.609804492,0.16948103,-0.013140266,0.008633416,-0.009286276,-0.003755928,-0.007519498,-,^
6/15/2020,83.46179199,84.11636627,80.92866396,81.0917023,138808800,65.96220858,2.784453279,2.644734249,0.139719029,-0.033273309,0.012367265,-0.006095365,-0.004906913,-0.306462283,-,^
6/16/2020,85.67371368,85.94625617,83.88276475,85.52284659,165428800,70.03241708,2.933220024,2.702431404,0.230788619,0.054643621,0.026502207,0.021754267,0.036502528,0.191774585,^,v
6/17/2020,85.55448151,86.48159084,85.43281354,86.42075685,114406400,69.54962682,3.006836758,2.763312475,0.243524283,0.010499069,-0.001391701,0.006228714,0.018478752,-0.308425135,-,v
6/18/2020,85.58853912,86.00707717,84.97776364,85.51066985,96820400,69.61406414,3.032964587,2.817242897,0.21572169,-0.010530884,0.000398081,-0.005486875,-0.005326407,-0.153715177,-,^
6/19/2020,85.09945679,86.76387395,83.98740961,86.29667304,264476000,67.40804644,2.979856295,2.849765577,0.130090718,0.009191873,-0.005714344,0.008799238,-0.011654273,1.731614412,v,^
6/22/2020,87.32595825,87.46952555,85.4474047,85.49363912,135445200,71.79063764,3.08190141,2.896192744,0.185708667,-0.009305503,0.026163521,0.008133012,0.017383499,-0.48787338,-,^
6/23/2020,89.18994141,90.61345845,88.1533277,88.57430164,212155600,74.84078823,3.275423716,2.972038938,0.303384778,0.036033821,0.021345121,0.03594318,0.031667703,0.566357464,^,v
6/24/2020,87.61555481,89.73988065,87.24081531,88.81763518,192623200,68.13918052,3.264124897,3.03045613,0.233668767,0.002747225,-0.017652064,-0.009640707,-0.010351423,-0.092066389,-,v
6/25/2020,88.77868652,88.81762117,87.00963685,87.77127956,137522400,70.2580868,3.310859977,3.086536899,0.224323078,-0.011780944,0.013275402,-0.01027703,-0.002649889,-0.286054847,-,^
6/26/2020,86.05089569,88.89549362,85.9024569,88.67405701,205256800,60.15421711,3.092143635,3.087658247,0.004485389,0.010285568,-0.03072574,0.000876768,-0.012724797,0.49253358,v,^
6/29/2020,88.03408813,88.12899273,85.47906041,85.95843258,130646000,64.1867142,3.043749959,3.078876589,-0.03512663,-0.030624791,0.023046738,-0.008622494,-0.004928805,-0.363499772,-,^
6/30/2020,88.76895905,89.05610113,87.60094936,87.62041297,140223200,65.5768991,3.029770258,3.069055323,-0.039285065,0.019334699,0.008347572,0.010519902,0.024823494,0.073306492,^,^
7/1/2020,88.60105896,89.39190088,88.55239622,88.84683067,110737200,64.95649378,2.970896465,3.049423551,-0.078527086,0.01399694,-0.001891428,0.003770654,0.010861148,-0.210279041,-,^
7/2/2020,88.60105896,90.14867963,88.48669818,89.51114056,114041600,64.95649378,2.890913904,3.017721622,-0.126807718,0.007477024,0,0.008465854,-0.000741911,0.029840018,-,^
7/6/2020,90.971138,91.44077456,90.00265834,90.03429319,118655600,69.65624852,2.984370751,3.011051447,-0.026680697,0.005844553,0.026750008,0.014332932,0.017132068,0.04045892,-,^
7/7/2020,90.68887329,92.13185365,90.57694084,91.35074735,112424400,68.47837268,3.001065161,3.00905419,-0.007989029,0.014621697,-0.003102794,0.007557669,0.006380728,-0.05251501,-,-
7/8/2020,92.80104828,92.83268315,91.58193255,91.66953737,117092000,72.25866039,3.148437246,3.036930801,0.111506445,0.003489736,0.023290343,0.00760681,0.011095448,0.041517678,-,-
7/9/2020,93.20011902,93.7500533,92.14890577,93.69651909,125642800,72.91947254,3.259854782,3.081515597,0.178339184,0.022111835,0.004300283,0.009881974,0.006190885,0.073026338,-,-
7/10/2020,93.36315918,93.42156487,92.18054973,92.7937538,90257200,73.20034502,3.323004434,3.129813365,0.193191069,-0.009634993,0.001749356,-0.003503875,0.0003434,-0.281636512,-,-
7/13/2020,92.93244171,97.29058985,92.71830487,94.67229242,191649200,71.10228364,3.300252432,3.163901178,0.136351254,0.020244236,-0.004613356,0.041414688,0.005833716,1.123367443,-,-
7/14/2020,94.47031403,94.66254407,91.37508059,92.31191801,170989200,73.97092509,3.367496348,3.204620212,0.162876136,-0.024932051,0.016548283,-0.027012333,-0.014487153,-0.107801128,-,-
7/15/2020,95.12001038,96.60192525,93.91793033,96.35128955,153198000,75.09569083,3.43363193,3.250422556,0.183209375,0.043757855,0.006877254,0.020487313,0.0278287,-0.104048677,-,-
7/16/2020,93.94958496,94.80856065,93.34854481,93.98851961,110577600,69.28706368,3.352950579,3.27092816,0.082022419,-0.024522453,-0.012304723,-0.018564481,-0.006062586,-0.278204676,-,-
7/17/2020,93.75978088,94.55792256,93.28527278,94.4021914,92186800,68.36357888,3.236387365,3.264020001,-0.027632636,0.004401301,-0.002020276,-0.002643623,-0.000677804,-0.166315782,-,^
7/20/2020,95.73564911,95.87435237,93.50182715,93.84736742,90318000,72.47623633,3.265800121,3.264376025,0.001424095,-0.005877236,0.021073729,0.013921941,0.002321421,-0.020271883,-,^
7/21/2020,94.41434479,96.60436825,94.16370907,96.5289347,103433200,66.27191515,3.146224013,3.240745623,-0.09452161,0.028573708,-0.013801592,0.007614298,0.007078813,0.145211364,-,v
7/22/2020,94.67958832,95.36336178,94.02744972,94.11504711,89001600,66.88476364,3.037843652,3.200165229,-0.162321577,-0.025006881,0.002809356,-0.012846277,-0.001447047,-0.1395258,^,v
7/23/2020,90.37010193,94.48977758,89.55736079,94.4119083,197004400,50.7499921,2.57453427,3.075039037,-0.500504767,0.003154237,-0.045516531,-0.009160585,-0.047540255,1.213492791,-,v
7/24/2020,90.1462326,90.49177292,86.76872848,88.56212064,185438800,50.0742149,2.164344646,2.892900159,-0.728555513,-0.061960273,-0.00247725,-0.042311505,-0.031137946,-0.058707318,v,v
7/27/2020,92.28271484,92.37518368,90.98817335,91.21203825,121214000,56.0842528,1.988737745,2.712067676,-0.723329931,0.029921569,0.023700183,0.020813061,0.048628636,-0.346339601,-,v
7/28/2020,90.76673889,92.02965298,90.76186742,91.85201508,103625600,51.35978181,1.707557757,2.511165692,-0.803607935,0.007016364,-0.016427518,-0.003740514,-0.002487202,-0.145102051,-,v
7/29/2020,92.50659943,92.69153713,91.21448607,91.25098498,90329200,55.94647529,1.606592992,2.330251152,-0.72365816,-0.006543461,0.019168481,0.007192075,0.004986881,-0.128311923,-,v
7/30/2020,93.62595367,93.73058636,91.26802744,91.67683011,158130000,58.64817271,1.598474007,2.183895723,-0.585421716,0.004666746,0.012100264,0.011209753,0.000586983,0.750596706,-,-
7/31/2020,103.4275131,103.5783802,98.13738458,100.1424778,374336800,73.80010246,2.355787534,2.218274085,0.137513449,0.092342282,0.104688487,0.105064891,0.075265757,1.367272497,-,-
8/3/2020,106.033638,108.6616632,105.0164955,105.315794,308151200,76.28796716,3.130173763,2.400654021,0.729519742,0.051659558,0.025197598,0.04907668,0.070096742,-0.176807624,-,-
8/4/2020,106.741745,107.8367567,105.4982945,106.2234383,173071600,76.92900237,3.757702292,2.672063675,1.085638617,0.008618311,0.006678135,-0.007591514,0.004587841,-0.438354937,-,-
8/5/2020,107.1286469,107.4498521,105.9947005,106.4619088,121776800,77.29025578,4.237396845,2.985130309,1.252266536,0.00224499,0.003624654,-0.003587874,0.004705346,-0.296379071,-,^
8/6/2020,110.8662872,111.3626946,106.8707151,107.4620197,202428800,80.47149267,4.863095835,3.360723414,1.502372421,0.009394073,0.034889271,0.036415523,0.008264702,0.662293639,-,v
8/7/2020,108.345665,110.8443556,107.5460843,110.386058,198045600,73.0405682,5.096820667,3.707942865,1.388877802,0.027209969,-0.022735696,-0.004654513,0.006319497,-0.021653045,-,v
8/10/2020,109.9204407,110.9418572,107.2608581,109.7961132,212403600,74.61756118,5.347478118,4.035849915,1.311628203,-0.005344377,0.014534737,0.000879626,-0.00265213,0.072498455,^,v
8/11/2020,106.6514282,109.6815459,106.3905875,109.1818107,187902400,65.98838953,5.222146318,4.273109196,0.949037122,-0.005594938,-0.029739805,-0.011360106,-0.008113589,-0.115352094,v,v
8/12/2020,110.1959229,110.4543235,107.5509657,107.7459825,165598000,70.0347814,5.347191956,4.487925748,0.859266208,-0.0131508,0.033234385,0.007045648,0.010906775,-0.11870205,-,v
8/13/2020,112.1461105,113.1529012,111.090562,111.5805515,210082000,72.00802649,5.539796053,4.698299809,0.841496244,0.035588974,0.017697458,0.024431617,0.032910873,0.268626433,-,v
8/14/2020,112.0461731,112.1363685,110.2300485,111.9706035,165565200,71.74728775,5.619592902,4.882558428,0.737034475,0.003495699,-0.000891136,-0.008983708,-0.007746054,-0.211902019,-,v
8/17/2020,111.7536316,113.1967811,111.1246962,113.1724021,119561600,70.93754925,5.594734212,5.024993585,0.569740628,0.010733162,-0.002610901,0.009456455,0.008116187,-0.277857907,-,-
8/18/2020,112.6848373,113.111443,111.1685586,111.5049689,105633600,72.02005209,5.585784595,5.137151787,0.448632809,-0.014733568,0.008332667,-0.000753891,0.000394714,-0.116492252,-,-
8/19/2020,112.8262329,114.2450033,112.7311647,113.0943865,145538000,72.1894396,5.526396541,5.215000738,0.311395803,0.014254232,0.001254788,0.010021624,0.014056187,0.377762379,-,-
8/20/2020,115.3297958,115.4443702,112.8506042,112.8676702,126907200,75.06754635,5.616602982,5.295321186,0.321281795,-0.002004665,0.022189546,0.0104982,0.001059508,-0.128013302,-,-
8/21/2020,121.2730255,121.7581347,116.2805176,116.2927034,338054800,80.28389837,6.097374464,5.455731842,0.641642622,0.030345564,0.051532474,0.054690969,0.030393398,1.663795277,-,-
8/24/2020,122.7234955,125.5781026,120.8513076,125.4927725,345937600,81.31155034,6.520268535,5.668639181,0.851629355,0.079111319,0.011960368,0.03137341,0.039308304,0.023318113,-,-
8/25/2020,121.7166901,122.0628534,119.9883285,121.59237,211495600,78.2622593,6.696975782,5.874306501,0.822669281,-0.031080694,-0.008203852,-0.027992533,-0.007140833,-0.388630782,-,-
8/26/2020,123.3719254,123.8302229,121.9677808,123.0379552,163022400,79.61570609,6.89114438,6.077674077,0.813470303,0.011888782,0.013599082,0.014479176,0.01649704,-0.229192475,-,-
8/27/2020,121.8970947,124.3104626,120.7489106,123.9764925,155552400,75.12730475,6.847088908,6.231557043,0.615531865,0.00762803,-0.011954346,0.00387821,-0.009993379,-0.045821924,-,^
8/28/2020,121.6996307,123.2939117,121.4753548,122.874619,187630000,74.52153835,6.718790896,6.329003814,0.389787083,-0.008887761,-0.001619924,-0.008177517,0.006016155,0.206217326,-,^
8/31/2020,125.8267441,127.7379443,122.8624502,124.4031081,225702700,78.43529692,6.870933508,6.437389753,0.433543756,0.012439421,0.033912291,0.036044218,0.01141874,0.202913713,-,v
9/1/2020,130.8387299,131.4433011,127.2796257,129.4540916,151948100,82.04280592,7.311648853,6.612241573,0.69940728,0.040601746,0.039832436,0.029007488,0.035952201,-0.326777659,^,^
9/2/2020,128.1279755,134.5441273,123.8375467,134.1638394,200119000,74.75847912,7.357372504,6.761267759,0.596104745,0.036381606,-0.020718287,0.023590599,-0.027043441,0.317022062,-,v
9/3/2020,117.8699417,125.6317274,117.4994068,123.7497938,257599600,54.89550294,6.491046489,6.707223505,-0.216177016,-0.077621851,-0.080060843,-0.066241464,-0.051181084,0.287232097,v,^
9/4/2020,117.947937,120.6197053,108.1286935,117.0800998,332607200,54.99341786,5.744550843,6.514688973,-0.770138129,-0.053896607,0.000661706,-0.039894556,-0.079751155,0.291179024,^,^
9/8/2020,110.0106277,116.0269845,109.8741145,111.1124865,231366600,44.42429114,4.461048948,6.103960968,-1.64291202,-0.050970346,-0.067295024,-0.038076041,0.016142071,-0.304384872,v,v
9/9/2020,114.3985901,116.1732696,112.389889,114.3400865,176940500,50.13038229,3.754655012,5.634099777,-1.879444764,0.029048041,0.039886713,0.001260785,0.02289688,-0.235237498,^,v
9/10/2020,110.6639633,117.4994081,109.6986176,117.3628949,182274400,45.81853029,2.860505434,5.079380908,-2.218875474,0.026436996,-0.032645741,0.011415178,-0.02394585,0.030145162,-,^
9/11/2020,109.2110596,112.3606318,107.2608621,111.7170631,180860300,44.22484179,2.011461386,4.465797004,-2.454335617,-0.048105765,-0.013128969,-0.043734487,-0.022222299,-0.007758083,v,^
9/14/2020,112.4873734,113.0431792,109.9911234,111.8633109,140150100,48.56913787,1.584691663,3.889575936,-2.304884272,0.001309091,0.029999835,0.006074614,0.025454404,-0.225091963,-,^
9/15/2020,112.6629181,115.8709941,110.7809771,115.3834447,184642000,48.79925128,1.246272325,3.360915213,-2.114642889,0.031468171,0.001560573,0.025015351,0.007181068,0.317458924,^,v
9/16/2020,109.3378067,113.1114411,109.2500514,112.3606184,154679000,44.71791194,0.701675384,2.829067248,-2.127391863,-0.026198094,-0.029513805,-0.023815736,-0.013819391,-0.162276189,-,v
9/17/2020,107.592392,109.4060762,106.0029837,106.9878355,178011000,42.69914648,0.127765205,2.288806839,-2.161041634,-0.047817313,-0.015963506,-0.032758533,-0.02972143,0.15084142,-,^
9/18/2020,104.1795502,108.1189501,103.4482261,107.6509069,287104900,38.99244962,-0.595585024,1.711928466,-2.30751349,0.006197633,-0.031720103,-0.011764667,-0.024100808,0.612849206,v,v
9/21/2020,107.3388672,107.4461286,100.532675,101.9368195,195713800,43.85166853,-0.903499828,1.188842808,-2.092342636,-0.053079789,0.030325693,-0.006222975,-0.028183674,-0.318319541,-,v
9/22/2020,109.0257874,110.049644,106.4417817,109.8741259,183055400,46.3106596,-0.999878197,0.751098607,-1.750976803,0.077864961,0.015715837,0.02423089,0.058777971,-0.064678117,^,v
9/23/2020,104.4525909,109.3183321,104.1113004,108.8405357,150718700,41.06069473,-1.42880708,0.315117469,-1.743924549,-0.009407039,-0.041946007,-0.006645291,-0.021894422,-0.176649801,v,v
9/24/2020,105.525177,107.5046261,102.3853582,102.5511231,167743300,42.70134802,-1.66301735,-0.080509495,-1.582507856,-0.057785572,0.01026864,-0.016591051,-0.016577857,0.112956123,-,v
9/25/2020,109.4840698,109.6400892,104.9888647,105.7299417,149981400,48.40964544,-1.511754547,-0.366758505,-1.144996042,0.030997404,0.037516097,0.019863918,0.025428504,-0.105887389,-,v
9/28/2020,112.0973587,112.4483949,109.971643,112.1461166,137672400,51.82167103,-1.167548342,-0.526916472,-0.64063187,0.060684559,0.023869124,0.025613858,0.047460065,-0.082070177,-,^
9/29/2020,111.2490311,112.4386529,110.7419829,111.6975831,99382200,50.65058418,-0.952238582,-0.611980894,-0.340257688,-0.003999546,-0.007567775,-8.66E-05,0.007004896,-0.278125463,-,v
9/30/2020,112.9261703,114.3400678,110.7907094,110.9564744,142675200,52.91596672,-0.638907989,-0.617366313,-0.021541675,-0.006634958,0.015075541,0.016910687,0.00044,0.435621268,-,v
10/1/2020,113.8817825,114.7886247,112.9456886,114.710615,116120400,54.20589724,-0.309908883,-0.555874827,0.245965944,0.033834354,0.008462274,0.003923006,0.019450902,-0.186120643,^,v
10/2/2020,110.205658,112.497146,109.4255834,110.0788978,144712000,48.68075812,-0.341866428,-0.513073147,0.171206719,-0.040377407,-0.032280181,-0.019962594,-0.031166353,0.246223747,v,v
10/5/2020,113.598999,113.7452653,110.7224608,111.073497,106243800,53.402293,-0.092314603,-0.428921438,0.336606836,0.00903533,0.030790988,0.011094676,0.011851684,-0.265825916,-,v
10/6/2020,110.3421555,113.2284463,109.4548122,112.8188992,161498200,48.76499287,-0.155549958,-0.374247142,0.218697185,0.01571394,-0.02866965,-0.004543653,-0.011448884,0.520071759,-,v
10/7/2020,112.2143707,112.6726683,111.2880224,111.7658262,96849000,51.37880572,-0.053970172,-0.310191748,0.256221576,-0.00933419,0.016967362,-0.004908465,0.016748557,-0.400309106,-,v
10/8/2020,112.1071091,113.5015006,111.7365668,113.3552343,83477200,51.21759265,0.01767369,-0.244618661,0.26229235,0.014220878,-0.000955864,0.007356108,0.004030482,-0.13806854,-,-
10/9/2020,114.0572968,114.0865485,112.0583414,112.4093776,100506900,54.04118294,0.229174038,-0.149860121,0.379034159,-0.008344183,0.017395754,0.005154539,0.002879761,0.204004207,-,^
10/12/2020,121.3022919,122.0628677,116.3097833,117.0703592,240226800,62.68278151,0.970216098,0.074155123,0.896060975,0.041464349,0.063520663,0.069914633,0.03793954,1.390152318,-,^
10/13/2020,118.084465,122.2676398,116.6705747,122.1506253,262330500,57.51050555,1.283055273,0.315935153,0.96712012,0.043394982,-0.026527338,0.001677595,0.003101986,0.092011799,-,^
10/14/2020,118.172226,119.9664042,116.6413211,117.9869548,150712000,57.6132331,1.520536349,0.556855392,0.963680957,-0.034086363,0.000743205,-0.018821298,-0.000250737,-0.425488077,^,v
10/15/2020,117.7041855,118.1819819,115.2079347,115.7637408,112559200,56.82418143,1.651932411,0.775870796,0.876061615,-0.01884288,-0.003960664,-0.01487435,-0.012288839,-0.25315038,-,v
10/16/2020,116.0562286,118.5232343,115.8514588,118.2599535,115393800,54.01890238,1.604591658,0.941614968,0.662976689,0.021562993,-0.014000835,0.002887516,0.005585762,0.025183192,-,v
10/19/2020,113.0919571,117.4213905,112.7799258,116.972846,120639300,49.30390922,1.312749273,1.015841829,0.296907444,-0.010883714,-0.025541684,-0.009296437,-0.026512683,0.045457382,v,v
10/20/2020,114.583847,116.0172433,112.7506568,113.3064627,124423700,51.59392597,1.18814889,1.050303241,0.137845649,-0.031343883,0.013191831,-0.011958189,-0.000259523,0.031369545,-,v
10/21/2020,113.9597931,115.7539712,113.550246,113.7647689,89946000,50.56499976,1.027205268,1.045683647,-0.018478379,0.004044837,-0.005446265,-0.00226925,0.007091659,-0.277099138,-,v
10/22/2020,112.8676834,115.1006605,111.7365653,114.5253484,101988000,48.73335695,0.802283934,0.997003704,-0.19471977,0.006685545,-0.009583289,-0.005643959,-0.015972495,0.133880328,-,^
10/23/2020,112.1753693,113.6477706,111.4342921,113.4917512,82572600,47.55729671,0.561693339,0.909941631,-0.348248292,-0.009025052,-0.006133856,-0.012622777,-0.002705231,-0.190369455,-,v
10/26/2020,112.1850967,113.6477446,110.0691271,111.1709933,111850700,47.57643978,0.367571352,0.801467575,-0.433896223,-0.020448692,8.67E-05,-2.28E-07,-0.012250851,0.354574035,-,^
10/27/2020,113.6965103,114.3595777,111.6878093,112.6141501,92276800,50.59411727,0.331861233,0.707546307,-0.375685074,0.012981415,0.013472499,0.006263504,0.014706051,-0.175000246,^,^
10/28/2020,108.4309921,112.5556636,108.3334837,112.1851288,143937800,41.60810971,-0.119940012,0.542049043,-0.661989055,-0.003809658,-0.046312048,-0.015774054,-0.03003305,0.559848196,v,v
10/29/2020,112.4483948,114.0183045,109.4060838,109.5718563,146129200,49.04426954,-0.152071944,0.403224845,-0.55529679,-0.023294286,0.037050317,0.012994822,0.00990091,0.015224632,^,v
10/30/2020,106.1492538,109.2013104,105.0376418,108.2944682,190272600,40.36436494,-0.678009094,0.186978057,-0.864987152,-0.011657994,-0.05601806,-0.042247551,-0.039928693,0.30208473,-,v
11/2/2020,106.0614929,107.9239352,104.6476026,106.3930304,122866900,40.25746495,-1.089342387,-0.068286031,-1.021056355,-0.017558033,-0.000826769,-0.011697434,-0.003713328,-0.354258574,v,v
11/3/2020,107.6899185,108.7137678,106.0225004,106.9293426,107624400,43.26021137,-1.269295006,-0.308487826,-0.960807179,0.005040859,0.015353599,0.00731842,0.013138359,-0.124057008,-,v
11/4/2020,112.087616,112.7116787,109.5523603,111.2977882,138235500,50.49645849,-1.045005153,-0.455791291,-0.589213861,0.040853572,0.040836668,0.036774651,0.033293498,0.284425279,-,v
11/5/2020,116.0659866,116.6412987,113.9597775,115.0128783,126387100,55.96742817,-0.540007691,-0.472634571,-0.06737312,0.03337973,0.035493401,0.034864355,0.040231148,-0.085711702,-,v
11/6/2020,115.9341431,116.432296,113.4335786,115.5727314,114457900,55.74754491,-0.148717912,-0.40785124,0.259133328,0.004867742,-0.001135936,-0.001791841,-0.004617409,-0.094386215,-,-
11/9/2020,113.6191788,119.1575259,113.3554512,117.7021241,154515300,51.89248343,-0.02512657,-0.331306306,0.306179735,0.018424698,-0.019967925,0.023406134,-0.00068875,0.349974969,-,-
11/10/2020,113.277298,114.8596785,111.480017,112.8670517,138023400,51.3279694,0.044718053,-0.256101434,0.300819487,-0.041078888,-0.003009006,-0.036068619,-0.01654472,-0.10673312,-,-
11/11/2020,116.7155685,116.8523173,113.7363907,114.4689765,112295000,56.45809223,0.373208011,-0.130239545,0.503447556,0.014193024,0.030352689,0.017348462,0.020240163,-0.186406073,-,-
11/12/2020,116.4420624,117.731413,115.8169231,116.8425462,103162300,55.95287004,0.6045007,0.016708504,0.587792196,0.020735484,-0.002343356,0.007523135,0.018292583,-0.081327753,-,-
11/13/2020,116.4909134,116.8913898,115.1331883,116.6667343,81581900,56.02855648,0.78272097,0.169910997,0.612809973,-0.001504691,0.000419531,-0.007135082,-0.005903583,-0.209188822,-,-
11/16/2020,117.5067596,118.1807335,115.406679,116.1587971,91183000,57.65789745,0.994468507,0.334822499,0.659646008,-0.004353745,0.00872039,0.011030271,0.002375429,0.117686644,-,^
11/17/2020,116.6178818,117.8681602,116.1978657,116.7741703,74271000,55.71256772,1.078126964,0.483483392,0.594643572,0.00529769,-0.007564483,-0.002644875,0.00685564,-0.185473169,-,^
11/18/2020,115.2894669,117.0379058,115.2601646,115.8560017,76322100,52.84311442,1.025414572,0.591869628,0.433544943,-0.007862772,-0.011391177,-0.007043924,-0.008069865,0.027616432,-,v
11/19/2020,115.8852997,116.2955459,114.0977886,114.8596766,74113000,53.98782093,1.019960876,0.677487878,0.342472998,-0.008599684,0.005168146,-0.006342902,-0.010084802,-0.028944434,^,v
11/20/2020,114.6155014,116.0122988,114.5666668,115.8853199,73604300,51.13880669,0.902770102,0.722544323,0.180225779,0.008929533,-0.010957371,-0.00243558,0.004109442,-0.006863843,-,v
11/23/2020,111.2065353,114.8890045,111.1088587,114.4592184,127959300,44.36934052,0.528725677,0.683780594,-0.155054916,-0.012306144,-0.029742627,-0.009682545,-0.030181624,0.738475877,v,v
11/24/2020,112.4958801,113.1600916,109.975783,111.2651413,113874200,47.21538862,0.33249928,0.613524331,-0.281025051,-0.02790581,0.011594146,-0.01504855,-0.010197888,-0.110074844,-,v
11/25/2020,113.3359146,114.0391982,112.4958822,112.8670638,76499200,49.04446614,0.241982782,0.539216021,-0.297233239,0.014397344,0.007467247,0.007768699,0.022915038,-0.328213063,-,v
11/27/2020,113.8828812,114.7619855,113.521477,113.8633488,46691300,50.2532206,0.211940319,0.473760881,-0.261820562,0.008827066,0.004826066,0.00633806,0.009116732,-0.389649826,-,v
11/30/2020,116.2857819,118.1611996,114.097787,114.2540756,169410200,55.27291282,0.377671888,0.454543082,-0.076871194,0.003431541,0.021099753,0.029619687,0.005076661,2.628303346,-,-
12/1/2020,119.8705521,120.6031377,117.2234767,118.2002576,127728200,61.51232871,0.789179181,0.521470302,0.267708879,0.034538655,0.030827244,0.020666159,0.027394832,-0.246041856,-,-
12/2/2020,120.222229,120.5054964,118.0830758,119.1868359,89004200,62.07132414,1.130645685,0.643305379,0.487340307,0.008346668,0.002933806,-0.000809608,0.007332994,-0.303175023,-,-
12/3/2020,120.0854568,120.9059493,119.3724034,120.6519842,78967600,61.69602094,1.374380972,0.789520497,0.584860475,0.01229287,-0.001137661,0.003323109,0.010918818,-0.112765465,-,-
12/4/2020,119.4114838,120.0073208,118.6984303,119.7533556,78260400,59.77796222,1.495914971,0.930799392,0.565115579,-0.007448104,-0.005612446,-0.007432459,-0.005645971,-0.008955572,-,-
12/7/2020,120.8766479,121.6776081,119.4114765,119.4700809,86712000,62.50684661,1.690965646,1.082832643,0.608133003,-0.002365485,0.012269877,0.013918211,0.006007208,0.107993315,-,-
12/8/2020,121.4920197,122.0780942,120.2319713,121.4822572,82225500,63.62314956,1.873602343,1.240986583,0.632615761,0.016842512,0.005090906,0.003291371,0.006871155,-0.051740244,-,-
12/9/2020,118.9524078,123.0255835,118.1905197,121.638556,115089200,56.18802314,1.792752063,1.351339679,0.441412384,0.001286598,-0.020903528,0.007761337,-0.016979274,0.399677716,-,-
12/10/2020,120.3784866,120.9938634,117.360237,117.7021088,81312200,59.07984372,1.822738875,1.445619518,0.377119357,-0.032361838,0.01198865,-0.016514614,-0.007024952,-0.293485401,-,-
12/11/2020,119.567749,119.9096208,117.750936,119.5872814,86939800,56.78509909,1.760786637,1.508652942,0.252133695,0.016016472,-0.006734904,-0.008961137,0.003329058,0.069209786,-,-
12/14/2020,118.9524078,120.485954,118.7179824,119.7533681,79184500,55.03776417,1.643095569,1.535541467,0.107554101,0.001388833,-0.005146381,0.004806396,0.008212643,-0.089203104,-,-
12/15/2020,124.910759,124.9302988,121.24783,121.4529531,157243700,65.96027726,2.007472793,1.629927732,0.37754506,0.014192378,0.05009021,0.036886829,0.021309725,0.985788885,-,-
12/16/2020,124.8423691,125.389364,123.6213929,124.4516627,98208600,65.76280526,2.264620737,1.756866333,0.507754404,0.024690297,-0.00054751,0.003674571,0.019576127,-0.375436981,-,-
12/17/2020,125.7117004,126.5712724,125.0670215,125.9070536,94359800,67.11069942,2.509630651,1.907419197,0.602211454,0.011694428,0.006963432,0.009425906,0.011694,-0.039190051,-,-
12/18/2020,123.719101,126.1024493,123.1916383,125.9657005,192541500,61.16653458,2.514036401,2.028742638,0.485293763,0.000465795,-0.015850549,-0.003704025,-0.014995026,1.040503477,-,-
12/21/2020,125.2526474,125.3307917,120.5836345,122.1171807,121251600,63.82236793,2.611172401,2.14522859,0.465943811,-0.030552125,0.01239539,-0.006119291,-0.021170298,-0.370257321,-,-
12/22/2020,128.8179016,131.2891567,126.6396689,128.5541665,168904800,69.11134747,2.941926898,2.304568252,0.637358646,0.05271155,0.028464502,0.047541111,0.050222689,0.393010896,-,^
12/23/2020,127.9192429,129.3550972,127.7434145,129.091377,88223700,66.47338546,3.095850926,2.462824787,0.633026139,0.004178865,-0.006976195,-0.014731297,0.008715639,-0.477672038,-,^
12/24/2020,128.9057922,130.3612013,128.0559975,128.2708905,54930100,67.92098649,3.259865418,2.622232913,0.637632505,-0.006355858,0.007712283,0.007777847,0.00244696,-0.377377054,-,^
12/28/2020,133.5161896,134.1510912,130.4100184,130.878884,124486200,73.64744504,3.718998321,2.841585995,0.877412327,0.02033192,0.035765634,0.029072223,0.018382746,1.266265672,^,^
12/29/2020,131.7384338,135.5674131,131.2207412,134.8446048,121047300,68.56485484,3.894520813,3.052172958,0.842347855,0.030300692,-0.013314908,0.010557662,0.006216721,-0.027624749,-,v
12/30/2020,130.6151581,132.8324552,130.302581,132.4319714,96452100,65.48948085,3.898050388,3.221348444,0.676701943,-0.017891954,-0.008526561,-0.020174155,-0.006997066,-0.203186688,-,^
12/31/2020,129.6090393,131.6114428,128.6615608,130.9667639,99116600,62.77353855,3.77613331,3.332305417,0.443827893,-0.01106385,-0.007702925,-0.009192124,-0.012593919,0.027625111,-,v
1/4/2021,126.4052429,130.5077205,123.8167716,130.4198137,143301900,54.95766381,3.382007873,3.342245908,0.039761965,-0.004176252,-0.024718927,-0.008386219,-0.037655297,0.445791119,v,v
1/5/2021,127.9680939,128.6811548,125.4479967,125.8973226,97664900,57.72296739,3.159350608,3.305666848,-0.14631624,-0.034676412,0.012363814,-0.013995843,0.013174509,-0.318467515,^,v
1/6/2021,123.6604767,128.0071567,123.4455837,124.7544741,155088000,48.82538866,2.605272456,3.16558797,-0.560315514,-0.009077623,-0.03366165,-0.005237738,-0.015962097,0.587960465,v,v
1/7/2021,127.880188,128.5737092,124.89124,125.3796306,109578200,55.98308278,2.478091073,3.02808859,-0.549997517,0.005011095,0.034123363,0.004425943,0.011710879,-0.293445012,-,v
1/8/2021,128.9839172,129.5504519,127.2061689,129.3550838,105158200,57.65156078,2.438253963,2.910121665,-0.471867702,0.031707329,0.008630964,0.007596753,0.018535558,-0.04033649,-,v
1/11/2021,125.9852219,127.1475938,125.5163711,126.1903525,100384500,51.89598109,2.140044016,2.756106135,-0.616062119,-0.024465458,-0.023248599,-0.018547663,-0.01328393,-0.045395414,-,v
1/12/2021,125.8094025,126.678737,123.9144448,125.5163652,91951100,51.57089247,1.867990299,2.578482968,-0.710492669,-0.005341037,-0.001395556,-0.0036875,-0.012762688,-0.084010978,-,-
1/13/2021,127.8508835,128.3978785,125.5066147,125.7703349,88636800,55.08881146,1.796408348,2.422068044,-0.625659696,0.002023399,0.016226776,0.013570877,0.012848945,-0.036044158,-,-
1/14/2021,125.916832,127.9583005,125.7703059,127.7629473,90221800,51.28778668,1.565570421,2.250768519,-0.685198099,0.015843263,-0.0151274,-0.003423561,0.002101014,0.017881963,-,-
1/15/2021,124.1879425,127.1964299,124.0511938,125.7898628,111598500,48.0932678,1.228956128,2.046406041,-0.817449913,-0.015443323,-0.013730408,-0.005954054,-0.013668665,0.236934976,-,-
1/19/2021,124.8619308,125.721503,123.9925963,124.8130888,90757300,49.41600767,1.004987236,1.83812228,-0.833135044,-0.007765125,0.005427164,-0.011595663,-0.000472365,-0.186751614,-,-
1/20/2021,128.9644318,129.4137577,125.5652371,125.6726836,104319500,56.65632317,1.145325216,1.699562867,-0.554237651,0.006887056,0.032856299,0.029368522,0.012683344,0.149433709,-,-
1/21/2021,133.6920166,136.4270065,130.488176,130.6933065,120150900,63.19419033,1.619353761,1.683521046,-0.064167285,0.039949994,0.036658052,0.054192452,0.039206225,0.15175878,-,^
1/22/2021,135.8409424,136.6028304,131.8849763,133.115715,114459400,65.72497335,2.143713752,1.775559587,0.368154165,0.018535061,0.016073703,0.001288776,0.010704421,-0.047369599,-,^
1/25/2021,139.601532,141.7211449,133.3696647,139.7480581,157611700,69.65699846,2.830097373,1.986467144,0.843630229,0.049823892,0.027683771,0.037468583,0.011257449,0.377009665,-,^
1/26/2021,139.8359528,140.9494824,138.0875067,140.2657387,98390600,69.88889275,3.35431073,2.260035862,1.094274869,0.003704385,0.001679213,-0.005444936,0.035374175,-0.375740507,^,v
1/27/2021,138.7615204,140.9495154,137.1498375,140.0997057,140843800,67.34835207,3.641083732,2.536245436,1.104838297,-0.001183703,-0.00768352,2.35E-07,-0.006790398,0.431476178,-,v
1/28/2021,133.9069214,138.6931579,133.5259773,136.2805073,142621100,57.22621972,3.437008144,2.716397977,0.720610167,-0.027260574,-0.034985196,-0.016008268,-0.026422636,0.012618944,-,v
1/29/2021,128.8960266,133.5650386,127.1866599,132.6761643,177523800,49.03420409,2.838222182,2.740762818,0.097459363,-0.026447972,-0.03742073,-0.036974566,-0.047476286,0.244723256,v,v
2/1/2021,131.0254059,132.2366197,127.8899322,130.6444619,106239800,52.16776954,2.506608481,2.693931951,-0.18732347,-0.015313243,0.016520131,-0.009945858,0.005529451,-0.401546159,-,v
2/2/2021,131.8556519,133.1449948,131.4844704,132.5784601,83305400,53.37155564,2.284462286,2.612038018,-0.327575732,0.014803523,0.006336527,0.006869316,0.028106498,-0.2158739,-,v
2/3/2021,130.8300629,132.6175741,130.5077233,132.6077967,89880900,51.64258383,2.002568998,2.490144214,-0.487575216,0.000221277,-0.007778119,-0.003961251,-0.007428612,0.078932458,-,v
2/4/2021,134.1999512,134.2097136,131.4649612,133.1352634,84183100,56.61579122,2.027714132,2.397658197,-0.369944066,0.003977644,0.025757752,0.012005494,0.007334722,-0.063392779,-,-
2/5/2021,133.7842102,134.4298527,132.9037994,134.3613836,75693800,55.85264246,1.991142361,2.31635503,-0.325212669,0.009209583,-0.003097922,0.001640262,0.010944652,-0.100843281,-,-
2/8/2021,133.9309082,133.9798232,131.9842043,133.0700518,71297200,56.07762225,1.951500587,2.243384141,-0.291883555,-0.009610885,0.001096527,-0.00334769,-0.006919254,-0.058084017,-,-
2/9/2021,133.0505066,134.8798268,132.8939994,133.647234,76774200,54.28950494,1.827971427,2.160301599,-0.332330172,0.004337431,-0.006573551,0.006717456,0.006893212,0.076819286,-,^
2/10/2021,132.443985,134.0091758,131.4755215,133.5102636,73046600,53.03486808,1.661974248,2.060636128,-0.39866188,-0.001024865,-0.004558582,-0.006455012,-0.010673755,-0.048552769,-,^
2/11/2021,132.1896362,133.4222138,130.8592286,132.9428706,64280000,52.48706749,1.492689672,1.947046837,-0.454357165,-0.004249808,-0.001920425,-0.004380013,-0.00468751,-0.120013799,-,^
2/12/2021,132.4244537,132.5809758,130.7810163,131.4266589,60145100,52.97003861,1.361780478,1.829993565,-0.468213087,-0.011404987,0.001776368,-0.006305082,-0.000597683,-0.064326385,^,v
2/16/2021,130.2918854,133.0505165,129.9005801,132.541842,80576300,48.18005738,1.073578016,1.678710455,-0.60513244,0.008485213,-0.016104037,0.003541538,-0.006732141,0.339698496,-,^
2/17/2021,127.9929886,129.3429653,126.6528038,128.3940708,97918500,43.60266873,0.65215608,1.47339958,-0.8212435,-0.031294052,-0.017644205,-0.027865741,-0.025002015,0.215227058,-,^
2/18/2021,126.8876266,127.1713099,124.6376697,126.3887143,96856700,41.55821593,0.2263732,1.223994304,-0.997621104,-0.015618763,-0.008636113,-0.016789899,-0.015910695,-0.010843712,v,^
2/19/2021,127.044136,127.8658697,125.9974261,127.4060953,87668800,41.97308789,-0.097312046,0.959733034,-1.05704508,0.008049619,0.001233449,0.005461608,0.010909674,-0.094860758,^,^
2/22/2021,123.2583313,126.897388,122.8670335,125.2245898,103916400,35.42260165,-0.651804148,0.637425598,-1.289229746,-0.017122458,-0.02979913,-0.0075742,-0.024844893,0.18532933,-,v
2/23/2021,123.1213684,123.9528715,115.8139096,121.0670645,158273000,35.20851984,-1.089733128,0.291993853,-1.381726981,-0.03320055,-0.001111186,-0.023203918,-0.057404527,0.523080091,-,v
2/24/2021,122.6224823,122.827912,119.5703758,122.2214075,111039900,34.39315036,-1.460218451,-0.058448608,-1.401769843,0.009534739,-0.004051986,-0.009075703,0.032435363,-0.298428033,-,^
2/25/2021,118.357338,123.7083157,117.9171326,121.9670485,148199500,28.3486997,-2.074083498,-0.461575586,-1.612507912,-0.002081133,-0.034782727,0.007167782,-0.013826528,0.334650878,v,^
2/26/2021,118.6214752,122.1333559,118.5627757,119.9225297,164560400,29.17879664,-2.510324839,-0.871325437,-1.638999402,-0.016762878,0.002231693,-0.012731236,0.005475397,0.110397808,-,^
3/1/2021,125.0093765,125.1463296,120.1181732,121.0572833,116307900,45.59453614,-2.313925502,-1.15984545,-1.154080052,0.009462389,0.053851137,0.02466954,0.013118767,-0.293220605,^,v
3/2/2021,122.3974686,125.9191333,122.2898615,125.6158811,102260900,41.37187079,-2.342039186,-1.396284197,-0.945754989,0.037656535,-0.020893696,0.0061752,0.018079598,-0.120774255,-,^
3/3/2021,119.4040375,122.9746169,119.1888234,122.094199,112966300,37.12791805,-2.576167896,-1.632260937,-0.943906959,-0.028035326,-0.024456642,-0.023384185,-0.025358097,0.104687129,-,v
3/4/2021,117.5160599,120.9105565,116.0389217,119.1008126,178155000,34.70952803,-2.880851931,-1.881979136,-0.998872795,-0.024517024,-0.015811673,-0.016784443,-0.026427827,0.577063248,v,v
3/5/2021,118.7779694,119.2866586,115.0117446,118.3475486,153766600,37.63362839,-2.986069128,-2.102797134,-0.883271994,-0.006324592,0.010738187,-0.013430571,-0.008852005,-0.136894277,^,v
3/8/2021,113.8280869,118.367123,113.6813493,118.2986465,154376600,31.64648899,-3.429337399,-2.368105187,-1.061232212,-0.000413207,-0.041673406,-0.007708621,-0.011567474,0.003967051,v,v
3/9/2021,118.455162,119.4040567,116.2052129,116.4399886,129525800,41.08241572,-3.368435175,-2.568171185,-0.80026399,-0.015711574,0.040649679,0.008760318,0.022201211,-0.160975174,-,v
3/10/2021,117.3693237,119.5116658,116.8508499,119.0421144,111943300,39.69747894,-3.368952613,-2.72832747,-0.640625142,0.022347356,-0.009166661,0.000901218,0.005556007,-0.135745157,-,v
3/11/2021,119.306221,120.5290217,118.6214556,119.8736023,103026500,43.36509814,-3.176455066,-2.817952989,-0.358502077,0.006984821,0.016502585,0.008512608,0.015152699,-0.079654611,-,^
3/12/2021,118.3964691,118.5334222,116.5671638,117.7801802,88105100,42.07081077,-3.062011782,-2.866764748,-0.195247034,-0.017463579,-0.007625352,-0.016557004,-0.017318046,-0.144830699,-,^
3/15/2021,121.2920456,121.3018301,117.7997271,118.7681906,92403800,47.44711344,-2.706467362,-2.834705271,0.128237909,0.008388597,0.024456612,0.023355504,0.010573846,0.048790592,-,^
3/16/2021,122.8376694,124.4517678,122.0061664,122.964838,115227900,50.10883917,-2.273766362,-2.722517489,0.448751127,0.035334776,0.012742994,0.025967768,0.035708396,0.247003911,^,v
3/17/2021,122.045311,123.1213742,119.6779628,121.350761,111932600,48.74580564,-1.972051818,-2.572424355,0.600372537,-0.01312633,-0.006450451,-0.010690034,-0.019082671,-0.028598109,-,v
3/18/2021,117.9073639,120.4997035,117.7019342,120.2062283,121229700,42.27803074,-2.043284898,-2.466596463,0.423311565,-0.009431607,-0.033905007,-0.021293384,-0.016511215,0.083059806,-,v
3/19/2021,117.3791046,118.7877737,117.0758524,117.2910665,185549500,41.52062531,-2.117949335,-2.396867038,0.278917703,-0.024251337,-0.004480291,-0.014206922,-0.005319215,0.530561405,v,v
3/22/2021,120.7051086,121.1746674,117.6432182,117.7116948,111912300,47.85477771,-1.886988679,-2.294891366,0.407902687,0.003586191,0.028335572,0.020093766,0.004846139,-0.396860137,-,v
3/23/2021,119.8736115,121.5366176,119.4823137,120.6464225,95467100,46.49880703,-1.750862715,-2.186085636,0.435222921,0.024931488,-0.006888666,0.002987012,0.015632822,-0.146947208,-,v
3/24/2021,117.4769211,120.2257825,117.4573596,120.1475215,88530500,42.73963953,-1.815447442,-2.111957997,0.296510555,-0.004135233,-0.019993478,-0.010785516,-0.016947731,-0.072659586,-,v
3/25/2021,117.9660568,119.0127817,116.4106575,116.9389084,98844700,43.73931047,-1.806339777,-2.050834353,0.244494576,-0.026705611,0.004163675,-0.010089357,-0.008911336,0.116504482,-,-
3/26/2021,118.5725479,118.8366771,116.3323759,117.7312604,94071200,45.02099048,-1.730238017,-1.986715086,0.256477069,0.006775777,0.005141234,-0.001479712,-0.00067246,-0.048292928,-,-
3/29/2021,118.7486343,119.9127431,118.1029994,119.002979,80819200,45.40983422,-1.636849539,-1.916741976,0.279892438,0.010801877,0.001485052,0.009055,0.015220384,-0.14087202,-,-
3/30/2021,117.2910461,117.7801664,116.2736751,117.4964758,85671900,42.71663267,-1.661303213,-1.865654224,0.20435101,-0.012659374,-0.012274568,-0.017784404,-0.015489228,0.0600439,-,-
3/31/2021,119.4920959,120.8322809,118.5138553,119.0029756,118323800,47.75556671,-1.485947524,-1.789712884,0.30376536,0.01282166,0.01876571,0.025913653,0.019266444,0.381127301,-,-
4/1/2021,120.3236084,121.4779327,119.8247035,120.9692509,75089100,49.56067383,-1.265295236,-1.684829354,0.419534118,0.016522908,0.006958723,0.005343373,0.011060717,-0.365393099,-,-
4/5/2021,123.1604996,123.4148442,120.3920767,121.1746722,88651200,55.24249348,-0.851695483,-1.51820258,0.666507097,0.001698129,0.023577178,0.015944554,0.004735027,0.180613431,-,-
4/6/2021,123.4637527,124.3637324,122.9159404,123.7474434,80171300,55.81546863,-0.493753026,-1.313312669,0.819559644,0.021231922,0.00246226,0.007688606,0.020963702,-0.095654656,-,-
4/7/2021,125.1169739,125.1365354,122.4170277,123.0920161,83466700,58.9041833,-0.075806075,-1.06581135,0.990005275,-0.005296492,0.013390336,0.006214055,-0.004058974,0.041104485,-,-
4/8/2021,127.5234528,127.5527988,125.7234935,126.1441298,88844600,62.96282896,0.444478952,-0.76375329,1.208232242,0.024795383,0.019233832,0.019309016,0.027009852,0.064431684,-,-
4/9/2021,130.1060181,130.1451411,126.6528295,126.9756507,106686700,66.75716284,1.05306099,-0.400390434,1.453451424,0.006591831,0.020251689,0.020323681,0.007391903,0.200823685,-,-
4/12/2021,128.3843231,129.9592913,127.7875957,129.6364701,91420000,62.1835164,1.380526397,-0.044207068,1.424733464,0.020955352,-0.013233015,-0.001428019,0.008959659,-0.143098437,-,-
4/13/2021,131.5048981,131.7299042,129.0592962,129.5582085,91266500,66.64417968,1.870289872,0.33869232,1.531597552,-0.0006037,0.024306511,0.013624365,0.009951674,-0.001679064,-,-
4/14/2021,129.157135,132.0625115,128.7951907,132.0038194,87222800,60.83058656,2.045407908,0.680035438,1.365372471,0.018876541,-0.017853047,0.002524918,-0.002046389,-0.044306509,-,-
4/15/2021,131.5733795,132.0624999,130.7320919,130.908183,89347100,64.28376758,2.352048006,1.014437952,1.337610055,-0.008300036,0.01870779,-8.76E-08,0.015038614,0.024354871,-,-
4/16/2021,131.2407532,131.7396505,130.3798967,131.3777063,84922400,63.45442373,2.538954837,1.319341329,1.219613508,0.003586661,-0.002528067,-0.002444671,-0.002694022,-0.049522592,-,-
4/19/2021,131.9059448,132.5222411,130.4385841,130.6048832,94264200,64.44238686,2.709521575,1.597377378,1.112144197,-0.005882452,0.005068484,0.005940434,0.000450126,0.110003957,-,-
4/20/2021,130.213623,132.5809638,128.9419071,132.0820664,94812300,59.99846039,2.677278717,1.813357646,0.863921072,0.011310322,-0.012829761,0.000443116,-0.011474189,0.005814509,-,-
4/21/2021,130.5951538,130.839714,128.4430269,129.4799598,68847100,60.65716723,2.651942423,1.981074601,0.670867822,-0.01970068,0.002930037,-0.013133483,-0.003869031,-0.273858982,-,-
4/22/2021,129.0690765,131.2309801,128.5506102,130.1451323,84566500,56.63956425,2.480132126,2.080886106,0.39924602,0.005137262,-0.011685558,0.002990423,0.000837595,0.228323343,-,-
4/23/2021,131.3972778,132.1798583,129.2842747,129.2842747,78657500,60.89501618,2.502984764,2.165305838,0.337678926,-0.006614597,0.018038413,0.007230597,0.005707203,-0.069874004,-,-
4/26/2021,131.7885895,132.1211877,130.6538267,131.8961966,66905100,61.57754978,2.523580953,2.236960861,0.286620093,0.020202936,0.00297808,-0.000443869,0.010593338,-0.149412326,-,-
4/27/2021,131.4657593,132.4635689,131.1918531,132.0722637,66015800,60.63724754,2.485205975,2.286609884,0.198596092,0.001334892,-0.002449607,0.002591418,0.004117954,-0.013291961,-,-
4/28/2021,130.6733856,132.0820545,130.1842653,131.3874971,107760100,58.28469072,2.363609379,2.302009783,0.061599596,-0.005184787,-0.006027225,-0.002880146,-0.007680262,0.632338016,-,^
4/29/2021,130.5755615,134.0874569,129.5679748,133.5005065,151101000,57.98558742,2.23360204,2.288328234,-0.054726194,0.016082272,-0.000748615,0.015183004,-0.004733986,0.402198031,-,v
4/30/2021,128.5995331,130.6538297,128.2180198,128.9125624,109839500,52.16245387,1.948658385,2.220394264,-0.27173588,-0.034366493,-0.015133218,-0.025607371,-0.010418894,-0.273072316,-,v
5/3/2021,129.6560211,131.1527432,128.9614786,129.1669007,75135100,54.77731773,1.787483246,2.133812061,-0.346328815,0.001972953,0.008215333,0.003818591,0.005798395,-0.315955553,^,v
5/4/2021,125.0680542,128.6288567,123.9430761,128.3353816,137564700,43.62518668,1.274844586,1.962018566,-0.68717398,-0.006437556,-0.035385683,-0.019243871,-0.038913965,0.830897943,v,^
5/5/2021,125.3126373,127.611494,125.1854613,126.3886931,84000900,44.27649471,0.878187371,1.745252327,-0.867064956,-0.015168759,0.0019556,-0.007909288,0.010023837,-0.389371692,-,^
5/6/2021,126.9169617,126.9267387,124.3637452,125.1072103,78128300,48.48103756,0.685388505,1.533279562,-0.847891057,-0.010139221,0.012802574,-0.005365937,-0.006563989,-0.069911156,-,^
5/7/2021,127.5930634,128.6219486,126.877724,128.2202001,78973300,50.18684093,0.580458605,1.342715371,-0.762256766,0.024882577,0.005327118,0.013355814,0.020214724,0.010815543,^,v
5/10/2021,124.3006058,126.9365379,124.2614088,126.8091608,88071200,42.76162752,0.228987467,1.11996979,-0.890982323,-0.011004813,-0.025804362,-0.013103601,-0.020620761,0.115202227,-,v
5/11/2021,123.3795166,123.7322746,120.3026161,121.0179482,126142800,40.93689122,-0.1224684,0.871482152,-0.993950552,-0.045668724,-0.007410174,-0.025243034,-0.031858585,0.432282063,-,v
5/12/2021,120.302597,122.135017,119.7930512,120.9199403,112172300,35.48888724,-0.641882182,0.568809285,-1.210691468,-0.000809863,-0.024938658,-0.012908981,-0.004235693,-0.110751466,v,v
5/13/2021,122.4583893,123.6146743,121.7626596,122.076228,105861300,41.37564395,-0.869543375,0.281138753,-1.150682128,0.009562424,0.017919748,0.012114931,0.016441758,-0.056261662,-,v
5/14/2021,124.8885422,125.3197016,123.3207,123.7126624,81918000,47.22224966,-0.84414273,0.056082456,-0.900225187,0.013405021,0.019844724,0.013793082,0.012795716,-0.226176138,-,v
5/17/2021,123.732254,124.3789931,122.654363,124.2712033,74244600,44.9263947,-0.90686159,-0.136506353,-0.770355237,0.004514823,-0.009258561,-0.007506469,-0.005403286,-0.093671721,-,v
5/18/2021,122.3407898,124.4377799,122.2721969,124.0164217,63342900,42.26350058,-1.056665689,-0.32053822,-0.736127469,-0.002050206,-0.011245768,0.000472643,-0.003115797,-0.146834921,-,-
5/19/2021,122.1840057,122.4093791,120.3907829,120.6847566,92612000,41.96170009,-1.174498788,-0.491330334,-0.683168455,-0.026864709,-0.001281535,-0.016300523,-0.015387096,0.462073887,-,-
5/20/2021,124.7513657,125.1531292,122.5857824,122.7131745,76857100,48.45294341,-1.048629926,-0.602790252,-0.445839674,0.016807573,0.021012242,0.022414542,0.018232288,-0.170117263,-,-
5/21/2021,122.9091339,125.4274823,122.6935542,125.2510996,79295400,44.59838585,-1.08502318,-0.699236838,-0.385786342,0.020681766,-0.014767227,0.002192139,0.000879155,0.031725111,-,-
5/24/2021,124.5455933,125.3687152,123.4089104,123.4775032,63092900,48.51642448,-0.970627711,-0.753515012,-0.217112699,-0.014160326,0.013314384,-0.000468535,0.00583043,-0.204330894,-,-
5/25/2021,124.3496094,125.7410764,123.7812642,125.2511177,72009500,48.07790223,-0.885574389,-0.779926888,-0.105647501,0.014363868,-0.001573591,0.002970129,0.003017236,0.141324935,-,-
5/26/2021,124.3006058,124.8297539,123.8792475,124.4083956,56575900,47.96117157,-0.812754274,-0.786492365,-0.026261909,-0.00672826,-0.000394079,-0.007247612,0.000791584,-0.214327276,-,-
5/27/2021,122.7621689,125.0747391,122.5661914,123.8988592,94625600,44.3228314,-0.869163631,-0.803026618,-0.066137013,-0.004095675,-0.012376745,0.001962554,-0.010599484,0.672542549,-,-
5/28/2021,122.105629,123.2717151,122.0468372,123.0463343,71311100,42.82961145,-0.955827552,-0.833586805,-0.122240747,-0.006880813,-0.005348064,-0.014415573,-0.004237336,-0.246386813,-,-
6/1/2021,121.7822571,122.8307522,121.4490939,122.5661819,67637100,42.07768742,-1.038630062,-0.874595457,-0.164034606,-0.003902208,-0.002648296,-0.003577162,-0.004897655,-0.051520731,-,-
6/2/2021,122.5465775,122.7229602,121.5568815,121.7822549,59278900,44.55537824,-1.030696158,-0.905815597,-0.124880561,-0.006395949,0.006276123,-0.000877566,0.000887513,-0.123574192,-,-
6/3/2021,121.0571289,122.3407985,120.6553654,122.1742169,76229200,40.88508413,-1.131550719,-0.950962621,-0.180588097,0.003218548,-0.012154142,-0.003114019,-0.007416414,0.285941541,-,-
6/4/2021,123.3599091,123.6244869,121.3609073,121.576487,75169300,48.01508706,-1.013975098,-0.963565116,-0.050409981,-0.004892439,0.01902226,0.010492725,0.00584758,-0.013904121,-,-
6/7/2021,123.3696899,123.7812471,122.3211949,123.6342602,71057600,48.04375132,-0.909521933,-0.95275648,0.043234547,0.01692575,7.93E-05,0.001268035,0.00791266,-0.054699192,-,-
6/8/2021,124.1928101,125.8782506,123.6734631,124.0556243,74403800,50.51657393,-0.751658482,-0.91253688,0.160878398,0.00340815,0.00667198,0.016941205,0.01105506,0.047091374,-,-
6/9/2021,124.5749664,125.1825085,123.9772255,124.6533604,56877900,51.66674851,-0.588924974,-0.847814499,0.258889525,0.004818291,0.003077122,-0.005527103,0.002456165,-0.235551141,-,-
6/10/2021,123.5754776,125.6136761,123.408896,124.4671848,71186400,48.49209404,-0.534447118,-0.785141023,0.250693905,-0.001493547,-0.008023192,0.003444312,-0.004584144,0.251565195,-,-
6/11/2021,124.7905655,124.8787606,123.5656875,123.9870458,53522400,52.32714324,-0.388744384,-0.705861695,0.317117311,-0.003857554,0.009832759,-0.005850601,0.001270504,-0.248137285,-,-
6/14/2021,127.8576508,127.9164425,124.5161877,125.2511145,96906500,60.35175231,-0.025491914,-0.569787739,0.544295825,0.010195167,0.024577862,0.024325049,0.007692267,0.810578375,-,-
6/15/2021,127.0345459,127.9752588,126.7895703,127.3285196,62746300,57.55195381,0.193737319,-0.417082727,0.610820046,0.016585921,-0.006437666,0.000459802,0.018257727,-0.352506798,-,-
6/16/2021,127.5342865,128.2594196,125.8782641,127.7498662,91815000,58.80161208,0.403155629,-0.253035056,0.656190685,0.00330913,0.003933895,0.002220436,-0.007187549,0.463273532,-,-
6/17/2021,129.1413574,129.886093,127.0443665,127.1913608,96721700,62.61336732,0.690834827,-0.06426108,0.755095906,-0.004371867,0.012601089,0.012682681,0.009263731,0.053441159,-,-
6/18/2021,127.8380356,128.8669208,127.6224559,128.0830111,108953300,57.93208079,0.804383056,0.109467748,0.694915309,0.007010306,-0.010092211,-0.007846661,0.004550296,0.126461797,-,-
6/21/2021,129.6410828,129.7488726,126.6131881,127.6812781,79663300,62.14830413,1.02801141,0.29317648,0.73483493,-0.003136505,0.014104153,0.006843896,-0.007908231,-0.268830774,-,-
6/22/2021,131.2873077,131.385304,128.9747377,129.4744974,74783600,65.54382511,1.322826369,0.499106458,0.823719911,0.014044497,0.012698328,0.012612297,0.018651687,-0.061254053,-,-
6/23/2021,131.0129242,131.6204737,130.552369,131.0815245,60214200,64.50517518,1.51684366,0.702653898,0.814189762,0.01241192,-0.002089947,0.001789925,0.012232095,-0.19482079,-,-
6/24/2021,130.728775,131.9340507,130.2584111,131.7478669,68711000,63.38497219,1.628898372,0.887902793,0.740995579,0.005083419,-0.002168864,0.002382433,-0.002251647,0.141109572,-,-
6/25/2021,130.4347992,131.1991218,130.1408255,130.777771,70783700,62.18183372,1.674676516,1.045257538,0.629418979,-0.007363276,-0.002248746,-0.005570426,-0.00090271,0.030165476,-,-
6/28/2021,132.071228,132.5317833,130.6699749,130.7287667,62111300,66.0454778,1.821999283,1.200605887,0.621393396,-0.000374714,0.012545953,0.010157549,0.004065976,-0.122519733,-,-
6/29/2021,133.5900574,133.7468453,131.6498554,132.0908083,64556100,69.19151286,2.037819754,1.36804866,0.669771094,0.010418836,0.011500077,0.00916808,0.007498895,0.039361598,-,-
6/30/2021,134.2073975,134.6483504,133.1392928,133.4332664,63261400,70.39231265,2.232933353,1.541025599,0.691907754,0.010163145,0.004621153,0.006740384,0.011313628,-0.020055425,-,-
7/1/2021,134.5111847,134.5699764,133.0315227,133.854652,52485800,70.99148998,2.384587337,1.709737946,0.674849391,0.003158025,0.002263565,-0.000582064,-0.000809454,-0.170334517,-,-
7/2/2021,137.1471405,137.18633,134.9815497,135.1285291,78852600,75.60476357,2.686505454,1.905091448,0.781414006,0.009516868,0.019596555,0.019442328,0.014658383,0.502360638,-,-
7/6/2021,139.165741,140.2730205,137.2549343,137.2549343,108181800,78.43331518,3.053463498,2.134765858,0.91869764,0.015736168,0.014718502,0.022499986,0.016842188,0.371949688,-,-
7/7/2021,141.6644592,141.9780201,139.7928426,140.6551463,104911600,81.32050773,3.505496887,2.408912064,1.096584823,0.024772967,0.017954981,0.012154865,0.01849047,-0.030228745,-,-
7/8/2021,140.3611908,141.1647028,137.8428351,138.7345496,105575500,75.63320763,3.715740984,2.670277848,1.045463136,-0.013654649,-0.009199685,-0.005728474,-0.013949266,0.006328185,-,-
7/9/2021,142.1936188,142.7227594,139.7830526,139.8810488,99890800,77.96649084,3.984294108,2.9330811,1.051213008,0.008263978,0.01305509,0.011037154,0.014075578,-0.053844879,-,^
7/12/2021,141.5958862,143.3793156,141.1059351,143.2715258,76299700,75.42918296,4.101611547,3.166787189,0.934824358,0.024238287,-0.004203652,0.004600221,0.009463826,-0.236168896,-,^
7/13/2021,142.7129517,144.4963808,140.7433537,141.1353086,100827100,76.93957236,4.23589554,3.38060886,0.855286681,-0.014910271,0.007889109,0.007790978,-0.002569569,0.32146129,-,^
7/14/2021,146.15242,146.5639922,144.7119625,145.1235346,127050800,80.84410586,4.56720503,3.617928094,0.949276936,0.028258174,0.024100604,0.014309088,0.028197486,0.26008583,^,v
7/15/2021,145.4958801,146.9853357,144.1338166,146.2406154,106820300,78.12487773,4.722356516,3.838813778,0.883542738,0.007697448,-0.004492159,0.002874809,-0.003995149,-0.159231583,-,v
7/16/2021,143.4479065,146.7501727,142.9481617,145.4763116,93251400,70.19360739,4.626726804,3.996396383,0.630330421,-0.005226344,-0.014075819,-0.001599908,-0.008226071,-0.127025481,-,v
7/19/2021,139.5870667,141.1745184,138.8227441,140.8609425,121434600,58.19842758,4.191089785,4.035335064,0.155754721,-0.031725915,-0.026914578,-0.037994192,-0.028859536,0.30222817,v,v
7/20/2021,143.212677,144.1435959,140.0868021,140.5767531,96350000,64.35805715,4.091239501,4.046515951,0.04472355,-0.002017518,0.025973827,0.021031256,0.009105554,-0.206568803,-,v
7/21/2021,142.4777679,143.1931073,141.723254,142.60516,74993500,62.35241964,3.907760186,4.018764798,-0.111004612,0.014429178,-0.005131592,-0.00659404,0.0116817,-0.221655423,-,v
7/22/2021,143.8496552,145.2215123,142.8795465,143.0069386,77338200,64.57197484,3.828914002,3.980794639,-0.151880637,0.00281742,0.009628781,0.014165522,0.008158806,0.031265376,-,v
7/23/2021,145.574295,145.731083,143.9672557,144.584599,71447400,67.19070353,3.86108369,3.956852449,-0.095768759,0.011032055,0.011989183,0.00350892,0.007612771,-0.076169345,-,-
7/26/2021,145.9956512,146.8187656,144.7315689,145.2901204,72434100,67.8166122,3.875899368,3.940661833,-0.064762465,0.004879644,0.002894441,0.007463628,0.005308937,0.01381016,-,-
7/27/2021,143.8202667,146.2112308,142.6247847,146.1230282,104818600,61.31322604,3.669802352,3.886489937,-0.216687585,0.005732722,-0.014900338,-0.004137992,-0.014556494,0.447089147,-,-
7/28/2021,142.0662537,144.0162649,139.6752893,141.899672,118931200,56.60016944,3.326587951,3.77450954,-0.447921588,-0.028902742,-0.012195869,-0.015012293,-0.020680104,0.134638318,-,-
7/29/2021,142.7129517,143.6046662,141.6742578,141.7820476,56699500,57.88555365,3.07136639,3.63388091,-0.562514519,-0.000828927,0.004552087,-0.002858002,0.01431154,-0.523257984,-,-
7/30/2021,142.9285583,143.3891137,141.2137292,141.478307,70440600,58.32868001,2.853604545,3.477825637,-0.624221092,-0.002142306,0.001510772,-0.001501014,-0.003250615,0.24234958,-,-
8/2/2021,142.5953674,143.9966204,142.3307897,143.4184817,62880000,57.32486171,2.623894371,3.307039384,-0.683145013,0.013713584,-0.002331171,0.00423677,0.007910424,-0.107332987,-,-
8/3/2021,144.3984222,145.0647487,142.2622272,142.8795705,64786600,61.21477347,2.557853514,3.15720221,-0.599348696,-0.003757613,0.012644554,0.007417732,-0.000481712,0.030321247,-,-
8/4/2021,143.9966583,144.8197728,143.3401255,144.3102343,56368300,59.90447344,2.444913231,3.014744414,-0.569831183,0.010013075,-0.002782329,-0.001688735,0.007576841,-0.129938907,-,-
8/5/2021,144.1044159,144.8687384,143.2323035,144.0260219,46397700,60.15084758,2.33716104,2.879227739,-0.542066699,-0.001969454,0.000748334,0.000338114,-0.000752211,-0.176883106,-,-
8/6/2021,143.41745,144.3693803,142.9169565,143.6235443,54126800,57.7160228,2.171304793,2.73764315,-0.566338357,-0.002794479,-0.00476714,-0.003446969,-0.002201647,0.166583688,-,-
8/9/2021,143.3684082,143.9670448,142.8090348,143.4763596,48908700,57.53696702,2.012704063,2.592655332,-0.57995127,-0.001024795,-0.000341951,-0.002786848,-0.000755136,-0.096405108,-,-
8/10/2021,142.8875427,144.958235,142.5931286,143.7118903,69023100,55.71188599,1.827147794,2.439553825,-0.612406031,0.0016416,-0.003354055,0.006884841,-0.001511853,0.411264254,-,-
8/11/2021,143.1426849,143.9866641,142.8188309,143.3291477,48493500,56.50031875,1.681299978,2.287903055,-0.606603077,-0.002663263,0.001785616,-0.006702419,0.001582841,-0.29743086,-,^
8/12/2021,146.1162262,146.273249,143.1230437,143.4665293,72282600,64.44467129,1.785077204,2.187337885,-0.402260681,0.000958504,0.020773267,0.015880533,0.002130061,0.490562653,-,^
8/13/2021,146.3223267,146.655989,145.5077875,146.1947437,59375000,64.92284585,1.862482449,2.122366798,-0.259884349,0.019016382,0.001410524,0.002616609,0.016662193,-0.17857133,-,v
8/16/2021,148.3046875,148.3733906,143.7413212,145.7727501,103296000,69.21182678,2.06003976,2.10990139,-0.04986163,-0.002886517,0.013547904,0.011710409,-0.012140012,0.739722105,^,v
8/17/2021,147.3920288,148.8542612,146.3125153,147.431277,92229700,65.25579977,2.118540211,2.111629155,0.006911057,0.011377483,-0.006153944,0.003240949,0.017887648,-0.107131932,-,v
8/18/2021,143.6333771,147.9121528,143.4272827,147.0092938,86326000,52.05864833,1.840395523,2.057382428,-0.216986905,-0.002862237,-0.025501052,-0.006329066,-0.019719657,-0.064010834,v,v
8/19/2021,143.9670105,145.2427948,141.807999,142.328124,86960300,52.96788664,1.62811736,1.971529415,-0.343412055,-0.031842679,0.002322813,-0.018046914,-0.011289928,0.007347728,-,v
8/20/2021,145.4292603,145.7334826,144.0455246,144.6932326,60549600,56.83213238,1.559895219,1.889202575,-0.329307356,0.016617296,0.010156839,0.003378397,0.015778557,-0.303709854,-,v
8/23/2021,146.9209747,147.3920283,145.1348733,145.5470471,60131800,60.4060754,1.607665407,1.832895142,-0.225229735,0.00590086,0.01025732,0.011380677,0.007562531,-0.006900128,-,v
8/24/2021,146.8326263,148.049531,146.3713811,146.6657952,48606400,60.08876964,1.619723484,1.79026081,-0.170537326,0.007686505,-0.000601333,0.00446091,0.008519715,-0.191668967,-,-
8/25/2021,145.5961304,147.5196232,145.0465653,147.0191146,58991300,55.68039594,1.512074453,1.734623539,-0.222549086,0.002409011,-0.008421125,-0.00357926,-0.009051058,0.213652935,-,-
8/26/2021,144.7913818,146.3419489,144.7619419,145.5863044,48597200,52.95729908,1.346305962,1.656960024,-0.310654061,-0.009745741,-0.005527266,-0.007983171,-0.00196229,-0.176197168,-,-
8/27/2021,145.8316345,145.9788341,144.0946049,144.7324896,55802400,55.95585591,1.284070966,1.582382212,-0.298311246,-0.005864665,0.007184493,-0.002481276,-0.004609893,0.148263686,-,-
8/30/2021,150.2674255,150.6305428,145.8414506,146.2241844,90956700,65.9288177,1.574530341,1.580811838,-0.006281497,0.010306565,0.030417207,0.031865638,0.012122908,0.629978281,-,-
8/31/2021,149.0014801,149.9534107,148.4715317,149.8160194,86453100,61.63917249,1.683167761,1.601283023,0.081884739,0.024563891,-0.008424617,-0.004495317,0.018033838,-0.04951367,-,-
9/1/2021,149.668808,152.0927943,149.5019768,149.9828537,80313700,63.00561349,1.802335283,1.641493475,0.160841809,0.001113595,0.004478666,0.014266989,0.006940355,-0.071014226,-,^
9/2/2021,150.7875671,151.8376407,149.560854,151.0034698,71115500,65.24099796,1.964406462,1.706076072,0.25833039,0.006804885,0.007474899,-0.001677618,0.000393823,-0.114528405,-,^
9/3/2021,151.4254456,151.7492996,150.2379809,150.8954972,57808700,66.48450439,2.119883796,1.788837617,0.331046179,-0.000715034,0.004230312,-0.000581813,0.004527433,-0.187115326,-,^
9/7/2021,153.7709503,154.3303237,151.5137951,152.0829918,82278300,70.64332925,2.404644094,1.911998912,0.492645182,0.007869649,0.015489502,0.017008475,0.008491955,0.423285768,^,v
9/8/2021,152.2203674,154.1144052,151.1114141,154.0555253,74420200,64.90911368,2.476650319,2.024929194,0.451721126,0.012970113,-0.010083718,-0.001399068,-0.002655739,-0.095506349,-,v
9/9/2021,151.1997528,153.2017419,151.0819782,152.5932971,57305700,61.37757423,2.423424966,2.104628348,0.318796618,-0.009491567,-0.006704849,-0.005921985,-0.000194796,-0.229971164,-,v
9/10/2021,146.1947632,152.5834797,145.929789,152.112426,140893200,47.67811223,1.954848381,2.074672355,-0.119823974,-0.003151325,-0.033101837,-0.004035609,-0.034101944,1.458624535,v,^
9/13/2021,146.7639465,148.5991044,145.9788472,147.8238284,102404300,49.07030244,1.610857439,1.981909372,-0.371051933,-0.028193605,0.003893322,-0.026112757,0.000336177,-0.27317784,-,^
9/14/2021,145.3605652,148.2556196,144.1731155,147.5490318,109296300,45.8321757,1.211040868,1.827735671,-0.616694803,-0.001858947,-0.009562167,-0.002311486,-0.012369818,0.067301861,-,^
9/15/2021,146.2535858,146.6559512,143.6431377,145.7923407,83281300,48.17574939,0.955231344,1.653234805,-0.698003462,-0.011905812,0.006143486,-0.010789934,-0.003675982,-0.238022696,^,v
9/16/2021,146.0180969,146.1947514,144.4773532,145.6746263,68034100,47.59101877,0.72513951,1.467615746,-0.742476236,-0.000807411,-0.001610141,-0.003144774,0.005807555,-0.183080716,-,v
9/17/2021,143.3389435,146.0475351,143.0445294,146.0475351,129868800,41.42998012,0.322882791,1.238669155,-0.915786365,0.002559875,-0.018348092,-0.001006988,-0.00991729,0.908878048,-,v
9/20/2021,140.2770844,142.1416821,138.6381976,141.1210635,123478900,35.73609923,-0.240206055,0.942894113,-1.183100168,-0.033731974,-0.021360972,-0.026743711,-0.030803917,-0.049202734,v,v
9/21/2021,140.7579651,141.9061818,140.1200802,141.2486503,75834000,37.19598186,-0.640274281,0.626260434,-1.266534716,0.000904095,0.003428078,-0.0016568,0.010688848,-0.385854587,-,^
9/22/2021,143.1329041,143.7020858,141.0229483,141.7589763,76404300,43.96617257,-0.756967655,0.349614816,-1.106582472,0.003612961,0.016872501,0.012655573,0.006443531,0.007520373,-,^
9/23/2021,144.094635,144.3399776,142.9268017,143.9179805,64838200,46.48210139,-0.763048397,0.127082174,-0.890130571,0.015230106,0.006719147,0.004438988,0.013500309,-0.151380223,-,v
9/24/2021,144.1829071,144.7226637,142.848243,142.9463861,53477900,46.71857269,-0.752075154,-0.048749292,-0.703325862,-0.006751029,0.000612598,0.002651283,-0.000549643,-0.175209984,^,v
9/27/2021,142.6618195,143.2408394,141.1407072,142.7599625,74150700,43.17812148,-0.856247552,-0.210248944,-0.645998608,-0.00130415,-0.010549709,-0.010239062,-0.011953495,0.386567161,-,v
9/28/2021,139.2663116,142.0534007,139.0504089,140.5813447,108972300,36.52410582,-1.198973017,-0.407993759,-0.790979258,-0.015260706,-0.023801097,-0.008289806,-0.014810031,0.469605816,v,v
9/29/2021,140.1691437,141.758959,139.3840443,139.8158497,74602000,39.20674569,-1.38180582,-0.602756171,-0.779049649,-0.00544521,0.006482774,-0.002072753,0.002399385,-0.315404006,-,v
9/30/2021,138.8639221,141.6902739,138.6480194,140.9836859,89056700,36.78626718,-1.613424056,-0.804889748,-0.808534308,0.008352674,-0.009311761,-0.000484521,-0.005280553,0.19375754,-,v
10/1/2021,139.9924927,140.2574669,136.5184478,139.2564648,94639600,40.22268528,-1.686476316,-0.981207062,-0.705269255,-0.012251213,0.008127169,-0.010112247,-0.015359553,0.062689275,-,v
10/4/2021,136.5478668,139.5606809,135.6940794,139.1190523,98322000,34.12499713,-1.999276858,-1.184821021,-0.814455837,-0.000986759,-0.02460579,-0.004967907,-0.006038512,0.038909716,-,-
10/5/2021,138.4812012,139.5901547,136.7638027,136.8913856,80861100,39.65452968,-2.067338624,-1.361324541,-0.706014082,-0.016012664,0.014158657,0.00021119,0.007883345,-0.177588942,-,-
10/6/2021,139.354599,139.5017986,135.7922196,136.871733,83221100,42.02219004,-2.027431193,-1.494545872,-0.532885322,-0.000143563,0.006306978,-0.000632968,-0.007104095,0.029185851,-,-
10/7/2021,140.6205597,141.533242,140.0611863,140.3948487,61732700,45.36809693,-1.872071742,-1.570051046,-0.302020696,0.025740272,0.009084456,0.01456213,0.031437491,-0.258208555,-,-
10/8/2021,140.2378235,141.4939764,139.9041611,141.3467768,58773200,44.5313731,-1.759548886,-1.607950614,-0.151598272,0.006780364,-0.002721766,-0.00027743,-0.001121119,-0.047940557,-,-
10/11/2021,140.1495056,142.1122464,139.1681352,139.6195722,64452200,44.32820968,-1.658383414,-1.618037174,-0.04034624,-0.012219625,-0.000629772,0.004369586,-0.00526093,0.096625673,-,-
10/12/2021,138.8737488,140.581339,138.4125034,140.5617074,73035900,41.3906566,-1.661993537,-1.626828446,-0.03516509,0.006747874,-0.009102828,-0.010772523,-0.005429632,0.133179317,-,-
10/13/2021,138.2849274,138.7657894,136.6067771,138.6087814,78762700,40.0707789,-1.692853392,-1.640033436,-0.052819956,-0.013893727,-0.004239976,-0.012914585,-0.013045976,0.078410754,-,-
10/14/2021,141.0817871,141.1995617,138.873704,139.4625321,69907100,48.47539402,-1.474628246,-1.606952398,0.132324152,0.006159427,0.02022534,0.017538706,0.016594541,-0.112433931,-,-
10/15/2021,142.1416779,142.2005577,140.8364535,141.0916194,67940300,51.26471081,-1.202299559,-1.52602183,0.323722271,0.011681182,0.007512598,0.007089228,0.014133342,-0.028134481,-,-
10/18/2021,143.8198547,144.1044456,140.4930092,140.7776001,85589200,55.38324312,-0.841363549,-1.389090174,0.547726625,-0.002225641,0.011806367,0.013388751,-0.002438604,0.25977071,-,-
10/19/2021,145.9886627,146.3910282,143.8198424,144.2712644,76378900,60.07864003,-0.375980413,-1.186468222,0.810487809,0.024816905,0.015080032,0.015867537,0.023679706,-0.10761054,-,-
10/20/2021,146.4793549,146.9602318,145.3605931,145.9297898,58418800,61.07670002,0.032064213,-0.942761735,0.974825948,0.011495881,0.003361166,0.003888241,0.010713061,-0.235144785,-,-
10/21/2021,146.6952362,146.8522591,145.1152293,146.0377199,61421000,61.53235655,0.368613197,-0.680486748,1.049099945,0.000739603,0.001473801,-0.000734707,-0.001687966,0.051390991,-,-
10/22/2021,145.9199982,147.3822308,145.8709266,146.9013688,58883400,58.8672984,0.566248104,-0.431139778,0.997387882,0.005913876,-0.005284684,0.003608877,0.005207567,-0.04131486,-,-
10/25/2021,145.8708801,146.5872762,144.8698782,145.9101283,50720600,58.69384358,0.71071905,-0.202768012,0.913487062,-0.00674766,-0.000336609,-0.005393829,-0.006862563,-0.138626506,-,-
10/26/2021,146.5382385,148.0299108,146.2340011,146.5480468,60893400,60.40109767,0.869045743,0.011594739,0.857451004,0.004371996,0.004574994,0.009841472,0.009416194,0.200565451,-,-
10/27/2021,146.0770111,146.940607,145.7237171,146.5775047,56094900,58.59845274,0.946394147,0.19855462,0.747839526,0.000201012,-0.003147488,-0.007358674,-0.003489503,-0.078801644,-,-
10/28/2021,149.7276764,150.3164896,146.930765,147.028908,100077900,66.99478336,1.287430792,0.416329855,0.871100937,0.003079622,0.024991374,0.02297447,0.008283126,0.784081975,-,-
10/29/2021,147.0092773,147.1466686,143.6824325,144.4773401,124953200,57.62351113,1.323100823,0.597684048,0.725416775,-0.017354192,-0.018155622,-0.021087647,-0.022107912,0.248559372,-,-
11/1/2021,146.1849518,146.9111563,145.0465584,146.2143917,74588300,55.1062478,1.270211192,0.732189477,0.538021715,0.012023004,-0.005607303,-0.001600527,0.009494034,-0.403070109,-,-
11/2/2021,147.2252045,148.7463317,145.8807167,145.89054,69122000,57.62214376,1.297281226,0.845207827,0.452073399,-0.00221491,0.007116004,0.012491736,0.005750969,-0.073286293,-,-
11/3/2021,148.6678009,149.1388545,147.0289142,147.5882875,54511500,60.89501965,1.418785028,0.959923267,0.458861761,0.011637132,0.00979857,0.002638874,0.007870797,-0.211372645,-,-
11/4/2021,148.1476898,149.5902906,147.8336441,148.7561347,60394600,59.12215038,1.456321482,1.05920291,0.397118572,0.007912872,-0.003498478,0.003026952,0.005473276,0.107924016,-,-
11/5/2021,148.6783905,149.5825672,147.47937,149.2779007,65463900,60.38935026,1.511469225,1.149656173,0.361813052,0.003507526,0.003582241,-5.16E-05,-0.002396437,0.083936312,-,-
11/8/2021,147.8528748,148.9634469,147.5776911,148.8061948,55020900,57.40815076,1.471598318,1.214044602,0.257553716,-0.003159918,-0.005552359,-0.004138987,0.000666677,-0.159523035,-,-
11/9/2021,148.2164764,148.8258093,147.4793744,147.6169662,56787900,58.38266932,1.452595339,1.261754749,0.19084059,-0.007991795,0.002459213,-0.000923968,-0.000666203,0.032115069,-,-
11/10/2021,145.3761749,147.5481755,145.3073865,147.4400666,65187100,48.95901169,1.194576413,1.248319082,-0.053742669,-0.001198369,-0.019163197,-0.00858476,-0.014727401,0.147904747,-,-
11/11/2021,145.3270264,146.8601961,145.1402915,146.3982927,41000000,48.81218843,0.974890744,1.193633415,-0.21874267,-0.007065745,-0.000338079,-0.004662744,-0.001149942,-0.371041203,-,-
11/12/2021,147.4105835,147.8135212,144.9437391,145.8773987,63804000,54.97645248,0.957872162,1.146481164,-0.188609002,-0.003558061,0.014337024,0.006491378,-0.001354223,0.556195122,-,-
11/15/2021,147.4204102,149.2680841,146.8602054,147.7840424,59222800,55.00397411,0.934406486,1.104066228,-0.169659743,0.013070179,6.67E-05,0.009840527,0.013222139,-0.071801141,-,-
11/16/2021,148.4031982,148.8847769,146.7717423,147.3614298,59256200,57.78340666,0.98377224,1.080007431,-0.096235191,-0.002859663,0.006666567,-0.002567911,-0.000602363,0.000563972,-,-
11/17/2021,150.8503876,152.3344142,148.3933809,148.4032035,88807000,63.78258536,1.206455415,1.105297028,0.101158388,0.007069514,0.016490139,0.023169845,0.011048711,0.498695495,-,-
11/18/2021,155.1550598,155.941305,150.4179585,151.0666119,137827700,71.46424672,1.710566168,1.226350856,0.484215312,0.017947109,0.028536037,0.023677452,0.013643315,0.551991397,-,-
11/19/2021,157.7889557,158.2508741,153.8380852,154.9388192,117305600,74.96335258,2.296142456,1.440309176,0.85583328,0.02563245,0.016975894,0.014810503,0.022737489,-0.148896775,-,^
11/22/2021,158.250885,162.8503942,158.2312248,158.8995234,117467900,75.53006428,2.765609493,1.705369239,1.060240254,0.02556302,0.002927514,0.029064737,0.028556905,0.001383566,-,v
11/23/2021,158.6342163,159.0175088,156.3246235,158.3491951,96041900,76.0152463,3.132487766,1.990792945,1.141694822,-0.003463373,0.002422301,-0.023536236,-0.012049463,-0.182398766,-,v
11/24/2021,159.1550751,159.3516326,156.8946258,157.9855374,69463600,76.69151048,3.425780129,2.277790381,1.147989748,-0.002296555,0.003283395,0.002101176,0.003646273,-0.276736508,^,v
11/26/2021,154.1132965,157.6906979,153.6710383,156.8258417,76959800,59.27065982,3.214334202,2.465099145,0.749235056,-0.007340518,-0.031678403,-0.010423079,-0.020546195,0.107915513,v,v
11/29/2021,157.4842987,158.4179582,156.0592229,156.6292502,88748200,64.99598184,3.280952705,2.628269857,0.652682848,-0.001253566,0.021873532,0.004611942,0.015540889,0.153176074,-,v
11/30/2021,162.4573059,162.6735237,157.169822,157.2386254,174048100,71.3861655,3.692464042,2.841108694,0.851355348,0.003890558,0.031577797,0.026862898,0.007116524,0.961145127,-,v
12/1/2021,161.9364166,167.3713147,161.7005386,164.5998037,152052500,69.94581499,3.931241425,3.05913524,0.872106185,0.046815331,-0.003206315,0.028878645,0.028826886,-0.126376559,-,v
12/2/2021,160.9437408,161.3761764,155.086246,156.0100828,136739200,67.16455882,3.994329439,3.24617408,0.748155359,-0.052185487,-0.006130034,-0.03581939,-0.04090458,-0.10071061,-,-
12/3/2021,159.0567627,162.1231169,156.9732261,161.1992801,118023100,62.10890576,3.847709775,3.366481219,0.481228556,0.033261935,-0.011724458,0.004628567,0.012167295,-0.13687443,-,-
12/6/2021,162.476944,164.9929164,161.4548208,161.4646434,107497000,66.96296524,3.961823248,3.485549625,0.476273623,0.001646182,0.021502898,0.017701359,0.028550058,-0.089186778,-,-
12/7/2021,168.2361603,168.6292904,165.4450042,166.1722836,120405400,73.19095907,4.46550407,3.681540514,0.783963556,0.029155858,0.03544636,0.022039576,0.024713932,0.120081491,-,-
12/8/2021,172.0690765,172.9339476,167.7643965,169.1698119,116998900,76.3820549,5.114996563,3.968231724,1.14676484,0.018038678,0.022782951,0.02552734,0.014019113,-0.02829192,-,-
12/9/2021,171.5580444,173.7103848,170.9290513,171.9020314,108923700,75.09856125,5.52480155,4.279545689,1.245255861,0.016150751,-0.002969924,0.004489791,0.018863686,-0.069019452,-,-
12/10/2021,176.3639374,176.5408497,171.685802,172.1968636,115402700,78.72002462,6.166289208,4.656894393,1.509394815,0.001715118,0.028013218,0.01629416,0.00442728,0.059482004,-,^
12/13/2021,172.7177582,178.9978671,172.511363,178.0052267,153237000,70.35954352,6.307744853,4.987064485,1.320680368,0.033730946,-0.020674177,0.013917557,0.004808557,0.327845882,-,^
12/14/2021,171.3319855,174.6833461,169.2484487,172.2361621,139380400,67.42846147,6.236142822,5.236880152,0.99926267,-0.032409524,-0.008023337,-0.024103756,-0.018914199,-0.090425942,-,^
12/15/2021,176.216507,176.4130645,169.3467115,172.0985617,131063300,71.87579696,6.498625647,5.489229251,1.009396396,-0.000798905,0.028509105,0.009902022,0.000580583,-0.059671948,^,v
12/16/2021,169.2975769,178.0248691,167.8135503,176.1968556,150185800,59.48567427,6.078278733,5.607039148,0.471239585,0.023813644,-0.039263802,0.009136538,-0.009053386,0.145902781,-,v
12/17/2021,168.1968536,170.4867857,166.7717927,167.0076558,195432700,57.7792435,5.591871986,5.604005715,-0.012133729,-0.05215303,-0.006501707,-0.042342867,-0.006207828,0.301272823,-,v
12/20/2021,166.8307495,167.6464775,164.580138,165.3860284,107499100,55.64571545,5.038082076,5.490820987,-0.452738912,-0.009709898,-0.008122055,-0.01665999,-0.013141639,-0.449943126,v,v
12/21/2021,170.0150757,170.2214559,166.2116183,168.6096598,91185900,59.40826753,4.800807372,5.352818264,-0.552010892,0.019491558,0.019087166,0.015359573,0.009912984,-0.151751968,-,v
12/22/2021,172.6194611,172.8356788,169.1894743,170.0641681,92135300,62.23030517,4.76795557,5.235845726,-0.467890155,0.008626483,0.015318556,0.015357776,0.017916052,0.010411697,-,v
12/23/2021,173.2484589,173.8086636,172.2558335,172.8258609,68356600,62.90113808,4.738057766,5.136288134,-0.398230368,0.016239122,0.003643841,0.005629536,0.018123818,-0.258084578,-,v
12/27/2021,177.2287903,177.3172389,174.0248593,174.0445045,74919600,66.90671897,4.978157916,5.10466209,-0.126504174,0.007051281,0.0229747,0.020186424,0.010269758,0.096011212,-,-
12/28/2021,176.2066956,178.2116215,175.4597709,177.0617441,79144300,64.96693271,5.028004802,5.089330632,-0.06132583,0.017336023,-0.005767092,0.005043969,0.00824544,0.056389783,-,-
12/29/2021,176.2951355,177.5236388,175.0764549,176.2459924,62348900,65.06132415,5.016814469,5.0748274,-0.058012931,-0.00460716,0.00050191,-0.003860482,-0.002184638,-0.212212377,-,^
12/30/2021,175.1354218,177.4646741,175.0273129,176.3835853,59773000,62.67655383,4.858362661,5.031534452,-0.173171791,0.000780687,-0.006578252,-0.000332151,-0.000280689,-0.041314281,-,^
12/31/2021,174.5162811,176.1477222,174.2115997,175.0273277,64062300,61.38296954,4.629463415,4.951120245,-0.321656829,-0.00768925,-0.003535211,-0.007420924,-0.004660491,0.071759825,-,^
1/3/2022,178.8799286,179.7349772,174.6538886,174.7718202,104487900,66.61308165,4.745466215,4.909989439,-0.164523224,-0.001459815,0.025004243,0.020365038,0.002538803,0.631035726,^,v
1/4/2022,176.6096649,179.7939515,176.0396375,179.489285,99310400,61.9148113,4.601168558,4.848225262,-0.247056705,0.026992137,-0.012691551,0.000328118,0.007934257,-0.049551192,-,v
1/5/2022,171.9118347,177.0715485,171.6366512,176.5211815,94537600,53.50512895,4.060924183,4.690765047,-0.629840864,-0.016536383,-0.026600074,-0.015141794,-0.025011335,-0.048059418,-,v
1/6/2022,169.042099,172.2853516,168.6882894,169.730058,96904000,49.11638072,3.362452673,4.425102572,-1.062649899,-0.038472003,-0.016693067,-0.027029735,-0.017177927,0.02503131,v,v
1/7/2022,169.209137,171.1452595,168.0887425,169.9167561,86709100,49.3766686,2.790223576,4.098126773,-1.307903196,0.001099971,0.000988144,-0.006617464,-0.00355417,-0.105206183,-,v
1/10/2022,169.2287903,169.5334567,165.2779194,166.1722734,106765600,49.4094593,2.311666303,3.740834679,-1.429168376,-0.022037159,0.000116148,-0.009417747,-0.016722256,0.231307902,-,v
1/11/2022,172.0690765,172.1673478,167.882343,169.3565468,76138300,54.04251083,2.136960035,3.42005975,-1.283099715,0.019162483,0.016783706,0.015536114,0.015757843,-0.28686487,-,^
1/12/2022,172.511322,174.1329402,171.8135406,173.0911719,74805200,54.73756981,2.011007925,3.138249385,-1.12724146,0.022051849,0.002570162,0.011416755,0.023416386,-0.017508928,-,^
1/13/2022,169.2287903,173.5825988,168.8356602,172.7570482,84505800,48.83396157,1.627555645,2.836110637,-1.208554992,-0.001930334,-0.019027921,-0.003160467,-0.017332047,0.129678151,-,^
1/14/2022,170.0936737,170.7914552,168.1477135,168.3934142,80440800,50.35330409,1.377575975,2.544403705,-1.166827729,-0.02525879,0.005110735,-0.016079628,-0.004074653,-0.048103207,^,^
1/18/2022,166.8798981,169.5727678,166.4966056,168.5604823,90956700,45.00542665,0.90965452,2.217453868,-1.307799347,0.000992129,-0.018894151,-0.007135529,-0.00981939,0.130728436,-,^
1/19/2022,163.3713074,168.137907,163.0863012,167.0764782,94815000,40.00947566,0.252795381,1.82452217,-1.571726789,-0.008803986,-0.021024646,-0.008461623,-0.020482727,0.042419085,-,^
1/20/2022,161.6808777,166.7619662,161.356551,164.1084017,91420500,37.8305376,-0.399567798,1.379704177,-1.779271975,-0.017764777,-0.010347164,-0.008183406,-0.010606349,-0.035801297,-,^
1/21/2022,159.6169739,163.4695583,159.508865,161.5924017,122848900,35.30260329,-1.070766971,0.889609947,-1.960376918,-0.01533133,-0.012765293,-0.019743158,-0.011450951,0.343778474,-,-
1/24/2022,158.8405609,159.5088745,152.0395683,157.2680857,162294600,34.37210119,-1.646368874,0.382414183,-2.028783057,-0.02676064,-0.004864226,-0.024228877,-0.046826844,0.321091194,-,v
1/25/2022,157.0322266,159.9609746,154.3196963,156.2459813,115798400,32.24060551,-2.222831579,-0.138634969,-2.084196609,-0.006499121,-0.011384588,0.002834326,0.014996938,-0.286492588,-,v
1/26/2022,156.9437714,161.5629412,155.105935,160.6882474,108275300,32.13562843,-2.656200989,-0.642148173,-2.014052816,0.028431234,-0.000563293,0.010014734,0.00509487,-0.064967219,-,v
1/27/2022,156.481842,161.0223856,155.5580051,159.6562905,121954600,31.55775302,-3.002314394,-1.114181417,-1.888132976,-0.006422106,-0.002943279,-0.00334579,0.002914589,0.12633814,v,v
1/28/2022,167.4007721,167.4204323,160.0002696,162.8602288,179935700,53.04967522,-2.368245696,-1.364994273,-1.003251423,0.020067724,0.069777617,0.039733896,0.028556965,0.475431841,-,v
1/31/2022,171.774292,171.9905098,166.5949164,167.2337473,115541600,58.6505566,-1.495594894,-1.391114397,-0.104480496,0.02685443,0.026126044,0.027297012,0.041216474,-0.35787284,-,v
2/1/2022,171.607193,171.8332334,169.3467436,171.0175053,86213900,58.36407889,-0.808180141,-1.274527546,0.466347405,0.022625565,-0.000972782,-0.000914448,0.016518074,-0.253828058,-,v
2/2/2022,172.8160248,172.8553453,170.3491954,171.7447734,84914300,59.89039263,-0.163966273,-1.052415291,0.888449019,0.004252594,0.007044179,0.005948278,0.005919522,-0.015074135,-,-
2/3/2022,169.9265442,173.2091159,169.1599594,171.4793739,89418100,54.72612296,0.112128378,-0.819506558,0.931634935,-0.001545313,-0.016719981,0.002046628,-0.006981166,0.053039359,-,-
2/4/2022,169.6412048,171.3239451,167.9584645,168.9425193,82465400,54.22883425,0.30440192,-0.594724862,0.899126782,-0.014793934,-0.001679192,-0.010883785,-0.007102715,-0.077754951,-,^
2/7/2022,168.9228363,171.176315,168.2241508,170.103699,77251200,52.92493347,0.394268865,-0.396926117,0.791194982,0.006873223,-0.004234635,-0.000861702,0.001581857,-0.063228942,-,^
2/8/2022,172.0422821,172.5539947,168.6964872,168.9917066,74829200,57.68313262,0.709029027,-0.175735088,0.884764115,-0.006537144,0.018466691,0.008048308,0.00280778,-0.031352264,-,v
2/9/2022,173.4691925,173.833288,172.111192,173.2428641,71285000,59.69021895,1.061383499,0.071688629,0.989694869,0.025156013,0.008293952,0.007413872,0.020241707,-0.047363863,^,v
2/10/2022,169.3754883,172.6819126,168.8145849,171.363283,90865900,52.06116224,0.998785856,0.257108075,0.741677781,-0.0108494,-0.023599027,-0.006623446,-0.019153938,0.274684716,-,^
2/11/2022,165.9510345,170.3202411,165.3605955,169.5821999,98670700,46.68575265,0.665184147,0.338723289,0.326460858,-0.01039361,-0.020218119,-0.013676427,-0.020460255,0.085893608,v,^
2/14/2022,166.1871796,166.8760149,163.9041652,164.7012472,86185500,47.09144403,0.415072621,0.353993156,0.061079465,-0.028782223,0.00142298,-0.020222061,-0.008807602,-0.126534017,-,^
2/15/2022,170.0348511,170.1923035,167.5353581,168.2438788,62527400,53.3237952,0.521322883,0.387459101,0.133863782,0.02150944,0.023152637,0.019872769,0.022154366,-0.274502091,^,^
2/16/2022,169.7986755,170.5760723,167.3385383,169.1098401,61177400,52.91179247,0.579786174,0.425924516,0.153861659,0.00514706,-0.001388983,0.002254913,-0.001174795,-0.021590535,-,^
2/17/2022,166.1871796,169.1688644,165.7837135,168.3028914,69589300,46.93933731,0.330886953,0.406917003,-0.07603005,-0.004771743,-0.021269282,-0.008249738,-0.009291493,0.137500123,-,v
2/18/2022,164.63237,167.8206979,163.5400686,167.1121923,82772700,44.60502498,0.008079256,0.327149454,-0.319070198,-0.007074739,-0.009355773,-0.007969354,-0.013533567,0.189445791,-,v
2/22/2022,161.6999054,164.0321107,159.5644931,162.3493702,91162800,40.51284257,-0.478853628,0.165948837,-0.644802466,-0.028500746,-0.017812199,-0.022575209,-0.024309489,0.101363131,-,v
2/23/2022,157.5176697,163.5007101,157.2027649,162.900436,90009200,35.50933918,-1.188522371,-0.104945404,-1.083576967,0.00339432,-0.025864182,-0.003239613,-0.014801088,-0.012654284,v,v
2/24/2022,160.1450806,160.2533272,149.5763268,150.1470804,141147500,40.48247708,-1.5213922,-0.388234764,-1.133157437,-0.078289266,0.016680103,-0.019861583,-0.048513384,0.568145256,-,v
2/25/2022,162.2214661,162.4871501,158.3049165,161.2275609,91974200,44.14800903,-1.599212258,-0.630430262,-0.968781996,0.073797509,0.012965653,0.013939323,0.058355422,-0.348382366,-,^
2/28/2022,162.4871368,162.7823563,159.8400268,160.4599862,95056600,44.61799116,-1.620764637,-0.828497137,-0.7922675,-0.004760816,0.001637704,0.001816797,0.009697174,0.033513746,-,^
3/1/2022,160.5977783,163.9435744,159.3873948,162.0738609,83474400,41.91662024,-1.769898211,-1.016777352,-0.753120859,0.010057801,-0.011627742,0.007133563,-0.002831781,-0.121845301,-,^
3/2/2022,163.9041748,164.6914217,160.3517362,161.7687776,79724800,47.8653705,-1.60281285,-1.133984452,-0.468828398,-0.001882372,0.020588059,0.004561614,0.006050299,-0.044919161,^,^
3/3/2022,163.5794525,166.2167276,162.9103023,165.783741,76678400,47.35244053,-1.479543615,-1.203096284,-0.27644733,0.02481915,-0.001981172,0.009261599,0.015955962,-0.038211447,-,v
3/4/2022,160.5682373,162.9102928,159.5153064,161.867197,83737200,42.77482538,-1.606315158,-1.283740059,-0.322575099,-0.023624416,-0.018408273,-0.019892311,-0.020839664,0.092057216,-,^
3/7/2022,156.7599335,162.3887282,156.5040696,160.7551936,96418800,37.79812349,-1.991128324,-1.425217712,-0.565910612,-0.00686985,-0.023717666,-0.003201545,-0.018877416,0.151445236,-,^
3/8/2022,154.9295959,160.2828567,153.3157466,156.2875964,131148300,35.65122218,-2.41593903,-1.623361975,-0.792577055,-0.027791308,-0.011676054,-0.012968089,-0.020372141,0.360194277,v,^
3/9/2022,160.3517303,160.8044022,156.8681829,158.9051686,91454900,45.52268116,-2.288700924,-1.756429765,-0.532271159,0.016748432,0.034997409,0.003253907,0.02317072,-0.302660423,^,v
3/10/2022,155.9923553,157.8325328,153.492848,157.64556,105342000,40.18509741,-2.510687298,-1.907281272,-0.603406027,-0.007926794,-0.02718633,-0.018481269,-0.021517014,0.151846429,-,v
3/11/2022,152.2628021,156.7402547,152.0364737,156.3958295,96970100,36.2672399,-2.953510643,-2.116527146,-0.836983497,-0.007927471,-0.023908564,-0.006920488,-0.009488222,-0.079473524,-,v
3/14/2022,148.2183533,151.6625456,147.7066555,149.0351207,108732100,32.55996521,-3.589427865,-2.41110729,-1.178320575,-0.04706461,-0.026562291,-0.032395692,-0.028478812,0.121295121,v,v
3/15/2022,152.6170654,153.0894226,147.9821754,148.4938731,92964300,39.77098817,-3.695854031,-2.668056638,-1.027797393,-0.003631678,0.029677243,0.009408235,0.001865318,-0.145015134,-,v
3/16/2022,157.0453033,157.4487694,151.9971124,154.5458107,102300200,46.02762191,-3.383868612,-2.811219033,-0.572649579,0.04075547,0.029015352,0.02847582,0.02713122,0.100424572,-,v
3/17/2022,158.0588531,158.4327987,155.1165394,156.0809087,75615400,47.37511028,-3.02002001,-2.852979228,-0.167040782,0.009932964,0.006453869,0.006249838,0.020522936,-0.260847975,-,v
3/18/2022,161.3652954,161.8573228,157.2125831,157.9506242,123511700,51.61868336,-2.436775483,-2.769738479,0.332962996,0.011979143,0.020919058,0.021614994,0.013512703,0.633419912,-,-
3/21/2022,162.7429962,163.6975306,160.410776,160.9028034,95811400,53.3081898,-1.842145941,-2.584219972,0.74207403,0.01869052,0.008537776,0.011369321,0.02034311,-0.22427268,-,-
3/22/2022,166.1281586,166.7185825,162.2805002,162.8709242,81532000,57.25775071,-1.085233537,-2.284422685,1.199189148,0.012231737,0.020800664,0.018455085,0.011655852,-0.149036545,-,-
3/23/2022,167.4959869,169.8872331,164.9767938,165.3113839,98062700,58.77516381,-0.370729151,-1.901683978,1.530954827,0.014984011,0.008233573,0.019005983,0.016615019,0.202751067,-,-
3/24/2022,171.2944336,171.3633096,167.4959813,168.3324189,90131400,62.73194713,0.496302556,-1.422086671,1.918389227,0.018274815,0.022677837,0.008688567,0.01526995,-0.080879886,-,-
3/25/2022,171.9340515,172.4851198,169.9954624,171.1074491,80546200,63.36951334,1.220968684,-0.8934756,2.114444284,0.016485417,0.003734026,0.006546385,0.014922633,-0.106346956,-,-
3/28/2022,172.8000336,172.9279505,169.2574302,169.4247177,90371900,64.26097815,1.843894063,-0.346001668,2.189895731,-0.009834355,0.005036711,0.002567356,-0.004341482,0.121988374,-,-
3/29/2022,176.1064453,176.155636,173.5282116,173.8726368,100589400,67.51198183,2.574687316,0.238136129,2.336551187,0.026253071,0.019134324,0.018664915,0.025232461,0.113060586,-,-
3/30/2022,174.9354401,176.7460974,173.8824941,175.7030017,92633200,65.2482234,3.024491442,0.795407192,2.229084251,0.010527044,-0.006649417,0.00335193,0.002041642,-0.079095809,-,^
3/31/2022,171.8258209,175.1912868,171.6191628,175.0043139,103049300,59.53891885,3.094374158,1.255200585,1.839173573,-0.003976527,-0.01777581,-0.00879686,-0.013016442,0.112444566,-,^
4/1/2022,171.5305786,172.091497,169.1983737,171.2550445,78751300,59.01095614,3.090309956,1.622222459,1.468087497,-0.021423869,-0.001718265,-0.017693744,-0.014105587,-0.235790054,-,v
4/4/2022,175.5947418,175.6439476,171.6585226,171.7864545,76468400,63.77317941,3.376115297,1.973001027,1.40311427,0.003103033,0.02369352,0.020642801,0.014540027,-0.028988728,^,^
4/5/2022,172.2686462,175.4569895,171.6388517,174.6697426,73401800,57.84952107,3.29623305,2.237647431,1.058585619,0.016784141,-0.018941886,-0.001064415,-0.000114593,-0.04010284,-,^
4/6/2022,169.0901489,170.8614507,167.4172587,169.6116968,89058800,52.80204274,2.942527993,2.378623544,0.56390445,-0.028957767,-0.018450817,-0.026191825,-0.024595789,0.213305396,v,v
4/7/2022,169.3952026,170.5957508,167.1417236,168.4308331,77594700,53.22387336,2.656210333,2.434140902,0.222069432,-0.00696216,0.001804089,-0.001555061,-0.001645798,-0.128725067,^,v
4/8/2022,167.3778687,169.0409236,166.5020605,169.0409236,76575500,50.03887916,2.24069025,2.395450771,-0.154760522,0.003622202,-0.011909038,-0.009114103,-0.00382707,-0.013134918,-,^
4/11/2022,163.1070709,166.3347692,162.8610572,166.0198795,72246700,44.03154276,1.548914978,2.226143613,-0.677228635,-0.017871673,-0.025515905,-0.016008871,-0.021867617,-0.05652983,v,^
4/12/2022,164.986618,167.1613706,163.982878,165.3408783,79265200,47.04464036,1.139209734,2.008756837,-0.869547103,-0.004089879,0.011523394,0.004969504,0.006888208,0.097146306,-,v
4/13/2022,167.6829376,168.3127321,164.1108288,164.720938,70618900,51.11081037,1.020324171,1.811070304,-0.790746132,-0.003749468,0.016342656,0.006887725,0.000780269,-0.109080656,^,^
4/14/2022,162.6544189,168.5390777,162.4084052,167.8994331,75329400,44.28184781,0.514417193,1.551739682,-1.037322489,0.019296242,-0.029988255,0.001344792,-0.010373621,0.066703106,-,^
4/18/2022,162.4379425,163.9435452,160.9618602,161.3062704,69023900,44.00923826,0.094920247,1.260375795,-1.165455548,-0.039268523,-0.001330898,-0.027266866,-0.008906836,-0.083705698,v,^
4/19/2022,164.7307739,165.1440902,161.2964322,162.3887336,67723800,47.68294744,-0.051923233,0.997915989,-1.049839222,0.006710608,0.014115122,0.007322917,0.002078579,-0.018835505,^,v
4/20/2022,164.5635071,166.1872068,163.4515352,166.06911,67929800,47.43841247,-0.17972305,0.762388181,-0.942111231,0.022663988,-0.001015395,0.006316403,0.013361133,0.003041767,-,^
4/21/2022,163.7664337,168.7949554,163.2645711,166.2167361,87227800,46.22194853,-0.341387186,0.541633108,-0.883020294,0.000888944,-0.004843561,0.015691633,-0.00114385,0.284087396,-,^
4/22/2022,159.2102509,165.193307,158.9248815,163.8058009,84882400,39.92034705,-0.827612852,0.267783916,-1.095396768,-0.014504768,-0.027821225,-0.021337417,-0.026580718,-0.026888217,v,v
4/25/2022,160.2828674,160.5682367,155.9333466,158.5509212,96046400,41.92759284,-1.113562546,-0.008485376,-1.105077169,-0.032079937,0.006737108,-0.027997928,-0.018823578,0.131523143,^,^
4/26/2022,154.2998047,159.751462,154.2210785,159.6629007,95623200,34.91943218,-1.802188393,-0.36722598,-1.434962413,0.00701339,-0.037328149,-0.005086777,-0.010980769,-0.004406204,-,v
4/27/2022,154.0734711,157.2421138,152.9024434,153.4239913,88063200,34.68325704,-2.339227412,-0.761626266,-1.577601146,-0.039075511,-0.001466843,-0.015707826,-0.008550291,-0.079060312,v,v
4/28/2022,161.0307465,161.8967196,156.3958412,156.710746,130216800,46.632012,-2.178330289,-1.044967071,-1.133363218,0.021422691,0.04515557,0.029601521,0.022847233,0.478674407,^,v
4/29/2022,155.1362457,163.5499179,154.7426298,159.2594381,131747600,39.96185194,-2.497663595,-1.335506376,-1.162157219,0.016263672,-0.036604815,0.010211438,-0.010570686,0.01175578,v,^
5/2/2022,155.4412994,155.7069834,150.8260801,154.211231,123055300,40.43668932,-2.695055336,-1.607416168,-1.087639168,-0.031698009,0.00196636,-0.047954378,-0.025310089,-0.065976913,-,v
5/3/2022,156.9370575,158.1474557,153.8274557,155.6282628,88966500,42.82448636,-2.699674372,-1.825867809,-0.873806563,0.009188902,0.009622655,0.015673493,0.019899579,-0.277020169,-,^
5/4/2022,163.3727875,163.8254443,156.7205672,157.1240333,108256500,51.78132934,-2.15913619,-1.892521485,-0.266614705,0.009611175,0.041008351,0.035903129,0.018807511,0.216823186,^,v
5/5/2022,154.2702789,161.4637173,152.4792919,161.2373889,130525300,41.80592168,-2.437158111,-2.00144881,-0.435709301,0.026179035,-0.055716186,-0.014416118,-0.027062659,0.205704045,v,^
5/6/2022,154.9995575,157.1282427,151.9444991,153.7479673,116124600,42.75738911,-2.569031604,-2.114965369,-0.454066235,-0.046449658,0.004727278,-0.026851076,-0.003507314,-0.110328802,^,^
5/9/2022,149.8552551,153.5705975,149.2935275,152.6836377,131577900,38.03350528,-3.053446278,-2.302661551,-0.750784727,-0.00692256,-0.033189142,-0.022641666,-0.017446974,0.133075162,v,v
5/10/2022,152.2697144,154.4673918,150.7126214,153.2650797,115366700,41.31086286,-3.205569901,-2.483243221,-0.72232668,0.003808149,0.016111942,0.005839623,0.009505395,-0.123206101,^,v
5/11/2022,144.3758698,153.1960991,143.6958718,151.2743755,142689800,34.8257095,-3.917932766,-2.77018113,-1.147751637,-0.012988636,-0.051841199,-0.008230169,-0.046557147,0.236836973,-,v
5/12/2022,140.4929962,144.0802186,136.7875185,140.699958,182602000,32.15200503,-4.741147911,-3.164374486,-1.576773425,-0.069902238,-0.0268942,-0.059504651,-0.048076213,0.279713056,v,^
5/13/2022,144.9770203,145.9526714,141.0350171,142.4935541,113990900,38.06551496,-4.974386942,-3.526376977,-1.448009965,0.012747666,0.031916353,0.012995905,0.0310518,-0.37574123,-,^
5/16/2022,143.4297485,145.3810505,142.0894671,143.4396132,86643800,36.8713064,-5.223864988,-3.86587458,-1.357990409,0.006639311,-0.010672531,-0.003916481,0.007476512,-0.239905992,-,v
5/17/2022,147.0761261,147.5984403,144.5532317,146.701631,78336300,41.52699189,-5.068914649,-4.106482594,-0.962432056,0.022741402,0.025422742,0.015252261,0.01733953,-0.095881067,^,v
5/18/2022,138.7782135,145.2233814,137.8715396,144.7207814,109742900,35.17037875,-5.551691147,-4.395524304,-1.156166843,-0.013502574,-0.056419168,-0.016091355,-0.046223056,0.400920135,-,v
5/19/2022,135.3585205,139.6060259,134.619395,137.851836,136095600,32.93304805,-6.139463729,-4.744312189,-1.39515154,-0.047463435,-0.024641425,-0.038680792,-0.023588223,0.240131252,v,v
5/20/2022,135.5950165,138.6599238,130.687228,137.0732673,137426100,33.24929787,-6.511138139,-5.097677379,-1.41346076,-0.005647866,0.001747182,-0.006776943,-0.029209514,0.009776216,-,v
5/23/2022,141.0350037,141.1828227,135.6541633,135.7921328,117726300,40.23093097,-6.294175943,-5.336977092,-0.957198851,-0.009346348,0.040119374,0.018194868,0.03800628,-0.143348316,-,v
5/24/2022,138.3248749,139.9115316,135.338809,138.7683472,104132700,38.09332897,-6.268655425,-5.523312758,-0.745342666,0.021917429,-0.019216001,-0.009004574,-0.002324693,-0.115467827,-,v
5/25/2022,138.4825745,139.7341496,136.3341749,136.4228664,92482700,38.29876939,-6.164643024,-5.651578812,-0.513064213,-0.016902131,0.001140067,-0.001267815,0.007354623,-0.111876481,-,-
5/26/2022,141.6953125,142.2471906,135.1515874,135.3979626,90601500,42.48622096,-5.75661269,-5.672585587,-0.084027103,-0.007512698,0.023199583,0.017984444,-0.008674183,-0.020341102,-,-
5/27/2022,147.4703369,147.5097503,143.1538387,143.2819586,90978500,49.16479497,-4.910642672,-5.520197004,0.609554332,0.058228321,0.040756637,0.036995878,0.059209451,0.004161079,-,^
5/31/2022,146.6819,148.4755183,144.7108989,146.908576,103718400,48.33949516,-4.254779161,-5.267113436,1.012334275,0.025311054,-0.00534641,0.006547146,0.010876832,0.140031986,-,v
6/1/2022,146.5538025,149.5398681,145.538723,147.7265356,74286600,48.19793389,-3.702657077,-4.954222164,1.251565087,0.005567814,-0.000873302,0.007168521,0.005720538,-0.283766429,-,v
6/2/2022,149.0175629,149.0766905,144.7306289,145.6865658,72348100,51.16042205,-3.031347983,-4.569647328,1.538299345,-0.013809095,0.016811303,-0.003097352,-0.005552434,-0.026094881,^,^
6/3/2022,143.2720795,145.8245224,142.3654207,144.7700295,88570300,44.73541249,-2.929177449,-4.241553352,1.312375903,-0.006291152,-0.038555747,-0.021815403,-0.01634214,0.224224271,v,^
6/6/2022,144.0210724,146.4158469,142.7990461,144.8981674,71598400,45.69289778,-2.755999647,-3.944442611,1.188442964,0.000885113,0.005227766,0.004055042,0.003045862,-0.191620667,-,^
6/7/2022,146.5538025,146.8395911,142.0106441,142.2570192,67808200,48.9159433,-2.386870481,-3.632928185,1.246057703,-0.018227616,0.01758583,0.002894114,-0.005521059,-0.052936937,^,^
6/8/2022,145.814682,147.6969768,145.3219317,146.4256876,53950200,48.02027853,-2.129427094,-3.332227967,1.202800872,0.02930378,-0.005043339,0.005838928,0.023317179,-0.204370563,-,v
6/9/2022,140.5718079,145.8048137,140.4634022,144.947433,69473000,42.12774394,-2.321694434,-3.13012126,0.808426826,-0.010095596,-0.035955736,-0.012811116,-0.033432872,0.287724605,-,v
6/10/2022,135.1416931,138.7190498,135.0727009,138.2460138,91437900,37.05596978,-2.879044729,-3.079905954,0.200861225,-0.046233445,-0.038628761,-0.048597599,-0.038377978,0.316164553,-,^
6/13/2022,129.9678497,133.2397046,129.534227,130.9434859,122207100,32.98166732,-3.695633809,-3.203051525,-0.492582284,-0.052822701,-0.038284583,-0.039499588,-0.041003651,0.336503791,v,v
6/14/2022,130.835083,131.9487037,129.5736432,131.1997285,84784300,34.28591739,-4.224115091,-3.407264238,-0.816850853,0.001956895,0.006672675,-0.00968931,0.000304292,-0.306224434,-,v
6/15/2022,133.4663544,135.3486643,130.2437779,132.3428842,91533000,38.21477487,-4.380127325,-3.601836856,-0.778290469,0.008713094,0.020111359,0.025767291,0.005171844,0.079598463,^,v
6/16/2022,128.1742096,130.4704279,127.1689947,130.1649251,108123900,33.83345523,-4.874608546,-3.856391194,-1.018217352,-0.016456941,-0.039651527,-0.036041999,-0.023607908,0.18125594,v,v
6/17/2022,129.6524506,131.1504156,127.9278246,128.1840644,134520300,36.03934956,-5.088549158,-4.102822787,-0.985726371,-0.015218084,0.011533061,0.005211815,0.005967098,0.244131039,-,v
6/21/2022,133.8999786,135.0727269,131.3869638,131.4855049,81000500,42.02064602,-4.859343133,-4.254126856,-0.605216277,0.025755468,0.032760878,0.029906968,0.027039772,-0.39785668,-,v
6/22/2022,133.3875122,135.7625572,131.9683889,132.8356192,73409200,41.51620092,-4.665269147,-4.336355314,-0.328913833,0.010268161,-0.003827233,0.005107103,0.004425288,-0.093719175,-,v
6/23/2022,136.2651825,136.5805349,133.6634613,134.8362095,72433800,45.47452149,-4.230493674,-4.315182986,0.084689312,0.015060646,0.021573761,0.006025061,0.012844533,-0.013287163,-,-
6/24/2022,139.6060333,139.8524085,137.7434376,137.8715425,89116800,49.72852416,-3.575140247,-4.167174438,0.592034191,0.02251126,0.024517274,0.023955636,0.030524245,0.230320651,-,-
6/27/2022,139.6060333,141.4095014,138.9260354,140.6309474,70207900,49.72852416,-3.020944368,-3.937928424,0.916984056,0.020014319,0,0.01113383,0.008585511,-0.212181093,-,v
6/28/2022,135.4472198,141.3405099,135.3289646,140.0692206,67083400,44.6943043,-2.884075802,-3.7271579,0.843082098,-0.003994333,-0.02978964,-0.000487885,-0.025891985,-0.044503539,-,v
6/29/2022,137.2112579,138.6303813,134.6883786,135.4669325,66242400,47.1387868,-2.603254647,-3.502377249,0.899122602,-0.03285724,0.013023804,-0.019174464,-0.004733547,-0.012536634,-,v
6/30/2022,134.7376404,136.3637103,131.8304167,135.2599545,98964500,44.18931899,-2.55089697,-3.312081193,0.761184224,-0.001527886,-0.018027803,-0.016350464,-0.021219068,0.493975158,v,v
7/1/2022,136.9155884,137.023994,133.6930123,134.0674923,71051600,47.31504909,-2.307066505,-3.111078255,0.80401175,-0.008816077,0.016164362,0.004842078,0.014128724,-0.282049624,-,v
7/5/2022,139.5074768,139.5567548,134.9446037,135.7724358,73353800,50.84338256,-1.882979554,-2.865458515,0.982478961,0.012717053,0.018930558,0.018484068,0.009361682,0.032401804,-,^
7/6/2022,140.8477631,142.0303609,139.0344453,139.3005347,74064300,52.61075774,-1.42234182,-2.576835176,1.154493356,0.025985385,0.009607272,0.017724732,0.030307559,0.009685933,-,^
7/7/2022,144.2280273,144.4251245,141.2025331,141.2123827,66253700,56.82674537,-0.775583574,-2.216584856,1.441001282,0.013724628,0.023999418,0.016860927,0.01559389,-0.105457015,-,^
7/8/2022,144.9080048,145.4106197,142.8975901,143.1538149,64547800,57.64308781,-0.205782379,-1.81442436,1.608641981,0.013748314,0.0047146,0.006823572,0.012004438,-0.025747996,^,v
7/11/2022,142.769455,144.5137951,141.695263,143.5578584,63141600,54.173679,0.072391591,-1.43706117,1.509452761,0.002822443,-0.014757983,-0.006167532,-0.008413908,-0.021785406,-,v
7/12/2022,143.7451324,146.2975756,142.9468793,143.6465764,77588800,55.48992824,0.367341008,-1.076180734,1.443521743,0.000617995,0.006833937,0.012343324,0.008833155,0.228806365,-,^
7/13/2022,143.3805237,144.3265961,140.0593756,140.9167716,71185600,54.85583739,0.565154912,-0.747913605,1.313068517,-0.019003619,-0.002536495,-0.013472401,-0.020199837,-0.082527375,v,v
7/14/2022,146.317276,146.7903121,141.1729616,141.9909289,78140700,58.92700174,0.947967643,-0.408737356,1.356704999,0.007622637,0.020482226,0.017070423,0.007950814,0.097703749,-,v
7/15/2022,147.99263,148.6726279,146.0511925,147.6082854,76259900,61.08315021,1.370735571,-0.05284277,1.423578341,0.039561375,0.011450145,0.012823161,0.034554994,-0.024069403,^,v
7/18/2022,144.9376068,149.3723603,144.5729613,148.5543929,81420900,55.37460429,1.442637533,0.24625329,1.196384242,0.006409583,-0.020643077,0.004706532,-0.010121323,0.067676459,v,^
7/19/2022,148.8106079,149.0372689,144.7799136,145.7752639,82982400,60.42414801,1.791488017,0.555300236,1.236187781,-0.018707821,0.026721851,-0.00224333,0.001431473,0.019178123,-,^
7/20/2022,150.8209991,151.4911473,148.1897145,148.9288399,64823400,62.77855191,2.204761196,0.885192428,1.319568768,0.021633135,0.013509731,0.016464865,0.023551616,-0.218829535,-,^
7/21/2022,153.0975342,153.3143455,149.7369733,152.2598526,65086600,65.29626021,2.685029174,1.245159777,1.439869397,0.022366472,0.015094284,0.012035015,0.010441068,0.004060262,^,v
7/22/2022,151.8557739,154.0140225,151.1856408,153.1369276,66675400,62.80093941,2.931651083,1.582458038,1.349193045,0.005760383,-0.00811091,0.004563676,0.009674748,0.024410555,-,v
7/25/2022,150.7323303,152.7920232,150.0720467,151.7769587,53623900,60.54656627,3.001844815,1.866335394,1.135509421,-0.008880738,-0.007398096,-0.007934338,-0.00736574,-0.195746857,-,v
7/26/2022,149.4019165,150.870303,148.6135129,150.0523356,55138700,57.89606006,2.916500969,2.076368509,0.84013246,-0.011362878,-0.008826334,-0.01257736,-0.00971889,0.028248598,v,^
7/27/2022,154.5166473,155.0488261,149.9537893,150.3676978,78620700,64.35622644,3.22441237,2.305977281,0.918435089,0.002101682,0.034234707,0.027696128,0.009018537,0.425871484,-,^
7/28/2022,155.0685425,155.3543311,152.171168,154.703897,81378700,64.98060513,3.47293388,2.539368601,0.933565279,0.028837305,0.003571752,0.001970379,0.01478708,0.03507982,-,v
7/29/2022,160.1537018,161.2574727,157.1873503,158.9021268,101786900,70.16627185,4.033720604,2.838239001,1.195481602,0.027137195,0.032792978,0.037997921,0.032964078,0.25078061,^,^
8/1/2022,159.1682281,161.2180716,158.5572225,158.6754778,67829400,68.06282725,4.348501814,3.140291564,1.20821025,-0.001426344,-0.006153299,-0.000244337,0.008714901,-0.333613658,-,^
8/2/2022,157.6899719,160.0551828,157.3154919,157.7786784,59907000,64.91896399,4.42764612,3.397762475,1.029883645,-0.005651783,-0.009287383,-0.007213142,-0.007831435,-0.11679891,v,^
8/3/2022,163.7212524,164.1745744,158.4192533,158.5079448,82507500,70.8375976,4.920324052,3.702274791,1.218049261,0.004622084,0.038247711,0.025737321,0.007016229,0.377259753,^,^
8/4/2022,163.4058685,164.7658643,162.0458728,163.6029657,55474100,70.17091233,5.225094381,4.006838709,1.218255673,0.032143631,-0.001926347,0.003601593,0.022892542,-0.32764779,-,^
8/5/2022,163.1789246,163.6723595,160.8597745,161.0670238,56697000,69.66284411,5.386225526,4.282716072,1.103509454,-0.015500586,-0.001388836,-0.00663672,-0.007319521,0.022044522,-,^
8/8/2022,162.7051697,165.6065684,162.0439689,164.1854739,60276900,68.54707693,5.413293976,4.508831653,0.904462323,0.019361195,-0.002903285,0.011817566,0.007361656,0.063140907,-,^
8/9/2022,162.7545471,163.6427389,161.1064765,161.8663704,63135500,68.60352029,5.376750433,4.682415409,0.694335024,-0.014124901,0.000303478,-0.011858404,-0.00578542,0.047424469,-,-
8/10/2022,167.017807,167.1164849,164.7085208,165.4782779,70170500,73.09316893,5.62693505,4.871319337,0.755615713,0.022314131,0.026194413,0.021227621,0.022358159,0.11142701,-,-
8/11/2022,166.2776642,168.7448382,165.9816003,167.8270416,57149200,71.18986572,5.699781291,5.037011728,0.662769563,0.014193789,-0.00443152,0.009743822,0.007729287,-0.185566584,-,-
8/12/2022,169.8402405,169.9093135,167.1756809,167.5901793,68039400,74.61614036,5.976093904,5.224828163,0.751265741,-0.001411348,0.021425465,0.006900806,0.007194054,0.190557348,-,-
8/15/2022,170.9159241,171.113295,169.1000879,169.2678539,54091700,75.56120545,6.210284029,5.421919336,0.788364693,0.010010578,0.006333503,0.007086024,0.011511286,-0.204994459,-,-
8/16/2022,170.7580566,171.4291358,169.40605,170.5113392,56377100,75.11917969,6.310400439,5.599615557,0.710784882,0.007346258,-0.000923655,0.0018458,0.001809355,0.042250475,-,-
8/17/2022,172.2580872,173.8370694,170.3040896,170.5014605,79542000,76.52444037,6.436586381,5.767009722,0.669576659,-5.79E-05,0.008784537,0.014046233,0.005301107,0.410892011,-,-
8/18/2022,171.8633575,172.6035098,170.8468829,171.4686157,62290100,75.31890352,6.430610197,5.899729817,0.53088038,0.005672416,-0.002291501,-0.007096068,0.003187201,-0.216890448,-,-
8/19/2022,169.2678528,171.4587042,169.0606036,170.7580202,70346300,67.759973,6.145595881,5.94890303,0.196692851,-0.004144172,-0.015102142,-0.006632575,-0.01045544,0.129333554,-,-
8/22/2022,165.369751,167.6296758,164.9453892,167.4619098,69026800,58.29716871,5.541299098,5.867382243,-0.326083145,-0.019302815,-0.023029192,-0.022332073,-0.024341652,-0.018757205,-,-
8/23/2022,165.0341949,166.4947728,164.4618088,164.8861705,54147100,57.55208638,4.977930492,5.689491893,-0.711561401,-0.015381045,-0.002029126,-0.006770299,-0.002931761,-0.2155641,-,-
8/24/2022,165.3302612,165.9026474,164.0670694,165.123027,53841500,58.06139308,4.503434103,5.452280335,-0.948846232,0.001436485,0.001793969,-0.00355642,-0.002400189,-0.005643885,-,-
8/25/2022,167.7974243,167.9059806,166.1394907,166.5638374,51218200,62.13818084,4.277167217,5.217257711,-0.940090495,0.008725678,0.014922635,0.012075354,0.01263155,-0.04872264,-,-
8/26/2022,161.4715881,168.8040366,161.4123784,168.3303434,78961000,48.98879127,3.546524836,4.883111136,-1.3365863,0.01060558,-0.037699245,0.005348565,-0.028452672,0.54165902,-,-
8/29/2022,159.2610168,160.7610478,157.7215027,159.034026,73314000,45.37521657,2.757326118,4.457954133,-1.700628015,-0.055226629,-0.013690156,-0.047646899,-0.022866125,-0.071516318,-,-
8/30/2022,156.8234406,160.4255083,155.6490634,160.0011616,77906200,41.72069738,1.913134983,3.948990303,-2.03585532,0.006081313,-0.015305543,-0.002087194,-0.013139865,0.062637423,-,-
8/31/2022,155.1556396,158.4715221,155.0766883,158.2050631,87991100,39.38349428,1.096885618,3.378569366,-2.281683748,-0.011225534,-0.010634896,-0.012180022,-0.003677344,0.129449261,-,-
9/1/2022,155.8859253,156.3398769,152.6391159,154.5832502,74229900,40.94356877,0.50313029,2.803481551,-2.30035126,-0.022893154,0.004706794,-0.013451283,-0.015718496,-0.15639309,-,-
9/2/2022,153.7641144,158.254373,152.9351477,157.6523821,76957800,37.89214694,-0.137057578,2.215373725,-2.352431303,0.019854233,-0.013611305,0.012245732,0.001939423,0.036749342,-,v
9/6/2022,152.500946,155.0273296,151.6719793,154.4154753,73714800,36.16418387,-0.737832925,1.624732395,-2.36256532,-0.020531924,-0.008214975,-0.020391496,-0.008259504,-0.042139978,-,v
9/7/2022,153.9121857,154.6128546,151.5930361,152.787155,87449600,39.48447572,-1.087539988,1.082277918,-2.169817907,-0.010545059,0.009253973,-0.002673561,-0.000520486,0.186323506,-,^
9/8/2022,152.4318695,154.3069155,150.6752279,152.6094988,84923800,37.29328163,-1.467221285,0.572378078,-2.039599362,-0.001162769,-0.009617927,-0.001978743,-0.006054422,-0.028882922,v,^
9/9/2022,155.3036652,155.7477685,152.7180716,153.4286189,68028800,43.80822923,-1.518882804,0.154125901,-1.673008705,0.005367426,0.018839864,0.009337579,0.013557927,-0.198943052,-,^
9/12/2022,161.2840881,162.1031917,157.208327,157.4945126,104956000,54.42686669,-1.064978368,-0.089694952,-0.975283416,0.02650023,0.038507932,0.04080587,0.029402253,0.54281716,^,^
9/13/2022,151.8199921,158.4320143,151.3561622,157.8004185,122656600,41.16843039,-1.452189356,-0.362193833,-1.089995523,0.001942328,-0.058679664,-0.022647163,-0.03722554,0.168647814,-,v
9/14/2022,153.2706909,155.0371957,151.5930159,152.7575146,87965400,43.44274281,-1.623285357,-0.614412138,-1.008873219,-0.031957481,0.009555387,-0.021427605,0.001564876,-0.282831906,-,v
9/15/2022,150.3693237,153.2016499,149.3923324,152.6193853,90481100,40.10361302,-1.970284047,-0.88558652,-1.084697527,-0.000904239,-0.018929693,-0.01183939,-0.01451705,0.028598745,-,^
9/16/2022,148.7212524,149.3627267,146.4218444,149.2245656,162278800,38.30265764,-2.351165812,-1.178702378,-1.172463434,-0.022243699,-0.010960156,-0.025057975,-0.019883805,0.793510468,v,^
9/19/2022,152.4516144,152.5305658,147.1422661,147.3495003,81474200,44.39005408,-2.325204809,-1.408002864,-0.917201945,-0.012565393,0.025082911,0.021209033,0.004920179,-0.497936884,-,^
9/20/2022,154.8398285,156.0043424,151.0699946,151.385785,107689800,47.93200819,-2.087854124,-1.543973116,-0.543881008,0.027392592,0.015665391,0.022774299,0.026693408,0.321765663,^,^
9/21/2022,151.7015839,156.6556731,151.5831643,155.2740467,101696800,43.96891384,-2.128446702,-1.660867833,-0.467578869,0.025684457,-0.020267683,0.00417508,0.003396901,-0.055650582,-,^
9/22/2022,150.7344666,152.4417467,148.9284934,150.3791929,86652500,42.79462467,-2.213143161,-1.771322899,-0.441820262,-0.031523966,-0.00637513,-0.02689929,-0.017512967,-0.147932875,-,^
9/23/2022,148.4547882,149.481141,146.6093469,149.2048187,96029900,40.07750308,-2.436134463,-1.904285212,-0.531849251,-0.007809419,-0.015123803,-0.019421227,-0.015572215,0.108218459,-,^
9/26/2022,148.7903442,151.7509532,147.6751767,147.6949183,93339400,40.67458891,-2.556312529,-2.034690675,-0.521621854,-0.010119649,0.002260325,0.015184606,0.007269863,-0.028017315,-,-
9/27/2022,149.7673187,152.6884592,147.9810872,150.7344617,84442700,42.47192608,-2.543402081,-2.136432956,-0.406969124,0.020579878,0.006566115,0.006177925,0.00207151,-0.09531559,-,v
9/28/2022,147.8725281,148.6620267,142.9381804,145.7014181,146691400,39.94433569,-2.655453809,-2.240237127,-0.415216682,-0.033390132,-0.012651563,-0.026370248,-0.03407805,0.737170886,-,v
9/29/2022,140.6091614,144.7934935,138.8327933,144.1816392,128138200,32.0663427,-3.29239591,-2.450668883,-0.841727026,-0.010430776,-0.049119108,-0.026022336,-0.028721417,-0.126477762,-,v
9/30/2022,136.385376,141.2210461,136.1880051,139.4249362,124925300,28.54116769,-4.090844586,-2.778704024,-1.312140562,-0.032991046,-0.030039191,-0.024672707,-0.019050169,-0.025073709,v,^
10/3/2022,140.5795746,141.191444,135.8820806,136.395257,114311700,36.0582236,-4.335210531,-3.090005325,-1.245205206,-0.021729823,0.030752554,-0.000209615,-0.002246339,-0.084959572,-,^
10/4/2022,144.1816559,144.3000754,142.3658044,143.1256982,87830100,41.72770328,-4.189915706,-3.309987401,-0.879928304,0.049345126,0.025623077,0.022017137,0.047715812,-0.231661326,-,^
10/5/2022,144.4776764,145.4448193,141.1321897,142.1782839,79471000,42.1814139,-4.00471823,-3.448933567,-0.555784663,-0.006619456,0.002053108,0.007933079,-0.008665105,-0.095173523,^,^
10/6/2022,143.5204468,145.6027424,143.3132126,143.8954621,68402200,41.06789333,-3.890342875,-3.537215429,-0.353127446,0.01207764,-0.00662545,0.001085794,0.015453759,-0.139280996,-,^
10/7/2022,138.2505798,141.2210674,137.6189838,140.6684077,85925600,35.51015731,-4.176786409,-3.665129625,-0.511656784,-0.02242638,-0.03671858,-0.030093354,-0.039732755,0.256181819,-,v
10/10/2022,138.5762482,140.0269479,136.7505482,138.5762482,74899000,36.08580055,-4.327630035,-3.797629707,-0.530000328,-0.014872988,0.002355638,-0.008455675,-0.006310435,-0.128327297,-,^
10/11/2022,137.1551208,139.4940118,136.4051054,138.063039,77033700,34.63303741,-4.509860924,-3.94007595,-0.569784974,-0.003703443,-0.010255201,-0.003805954,-0.002526079,0.028501048,-,v
10/12/2022,136.5235138,138.5169943,136.3458845,137.3031491,70433700,33.97831238,-4.651624594,-4.082385679,-0.569238915,-0.005503934,-0.004605056,-0.007004011,-0.000434155,-0.085676788,v,v
10/13/2022,141.1124725,141.7045852,132.6056474,133.2175167,113224000,42.48569727,-4.343612247,-4.134630993,-0.208981255,-0.029756291,0.033612955,0.023012273,-0.027431977,0.607525943,^,v
10/14/2022,136.5630035,142.6223815,136.3754959,142.4151323,88598000,37.3475888,-4.415712781,-4.19084735,-0.224865431,0.069042089,-0.03224002,0.006476829,0.02842902,-0.217498057,v,^
10/17/2022,140.5401001,141.0236566,138.4281998,139.2176985,85250900,43.75171541,-4.104619026,-4.173601685,0.068982659,-0.022451504,0.029122796,-0.011209496,0.015051853,-0.037778505,-,v
10/18/2022,141.8624878,144.7737497,138.7637182,143.5796461,99136600,45.73779614,-3.708618701,-4.080605089,0.371986387,0.031331847,0.009409327,0.026591944,0.002423772,0.162880392,-,v
10/19/2022,141.9710846,143.046769,139.6420714,139.829579,61758300,45.90671335,-3.347435583,-3.933971187,0.586535605,-0.026118375,0.000765508,-0.011928825,0.006329847,-0.377038349,^,v
10/20/2022,141.5072327,143.9744067,140.7769437,141.1420957,64522000,45.25863878,-3.063312375,-3.759839425,0.69652705,0.009386546,-0.003267228,0.006484856,0.008127009,0.04475026,v,^
10/21/2022,145.3362427,145.9086287,140.7768964,140.9940088,86548600,51.36258975,-2.500351087,-3.507941757,1.00759067,-0.001049204,0.027058758,0.013434485,-3.36E-07,0.341381234,-,^
10/24/2022,147.4876404,148.2573974,144.0829437,145.2573208,75981900,54.4367667,-1.859169053,-3.178187216,1.319018164,0.03023754,0.014802899,0.016097531,0.023484303,-0.122089785,-,v
10/25/2022,150.3397064,150.4877459,147.3988393,148.1192499,74732300,58.20793417,-1.108116104,-2.764172994,1.65605689,0.019702478,0.019337661,0.015043759,0.023013797,-0.016446022,^,^
10/26/2022,147.3889618,149.9942966,146.0961501,148.9778222,88194300,53.29330589,-0.742443239,-2.359827043,1.617383804,0.005796494,-0.019627181,-0.003279,-0.008837852,0.1801363,-,^
10/27/2022,142.8986969,147.092892,142.2374962,146.1257642,109180200,46.81556229,-0.805684283,-2.048998491,1.243314208,-0.019144179,-0.030465408,-0.019343433,-0.026411743,0.237950752,v,^
10/28/2022,153.6950684,155.4319533,145.8790634,146.2540636,164762400,59.54733262,0.015198484,-1.636159096,1.65135758,0.000878007,0.075552624,0.056692483,0.02560202,0.509086812,^,^
10/31/2022,151.3265686,152.2147602,149.9252157,151.1489393,97943200,56.35980529,0.469226899,-1.215081897,1.684308796,0.033468306,-0.015410382,-0.020698402,0.027736347,-0.405548839,-,^
11/1/2022,148.6718903,153.4088671,147.1718594,153.0437302,80379300,52.93927945,0.60783064,-0.85049939,1.458330029,0.012535919,-0.017542712,0.007844882,-0.018364865,-0.179327406,-,^
11/2/2022,143.1256866,150.1719345,143.0960818,146.9942134,93604600,46.57892344,0.267064272,-0.626986657,0.894050929,-0.039528027,-0.037304992,-0.021100036,-0.027694001,0.164536143,-,^
11/3/2022,137.0564575,140.9249846,136.9281597,140.1946957,97918500,40.80187595,-0.487116422,-0.59901261,0.111896188,-0.046257043,-0.042404891,-0.061575752,-0.043103361,0.04608641,-,-
11/4/2022,136.7895508,141.0302375,132.8355243,140.4569019,140814800,40.56360902,-1.093739254,-0.697957939,-0.395781315,0.001870301,-0.001947422,0.000746872,-0.029888924,0.43808167,-,v
11/7/2022,137.3233185,137.5506707,134.1106724,135.5341242,83374600,41.30182874,-1.513969528,-0.861160257,-0.652809271,-0.035048315,0.003902109,-0.024672488,0.009599451,-0.407913089,-,v
11/8/2022,137.8966827,139.8044934,135.9097897,138.7962274,89908500,42.1332579,-1.780218098,-1.044971825,-0.735246273,0.024068502,0.004175287,0.016385399,0.013415169,0.078367992,-,^
11/9/2022,133.3198853,136.9575975,133.0431046,136.9081692,74917800,37.55984665,-2.333630673,-1.302703594,-1.030927078,-0.013603095,-0.033190048,-0.020363408,-0.021092558,-0.166732845,v,^
11/10/2022,145.1819458,145.1819458,137.8966577,139.6166644,118854000,52.07856172,-1.794360702,-1.401035016,-0.393325686,0.019783299,0.088974428,0.060050325,0.036481057,0.586458759,-,^
11/11/2022,147.9794464,148.2858811,142.710704,144.1440508,93979700,54.7507691,-1.128244742,-1.346476961,0.218232219,0.032427263,0.019268929,0.021379623,0.034910537,-0.2092845,^,^
11/14/2022,146.5757599,148.5527731,145.7355232,147.2578319,73374100,53.14928595,-0.705476521,-1.218276873,0.512800352,0.02160187,-0.009485686,0.001799848,0.021195461,-0.219255861,-,^
11/15/2022,148.315506,151.824707,146.8525206,150.470458,89868300,54.9097034,-0.227425076,-1.020106514,0.792681437,0.021816334,0.011869262,0.022025398,0.007664551,0.224795943,-,^
11/16/2022,147.0798798,148.1474686,145.59712,147.4159834,64218300,53.37569093,0.05113992,-0.805857227,0.856997147,-0.020299496,-0.008331066,-0.02422029,-0.008548717,-0.285417661,-,^
11/17/2022,148.9877319,149.7389916,144.470249,144.7470297,80389400,55.44542426,0.420999393,-0.560485903,0.981485296,-0.018104914,0.012971537,0.010742829,-0.007739651,0.251814514,-,-
11/18/2022,149.551178,150.9449761,148.2463569,150.5594591,74829600,56.06571858,0.750924882,-0.298203746,1.049128628,0.040155776,0.003781828,0.008053911,0.026137616,-0.06916086,-,-
11/21/2022,146.3088684,148.6417448,146.0222081,148.4341668,58724100,51.61275292,0.742210187,-0.090120959,0.832331147,-0.014115966,-0.021680268,-0.015258748,-0.015003059,-0.215229,-,-
11/22/2022,148.4539032,148.6911502,145.241257,146.4274769,51804100,54.2041989,0.898038085,0.107510849,0.790527236,-0.013519057,0.014661003,0.000332379,-0.005348167,-0.117839184,-,-
11/23/2022,149.333725,150.0849847,147.6235974,147.7323338,58301400,55.26254466,1.080076631,0.302024006,0.778052625,0.008911284,0.005926565,0.009374025,0.016402643,0.125420575,-,v
11/25/2022,146.4077301,147.1688845,145.429103,146.6054284,35195900,51.03818693,0.976978161,0.437014837,0.539963324,-0.007628021,-0.019593664,-0.01942966,-0.014865471,-0.396311238,-,v
11/28/2022,142.5624237,144.9546079,141.7320818,143.471848,69246000,46.05560577,0.578321263,0.465276122,0.113045141,-0.021374246,-0.026264367,-0.01504582,-0.025421468,0.967445072,-,^
11/29/2022,139.5474854,143.145649,138.7369177,142.6316213,83763800,42.54830078,0.018884779,0.375997853,-0.357113074,-0.005856387,-0.021148198,-0.012479485,-0.021132576,0.209655431,v,^
11/30/2022,146.3286438,147.0107158,138.934618,139.7748396,111380900,51.49543213,0.121311744,0.325060631,-0.203748888,-0.020029091,0.048593914,0.027000938,0.001425001,0.329702091,-,^
12/1/2022,146.6054077,147.4159903,144.9249496,146.5065661,71250400,51.82518701,0.222256353,0.304499776,-0.082243423,0.048161218,0.001891386,0.002756769,0.043116191,-0.360299656,^,^
12/2/2022,146.111145,146.2989637,143.9759673,144.282417,65447400,51.15631823,0.25938281,0.295476383,-0.036093572,-0.015181225,-0.003371381,-0.007577378,-0.006548094,-0.081445157,-,^
12/5/2022,144.9447327,149.1854195,144.0946164,146.0716296,68826400,49.53166047,0.192467422,0.27487459,-0.082407169,0.012400767,-0.007983048,0.019729845,0.000824089,0.051629247,-,^
12/6/2022,141.2674866,145.6070301,140.2888596,145.3796778,64727200,44.71074231,-0.155494094,0.188800854,-0.344294948,-0.004737072,-0.025369988,-0.023986187,-0.026411513,-0.059558541,-,^
12/7/2022,139.3201294,141.7221933,138.3909307,140.5557627,69721100,42.35945941,-0.581686235,0.034703436,-0.616389671,-0.033181495,-0.013784893,-0.026680283,-0.013528721,0.077153036,-,-
12/8/2022,141.010498,141.8705093,139.4783245,140.7238377,62128300,45.06030494,-0.774124331,-0.127062117,-0.647062213,0.001195789,0.012132982,0.001046526,0.007857406,-0.10890247,-,-
12/9/2022,140.5261078,143.8969191,139.2805798,140.7040317,76097000,44.41801736,-0.954713807,-0.292592455,-0.662121352,-0.000140743,-0.003435136,0.014283517,-0.001417745,0.224836347,-,-
12/12/2022,142.8293304,142.8392101,139.4387448,141.0598951,70462700,48.19895185,-0.901588498,-0.414391664,-0.487196834,0.002529163,0.016389998,-0.007350463,0.001135586,-0.074041027,-,-
12/13/2022,143.7980804,148.2463609,142.5822213,147.7817615,93886200,49.74735663,-0.772412389,-0.485995809,-0.28641658,0.047652569,0.00678257,0.037854808,0.022543781,0.332424105,-,-
12/14/2022,141.5640564,144.9744016,139.5376146,143.6794602,82291200,46.30958033,-0.840616361,-0.556919919,-0.283696441,-0.027759185,-0.015535841,-0.022071093,-0.021353341,-0.123500578,-,-
12/15/2022,134.9311523,140.1702404,134.466553,139.4881684,98931900,37.92891372,-1.413593398,-0.728254615,-0.685338783,-0.029171127,-0.046854436,-0.033137997,-0.036341896,0.202217248,-,-
12/16/2022,132.964035,136.0679456,132.193001,135.1189876,160156900,35.85645316,-2.003318744,-0.983267441,-1.020051303,-0.03132295,-0.014578674,-0.029266518,-0.016907937,0.618860044,-,-
12/19/2022,130.8486328,133.6461087,129.8107128,133.5571467,79592600,33.72250864,-2.611274463,-1.308868845,-1.302405618,-0.011559003,-0.015909582,-0.017798732,-0.018021288,-0.503033588,-,-
12/20/2022,130.7794342,131.7185125,128.3971295,129.8798895,77432800,33.65195569,-3.063355049,-1.659766086,-1.403588963,-0.027533212,-0.000528845,-0.014423137,-0.010889573,-0.027135688,-,-
12/21/2022,133.8932343,135.237604,131.2242691,131.4516214,85928000,39.75944003,-3.134244906,-1.95466185,-1.179583056,0.012101426,0.023809554,0.026716757,0.022018713,0.109710614,-,-
12/22/2022,130.7102356,133.013458,128.8024249,132.80588,77852100,36.1010922,-3.407981924,-2.245325865,-1.16265606,0.010302335,-0.023772662,-0.01644621,-0.018455764,-0.093984499,-,v
12/23/2022,130.3444977,130.898059,128.1500115,129.4152989,63814900,35.69468027,-3.612786523,-2.518817997,-1.093968526,-0.025530354,-0.002798082,-0.015903646,-0.005065226,-0.18030599,-,v
12/27/2022,128.5355225,129.8996665,127.2405811,129.8700125,69007800,33.67535797,-3.876380325,-2.790330462,-1.086049863,0.0035136,-0.013878416,-0.007627252,-0.007096608,0.081374413,-,^
12/28/2022,124.5913773,129.5240233,124.4233329,128.1796536,85438400,29.72666558,-4.353357077,-3.102935785,-1.250421292,-0.013015775,-0.030685254,-0.002891795,-0.022141114,0.238097722,v,^
12/29/2022,128.1203461,128.980342,126.2619563,126.5189626,75703700,36.86048235,-4.395932723,-3.361535173,-1.03439755,-0.012955964,0.028324342,-0.004197532,0.014777159,-0.113938229,-,^
12/30/2022,128.4366608,128.4564351,125.9654017,126.9341415,77034200,37.47319083,-4.35396053,-3.560020244,-0.793940286,0.003281555,0.002468887,-0.004061913,-0.002348725,0.017575099,^,v
1/3/2023,123.6325226,129.3955104,122.7428651,128.7826412,112117500,32.3401424,-4.654694644,-3.778955124,-0.87573952,0.014562667,-0.037404727,0.007310458,-0.025582712,0.455424993,-,v
1/4/2023,124.9077072,127.1812756,123.6424198,125.4316146,89113600,34.88959729,-4.735543456,-3.97027279,-0.765270665,-0.026020794,0.010314314,-0.017112145,0.007328774,-0.205176712,-,v
1/5/2023,123.5830994,126.3014927,123.3260931,125.668849,80962700,33.47842447,-4.850586958,-4.146335624,-0.704251334,0.001891345,-0.010604693,-0.006917551,-0.0025584,-0.091466398,v,v
1/6/2023,128.130249,128.7925468,123.454616,124.5617463,87754700,42.13137143,-4.522707827,-4.221610064,-0.301097762,-0.008809683,0.036794268,0.019723077,0.001042139,0.083890483,-,^
1/9/2023,128.6541595,131.8767015,128.3971532,128.970489,70790800,43.05053691,-4.172488205,-4.211785693,0.039297487,0.035394034,0.00408889,0.023946686,0.040035256,-0.193310444,-,^
1/10/2023,129.2274933,129.7514007,126.6474899,128.7628939,63896200,44.09699237,-3.804813865,-4.130391327,0.325577462,-0.001609633,0.004456395,-0.016115817,-0.013626964,-0.097394012,-,^
1/11/2023,131.9557495,131.9755088,128.9605758,129.7414893,69458900,48.90810442,-3.255751548,-3.955463371,0.699711823,0.00759998,0.021112042,0.017141303,0.01826397,0.087058385,^,^
1/12/2023,131.8766785,132.7169001,129.9293191,132.3412778,71379600,48.77708275,-2.794779599,-3.723326617,0.928547018,0.02003822,-0.000599224,0.005617643,0.007511934,0.027652324,-,v
1/13/2023,133.2111511,133.3693158,130.1467895,130.5125322,57809700,51.15532664,-2.29531624,-3.437724541,1.142408301,-0.013818407,0.010119095,0.004915845,0.001673759,-0.190108939,-,v
1/17/2023,134.377594,135.7120689,132.5883994,133.280351,63646600,53.20068791,-1.78479177,-3.107137987,1.322346217,0.021207303,0.008756346,0.017565908,0.018760431,0.100967485,-,v
1/18/2023,133.6559906,137.0169072,133.4780516,135.2474869,69672800,51.75677887,-1.422032508,-2.770116891,1.348084384,0.014759384,-0.005369968,0.009614755,0.006709879,0.094682198,v,v
1/19/2023,133.7152863,134.6840185,132.2325264,132.538961,58280400,51.87237041,-1.116883774,-2.439470268,1.322586494,-0.020026441,0.000443644,-0.017026284,-0.00933131,-0.163512877,-,^
1/20/2023,136.2854004,136.4336854,132.6773573,133.7251719,80223600,56.7135976,-0.66005576,-2.083587366,1.423531606,0.008949903,0.019220795,0.012990903,0.003364005,0.3765108,-,^
1/23/2023,139.4881744,141.6727808,136.3150614,136.5325341,81760300,61.86205219,-0.039128124,-1.674695518,1.635567393,0.020993521,0.023500493,0.038400307,0.027417671,0.019155211,-,^
1/24/2023,140.8918457,141.5146097,138.6874802,138.6973598,66435100,63.88920388,0.559773322,-1.22780175,1.787575072,0.01585575,0.010063013,-0.001116454,0.017403937,-0.187440604,^,^
1/25/2023,140.2295532,140.7929942,137.2146049,139.2707006,65799300,62.20904045,0.96978647,-0.788284106,1.758070576,0.004133754,-0.004700715,-0.00509923,-0.010620102,-0.009570242,-,v
1/26/2023,142.3054352,142.5920955,140.2690987,141.5245064,54105100,65.29019667,1.445567566,-0.341513771,1.787081338,0.016182915,0.014803456,0.012778344,0.022260704,-0.177725295,-,v
1/27/2023,144.2527771,145.5378388,141.435542,141.5146244,70555800,67.93155849,1.957200344,0.118229052,1.838971292,-6.98E-05,0.013684241,0.020658532,0.008315754,0.30405082,-,v
1/30/2023,141.3564606,143.8771557,141.2081906,143.2939404,64015300,60.55105559,2.104702764,0.515523794,1.58917897,0.012573372,-0.020078064,-0.011410662,-0.001607456,-0.092699679,v,v
1/31/2023,142.6316223,142.6810507,140.6447293,141.0599003,65874500,62.48364227,2.298004426,0.872019921,1.425984506,-0.015590611,0.009020895,-0.008313377,-0.003990288,0.029043057,-,^
2/1/2023,143.7585297,144.9249755,139.6957814,142.3153183,77663600,64.1548911,2.513159256,1.200247788,1.312911468,0.008899892,0.007900824,0.015726859,-0.006747128,0.178963028,-,^
2/2/2023,149.0865936,149.4424416,146.4670417,147.1886474,118339000,70.78215834,3.078118607,1.575821951,1.502296655,0.034243181,0.037062594,0.031171067,0.048471473,0.523738276,-,^
2/3/2023,152.7242889,155.5711931,146.1309509,146.3286492,154357300,74.27870255,3.775858822,2.015829326,1.760029497,-0.00584283,0.024399882,0.041010783,-0.002294652,0.304365425,^,^
2/6/2023,149.9861298,151.3403943,149.0470513,150.8164869,69858300,67.71025968,4.061063002,2.424876061,1.636186941,0.030669576,-0.017928773,-0.027195259,0.019955392,-0.547424709,-,^
2/7/2023,152.8725433,153.445879,148.9086372,148.9086372,83322600,70.65604637,4.468488864,2.833598622,1.634890242,-0.01265014,0.019244537,0.013912245,-0.000928661,0.192737298,-,^
2/8/2023,150.1739502,152.8033819,149.4325701,152.1114301,64120100,64.71196347,4.521501823,3.171179262,1.350322561,0.021508443,-0.017652569,-0.004187125,0.003518486,-0.230459683,-,^
2/9/2023,149.1360016,152.5562414,148.6911766,152.0125597,56007100,62.53291291,4.428709787,3.422685367,1.00602442,-0.000649987,-0.006911642,-0.001617376,-0.004961392,-0.126528187,-,-
2/10/2023,149.5023041,149.8290112,147.7301822,147.9677914,57450700,63.00634606,4.334760558,3.605100405,0.729660153,-0.026608119,0.002456164,-0.017876884,-0.006463023,0.025775303,-,-
2/13/2023,152.3139801,152.7198752,149.4132251,149.4429244,62199000,66.50498408,4.436047876,3.771289899,0.664757977,0.009969284,0.018806908,0.019294421,0.011392682,0.082649994,-,-
2/14/2023,151.6704254,152.2347417,149.3537919,150.6012065,61707600,64.98994848,4.413513089,3.899734537,0.513778552,0.007750665,-0.004225185,-0.003176623,-0.000397777,-0.007900449,-,-
2/15/2023,153.7791748,153.9474757,151.3536388,151.5813383,65573800,67.59493642,4.513780508,4.022543731,0.491236776,0.006508127,0.013903498,0.011250612,0.013389997,0.062653547,-,-
2/16/2023,152.175354,154.7691909,151.8189477,151.9773387,68167900,63.71208864,4.412958387,4.100626662,0.312331725,0.002612462,-0.010429376,0.005337633,0.003074316,0.039560007,-,-
2/17/2023,151.026947,151.4724512,149.3439228,150.8289468,59144100,61.00962879,4.19206576,4.118914482,0.073151278,-0.007556336,-0.007546603,-0.021301007,-0.016302477,-0.132376089,-,-
2/21/2023,146.9975739,149.7894263,146.9282806,148.7004026,58867200,52.58207594,3.649797429,4.025091071,-0.375293643,-0.014112306,-0.026679829,-0.011111096,-0.016175029,-0.004681786,-,-
2/22/2023,147.4232788,148.4528888,145.6907509,147.3836697,51011300,53.31579361,3.21730956,3.863534769,-0.646225209,-0.008854938,0.002896,-0.008922776,-0.008422679,-0.133451226,-,-
2/23/2023,147.9084015,148.8390191,145.7699782,148.591515,48394200,54.18578362,2.880500537,3.666927923,-0.786427386,0.008195245,0.003290679,0.002601029,0.000543804,-0.051304319,-,-
2/24/2023,145.2452545,145.720458,144.2651332,145.6412549,55469600,48.80844379,2.371347833,3.407811905,-1.036464071,-0.019854836,-0.01800538,-0.020952578,-0.010323422,0.146203471,-,v
2/27/2023,146.443161,147.680681,145.9778523,146.2352661,44998500,51.15646327,2.040974606,3.134444445,-1.093469839,0.004078592,0.008247474,0.013451941,0.011872024,-0.188771868,-,v
2/28/2023,145.9382782,147.5916033,145.364067,145.5818718,50547000,50.11316721,1.718600661,2.851275688,-1.132675027,-0.004468104,-0.003447637,-0.000603178,-0.004204646,0.12330411,-,v
3/1/2023,143.8592072,145.7600359,143.5621994,145.3640355,55479000,45.95674425,1.280591468,2.537138844,-1.256547376,-0.001496314,-0.014246235,-0.012409699,-0.012395551,0.097572556,v,^
3/2/2023,144.4532318,145.2452476,142.4632901,142.9385086,52238100,47.30162849,0.970214819,2.223754039,-1.25353922,-0.016685881,0.004129208,-0.003531752,-0.007654587,-0.058416698,-,^
3/3/2023,149.52211,149.6013131,145.8590539,146.5619568,70732300,57.10990081,1.120340607,2.003071353,-0.882730746,0.025349699,0.035090099,0.029991105,0.023836062,0.354036613,-,^
3/6/2023,152.2941437,154.7394841,151.9278426,152.2545346,87558000,61.34683497,1.446324004,1.891721883,-0.445397879,0.03884076,0.01853929,0.034345761,0.041607213,0.237878593,^,^
3/7/2023,150.0864258,152.4921573,149.6211171,152.1654502,56182000,56.55506535,1.509127528,1.815203012,-0.306075484,-0.000585101,-0.014496407,-0.014523292,-0.015183034,-0.358345325,-,v
3/8/2023,151.3437347,151.9377504,150.3141248,151.2843362,47204800,58.54117784,1.641432685,1.780448947,-0.139016261,-0.0057905,0.008377233,-0.003635642,0.004631751,-0.159787832,-,v
3/9/2023,149.0865021,152.9970622,148.7300957,152.0268507,53833600,53.78714489,1.546320642,1.733623286,-0.187302644,0.004908073,-0.014914609,0.006972012,-0.010538125,0.140426397,-,v
3/10/2023,147.0173492,149.4329903,146.1362358,148.7102829,68572400,49.79516084,1.289120146,1.644722658,-0.355602511,-0.021815671,-0.013878874,-0.023295035,-0.017440048,0.273784402,v,v
3/13/2023,148.9676971,151.6110378,146.2253488,146.3342512,84457100,53.31250662,1.228502267,1.56147858,-0.332976312,-0.015977589,0.013266107,0.014575413,0.000609794,0.231648593,-,^
3/14/2023,151.0665283,151.8684388,148.6013983,149.7696099,73695900,56.81854644,1.334437729,1.51607041,-0.18163268,0.023476108,0.01408917,0.001697772,0.016249231,-0.127416167,-,^
3/15/2023,151.4625397,151.7199384,148.4231836,149.680508,77167900,57.4675565,1.43381898,1.499620124,-0.065801144,-0.000594926,0.002621437,-0.000977823,-0.00119928,0.047112526,-,^
3/16/2023,154.2939606,154.8978708,150.1259876,150.6408,76161100,61.87917498,1.721210299,1.543938159,0.177272141,0.006415612,0.018693869,0.020946043,0.011472628,-0.013046876,^,^
3/17/2023,153.4524841,155.1751175,152.7396714,154.5217033,98944600,59.89096994,1.859633181,1.607077163,0.252556018,0.02576263,-0.005453722,0.001789868,0.017409936,0.299148778,-,^
3/20/2023,155.8285065,156.2443265,152.6109546,153.5217826,73641400,63.46096018,2.136431999,1.71294813,0.423483868,-0.00647107,0.015483766,0.006890338,-0.00084272,-0.255730985,-,^
3/21/2023,157.689743,157.8085401,154.9770938,155.7493202,73938300,66.01292346,2.477425078,1.86584352,0.611581559,0.014509587,0.011944134,0.010011331,0.015504387,0.0040317,-,^
3/22/2023,156.2542114,160.5211775,156.2344069,157.709536,75701800,62.39339674,2.601836792,2.013042174,0.588794617,0.01258571,-0.009103519,0.017189421,0.008112896,0.023850968,-,-
3/23/2023,157.3432312,159.9370833,156.1057112,157.2442387,67622100,64.00576221,2.756533167,2.161740373,0.594792794,-0.002950344,0.006969539,-0.003638736,-0.000823734,-0.106730619,-,v
3/24/2023,158.6500702,158.739168,156.2740377,157.2739485,59196500,65.89541969,2.950569811,2.319506261,0.631063551,0.000188941,0.008305658,-0.007489916,0.001078285,-0.124598319,-,v
3/27/2023,156.6997223,159.1648674,156.2938121,158.3431524,52390300,60.76799049,2.913384788,2.438281966,0.475102822,0.006798353,-0.012293395,0.002681754,0.000126537,-0.114976392,-,v
3/28/2023,156.076004,156.9076289,154.4226793,156.3928164,45992200,59.18201936,2.801294953,2.510884564,0.29041039,-0.012317148,-0.003980341,-0.014181764,-0.011971894,-0.122123752,v,v
3/29/2023,159.1648712,159.4420745,157.7590504,157.7788398,51305700,64.16937408,2.927957053,2.594299061,0.333657992,0.008862449,0.019790789,0.016152469,0.021605448,0.11553046,-,^
3/30/2023,160.7389832,160.8478855,159.6598694,159.9172681,49501700,66.42105501,3.119396892,2.699318627,0.420078264,0.013553328,0.00988982,0.008817064,0.012048875,-0.035161785,-,^
3/31/2023,163.2536163,163.352624,160.2934785,160.8181857,68749800,69.6971715,3.434434206,2.846341743,0.588092462,0.005633648,0.015644202,0.015572094,0.003968493,0.388837151,-,^
4/3/2023,164.5109558,164.6297529,162.5804276,162.6299315,56976200,71.20969175,3.742420046,3.025557404,0.716862642,0.011265802,0.007701756,0.007818233,0.014267263,-0.171252862,^,^
4/4/2023,163.9763336,165.1742444,163.4615211,164.9366502,46278300,69.61850255,3.898422907,3.200130504,0.698292403,0.014183851,-0.003249766,0.00330737,0.005419431,-0.187760855,-,^
4/5/2023,162.1250305,163.4021597,160.1846074,163.0952572,51511700,64.26346998,3.828538601,3.325812124,0.502726477,-0.011164244,-0.011290063,-0.010728577,-0.020047004,0.113085399,-,^
4/6/2023,163.016037,163.3130448,160.3825908,160.8082904,45390100,65.63359305,3.801233309,3.420896361,0.380336948,-0.014022276,0.005495798,-0.000545372,0.00123597,-0.118839021,-,v
4/10/2023,160.4122925,160.4122925,158.4817643,159.8083821,47716900,58.56711197,3.528815261,3.442480141,0.08633512,-0.006218015,-0.015972321,-0.017761914,-0.011851826,0.05126228,-,^
4/11/2023,159.1945648,160.7389873,158.9074517,160.7290925,47644200,55.55456873,3.178027231,3.389589559,-0.211562328,0.00576134,-0.007591237,0.002036594,0.002686034,-0.001523569,-,^
4/12/2023,158.5015411,160.4419637,158.1847288,159.610354,50133100,53.85670873,2.811692529,3.274010153,-0.462317624,-0.006960398,-0.004353312,-0.001847862,-0.004548074,0.052239307,v,^
4/13/2023,163.9070282,164.1446374,159.808363,160.016273,68445600,63.28265236,2.923843026,3.203976728,-0.280133701,0.002543187,0.034103688,0.023077963,0.010264165,0.365277631,^,^
4/14/2023,163.5605316,164.6594499,162.1844101,162.9467115,49386500,62.40268143,2.950749324,3.153331247,-0.202581923,0.018313378,-0.002113982,0.003136334,0.014868102,-0.278456175,-,^
4/17/2023,163.5803375,163.7387437,162.3923214,163.4417359,41516200,62.43483649,2.939782942,3.110621586,-0.170838644,0.003037953,0.000121092,-0.005591578,0.001281943,-0.159361364,-,^
4/18/2023,164.8079529,165.7385703,163.9961326,164.4416518,49923000,64.46354165,2.995618677,3.087621004,-0.092002327,0.006117874,0.007504663,0.012213521,0.009876152,0.202494448,-,^
4/19/2023,165.9563751,166.4810824,163.8872303,164.1446442,47720200,66.29722073,3.09683855,3.089464513,0.007374037,-0.001806158,0.006968245,0.00448002,-0.000664054,-0.044123951,-,-
4/20/2023,164.986145,166.1939656,163.9070313,164.4317385,52456400,63.32433864,3.063452988,3.084262208,-0.02080922,0.001749033,-0.005846296,-0.001724621,0.000120821,0.099249374,-,-
4/21/2023,163.3724365,164.7881521,162.8477293,163.4021358,58337300,58.61634246,2.873656181,3.042141003,-0.168484822,-0.006261582,-0.009780873,-0.008458872,-0.006462822,0.112110248,-,v
4/24/2023,163.6793671,163.9466756,162.2537414,163.3526599,41949600,59.23711157,2.716691248,2.977051052,-0.260359804,-0.000302786,0.001878717,-0.005106413,-0.003647505,-0.280912898,-,v
4/25/2023,162.1349182,164.6495521,162.0953091,163.5407391,48714100,54.78390999,2.439549683,2.869550778,-0.430001095,0.001151369,-0.009435819,0.004287226,-0.000976448,0.161253027,-,^
4/26/2023,162.1250305,163.6298592,161.1746235,161.4320223,45498800,54.75552997,2.19382608,2.734405838,-0.540579759,-0.012894138,-6.10E-05,-0.006193111,-0.005679903,-0.066003477,v,^
4/27/2023,166.7285919,166.8770883,163.5407393,163.5407393,64902300,64.084354,2.343542388,2.656233148,-0.312690761,0.01306257,0.028395131,0.019844966,0.014680449,0.426461797,-,^
4/28/2023,167.9859009,168.1542169,166.2038842,166.8077946,55209200,66.13791605,2.534432604,2.63187304,-0.097440435,0.019977012,0.007541052,0.007653109,0.016284291,-0.149349099,^,^
5/1/2023,167.8968048,168.7482191,166.9562927,167.5899023,52472900,65.85058339,2.648000665,2.635098565,0.0129021,0.004688676,-0.000530378,0.003532485,0.004527021,-0.049562392,-,v
5/2/2023,166.8572998,168.6492416,165.8672837,168.3918277,48425700,62.44207374,2.623878368,2.632854525,-0.008976157,0.004785046,-0.006191333,-0.00058654,-0.006522719,-0.077129337,-,^
5/3/2023,165.7781372,169.2134931,165.4910393,167.8076726,65136000,59.02625279,2.48899034,2.604081688,-0.115091348,-0.003469023,-0.006467578,0.003345711,-0.002268346,0.345070902,-,^
5/4/2023,164.1347198,165.3722397,162.6695006,163.2437116,81235400,54.16670491,2.223845454,2.528034441,-0.304188988,-0.02719757,-0.009913354,-0.022700633,-0.017049495,0.24716593,v,^
5/5/2023,171.8370819,172.5597893,169.0551243,169.272929,113316400,67.62130373,2.605201329,2.543467819,0.06173351,0.036933842,0.046927073,0.043462855,0.039255199,0.39491404,^,^
5/8/2023,171.7677765,172.1142881,170.3916548,170.7579559,55962800,67.42949537,2.86876688,2.608527631,0.260239249,0.008772973,-0.000403321,-0.002581721,0.007905886,-0.506136799,-,^
5/9/2023,170.0550537,171.8073712,169.8867528,171.322273,45326900,62.69654286,2.905944149,2.668010935,0.237933214,0.003304778,-0.009971153,-0.001783216,-0.002963185,-0.190053035,-,^
5/10/2023,171.8271637,172.2924724,170.1837336,171.2925617,53724500,65.4024672,3.043320365,2.743072821,0.300247544,-0.000173423,0.010420802,0.002823518,0.00174811,0.185267468,-,^
5/11/2023,172.0152588,172.8468685,170.4510319,172.1142664,49514700,65.68697687,3.131274327,2.820713122,0.310561205,0.004797083,0.001094676,0.003217762,0.001570645,-0.078359035,-,-
5/12/2023,171.0833588,172.5605131,169.5268767,172.1243012,45497800,62.92602561,3.090160485,2.874602595,0.215557891,5.83E-05,-0.005417543,-0.0016567,-0.005421822,-0.081125403,-,-
5/15/2023,170.5876617,171.7178403,169.9928246,171.668268,37266700,61.44654724,2.983190499,2.896320175,0.086870324,-0.002649441,-0.002897401,-0.004883347,0.002748519,-0.180912044,-,-
5/16/2023,170.5876617,171.6484361,170.3199835,170.5083491,42110300,61.44654724,2.865385633,2.890133267,-0.024747634,-0.006756746,0,-0.000404176,0.001924546,0.129971261,-,-
5/17/2023,171.2023315,171.4402543,168.9518827,170.2307782,57951600,62.70748857,2.789467894,2.870000192,-0.080532299,-0.001627902,0.003603249,-0.001212838,-0.008032533,0.376185874,-,-
5/18/2023,173.5419922,173.7303578,171.0932694,171.5096494,65496700,67.11617857,2.884838971,2.872967948,0.011871023,0.007512573,0.013666056,0.013358027,0.012674536,0.130196578,-,-
5/19/2023,173.651062,174.8704618,173.432956,174.8704618,55772400,67.31019419,2.93538497,2.885451352,0.049933618,0.019595471,0.000628492,0.006562491,0.013674919,-0.148470076,-,-
5/22/2023,172.6993256,173.2049418,171.9557865,172.4812196,43570900,63.77431829,2.865612859,2.881483654,-0.015870795,-0.013662926,-0.005480741,-0.009524307,-0.008517236,-0.218773085,-,-
5/23/2023,170.0820618,171.8863903,169.8044751,171.638544,50747300,55.18852487,2.569506967,2.819088317,-0.249581349,-0.004885608,-0.015155032,-0.007612667,-0.012510841,0.16470626,-,-
5/24/2023,170.3596802,170.9346856,169.0510592,169.6161411,45143500,55.86723017,2.330379239,2.721346501,-0.390967262,-0.011782918,0.001632262,-0.005536824,-0.004436961,-0.110425579,-,-
5/25/2023,171.4997559,172.401905,170.2109519,170.9247505,56058300,58.63777989,2.207417634,2.618560728,-0.411143093,0.007715124,0.006692168,0.008583509,0.006861197,0.241780101,-,-
5/26/2023,173.9187317,174.2558142,171.6187255,171.826923,54835000,63.82668368,2.278891171,2.550626816,-0.271735645,0.005278185,0.014104835,0.010753415,0.008270758,-0.021821925,-,-
5/30/2023,175.7726288,177.4480725,175.0489217,175.4355614,55964400,67.22067383,2.456807914,2.531863036,-0.075055122,0.021001589,0.01065956,0.018319379,0.019987308,0.020596334,-,-
5/31/2023,175.723053,177.8049683,175.2372687,175.8023656,99625300,67.03953062,2.564248797,2.538340188,0.025908609,0.00209082,-0.000282045,0.002011269,0.001075968,0.780154884,-,-
6/1/2023,178.5385742,178.5683146,175.4057931,176.169164,68901800,71.70322283,2.843803903,2.599432931,0.244370972,0.002086424,0.016022492,0.004293166,0.000961692,-0.308390539,-,-
6/2/2023,179.3911743,180.214026,177.7157307,179.470487,61945900,72.95133489,3.098434221,2.699233189,0.399201032,0.018739505,0.004775439,0.009216145,0.013169107,-0.100953821,-,-
6/5/2023,178.032959,183.3566928,176.5062173,181.0566869,121946500,67.81942915,3.154273455,2.790241242,0.364032213,0.008838222,-0.007571249,0.017438525,-0.006805888,0.968596792,-,-
6/6/2023,177.6661682,178.5683173,175.9014884,178.4196156,64848400,66.4597434,3.132816343,2.858756262,0.274060081,-0.014564893,-0.002060241,-0.026115084,-0.003426105,-0.46822254,-,-
6/7/2023,176.2881622,179.6489582,175.7924695,176.9028163,61944600,61.47332726,2.970377202,2.88108045,0.089296752,-0.008501303,-0.007756153,0.006051694,-0.000619773,-0.044778283,-,-
6/8/2023,179.0144348,179.2820979,175.9312262,176.367423,50214900,66.78326742,3.026740051,2.91021237,0.11652768,-0.003026483,0.015464865,-0.002042095,0.000789321,-0.18935791,-,-
6/9/2023,179.4010925,180.660141,179.0739336,179.9364339,48870700,67.46809262,3.067250703,2.941620037,0.125630666,0.020236226,0.002159925,0.007686451,0.017863272,-0.026768947,-,-
6/12/2023,182.2066803,182.3058249,179.4109819,179.7084005,54274900,71.98190312,3.287842966,3.010864623,0.276978343,-0.0012673,0.015638633,0.00910928,0.001882174,0.110581596,-,-
6/13/2023,181.730835,182.563595,180.8683346,181.2252339,54929100,70.20274507,3.385244194,3.085740537,0.299503657,0.008440526,-0.002611569,0.001413943,0.008122985,0.012053454,-,-
6/14/2023,182.3653259,182.8015379,180.4519595,181.7903206,57462900,71.22407216,3.47359208,3.163310845,0.310281234,0.003118146,0.003491378,0.001303343,-0.002302089,0.046128555,-,-
6/15/2023,184.4075775,184.9131937,182.1967925,182.3752497,65433200,74.27990532,3.66614007,3.26387669,0.40226338,0.003217603,0.011198684,0.011551631,0.009669238,0.138703407,-,-
6/16/2023,183.3269501,185.3791247,182.6825557,185.1213549,101235600,70.04145685,3.689013486,3.348904049,0.340109436,0.015057444,-0.005859995,0.002519728,0.002666146,0.547159546,-,-
6/20/2023,183.4161987,184.4968203,182.8213766,182.8213766,49799100,70.19273218,3.672013764,3.413525992,0.258487772,-0.012424165,0.000486828,-0.00475946,0.000759902,-0.508087076,-,-
6/21/2023,182.3752289,183.8127344,181.0170209,183.3071183,49515700,66.00621026,3.533808253,3.437582444,0.096225809,0.002656919,-0.005675452,-0.003707846,-0.009869501,-0.005690866,-,-
6/22/2023,185.3890533,185.4386256,182.0877384,182.1571427,51245300,71.33654255,3.625675309,3.475201017,0.150474291,-0.006273491,0.016525405,0.008845368,0.00591501,0.034930335,-,-
6/23/2023,185.0717926,185.9442165,183.416181,183.9515375,53079300,70.09060134,3.631024135,3.506365641,0.124658495,0.009850807,-0.001711324,0.002726459,0.007295618,0.035788648,-,-
6/26/2023,183.6739349,186.4299845,183.6342711,185.2204934,48088700,64.72647782,3.482325606,3.501557634,-0.019232028,0.006898316,-0.007553056,0.00261244,0.001189045,-0.094021587,-,-
6/27/2023,186.4399261,186.7670851,184.0705158,184.2886218,50730800,69.67242228,3.546788159,3.510603739,0.03618442,-0.005031148,0.015059247,0.001808189,0.002375617,0.054942221,-,-
6/28/2023,187.6196899,188.2640844,185.9839101,186.3110539,51216800,71.50752164,3.650985981,3.538680187,0.112305793,0.010974265,0.00632785,0.008015327,0.010394898,0.009579979,-,-
6/29/2023,187.9567413,188.4326172,187.3123469,187.4511403,46347300,72.02826885,3.717903064,3.574524763,0.143378301,0.006119263,0.001796461,0.000895193,0.007142752,-0.095076225,-,-
6/30/2023,192.2990112,192.8046123,189.6123504,189.9791732,85069600,77.6863868,4.074353612,3.674490533,0.39986308,0.013486357,0.023102496,0.023201902,0.012278974,0.835481247,-,-
7/3/2023,190.8020325,192.2097979,190.1080506,192.1106533,31458200,72.25972841,4.187775496,3.777147525,0.410627971,0.011219546,-0.007784641,-0.003085063,0.002614283,-0.630206325,-,-
7/5/2023,189.6817474,191.3175271,188.9778572,189.9196853,46920300,68.40853415,4.139547391,3.849627498,0.289919893,-0.011404719,-0.005871452,-0.004642171,-0.005945005,0.491512547,-,-
7/6/2023,190.1576233,190.3658209,187.5701069,188.2045929,45094300,69.16042923,4.092549116,3.898211822,0.194337294,-0.00903062,0.002508812,-0.004974485,-0.007449287,-0.038917057,-,-
7/7/2023,189.0373383,191.0102004,188.6011414,189.7610604,46778000,65.22475221,3.919720902,3.902513638,0.017207264,0.008270082,-0.00589135,0.003384954,0.005496796,0.037337313,-,-
7/10/2023,186.9852142,188.353331,185.4287318,187.6296087,59922200,58.6416894,3.575942797,3.83719947,-0.261256673,-0.011232292,-0.010855654,-0.013909568,-0.016820734,0.280991064,-,-
7/11/2023,186.4597473,187.6692386,184.9925013,187.5304452,46638100,57.05377743,3.223931902,3.714545956,-0.490614054,-0.000528507,-0.002810206,-0.003631964,-0.002352551,-0.221689124,-,-
7/12/2023,188.1351929,190.0485592,186.846389,188.0459567,60750200,60.70722034,3.045053703,3.580647506,-0.535593803,0.002748948,0.008985562,0.012678267,0.01002142,0.30258737,-,-
7/13/2023,188.8985443,189.5429538,188.1450969,188.8588956,41342300,62.28160014,2.931099631,3.450737931,-0.5196383,0.004323086,0.004057462,-0.002660401,0.006950672,-0.319470553,-,-
7/14/2023,189.0472565,189.5330256,187.9963905,188.5912126,41573900,62.59602807,2.820279608,3.324646266,-0.504366658,-0.00141737,0.000787259,-5.24E-05,-0.000790382,0.005602011,-,-
7/17/2023,192.3188324,192.6459913,190.1576047,190.2468257,50520200,68.76490244,2.962295281,3.252176069,-0.289880788,0.008778845,0.017305599,0.016424398,0.011496041,0.2151903,-,-
7/18/2023,192.0610657,192.6559029,190.7623534,191.6843496,48353800,67.81588505,3.019240184,3.205588892,-0.186348708,0.007556099,-0.001340309,5.14E-05,0.00318025,-0.042881857,-,-
7/19/2023,193.419281,196.5223068,190.9903749,191.4365104,80507300,70.15327156,3.137795502,3.192030214,-0.054234712,-0.001292955,0.007071789,0.020068961,0.001195317,0.66496325,-,-
7/20/2023,191.4662476,194.7774708,190.84167,193.4093543,59581200,63.06114394,3.03912483,3.161449137,-0.122324307,0.010305474,-0.010097408,-0.008878564,-0.000778599,-0.259927982,-,-
7/21/2023,190.2865143,193.2904108,189.582624,192.4279104,71917800,59.16990149,2.833075069,3.095774324,-0.262699254,-0.005074439,-0.006161573,-0.007634661,-0.006597333,0.207055246,-,-
7/24/2023,191.0895233,193.2309193,190.5938306,191.7438413,45377800,60.93681535,2.703412017,3.017301862,-0.313889846,-0.003554937,0.00422,-0.000307783,0.005333857,-0.369032423,-,-
7/25/2023,191.9520264,192.7649696,191.2580596,191.6645313,37283200,62.79896617,2.639819703,2.94180543,-0.301985727,-0.000413625,0.004513607,-0.002411362,0.00348505,-0.178382381,-,-
7/26/2023,192.8244476,193.9546263,191.6546202,192.001596,47471900,64.63536365,2.629508108,2.879345966,-0.249837858,0.001758618,0.004544996,0.00617154,0.002073432,0.273278581,-,^
7/27/2023,191.555481,195.5011905,190.8912546,194.331363,47460200,59.99615649,2.490235209,2.801523815,-0.311288606,0.012134102,-0.006580943,0.007973845,-0.003983027,-0.000246462,-,^
7/28/2023,194.1430054,194.9361167,192.4675616,192.9929947,48291400,65.44282261,2.55915172,2.753049396,-0.193897676,-0.006887042,0.013507963,-0.002890385,0.008257618,0.017513622,-,^
7/31/2023,194.7576294,194.7972933,193.5778785,194.3709898,38824100,66.6058998,2.633011851,2.729041887,-0.096030035,0.00714013,0.003165831,-0.000712148,0.005768852,-0.196045259,^,^
8/1/2023,193.9248962,195.035243,193.5977372,194.5494739,35175100,63.48813155,2.594444787,2.702122467,-0.107677679,0.000918265,-0.004275741,0.001221525,0.000102588,-0.093988013,-,^
8/2/2023,190.92099,193.4985828,190.1972829,193.3597894,50389300,53.71960344,2.295034255,2.620704825,-0.325670569,-0.006115074,-0.01549005,-0.007878885,-0.017564535,0.432527555,-,v
8/3/2023,189.5231323,190.7127917,189.0472716,189.9196955,61235200,49.87393794,1.922789104,2.481121681,-0.558332576,-0.017791155,-0.007321655,-0.014396959,-0.006046413,0.215242125,-,v
8/4/2023,180.4222412,185.7658081,180.352837,183.9218306,115799700,33.20653542,0.883234905,2.161544325,-1.278309421,-0.031581058,-0.048019949,-0.025939443,-0.045990797,0.89106429,-,v
8/7/2023,177.3092804,181.5524086,175.8222023,180.5610232,97576100,29.56677619,-0.18962335,1.69131079,-1.88093414,-0.01827302,-0.017253753,-0.022681243,-0.02512095,-0.157371738,v,v
8/8/2023,178.2510986,178.717051,176.0502218,178.1420456,67823000,31.99542838,-0.952890062,1.16247062,-2.115360682,-0.013397009,0.005311726,-0.015617295,0.001296875,-0.304922004,-,v
8/9/2023,176.654953,179.3713391,175.4851105,179.3118584,60378500,30.10107965,-1.667359758,0.596504544,-2.263864302,0.006566742,-0.008954478,0.003661028,-0.003209944,-0.109763649,-,^
8/10/2023,176.4368439,179.1928938,176.0700362,177.9338302,54686900,29.84108013,-2.225527231,0.032098189,-2.25762542,-0.007685092,-0.001234662,-0.000994837,0.003333193,-0.094265343,-,^
8/11/2023,176.4964142,177.320377,175.265446,176.0298478,51988100,30.0188721,-2.632723748,-0.500866198,-2.131857549,-0.010700508,0.00033763,-0.010449727,-0.004569717,-0.049350027,-,^
8/14/2023,178.1542664,178.3825886,176.0199005,176.6751021,43675600,34.95877659,-2.789499492,-0.958592857,-1.830906635,0.003665596,0.009393121,0.005990353,0.00430464,-0.15989236,^,v
8/15/2023,176.1588898,178.1741185,175.7618062,177.5784931,43622600,32.02831855,-3.039715663,-1.374817418,-1.664898245,0.00511329,-0.011200274,-0.001168669,-0.001466279,-0.001213492,-,v
8/16/2023,175.2852936,177.240946,175.2157956,175.8412166,46964900,30.81059176,-3.270801925,-1.75401432,-1.516787605,-0.009783147,-0.004959138,-0.005237419,-0.003106537,0.076618542,-,v
8/17/2023,172.7339935,176.2184497,172.2177728,175.8511466,66062900,27.51982649,-3.61810083,-2.126831622,-1.491269208,5.65E-05,-0.014555129,-0.005768962,-0.01711046,0.406644111,v,v
8/18/2023,173.2204285,173.8259908,170.7088378,171.0463603,61114200,29.07522871,-3.810165267,-2.463498351,-1.346666916,-0.027323031,0.002816093,-0.013576665,-0.008761784,-0.074908913,-,v
8/21/2023,174.5605927,174.8484911,172.4758812,173.796206,46311900,33.32076015,-3.810314731,-2.732861627,-1.077453104,0.016076611,0.007736756,0.005882321,0.010351213,-0.242207212,-,v
8/22/2023,175.9404755,176.3871982,174.9676102,175.7717142,42084200,37.47110114,-3.65693332,-2.917675965,-0.739257355,0.011366808,0.007904893,0.008800231,0.014446825,-0.091287552,-,v
8/23/2023,179.8021851,180.2290643,177.0324915,177.2211115,52722800,47.34818183,-3.18703164,-2.9715471,-0.21548454,0.008245907,0.021948955,0.021780867,0.011801506,0.25279321,-,-
8/24/2023,175.0966797,179.7823386,174.7293615,179.3554594,54945800,39.21886287,-3.157923554,-3.008822391,-0.149101163,0.012043418,-0.026170457,-0.002478655,-0.013009646,0.042163921,-,-
8/25/2023,177.3104553,177.8465197,174.5407617,176.0894089,51449600,44.08300951,-2.922532854,-2.991564484,0.06903163,-0.018209931,0.012643162,-0.01076757,-0.001079382,-0.063629977,-,-
8/28/2023,178.8789673,179.2760509,177.2509003,178.7796888,43820700,47.3009607,-2.579681262,-2.909187839,0.329506578,0.01527792,0.008846134,0.008038005,0.015527253,-0.148279093,-,-
8/29/2023,182.7803497,183.5546733,178.1939694,178.3925112,53003900,54.33962862,-1.970445873,-2.721439446,0.750993573,-0.002165669,0.02181018,0.023866113,0.005320532,0.20956306,-,-
8/30/2023,186.284668,186.4832249,183.3958524,183.5943942,60813900,59.56391074,-1.191122722,-2.415376101,1.224253379,0.029159761,0.019172292,0.015954656,0.029192251,0.147347648,-,^
8/31/2023,186.5030518,187.7439567,186.11589,186.4732712,60794500,59.87204201,-0.549546928,-2.042210267,1.492663338,0.015680637,0.001172312,0.006760564,0.014831511,-0.000319006,-,^
9/1/2023,188.0815125,188.538157,186.9100902,188.111293,45732600,62.11895691,0.085291904,-1.616709832,1.702001737,0.008784217,0.008463458,0.004230231,0.004267234,-0.24775103,-,v
9/5/2023,188.3197479,188.5977094,186.2449583,186.9100816,45280000,62.46060904,0.600705308,-1.173226804,1.773932112,-0.006385642,0.001266661,0.000315864,-0.003558566,-0.00989666,^,v
9/6/2023,181.5791779,187.4759617,180.1496527,187.0292237,81755800,48.99590374,0.459964291,-0.846588585,1.306552876,0.00063743,-0.035793219,-0.005947833,-0.032727359,0.805560954,-,v
9/7/2023,176.2680664,176.9133461,172.2773118,173.9053785,112488800,41.41941372,-0.079223053,-0.693115479,0.613892426,-0.070170025,-0.029249562,-0.056341173,-0.043698896,0.375912168,v,v
9/8/2023,176.8835754,178.9285998,176.4964136,177.0523519,65551300,42.52857311,-0.451660017,-0.644824386,0.19316437,0.018095894,0.003491892,0.011391191,0.024490177,-0.417263763,-,v
9/11/2023,178.0549927,178.9881557,176.0496858,178.7598334,58953100,44.6755112,-0.644861847,-0.644831879,-3.00E-05,0.009643936,0.006622533,0.000332847,-0.002531087,-0.100657043,-,v
9/12/2023,175.0172729,178.8194083,173.5480454,178.1840655,90370200,40.45503992,-1.03120717,-0.722106937,-0.309100233,-0.003220902,-0.01706057,-0.000942785,-0.014209854,0.532916844,-,v
9/13/2023,172.9424896,176.0100038,172.7141522,175.2257432,84267900,37.82659772,-1.487657506,-0.875217051,-0.612440456,-0.01660262,-0.011854735,-0.015710848,-0.004804971,-0.067525578,-,-
9/14/2023,174.461319,174.8187002,172.3170315,172.7339738,60895800,40.85600303,-1.707161754,-1.041605991,-0.665555762,-0.014220339,0.00878228,-0.006768385,-0.002299294,-0.277354722,-,-
9/15/2023,173.7366333,175.2157976,172.5553044,175.1959389,109205100,39.8580857,-1.917492864,-1.216783366,-0.700709498,0.014252929,-0.004153847,0.002271481,0.001382759,0.793310869,-,-
9/18/2023,176.6751099,178.0748545,174.8882034,175.1959455,67257600,45.65450115,-1.826022039,-1.3386311,-0.487390938,3.77E-08,0.016913396,0.016317346,0.013519718,-0.384116676,-,-
9/19/2023,177.7671051,178.3230282,175.841218,176.2283798,51826900,47.67283347,-1.646436762,-1.400192233,-0.24624453,0.005893026,0.00618081,0.001393648,0.005449279,-0.22942686,-,-
9/20/2023,174.21315,178.3925098,174.1237933,177.9557088,58436200,42.18206867,-1.770479623,-1.474249711,-0.296229912,0.009801651,-0.019992198,0.000389639,-0.009766906,0.127526439,-,^
9/21/2023,172.6644897,175.0172561,172.5950069,173.279989,63047900,40.0190628,-1.971027646,-1.573605298,-0.397422348,-0.026274627,-0.008889457,-0.018920378,-0.008779882,0.078918547,-,^
9/22/2023,173.518219,175.7915654,172.7836129,173.399097,56725400,41.79108046,-2.037586555,-1.666401549,-0.371185005,0.000687373,0.00494444,0.004424188,0.001092766,-0.100280898,-,v
9/25/2023,174.7988739,175.6823978,172.8829084,172.9325476,46172700,44.44259138,-1.964352982,-1.725991836,-0.238361146,-0.00269061,0.007380521,-0.000621006,0.000574681,-0.186031302,^,v
9/26/2023,170.708847,173.9252635,170.4110268,173.5480386,64588900,38.42291772,-2.210860412,-1.822965551,-0.38789486,0.003559139,-0.023398474,-0.010001766,-0.01429801,0.398854735,-,v
9/27/2023,169.1899567,171.7809671,167.8200077,171.3640248,66921800,36.44850366,-2.499963067,-1.958365054,-0.541598013,-0.012584492,-0.008897549,-0.012328838,-0.015204527,0.036119209,v,v
9/28/2023,169.4480591,170.7783056,166.4003892,168.1078756,56294400,37.04055465,-2.677389022,-2.102169848,-0.575219174,-0.019001358,0.001525519,-0.00583686,-0.008459173,-0.15880326,-,v
9/29/2023,169.9642792,171.8107464,169.100599,170.7683832,51814200,38.27904739,-2.744706455,-2.230677169,-0.514029286,0.015826192,0.00304648,0.006045503,0.016227185,-0.079585181,-,v
10/2/2023,172.4857941,173.0317953,169.6863051,169.9742036,52164500,44.06684342,-2.565022841,-2.297546304,-0.267476537,-0.004650624,0.014835558,0.007106941,0.003463655,0.006760695,-,v
10/3/2023,171.1456299,172.3666914,169.5771391,171.0066491,49594600,41.82209569,-2.501921735,-2.33842139,-0.163500345,0.006074131,-0.007769708,-0.003843824,-0.00064334,-0.049265305,-,-
10/4/2023,172.3964539,172.9424551,169.7260239,169.8451459,53020300,44.65577552,-2.324190788,-2.335575269,0.011384482,-0.006792152,0.007308536,0.003340342,0.000877977,0.069074052,-,-
10/5/2023,173.6373749,174.1734392,171.4235892,172.5255136,48527900,47.39335021,-2.05946554,-2.280353323,0.220887784,0.015781244,0.007198066,0.007117883,0.010001798,-0.084729811,-,-
10/6/2023,176.1985931,176.6949552,171.9199399,172.5354391,57224100,52.60433089,-1.624276318,-2.149137922,0.524861604,5.75E-05,0.014750386,0.01447704,0.002895463,0.179200007,-,-
10/9/2023,177.6876831,177.7472441,174.520891,175.5235368,42390800,55.37218666,-1.146018027,-1.948513943,0.802495916,0.017318748,0.008451202,0.005955399,0.015128851,-0.259214212,-,^
10/10/2023,177.0920563,178.4123812,176.6552552,176.8041729,43698000,54.01342125,-0.805768594,-1.719964873,0.914196279,0.007296094,-0.0033521,0.003742039,0.01222985,0.03083688,-,^
10/11/2023,178.491806,178.5414453,176.3078159,176.9034413,47551100,56.70234225,-0.418347906,-1.45964148,1.041293574,0.000561459,0.00790408,0.000723403,-0.001966765,0.08817566,-,^
10/12/2023,179.3951721,181.013302,177.7373096,178.7598293,56743100,58.39320843,-0.037982289,-1.175309642,1.137327353,0.010493792,0.005061107,0.013844723,0.008107943,0.193307831,^,^
10/13/2023,177.5487213,180.6062984,176.8438805,180.1000145,51427100,53.77097979,0.113162586,-0.917615196,1.030777782,0.007497127,-0.010292645,-0.002248474,-0.005026683,-0.0936854,-,^
10/16/2023,177.419632,177.7770132,175.2257053,175.4639645,52517000,53.4524179,0.219993607,-0.690093436,0.910087042,-0.025741531,-0.000727064,-0.015665485,-0.009150304,0.021193106,-,^
10/17/2023,175.8610535,177.1218172,173.5281611,175.3646915,57549400,49.62938783,0.176855027,-0.516703743,0.69355877,-0.000565774,-0.008784701,-0.003685493,-0.009687758,0.095824209,-,v
10/18/2023,174.5605927,176.2879379,173.8359083,174.3024899,54764400,46.6324232,0.037301089,-0.405902777,0.443203866,-0.006057101,-0.00739482,-0.004707942,0.001773471,-0.048393207,-,v
10/19/2023,174.1833649,176.5460378,173.9153251,174.7591315,59302900,45.76903611,-0.102553371,-0.345232895,0.242679525,0.002619823,-0.002161013,0.001464081,0.000456849,0.08287318,-,^
10/20/2023,171.6221313,174.1436437,171.3838721,174.0344434,64189300,40.3117203,-0.415272178,-0.359240752,-0.056031426,-0.004146782,-0.014704237,-0.013607749,-0.014555664,0.08239732,v,^
10/23/2023,171.741272,172.7439179,168.6936017,169.6664822,55980100,40.66612982,-0.646043249,-0.416601251,-0.229441998,-0.025098257,0.000694203,-0.008037766,-0.015697337,-0.127890474,-,v
10/24/2023,172.1780853,172.4064076,170.2025587,171.7909235,43816600,42.02530521,-0.784638969,-0.490208795,-0.294430174,0.012521279,0.002543438,-0.001953818,0.008944957,-0.21728257,^,v
10/25/2023,169.8551025,171.8008333,169.4083646,170.6294261,57157000,37.15134345,-1.069592772,-0.60608559,-0.463507182,-0.00676111,-0.013491745,-0.003512482,-0.004666171,0.304459954,-,v
10/26/2023,165.6757202,170.1330568,164.4645956,169.1303958,70625300,30.33481329,-1.614056106,-0.807679693,-0.806376412,-0.008785298,-0.024605574,-0.009707616,-0.029182555,0.23563693,v,v
10/27/2023,166.996048,167.7306693,165.6161621,165.6955818,58499100,34.42800043,-1.916910849,-1.029525925,-0.887384925,-0.020308673,0.00796935,-0.014120639,0.007001911,-0.171697678,-,v
10/30/2023,169.0509644,169.9245663,167.6412981,167.7902158,51131000,40.30654229,-1.968420115,-1.217304763,-0.751115353,0.012641459,0.01230518,0.01307988,0.012227889,-0.125952365,-,v
10/31/2023,169.5274963,169.6565402,166.6783679,168.11783,44846000,41.61374927,-1.948330293,-1.363509869,-0.584820424,0.001952523,0.002818866,-0.001577324,-0.005743991,-0.12291956,-,v
11/1/2023,172.7042236,172.9623265,168.8822296,169.7558317,56934900,49.545832,-1.656973065,-1.422202508,-0.234770557,0.009743177,0.018738714,0.019485169,0.013222242,0.269564733,-,-
11/2/2023,176.2780151,176.4864787,174.1833668,174.2429278,77334800,56.67655536,-1.124730069,-1.36270802,0.237977951,0.026432648,0.020693133,0.020375259,0.03138955,0.358302201,-,-
11/3/2023,175.3647156,175.533492,172.088738,172.9722619,79763700,54.55459816,-0.767768939,-1.243720204,0.475951265,-0.007292497,-0.005181018,-0.005399772,-0.012025424,0.031407594,-,-
11/6/2023,177.9259186,178.1244603,174.927903,175.0966643,63841300,59.17113129,-0.275036544,-1.049983472,0.774946928,0.012281752,0.014605008,0.014760535,0.016498262,-0.199619626,-,-
11/7/2023,180.4971008,181.1125849,177.6678311,177.8762947,70530000,63.21142148,0.31925023,-0.776136731,1.095386962,0.015874834,0.014450858,0.016775487,0.015663185,0.104770736,-,-
11/8/2023,181.5593109,182.115234,180.2687665,181.0232466,49340300,64.76276945,0.865956055,-0.447718174,1.313674229,0.0176918,0.005884915,0.005536054,0.014639315,-0.300435276,-,-
11/9/2023,181.0828094,182.7803592,180.4871689,181.6288107,53763500,63.46976037,1.246406871,-0.108893165,1.355300036,0.003345229,-0.002624495,0.003652222,0.001211538,0.0896468,-,-
11/10/2023,185.2875519,185.4565507,182.434685,182.8720615,66133400,69.29535302,1.865697854,0.286025039,1.579672815,0.006845008,0.023219998,0.01464157,0.01079033,0.230079887,-,-
11/13/2023,183.6970978,184.9197528,183.1106226,184.7110146,43627500,65.06842992,2.202761997,0.66937243,1.533389566,0.010055954,-0.008583707,-0.002894467,0.003705094,-0.340310645,-,-
11/14/2023,186.3213501,186.9873497,185.1881543,186.5797929,60108400,68.48440631,2.651082954,1.065714535,1.585368419,0.010117309,0.014285758,0.01118105,0.011345774,0.377764025,-,-
11/15/2023,186.8879547,188.3690679,186.6593316,186.7289211,53790500,69.18508188,3.017319025,1.456035433,1.561283592,0.000799273,0.003041007,0.007389367,0.00794423,-0.105108437,-,-
11/16/2023,188.5778198,189.8203598,187.5241331,188.4386559,54412900,71.23886295,3.40467477,1.8457633,1.558911469,0.00915624,0.00904213,0.007704513,0.004633048,0.011570816,-,-
11/17/2023,188.5579071,189.2437915,187.4445963,189.1145625,50922700,71.17866161,3.667770424,2.210164725,1.457605699,0.003586879,-0.000105594,-0.003037442,-0.000424142,-0.064142878,-,-
11/20/2023,190.3074188,190.7646802,188.7467965,188.7567314,46505100,73.31252966,3.971663733,2.562464527,1.409199206,-0.00189214,0.009278379,0.008036664,0.006947121,-0.086751095,-,-
11/21/2023,189.502243,190.376996,188.6076204,190.2676519,38134500,70.71752006,4.100265109,2.870024643,1.230240466,0.008004591,-0.004230922,-0.002032264,-0.000737369,-0.179993162,-,-
11/22/2023,190.1682434,191.7785703,189.6911123,190.347177,39617700,71.61258602,4.207422739,3.137504262,1.069918477,0.000417965,0.003514472,0.007362099,0.005744688,0.038893915,-,-
11/24/2023,188.8362427,189.7606851,188.1205385,189.7308653,24048300,67.18913792,4.137173842,3.337438178,0.799735663,-0.00323783,-0.007004328,-0.010521953,-0.008279639,-0.392991012,-,-
11/27/2023,188.6573181,189.5320711,187.7726303,188.7865471,40552600,66.59408252,4.020715067,3.474093556,0.546621511,-0.004977146,-0.000947512,-0.001204749,-0.00184939,0.686297992,-,-
11/28/2023,189.2636566,189.9396062,188.2696248,188.6473617,38415400,67.63999835,3.932021206,3.565679086,0.36634212,-0.000737263,0.003213968,0.002150217,0.002646789,-0.052701923,-,-
11/29/2023,188.2398224,190.9435905,187.8422157,189.76069,43014200,63.99641936,3.736048969,3.599753062,0.136295907,0.005901637,-0.005409566,0.005285808,-0.002270197,0.119712407,-,-
11/30/2023,188.8163757,189.1841779,187.0668849,188.7070316,48794400,65.1353682,3.58592627,3.596987704,-0.011061434,-0.005552564,0.003062866,-0.009214305,-0.004127564,0.13437888,-,-
12/1/2023,190.0986633,190.4167456,188.1006495,189.1940907,45679300,67.59095551,3.529734263,3.583537016,-0.053802753,0.002581033,0.006791188,0.006515174,0.005526177,-0.063841342,-,-
12/4/2023,188.299469,188.9157791,186.3312899,188.8461896,43389500,61.08945144,3.30195882,3.527221377,-0.225262557,-0.001838858,-0.009464529,-0.007882534,-0.009406451,-0.050127738,-,-
12/5/2023,192.2656555,193.2398026,189.0449866,189.0748215,66628400,68.32296798,3.402264064,3.502229914,-0.09996585,0.001210678,0.021063185,0.02288863,0.014563827,0.535588103,-,-
12/6/2023,191.172226,193.5976511,190.9634726,193.2895036,41089700,64.74925817,3.354853403,3.472754612,-0.117901209,0.022291081,-0.005687077,0.001851837,0.010148304,-0.383300514,-,-
12/7/2023,193.1105804,193.8362195,192.4346309,192.4744006,47477700,67.94971204,3.43410292,3.465024273,-0.030921354,-0.004217006,0.01013931,0.00123229,0.007703873,0.155464752,-,-
12/8/2023,194.5419922,194.8203199,192.5141586,193.0409943,53377300,70.10802295,3.571244613,3.486268341,0.084976271,0.002943735,0.007412394,0.005076969,0.000413271,0.124260442,-,-
12/11/2023,192.0270691,192.3352317,190.2775785,191.9574947,60943700,62.18465029,3.437373218,3.476489317,-0.039116099,-0.005612795,-0.012927405,-0.012755796,-0.011617744,0.141753142,-,-
12/12/2023,193.5479889,193.5579238,190.5758276,191.9277118,52696900,64.77723022,3.414642813,3.464120016,-0.049477203,-0.000155154,0.007920341,0.006357088,0.001567442,-0.135318335,-,-
12/13/2023,196.7785645,196.8183191,193.6871246,193.9256825,70404200,69.55227221,3.615630515,3.494422116,0.121208399,0.010410017,0.016691341,0.016844546,0.016325769,0.336021664,-,-
12/14/2023,196.9276581,198.4286408,194.9892989,196.8381989,66831600,69.75604963,3.743789254,3.544295543,0.19949371,0.015018724,0.000757672,0.008181767,0.006723082,-0.050744132,-,-
12/15/2023,196.3908997,197.2159328,195.8242942,196.3511299,128256700,67.99179147,3.758715921,3.587179619,0.171536303,-0.002474464,-0.002725663,-0.006111557,0.004282262,0.91910264,-,-
12/18/2023,194.7209167,195.4565058,193.2298688,194.9197201,55751900,62.68015707,3.594358225,3.58861534,0.005742885,-0.007290051,-0.008503362,-0.008921323,-0.013248741,-0.565310038,-,-
12/19/2023,195.7646484,195.7745833,194.7209119,194.9893048,40714100,64.54446342,3.50788725,3.572469722,-0.064582472,0.000356991,0.005360142,0.001627357,0.007716421,-0.26972713,-,-
12/20/2023,193.6672516,196.5002336,193.6672516,195.7248899,52242800,58.24749978,3.232849703,3.504545718,-0.271696015,0.003772438,-0.010713869,0.00370656,-0.005411131,0.283162344,-,-
12/21/2023,193.5181274,195.9038132,192.3451771,194.9296661,46482500,57.81561354,2.96862691,3.397361957,-0.428735046,-0.004062967,-0.000770002,-0.003035215,-0.006826526,-0.11026017,-,-
12/22/2023,192.4445801,194.2437754,191.8183351,194.0151371,37122800,54.67278148,2.642145139,3.246318593,-0.604173454,-0.004691585,-0.005547529,-0.008473739,-0.002739044,-0.201359651,-,^
12/26/2023,191.8978882,192.7328715,191.6791999,192.4545437,28919300,53.09009233,2.312633912,3.059581657,-0.746947745,-0.008043668,-0.002840776,-0.00777839,-0.000725349,-0.220982792,-,^
12/27/2023,191.9972687,192.3451859,189.9495652,191.3412191,48087700,53.3544415,2.036042831,2.854873892,-0.818831061,-0.00578487,0.000517882,-0.002011517,-0.009023591,0.662823789,-,^
12/28/2023,192.4247284,193.4982848,192.0171716,192.9813839,34049900,54.54106077,1.830237001,2.649946513,-0.819709513,0.008571937,0.002226384,0.005994946,0.010885028,-0.291920803,^,^
12/29/2023,191.3809662,193.239801,190.5857376,192.7427851,42628800,51.12131239,1.564872633,2.432931737,-0.868059105,-0.001236383,-0.005424262,-0.001335845,-0.007454719,0.251950813,-,^
