Date,Close,High,Low,Open,Volume,RSI_14,MACD,MACD_Signal,MACD_Hist,Open_Growth,High_Growth,Low_Growth,Close_Growth,Volume_Growth,landmark,ground_truth
2014-02-20,29.989505767822266,30.058743382643925,29.892621702864545,29.965346445460163,67963968,63.00725032609897,0.4879627898955903,0.39119448687024044,0.09676830302534983,-0.0017919965020911643,-0.0019268078235752384,0.0022715409029125944,0.0014722270488249922,-0.19148127020346073,-,-
2014-02-21,29.981534957885742,30.132964003692088,29.95787488133093,30.08165747696524,74417508,62.872447071600405,0.48741364266077625,0.4104383180283476,0.07697532463242862,0.003881517996689121,0.002469185757479675,0.0021829192205022885,-0.00026578663877396824,0.09495531514581379,-,-
2014-02-24,30.198715209960938,30.389244878693404,30.01416130487468,30.020636314340123,66905028,65.06558472566181,0.4987537480678661,0.42810140403625135,0.07065234403161474,-0.002028517300678767,0.008505000535955043,0.0018788523473949326,0.007243800305096526,-0.10095043763088651,-,-
2014-02-25,30.3852596282959,30.497335566172154,30.146659996523397,30.284140522340202,57490452,66.87552869343165,0.5168356788600512,0.4458482590010113,0.07098741985903989,0.008777435802525213,0.003556873094748614,0.004414539200440659,0.006177230290692393,-0.1407155229050947,-,-
2014-02-26,30.389493942260742,30.606424795729776,30.229847276169288,30.484884063873583,79208712,66.91742699444382,0.5254503484994437,0.46176867690069784,0.06368167159874588,0.0066286689359829065,0.0035770085331199297,0.0027594194400137884,0.00013935421374178247,0.3777715993605337,-,-
2014-02-27,30.365585327148438,30.49061318724589,30.31079167383687,30.345161806761144,50349600,66.4066689675727,0.524304455433036,0.4742758326071655,0.05002862282587056,-0.004583329128616143,-0.00378389861791506,0.0026776317104120206,-0.0007867394948309903,-0.3643426495812734,-,-
2014-02-28,30.276920318603516,30.489616122437702,30.04205648173698,30.393728654329887,92451456,64.442271656148,0.5103587042813196,0.48149240694199635,0.02886629733932322,0.0016004807579546032,-3.270071356276105e-05,-0.008865990535372625,-0.0029199176498551083,0.8361904761904762,-,-
2014-03-03,29.954137802124023,30.082404113470144,29.691378843761882,30.05525691029476,84107808,57.74532428768234,0.46786745970788957,0.47876741749517504,-0.010899957787285475,-0.011136236290209545,-0.01335576044422171,-0.011672890575526451,-0.01066100888342858,-0.09024896265560167,-,-
2014-03-04,30.258487701416016,30.285634904392197,30.123748279889597,30.260729561895346,58649292,61.77862156098983,0.4535234001171524,0.47371861401957055,-0.02019521390241813,0.006836496264658765,0.006755802832628444,0.014562120486316,0.010160529450138567,-0.302689091600152,-,-
2014-03-05,30.341922760009766,30.461971447394937,30.17131736588167,30.26197509128356,49362588,62.826190528547144,0.4437726071049113,0.46772941263663875,-0.023956805531727465,4.1159925958433874e-05,0.005822448284786175,0.0015791224103351986,0.0027574100667908663,-0.15834298562376503,-,-
2014-03-06,30.375547409057617,30.538432529484954,30.350391493853692,30.44204581424239,50673276,63.263180730039274,0.4337581674084845,0.46093516359100795,-0.02717699618252345,0.0059503955844144585,0.00251005034989471,0.005935243920589306,0.0011081911095023322,0.026552254513073636,-,-
2014-03-07,30.25550079345703,30.55935357479095,30.17206599513401,30.554621179909617,60543396,60.527507235725295,0.41139261520629944,0.45102665391406627,-0.03963403870776683,0.0036980223456124506,0.0006850726633005344,-0.005875558434091266,-0.003952080730725838,0.19477959151486468,-,-
2014-03-10,30.17530632019043,30.3264848006235,29.98900788663716,30.277917479906773,48535416,58.701340368986855,0.3827842318219936,0.4373781694956518,-0.054593937673658166,-0.00905603438424507,-0.007620212698463247,-0.0060671386747719325,-0.0026505749752436802,-0.19833674344927732,-,-
2014-03-11,29.886892318725586,30.243794241758255,29.80345752013051,30.23009630289943,68451480,52.55953855432223,0.3330006580357008,0.4165026672036616,-0.0835020091679608,-0.0015794077330145706,-0.002726677998089122,-0.006187279259389222,-0.009557947760479357,0.41034085295570555,-,v
2014-03-12,30.06895637512207,30.082654314291183,29.493379070049063,29.79748053304147,78493428,55.70980935730203,0.304725182695897,0.39414717030210866,-0.08942198760621167,-0.014310763866685616,-0.005328032791751425,-0.01040410998864838,0.006091769410311532,0.14670169293636892,-,v
2014-03-13,29.614669799804688,30.148654017501382,29.507574927391627,30.085143495029012,93730176,47.274248068954655,0.24285999592063945,0.3638897354258148,-0.12102973950517537,0.009653935730189023,0.00219394547172147,0.0004813235305742847,-0.015108159047822589,0.19411495189125905,-,^
2014-03-14,29.209699630737305,29.659751730583302,29.20297594708944,29.43858581919727,91664244,41.274392255399,0.15931717232871279,0.32297522280639446,-0.16365805047768167,-0.021490928768166606,-0.016216388520504776,-0.010322738518895758,-0.0136746474569861,-0.022041268758526633,v,^
2014-03-17,29.690383911132812,29.81416650049704,29.341948298812824,29.37034266716809,86397516,49.47171950180597,0.13039299761070566,0.2844587777672567,-0.15406578015655104,-0.002318153203700435,0.0052062057469792755,0.004758842111679984,0.01645632397704233,-0.05745673307467636,-,^
2014-03-18,30.16758155822754,30.17430713972242,29.714292931311952,29.754392051689543,72527400,56.03307939162173,0.14431269584648376,0.25642956138310213,-0.11211686553661837,0.013076094782876524,0.012079513918974438,0.01268984011243024,0.016072464691700983,-0.16053836547800748,^,^
2014-03-19,29.86846160888672,30.18576365229581,29.74791747051909,30.18103125745863,64451484,51.51719020262072,0.12971243274081345,0.23108613565464442,-0.10137370291383097,0.01433869678896249,0.0003796777344495794,0.0011315947946284322,-0.00991527772166545,-0.11134986225895316,-,^
2014-03-20,29.816408157348633,30.126487262203582,29.77157664291712,29.885894442048876,67320612,50.75065992040676,0.11264286371492105,0.20739748126669977,-0.09475461755177872,-0.00977888438907526,-0.0019637200759610174,0.0007953219724194938,-0.0017427563635415977,0.044516089032178074,-,^
2014-03-21,29.464738845825195,30.12698752783943,29.450044312784218,30.04430064439648,128211660,45.79331790986823,0.06993219801795192,0.17990442461695022,-0.1099722265989983,0.005300366788578703,1.6605508351918985e-05,-0.01079997656789855,-0.011794489452505164,0.9044933816109693,-,^
2014-03-24,28.839345932006836,29.5110593343797,28.540973479170592,29.493376921122564,121362516,38.576675944460376,-0.014216415787327463,0.14108025653609468,-0.15529667232342215,-0.018337046010643787,-0.020444400320163814,-0.030868233132640865,-0.02122513004750326,-0.05342060152719341,-,-
2014-03-25,28.85902214050293,29.13597446811259,28.56712471001061,29.040335680682897,96311592,38.90290807392273,-0.07841319440673544,0.09718156634752867,-0.1755947607542641,-0.01536077885049536,-0.012709976352158425,0.000916269757200272,0.0006822695820662972,-0.20641401336801557,-,-
2014-03-26,28.192790985107422,29.17906729987671,28.181086232560833,28.94096499422135,103096800,32.591016534274445,-0.1809628630499951,0.04155268046802392,-0.222515543518019,-0.0034218160407714082,0.0014790249013734158,-0.013513382301107102,-0.02308571482955646,0.07045058501369184,-,-
2014-03-27,27.75220489501953,28.19204237764799,27.44884945554104,28.164895173287817,152735112,29.215213828061792,-0.2943922589108432,-0.0256363074077495,-0.26875595150309367,-0.026815616586678748,-0.03382647265880534,-0.025983270161309635,-0.015627615241095683,0.4814728682170544,-,-
2014-03-28,27.898401260375977,28.22317490373456,27.83912388683847,27.869758217838832,90265644,31.741745831620193,-0.3682441580450586,-0.09415787753521133,-0.2740862805098473,-0.010478894156471075,0.0011043019044003621,0.01421824371653746,0.005267918924261039,-0.4090052849144472,-,-
2014-03-31,27.757930755615234,28.268252996081294,27.716586368175538,28.153686521556594,77614308,30.61117411208349,-0.4331144422702131,-0.1619491904822117,-0.27116525178800144,0.010187684496524518,0.0015972013248151118,-0.004401629848734712,-0.005035073639157006,-0.1401567134445969,-,-
2014-04-01,28.26551628112793,28.330518847192682,27.84485326539778,27.90138953339727,87152760,39.057986982848654,-0.4385118088755746,-0.2172617141608843,-0.22125009471469032,-0.008961419243129876,0.0022026777218959737,0.004627802844058726,0.01828614423681474,0.12289553621994553,-,-
2014-04-02,28.2707462310791,28.512333756590678,27.994289326575938,28.440106362543595,83360556,39.14019362089553,-0.4373260253494742,-0.2612745763986023,-0.17605144895087188,0.019307885311643513,0.0064176342967334765,0.005366739043435986,0.00018502934456088305,-0.04351215038972944,-,v
2014-04-03,28.439035415649414,29.27503868601785,28.16584164572645,28.533085356454414,80366000,41.858029304808,-0.41798844204735275,-0.2926173495283524,-0.12537109251900036,0.0032692913565637305,0.026750000050447476,0.006128118386904413,0.005952767684119564,-0.03592293698233007,-,v
2014-04-04,27.132781982421875,28.84808063050693,27.094962685417862,28.789858693127513,107274000,30.48006740132142,-0.502277065848201,-0.3345492927923221,-0.16772777305587888,0.008999143747173255,-0.014584372034146642,-0.03802048501792488,-0.04593170668892432,0.3348182067043277,-,^
2014-04-07,26.90287971496582,27.361686644520688,26.40028342000314,27.10989020033311,79232000,28.98664015694804,-0.5809309882715965,-0.383825631888177,-0.19710535638341953,-0.05835278702480862,-0.05152488323311111,-0.0256386869205244,-0.008473228716649794,-0.2614053731565896,v,^
2014-04-08,27.742862701416016,27.86079861249743,27.105411205204867,27.122827860886236,69650000,40.46439261242274,-0.5689269458007722,-0.42084589467069605,-0.14808105113007614,0.0004772302822888541,0.018241271982284424,0.026709099064726738,0.031222790844317005,-0.12093598546042006,-,v
2014-04-09,28.21709632873535,28.254915625487808,27.63687014566276,28.157382349016338,60632000,45.791491860813736,-0.5152079685141047,-0.4397183094393778,-0.07548965907472688,0.03814331209991684,0.01414593380728113,0.019607115953136356,0.01709389663292149,-0.12947595118449384,^,v
2014-04-10,27.204437255859375,28.275317681149527,27.145220624940254,28.26486768745792,65890000,37.9771565946935,-0.5480310551597967,-0.46138085858346156,-0.0866501965763351,0.0038173057818116085,0.0007220710170274813,-0.01778962372118187,-0.035888138916856493,0.0867198838896952,-,v
2014-04-11,26.76006317138672,27.249223489572667,26.543100039497787,26.76901922419963,63494000,35.143045979535756,-0.6029504254508495,-0.48969477195693917,-0.11325565349391037,-0.05292253548818293,-0.036289395689475534,-0.022181458524940356,-0.016334617779198757,-0.036363636363636376,v,^
2014-04-14,27.130290985107422,27.519429364563802,26.897403255857945,27.053657702610916,50824000,39.21318060046506,-0.6095733495079898,-0.5136704874671493,-0.09590286204084053,0.010633130636103605,0.009916094493281014,0.01334822292169835,0.013835087434194593,-0.1995464138343781,-,^
2014-04-15,27.304458618164062,27.512963038517466,26.40575538218456,27.41891119890831,79956000,41.08624212044871,-0.5939218309669521,-0.5297207561671099,-0.06420107479984216,0.013501076280053148,-0.00023497311520070951,-0.01827863712331823,0.006419674346738402,0.5731937667243823,-,^
2014-04-16,28.060842514038086,28.065819786118333,27.52341292403099,27.75231808462155,91644000,48.50703079441887,-0.5145525887814095,-0.5266871226899699,0.012134533908560341,0.012159741985907635,0.020094409563480298,0.04232628552639284,0.02770184556491606,0.1461803992195707,^,^
2014-04-17,27.03773307800293,27.717483771181254,26.84166994748252,27.683645156042008,112294000,40.986643710714354,-0.5281204299575784,-0.5269737841434916,-0.0011466458140867442,-0.002474493423221258,-0.012411396409997999,-0.024769565403469085,-0.036460396209533674,0.2253284448518178,-,^
2014-04-21,26.840177536010742,27.07057662603944,26.57295574613631,27.07057662603944,48502000,39.70652800092299,-0.5484914549701045,-0.5312773183088142,-0.017214136661290347,-0.02214551322800662,-0.02333931717908766,-0.010011083582801228,-0.007306660710875712,-0.5680802179991807,-,^
2014-04-22,27.145219802856445,27.269625028257504,26.672479566677804,26.672479566677804,46622000,42.68328672454828,-0.5338671888358739,-0.5317952924142262,-0.0020718964216477342,-0.014705895070543207,0.007352942826736708,0.003745304869066546,0.011365135958450123,-0.03876128819430125,-,^
2014-04-23,26.74761962890625,27.110385295732236,26.280851380466885,27.054154652661644,39114000,39.916968592352305,-0.5480428666944128,-0.5350448072702636,-0.012998059424149222,0.014309696443095987,-0.005839454424483637,-0.0146828563588135,-0.014647152494538185,-0.16103985243018315,-,-
2014-04-24,26.594852447509766,26.995934785693446,26.42366997101925,26.955626853539265,41348000,38.874466594254976,-0.5650902200374972,-0.5410538898237104,-0.024036330213786816,-0.003641873138796714,-0.004221648227803243,0.0054343213043135385,-0.0057114309054772106,0.05711509945288129,-,-
2014-04-25,26.030550003051758,26.56599019859169,26.000692065626794,26.486370930398206,47400000,35.215795295052075,-0.6170222135817198,-0.5562475545753123,-0.06077465900640755,-0.017408458934778825,-0.015926271511427892,-0.016007538160155987,-0.021218483748754458,0.14636741801296305,-,-
2014-04-28,26.02457618713379,26.169881388721286,25.428425463995396,26.164906015307118,75056000,35.178050653271086,-0.6511546244536248,-0.5752289685509748,-0.07592565590264999,-0.012136993623469428,-0.014910372506702352,-0.022009668057564546,-0.00022949249698023255,0.5834599156118143,-,-
2014-04-29,26.688899993896484,26.76006055323306,26.025571279049874,26.069859886030475,50704000,42.55207877081209,-0.6174814845750021,-0.5836794717557803,-0.033802012819221794,-0.0036325805726585836,0.022551847130882763,0.023483397188708732,0.025526786756709052,-0.32445107652952465,-,-
2014-04-30,26.61674690246582,26.689399510271464,26.328625107326996,26.62869083704929,40770000,41.99332206854387,-0.5898183710568716,-0.5849072516159985,-0.00491111944087308,0.021435901591410733,-0.0026405412207880508,0.011644464016860034,-0.00270348689706823,-0.19592142631745035,-,-
2014-05-01,26.798377990722656,26.867049916220875,26.51622627913616,26.58539555217088,40086000,43.98724701858229,-0.5469343249802243,-0.5773126662888437,0.030378341308619383,-0.001625888600508052,0.006656215921270192,0.007125369100908996,0.006823940165280318,-0.016777041942604876,-,-
2014-05-02,26.56648826599121,26.990959224765874,26.53663032775721,26.94318728290073,35616000,42.002164832439775,-0.5256011692009679,-0.5669703668712686,0.04136919767030067,0.013458206029988373,0.00461194321413716,0.0007694929288299956,-0.00865312537989138,-0.11151025295614425,-,v
2014-05-05,26.63913917541504,26.65854522049765,26.253482232142694,26.385848809821496,24568000,42.87201578503752,-0.4971018872067603,-0.5529966709383669,0.05589478373160661,-0.020685691979469123,-0.012315753638100113,-0.01067008478911291,0.0027346824577048068,-0.3101976639712489,-,v
2014-05-06,26.004175186157227,26.600325946818202,25.988749819156755,26.543596055997494,36700000,37.56865223529931,-0.5197608091497372,-0.546349498580641,0.026588689430903756,0.005978479120113844,-0.002183887875272461,-0.010083706635374279,-0.02383575479209976,0.4938130901986324,-,v
2014-05-07,25.776762008666992,26.09673301898655,25.432906926587155,26.03801373812813,61486000,35.85780057026609,-0.5497315478034288,-0.5470259084251986,-0.002705639378230207,-0.01904724276253933,-0.018931832972215457,-0.02138782728824762,-0.00874525632373424,0.6753678474114442,v,v
2014-05-08,25.884746551513672,26.242039526310716,25.600605431337705,25.66330539392163,49040000,37.31750086613933,-0.5583339972018493,-0.5492875261805288,-0.009046471021320501,-0.014390819053060278,0.005567996086653704,0.006593760801099746,0.004189220617018208,-0.202420063103796,-,^
2014-05-09,26.20570945739746,26.24203670702082,25.59164662913742,25.809107084543346,45224000,41.5735559120948,-0.5331071488571553,-0.5460514507158541,0.012944301858698881,0.005681329368283583,-1.074340999496215e-07,-0.00034994493486939504,0.012399692816966068,-0.07781402936378468,-,^
2014-05-12,26.793399810791016,26.80932442278463,26.24999829047815,26.465467459410252,38968000,48.47244090485275,-0.4603859471898062,-0.5289183500106446,0.06853240282083839,0.025431347652472347,0.02161751856752936,0.025725256013466646,0.022426042475551355,-0.13833362816203787,-,^
2014-05-13,26.94816017150879,27.070076752742537,26.76702696510436,26.85062690652179,40240000,50.14199390647866,-0.3858185273967045,-0.5002983854878565,0.11447985809115202,0.01455328335697259,0.0097261805573996,0.01969633174466745,0.005776062829303319,0.032642167932662725,^,v
2014-05-14,26.593358993530273,26.96209473759967,26.528667746144762,26.96209473759967,25618000,46.42792530769578,-0.3513031952904626,-0.4704993474483778,0.11919615215791518,0.004151405159587007,-0.003988980752776317,-0.008904956806385034,-0.013166063127145633,-0.36336978131212727,-,v
2014-05-15,26.330114364624023,26.572954726642728,26.140520558489726,26.53015816327681,36658000,43.83365539275741,-0.34125738474629586,-0.4446509549079614,0.10339357016166556,-0.016020141555266876,-0.014432855263811217,-0.01463123558895807,-0.009898885995195061,0.43094699039737683,-,v
2014-05-16,26.2893123626709,26.415706974521754,26.053935997531426,26.35400171120288,38154000,43.42859636867051,-0.3327526229686768,-0.42227128852010454,0.08951866555142773,-0.00663985683725643,-0.005917586272907505,-0.003312273784470632,-0.0015496325381687548,0.040809645916307424,v,v
2014-05-19,26.81330680847168,26.83918406732484,26.157941309774348,26.318174541860277,39530000,49.83927914231901,-0.2804971686577318,-0.39391646454763,0.11341929588989824,-0.0013594584130034448,0.016031260992239726,0.003991923226217109,0.019931842969952207,0.03606437070818269,-,v
2014-05-20,26.89093780517578,27.187518311307873,26.700846627647014,26.871529860228716,48506000,50.73008347499462,-0.23016695065814474,-0.361166561769733,0.13099961111158825,0.0210255964937196,0.012978570552266033,0.020754894716037864,0.002895241428393147,0.2270680495825954,-,v
2014-05-21,27.35422134399414,27.356708081725113,26.976525746393975,27.015838981820274,31294000,55.77738616789246,-0.1511543670700135,-0.3191641228297891,0.16800975575977561,0.00537033515926244,0.006223067823990069,0.010324733241286577,0.017228240315560583,-0.35484269987218076,-,^
2014-05-22,27.640350341796875,27.765254805218763,27.41890920627784,27.478625077496638,42994000,58.598333845551984,-0.0647022591113462,-0.26827175008610055,0.20356949097475435,0.01713017670810757,0.014934060131546634,0.016398830006602916,0.010460140473549151,0.3738735859909248,-,^
2014-05-23,28.055866241455078,28.115580216593337,27.576656702917457,27.773714529319452,53450000,62.35394445714503,0.03691478908098489,-0.20723444225268348,0.24414923133366837,0.010738872523300858,0.012617403075614098,0.00575323749945178,0.015032946200753239,0.24319672512443602,-,^
2014-05-27,28.606733322143555,28.606733322143555,28.073284399370877,28.253920275340395,43716000,66.67048293123295,0.16005241687541627,-0.13377707042706352,0.2938294873024798,0.017289935975759008,0.01746907237078288,0.018008988609590215,0.019634648809186306,-0.1821141253507952,^,^
2014-05-28,28.386783599853516,28.745568606268783,28.361902934271022,28.59180468824687,31632000,63.53784708007014,0.23715796032796632,-0.05959006427605756,0.2967480246040239,0.011958850652005859,0.004853237961908841,0.010280896627350655,-0.007688739563974756,-0.27642053252813614,-,^
2014-05-29,28.392257690429688,28.53756290078973,28.287260410422437,28.53308487461933,28222000,63.58370826557436,0.2953023111663491,0.011388410812423772,0.28391390035392533,-0.002053728831313606,-0.007236096399000802,-0.002631788283796399,0.00019283940911862807,-0.10780222559433483,-,^
2014-05-30,28.446496963500977,28.492774959432847,28.15488996973314,28.445999615991475,37434000,64.06598386768378,0.3418185131090432,0.07747443127174766,0.2643440818372955,-0.0030520800330748887,-0.0015694382001920637,-0.004679507268244509,0.0019103543530309963,0.32641201899227545,-,v
2014-06-02,28.08273696899414,28.384793979501374,27.702554631225837,28.351950058511214,33210000,58.47303362202463,0.3453495718999662,0.13104945939739138,0.2143001125025748,-0.0033062489893092017,-0.003789767057972182,-0.01606596008698913,-0.012787514574239767,-0.11283859592883472,-,v
2014-06-03,27.593576431274414,27.9862000474523,27.495046567434613,27.911556153686604,40626000,51.910254652775,0.3051591098593711,0.16587138948978733,0.13928772036958378,-0.015533108090122538,-0.014042516297174013,-0.007490575022901513,-0.017418549276724815,0.22330623306233055,-,v
2014-06-04,27.556255340576172,27.796109743859663,27.297492238627765,27.444788742282437,34582000,51.43591847671414,0.26721607840594785,0.18614032727301943,0.08107575113292842,-0.01672308805836742,-0.006792287029690591,-0.007185087987478966,-0.0013525282158040053,-0.14877172254221438,v,^
2014-06-05,28.112096786499023,28.11558011752209,27.62044786643793,27.722956508714006,35868000,57.64364967092865,0.27878406280060375,0.20466907437853632,0.07411498842206743,0.0101355404497252,0.011493348407612958,0.011830963261642236,0.020171153121243623,0.03718697588340758,-,^
2014-06-06,28.16683578491211,28.304676985170985,27.845870080456066,28.272829657978665,34804000,58.21017441790437,0.2890369158287953,0.22154264266858814,0.06749427316020717,0.019834578216497922,0.006725696815021331,0.008161425010491996,0.001947168823044798,-0.029664324746291992,-,^
2014-06-09,28.40071678161621,28.463914085273974,28.126526437541518,28.202662369750623,30594000,60.632964768908,0.31243308342751774,0.23972073082037407,0.07271235260714368,-0.0024817922039239715,0.005625822905041877,0.010078922162408244,0.008303417483243924,-0.12096310768877139,^,^
2014-06-10,28.279796600341797,28.463915801448827,28.171811437761257,28.3036806722679,29676000,58.7369352429041,0.3175568688413506,0.25528795842456936,0.06226891041678123,0.0035818711436841344,6.029300281262806e-08,0.0016100459585828286,-0.004257645403959898,-0.030005883506569964,-,^
2014-06-11,28.239986419677734,28.313136373960674,28.0498952487438,28.161361845746374,22580000,58.09285635363362,0.3147766080289429,0.2671856883454441,0.04759091968349882,-0.005028279825845194,-0.005297213093936937,-0.004327594953799863,-0.0014077251412615288,-0.23911578379835552,-,^
2014-06-12,27.841890335083008,28.215106018131646,27.7249491173374,28.215106018131646,30930000,51.95731454788531,0.2772541905811359,0.2691993887925825,0.00805480178855339,0.0019084365550094962,-0.0034623630011964,-0.0115845755759445,-0.014096893627304707,0.36979627989371133,-,v
2014-06-13,27.884187698364258,27.899115718260994,27.55426593004369,27.87075172114794,27066000,52.53096933846526,0.2480708418956752,0.26497367941320105,-0.01690283751752586,-0.01220460758724129,-0.011199330587933654,-0.006156302995231622,0.0015191986884579567,-0.12492725509214353,-,v
2014-06-16,27.48360252380371,27.76674894197359,27.369149942745008,27.729924341771945,39436000,46.82806809544771,0.1904238642780669,0.25006371638617425,-0.05963985210810735,-0.005052873377259459,-0.004744479273970925,-0.006718233313442901,-0.014366033498764863,0.457030961353728,-,v
2014-06-17,27.400001525878906,27.55525937991738,27.243251629227437,27.486587454258725,29552000,45.71269908553344,0.13641975532123496,0.2273349241731864,-0.09091516885195144,-0.008775245273448529,-0.007616648333522047,-0.004600008176393611,-0.003041850057771578,-0.25063393853331983,v,v
2014-06-18,27.899614334106445,27.936437035456674,27.447774085921544,27.508482757531073,41212000,52.92839358393001,0.1324093554521646,0.20834981042898204,-0.07594045497681745,0.0007965813620474105,0.013833208763663452,0.007507270405074928,0.018234043080459728,0.39455874390904166,-,^
2014-06-19,28.115083694458008,28.115581042010078,27.701062738362097,27.923997829441856,52548000,55.665302115692675,0.1449468047514273,0.1956692092934711,-0.0507224045420438,0.015104979637491134,0.0064125574183291345,0.009228021611066506,0.007723022898139309,0.2750655148985732,-,^
2014-06-20,28.191221237182617,28.203660621512036,27.83542219506211,28.187737905846667,63212000,56.62500914779979,0.15919142735707226,0.18837365290619132,-0.029182225549119062,0.009444925401288273,0.003132767534498093,0.0048503358145153275,0.002708067439956441,0.20293826596635456,-,^
2014-06-23,28.577871322631836,28.585335332468556,28.04093718266331,28.083236402193236,34456000,61.21642567207926,0.1993814783533736,0.1905752179956278,0.008806260357745815,-0.0037073391274776712,0.013532807534402114,0.0073832179070614234,0.013715265550087175,-0.4549136239954439,^,^
2014-06-24,28.490787506103516,28.973975830613764,28.32259102108448,28.57438745193319,56886000,59.68403499865391,0.22165039928720986,0.19679025425394422,0.02486014503326564,0.017489118515613633,0.01359579986118864,0.010044380349573556,-0.0030472464357188533,0.650975156721616,-,^
2014-06-25,29.1570987701416,29.22527334537742,28.52661398090832,28.54104465198207,42294000,66.5778588882778,0.2897246643946829,0.21537713628209199,0.07434752811259093,-0.0011668771555368718,0.008673214757711545,0.00720354150056246,0.02338690230641549,-0.25651302605210424,-,^
2014-06-26,29.09937858581543,29.33972843782479,28.84210752714958,29.324800417951934,40248000,65.53247705917869,0.33515303785862116,0.23933231659739782,0.09582072126122335,0.02746065448993429,0.003916305284633825,0.011059621252364815,-0.001979627149505059,-0.048375656121435684,-,^
2014-06-27,29.145160675048828,29.25413864238255,28.992391442784147,29.133216739943467,40426000,65.98864176462214,0.37057779298592664,0.2655814118751036,0.10499638111082304,-0.006533162213482102,-0.002917197942837735,0.005210573308247479,0.0015733012682173086,0.00442258000397544,-,-
2014-06-30,29.09440040588379,29.245677583222143,29.025728479374322,29.198402990735637,29578000,64.96208131183701,0.390059869770667,0.2904771034542163,0.09958276631645069,0.002237523283956433,-0.0002892260566560445,0.0011498546663859521,-0.0017416362781795813,-0.2683421560381932,-,-
2014-07-01,29.43377685546875,29.541762014993846,29.17501566579986,29.242690997555115,32864000,68.49137106155504,0.42795124363135173,0.3179719314896434,0.10997931214170831,0.0015167955190402704,0.010124040755395747,0.00514327096154088,0.011664665531870844,0.11109608492798695,-,-
2014-07-02,29.398448944091797,29.566148093954226,29.315346339667254,29.472098147949065,23916000,67.72660385581702,0.44994309923992404,0.3443661650396996,0.10557693420022446,0.007844939797542194,0.0008254781467673666,0.004809960531808599,-0.0012002507034835075,-0.2722736124634859,-,-
2014-07-03,29.512901306152344,29.57112324321955,29.309873395191307,29.44422937516401,17978000,68.93673376940173,0.4711757318128349,0.36972807839432664,0.10144765341850825,-0.0009455985334045902,0.00016827181036616068,-0.00018669213089050896,0.003893142875605715,-0.24828566649941464,-,-
2014-07-07,29.39745330810547,29.640789146084504,29.25712346582226,29.534299819166634,26734000,66.23871148104318,0.47323193433416577,0.3904288495822945,0.08280308475187126,0.003059018555214621,0.0023558761123803063,-0.0017997324197824849,-0.003911780710722845,0.4870397152074759,-,-
2014-07-08,28.782394409179688,29.258617999390168,28.56344188532032,29.178998727234656,42504000,54.09236229777196,0.42038543514928506,0.39642016669569263,0.023965268453592425,-0.012030117324853595,-0.012893420104667541,-0.02370983536068716,-0.020922183036725772,0.5898855390139897,-,-
2014-07-09,29.029212951660156,29.06603755235475,28.712727158495298,28.809763085002146,27456000,57.46324760371243,0.3938799940467632,0.39591213216590676,-0.002032138119143545,-0.012654157385046938,-0.006582007634107434,0.0052264455304211754,0.008575330424968053,-0.35403726708074534,-,-
2014-07-10,28.864002227783203,29.123262659801007,28.468889989987076,28.513675944961896,28724000,54.57459897827039,0.35544575886745733,0.3878188575062169,-0.03237309863875959,-0.010277319503345317,0.0019687963088599325,-0.008492302635072946,-0.005691188533153313,0.04618298368298368,-,-
2014-07-11,29.192930221557617,29.271554793633754,28.89087321492059,28.911773201365417,30232000,58.994329161132434,0.34752207258798506,0.37975950052257057,-0.032237427934585505,0.013961625192484561,0.005091879147092859,0.014822608998170672,0.01139578604445246,0.05249965185907257,-,-
2014-07-14,29.571619033813477,29.601476971276014,29.19492002663702,29.38949112028396,39032000,63.40844907076376,0.36756248491265,0.3773200974005865,-0.009757612487936496,0.01652330058040108,0.011271084845619894,0.010523974455691087,0.012971935649550348,0.2910822969039428,-,v
2014-07-15,29.511905670166016,29.623372268437866,29.126248704258224,29.615908258485465,33476000,62.27015648595493,0.37431145718473857,0.3767183693574169,-0.002406912172678355,0.007704016965616622,0.0007396690774279513,-0.0023521668261513584,-0.002019279484805403,-0.14234474277515885,-,^
2014-07-16,29.390483856201172,29.707966213112204,29.37207250671012,29.702491593880097,28816000,59.91483075152559,0.3656473852618589,0.37450417253830537,-0.008856787276446454,0.002923541450727818,0.002855648705615721,0.00843994037639173,-0.004114333222730249,-0.13920420599832717,-,^
2014-07-17,28.90281867980957,29.334753654152056,28.705263493206733,29.30837904679112,58706000,51.49095958046605,0.3157903076014499,0.3627613995509343,-0.0469710919494844,-0.013268669594377669,-0.01256270982277552,-0.02270214379155755,-0.01659262157021979,1.037270960577457,v,^
2014-07-18,30.11153793334961,30.1906579526114,29.405412642441288,30.007036105605348,97432000,64.72810969306758,0.36955179339091515,0.3641194783189305,0.005432315071984661,0.0238381337193303,0.029177142871223527,0.024390967510200756,0.041820116817340214,0.6596600006813613,^,^
2014-07-21,29.779624938964844,30.06426338486383,29.581073174414602,29.924430899567408,44758000,59.89480201184387,0.38098380927629094,0.3674923445104026,0.013491464765888361,-0.00275286122052254,-0.004186545650842199,0.0059737482384376595,-0.011022784525966056,-0.5406232038755234,-,^
2014-07-22,30.03490447998047,30.299639548131918,29.820429989334173,29.84232656981995,37632000,62.23076595155126,0.40596300095666393,0.37518647579965486,0.03077652515700907,-0.0027437223458991467,0.007829101290623752,0.00809155278134388,0.008572288655039673,-0.1592117610259618,-,^
2014-07-23,30.115520477294922,30.208078376962593,29.924432710684727,29.959267920939272,22120000,62.9643921809554,0.4273381395124467,0.38561680854221325,0.04172133097023345,0.003918640553903341,-0.0030218567789850326,0.003487633189318551,0.0026840770333791397,-0.41220238095238093,-,^
2014-07-24,30.007036209106445,30.30063260597145,29.90701430533239,30.132438023177496,27100000,61.240517308507116,0.43056107693556456,0.39460566222088356,0.035955414714681,0.005780184705955094,0.0030638899917394546,-0.0005820797179596493,-0.003602271070502261,0.22513562386980102,-,-
2014-07-25,29.761709213256836,29.90701442051759,29.64576459493217,29.819931145322453,27200000,57.41244587380835,0.4086092467356366,0.3974063791238342,0.011202867611802392,-0.010371111611170214,-0.012990427974638674,-0.008735399252262965,-0.008175649009120045,0.0036900369003689537,-,-
2014-07-28,29.808488845825195,29.911994089286296,29.488517816727896,29.745291535087073,27162000,57.952181150714345,0.3904857123196557,0.3960222457629985,-0.005536533443342817,-0.002503010817551443,0.00016650504455872905,-0.0053041903406045865,0.0015718059817453334,-0.0013970588235293624,-,-
2014-07-29,29.556194305419922,29.782113485788976,29.467617084491277,29.74280214747919,27332000,53.97882698166381,0.35171032216290143,0.3871598610429791,-0.03544953888007768,-8.369013983100526e-05,-0.004342091105983492,-0.0007087752720065232,-0.008463848728131995,0.0062587438332966094,-,-
2014-07-30,29.630338668823242,29.780123807199697,29.49399140582467,29.64875191803435,24302000,54.95623775324705,0.32323729821285596,0.37437534847695453,-0.05113805026409857,-0.0031621173075251363,-6.68078372015879e-05,0.0008950272856393937,0.0025085896593162182,-0.11085906629591691,-,-
2014-07-31,28.83962059020996,29.45866074065019,28.746565343880594,29.307880907192253,46190000,44.17987642630861,0.23416853188725284,0.3463339851590142,-0.11216545327176136,-0.011496976728884056,-0.01079455104453897,-0.025341638290315216,-0.026686096552965388,0.9006666118014979,-,-
2014-08-01,28.543535232543945,29.03269553119354,28.379319423769815,28.789857047432047,44266000,40.942387711553486,0.13809737837803127,0.3046866638028176,-0.16658928542478635,-0.017675241052077628,-0.014459761535216553,-0.012775297351791504,-0.01026661764636827,-0.04165403767049147,-,-
2014-08-04,28.974971771240234,29.052102400723186,28.476853540286708,28.688342036086205,30388000,47.03316179530063,0.09567078679668484,0.2628834884015911,-0.16721270160490626,-0.0035260686143245845,0.0006684487669701422,0.0034368025201900743,0.015115035162301282,-0.31351375773731527,-,-
2014-08-05,28.520645141601562,28.87196615069974,28.379817949764966,28.83116087058706,32876000,42.108236841064496,0.02509773419856387,0.21532633756098565,-0.19022860336242178,0.004978288195295777,-0.006200454877198891,-0.0034075250056845308,-0.015679967981526155,0.08187442411478218,-,-
2014-08-06,28.58782386779785,28.79433509955439,28.2374975680739,28.33951076421134,26456000,43.05770125642412,-0.02512157083784672,0.1672367558812192,-0.19235832671906591,-0.017052733623268312,-0.002688803760026115,-0.005014844772541882,0.0023554420267408727,-0.1952792310500061,-,-
2014-08-07,28.4544620513916,28.777916412638106,28.336028787320277,28.665453217736587,23260000,41.599120481060574,-0.07481944394621465,0.11882551591573244,-0.19364495986194707,0.011501343697748911,-0.0005702054539380441,0.0034893750414264346,-0.004664986639870583,-0.12080435439975812,-,-
2014-08-08,28.75950050354004,28.8401163617469,28.315623528965606,28.464909413324705,29866000,46.09692862638947,-0.08857032904268536,0.07734634692404889,-0.16591667596673426,-0.00699601024580343,0.0021613777806888113,-0.0007201170816074631,0.010720232615802239,0.28400687876182285,-,-
2014-08-11,28.72516632080078,28.84658746316163,28.62813039504251,28.812251498821954,24068000,45.67057026685105,-0.10107337520238957,0.0416624024987612,-0.14273577770115076,0.012202465866083312,0.00022437847800471644,0.011036552515159226,-0.0011938379366162044,-0.1941337976294114,-,-
2014-08-12,28.469886779785156,28.65798665301368,28.359912230833483,28.61320069772979,27890000,42.52147976662421,-0.13008155566263824,0.007313610866481313,-0.13739516652911954,-0.006908547258110076,-0.006538063137929262,-0.009369042284908535,-0.00888696476687656,0.15880006647831135,-,-
2014-08-13,29.08892822265625,29.167053550489562,28.62315464615521,28.68535725919929,37988000,51.29220617651884,-0.10194412832226263,-0.014537936971267476,-0.08740619135099516,0.002521792728879202,0.017763526225327064,0.009282201340366836,0.021743726894995596,0.3620652563642883,-,-
2014-08-14,29.093406677246094,29.250156581046664,28.907793530487147,29.19492062947792,25458000,51.350043152577435,-0.07838012330685373,-0.027306374238384726,-0.05107374906846901,0.017763884398379393,0.0028492089683740396,0.009944357561236572,0.00015395735984369274,-0.32984100242181746,-,-
2014-08-15,29.046627044677734,29.3332567725626,28.899829798962365,29.235226159579188,34468000,50.673183505210986,-0.06275678381810224,-0.03439645615432823,-0.028360327663774006,0.0013805665243211696,0.0028410169800521246,-0.00027548735313831507,-0.0016079118230230005,0.3539162542226413,-,-
2014-08-18,29.493989944458008,29.61093115561237,29.18795226636738,29.215321566776826,29320000,56.56901821209397,-0.014114029719738852,-0.030339970867410356,0.016225941147671504,-0.0006808427851289212,0.009466196856446452,0.009969694264959195,0.015401543838194032,-0.14935592433561562,-,-
2014-08-19,29.71343994140625,29.74827325150157,29.580576015510257,29.637801354264123,20864000,59.1484891138064,0.04166321646396298,-0.01593933340113569,0.057602549865098676,0.0144608980777996,0.004638222795745106,0.01345156883771148,0.007440498805400875,-0.28840381991814457,-,-
2014-08-20,29.628847122192383,29.70747169764012,29.50891991962686,29.705480409109622,19346000,57.72524507139243,0.07814039850577004,0.002876612980245456,0.07526378552552458,0.0022835383109740537,-0.0013715604101286472,-0.002422403669415596,-0.0028469547578698906,-0.07275690184049077,-,-
2014-08-21,29.480056762695312,29.62088394394585,29.414370821050383,29.603467288898823,22640000,55.20889670656299,0.0939595819859882,0.02109320678139401,0.07286637520459419,-0.003434151503556082,-0.0029146793296835893,-0.0032040853692374416,-0.005021807257077682,0.17026775560839447,-,-
2014-08-22,29.48603057861328,29.607947171587426,29.3496814148897,29.52235593358647,17544000,55.293160435713276,0.10575930840997216,0.03802642710710964,0.06773288130286252,-0.002739927540270526,-0.00043674497975498827,-0.00219924493895296,0.00020263922712415727,-0.22508833922261484,-,-
2014-08-25,29.387996673583984,29.637304467545274,29.32280807845687,29.596998435678582,25912000,53.51395889545776,0.10597850553856247,0.05161684279340021,0.05436166274516226,0.0025283382620284733,0.000991534326500787,-0.0009156261716420921,-0.0033247576260876377,0.4769721842225263,-,v
2014-08-26,29.266080856323242,29.46164664684978,29.232739587433695,29.45915801080365,29434000,51.30307681781184,0.0952170306237683,0.06033688035947383,0.03488015026429447,-0.0046572433746784325,-0.005926916224377021,-0.0030716188839140512,-0.004148490236162594,0.13592158073479466,-,v
2014-08-27,29.01129722595215,29.328282246137842,28.906797295651273,29.250652370576454,27292000,46.938668131373625,0.06537596118088018,0.0613446965237551,0.004031264657125083,-0.007077786817625054,-0.004526712383409737,-0.011149905769438528,-0.008705765272156163,-0.07277298362438,-,v
2014-08-28,28.87793731689453,29.096392485779976,28.75651617506757,28.86300739880828,28116000,44.79079217963735,0.0306127834169736,0.0551983139023988,-0.0245855304854252,-0.013252523973041774,-0.007906694241815115,-0.005198816010181462,-0.004596826816083199,0.030191997654990477,v,v
2014-08-29,28.979450225830078,29.006322179145354,28.77443104146232,28.978952878290617,24122000,46.78687192585836,0.011125707723106615,0.046383792666540365,-0.03525808494343375,0.0040170962741439276,-0.0030955832988107668,0.0006229845884559992,0.0035152409890493175,-0.14205434627969837,-,v
2014-09-02,29.291458129882812,29.324799397930466,28.981441664886106,29.00880906761003,31660000,52.474393378019435,0.020620786545816117,0.041231191442395516,-0.0206104048965794,0.0010302715023833287,0.010979579445411058,0.007194256008937083,0.010766522539983558,0.312494818008457,-,v
2014-09-03,29.33574867248535,29.583067092845514,29.185468079139532,29.44572323126485,31580000,53.23844602018431,0.031358104844770196,0.03925657412287045,-0.007898469278100256,0.01506143056878062,0.008807142767131015,0.007039898725970772,0.0015120634283942724,-0.0025268477574226234,-,^
2014-09-04,29.515886306762695,29.757730099895287,29.389491688766586,29.465627627409322,32616000,56.314613209899704,0.05378313012283087,0.04216188532286254,0.01162124479996833,0.0006759690019546571,0.005904154782247595,0.006990588914792095,0.006140550094305253,0.03280557314756183,-,^
2014-09-05,29.746782302856445,29.78261030933693,29.536288493669108,29.61491306717845,35982000,59.95130119102974,0.08915873502767369,0.05156125526382477,0.03759747976384892,0.005066426605834673,0.0008360923147741062,0.004994873897687491,0.007822770209032992,0.10320088300220753,-,^
2014-09-08,29.938365936279297,30.032417776590616,29.758724757253315,29.814459954512035,31984000,62.7241375689385,0.1311416357244326,0.06747733135594634,0.06366430436848626,0.006738054131070204,0.008387695526317573,0.007530948366511359,0.006440482586395735,-0.11111111111111116,^,^
2014-09-09,29.457664489746094,29.88711271962907,29.383519839317994,29.870690758727523,31424000,52.83881953412632,0.12419317602580193,0.07882050028991747,0.045372675735884466,0.0018860245767080563,-0.004838273696192608,-0.012608232409013764,-0.01605636885982109,-0.017508754377188573,-,^
2014-09-10,29.529817581176758,29.54474749829673,29.217312490802605,29.446217638396895,23202000,54.01042013928385,0.1230897214355764,0.08767434451904925,0.035415376916527144,-0.014210355018542953,-0.011455279221652015,-0.005656481913136502,0.0024493826201252844,-0.2616471486761711,-,v
2014-09-11,29.41486930847168,29.456669282204377,29.162575525143264,29.359633357714458,30028000,51.80252697263811,0.11165279683786977,0.09247003498281336,0.019182761855056407,-0.0029404211347515696,-0.002981180194463695,-0.001873442866333841,-0.003892617094199413,0.29419877596758903,-,v
2014-09-12,29.105846405029297,29.43327951992704,29.025230546002817,29.37904016464863,37030000,46.32043822832143,0.07676844712815978,0.08932971741188266,-0.012561270283722878,0.0006610030410707513,-0.0007940396130076133,-0.0047096313225843955,-0.01050566977543499,0.23318236312774743,-,v
2014-09-15,28.943620681762695,29.05707665946659,28.713221598944887,28.973476718727742,30908000,43.705593688359514,0.03562146647247033,0.07858806722400019,-0.04296660075152986,-0.013804516541316314,-0.012781547506649837,-0.010749576874623523,-0.005573647335628373,-0.16532541182824734,v,v
2014-09-16,29.298921585083008,29.367096162514258,28.90928586045242,28.90928586045242,31592000,50.32033882325523,0.031320952930485646,0.06913464436529729,-0.03781369143481164,-0.002215504162599524,0.010669328738087902,0.006828361660216498,0.012275620497755657,0.022130192830335238,-,^
2014-09-17,29.52334976196289,29.661688311884916,29.21631927536253,29.335249881182204,34390000,53.9973619604722,0.045497773206466974,0.06440727013353123,-0.018909496927064257,0.014734505127036002,0.010031368022919818,0.010620581096059789,0.007659946671694007,0.08856672575335534,-,^
2014-09-18,29.721403121948242,29.73583379348383,29.509912727693727,29.61093122498889,29890000,57.02056916472324,0.07188560386931186,0.06590293688068737,0.005982666988624499,0.0093976136192222,0.002499705371430405,0.010048954132931387,0.0067083634337632425,-0.13085199185809826,-,^
2014-09-19,30.12596893310547,30.12596893310547,29.745786606080657,29.83187518651836,83832000,62.449262347225236,0.12401367717189515,0.07752508493892893,0.046488592232966225,0.0074615674816405075,0.01312003363790426,0.007993038832865507,0.013611935126254915,1.8046838407494143,^,^
2014-09-22,29.721403121948242,30.046349498357316,29.51488999956512,29.981658251940416,35644000,54.97172356270919,0.1311684428047215,0.08825375651208744,0.04291468629263406,0.005020906814793502,-0.0026428837832551677,-0.007762329824161918,-0.01342913856332928,-0.5748162992651971,-,^
2014-09-23,29.418354034423828,29.69055312241824,29.37157678639667,29.608445213718998,28074000,50.12961811566804,0.11110437536063245,0.09282388028179644,0.018280495078836,-0.012448045237700045,-0.01184158414846792,-0.004855624167007355,-0.010196325061807787,-0.21237795982493546,-,^
2014-09-24,29.778629302978516,29.86272849518151,29.374560997186094,29.43776020279326,35160000,55.18364527315394,0.12285842513545475,0.09883078925252811,0.02402763588292664,-0.005764740758716025,0.005798995123242223,0.00010160199471509479,0.012246615433790575,0.2524043599059629,-,^
2014-09-25,29.12326431274414,29.76121316073853,29.097884401245025,29.707471150682327,33420000,46.0427347335351,0.0783875141980559,0.09474213424163368,-0.01635462004357778,0.009162074357256023,-0.003399399169414785,-0.00941891849779719,-0.022007896453743903,-0.04948805460750849,-,-
2014-09-26,29.2551326751709,29.33823527295787,29.11082216100942,29.157100159809012,25782000,47.912365171222675,0.053171740931308165,0.08642805557956858,-0.03325631464826041,-0.018526349418357513,-0.01421238729403207,0.00044462888043650395,0.004527938936057074,-0.2285457809694793,-,-
2014-09-29,29.250654220581055,29.325298117387245,28.940140393515648,28.953077125033225,22874000,47.851722871316746,0.03245259181280247,0.07563296282621536,-0.04318037101341289,-0.006997370577236595,-0.0004409657039784465,-0.005863172347031154,-0.000153082696276563,-0.11279187029710647,-,-
2014-09-30,29.2805118560791,29.409395110268438,29.08594265675811,29.23473120299295,31430000,48.32134781123083,0.018231615798853795,0.06415269342074305,-0.04592107762188925,0.00972794970093882,0.002867728489734711,0.005038063439219975,0.0010207510325372926,0.3740491387601643,-,-
2014-10-01,28.84360122680664,29.295938828246733,28.7634827118673,29.200394946004234,28954000,42.316005901342976,-0.027971211798465845,0.04572791237690127,-0.07369912417536711,-0.0011745022299093355,-0.0038578243991863603,-0.011086453297943444,-0.014921550259093252,-0.07877823735284761,-,-
2014-10-02,28.905803680419922,29.023242244080365,28.565927373068806,28.762487857847972,30726000,43.394595398975,-0.05888922900899729,0.02480448409972156,-0.08369371310871884,-0.01499661525010243,-0.009308340851102437,-0.006868269074974953,0.002156542559445418,0.0612005249706431,-,-
2014-10-03,29.173025131225586,29.274539080618105,29.03617862503214,29.066036562276093,24290000,47.901463728572004,-0.06112483355116893,0.007618620569543461,-0.0687434541207124,0.01055363172783741,0.008658468768732996,0.016461963437135685,0.009244560495879739,-0.2094642973377595,-,-
2014-10-06,29.249160766601562,29.47906251498418,29.130727510484515,29.35714402953181,25722000,49.14386437869709,-0.05610629829294922,-0.005126363202955076,-0.05097993508999414,0.010015382270369022,0.0069863929813838155,0.0032562441040662193,0.0026097956942587874,0.058954302181967844,-,-
2014-10-07,28.56841468811035,29.15311884334076,28.56841468811035,29.105846150494855,30914000,39.966566243458665,-0.10583953991281447,-0.025268998544926955,-0.08057054136788752,-0.008560024734836635,-0.011056785522868706,-0.019303082017837703,-0.023274037977476847,0.20185055594432777,-,-
2014-10-08,29.04812240600586,29.09539699849114,28.246952461113604,28.60275147706659,44158000,47.41828603965755,-0.10533089941348805,-0.041281378718639176,-0.06404952069484887,-0.017285004216230693,-0.0019799543630236727,-0.01125236491090753,0.01679154139747041,0.4284143106683056,-,-
2014-10-09,28.404701232910156,28.987911510945747,28.31612400790203,28.942130855690486,48234000,40.20903276589659,-0.15505908491693887,-0.06403691995829912,-0.09102216495863975,0.01186527033582796,-0.0036942437166596065,0.0024488145007377504,-0.022150181140887515,0.09230490511345613,-,-
2014-10-10,27.62741470336914,28.624645873896196,27.618456752850392,28.238493475427166,59574000,33.5692158502072,-0.2542586219566232,-0.10208126035796394,-0.15217736159865924,-0.02431187198246576,-0.012531625015909875,-0.024638515315759446,-0.027364714142475766,0.23510386864037813,-,-
2014-10-13,27.107898712158203,27.91056263375185,27.09197599695377,27.62443022663336,55116000,30.00305873951703,-0.37052439389962544,-0.15576988706629624,-0.2147545068333292,-0.021745609386993547,-0.0249464480116256,-0.019062642080545866,-0.01880436504062699,-0.07483130224594625,-,-
2014-10-14,27.3039608001709,27.798595714725984,27.095458281683033,27.376116058189453,52198000,32.90013744065217,-0.44175302992347554,-0.2129665156377321,-0.22878651428574343,-0.008988933578239156,-0.004011632459550163,0.00012853564943560158,0.007232655326573134,-0.05294288409899117,-,v
2014-10-15,26.90785789489746,27.066597197265313,26.295285123362046,26.975035886257444,76720000,30.1822473376521,-0.5241226713323677,-0.27519774677665926,-0.24892492455570842,-0.014650733182146491,-0.026332212064687277,-0.02953163404739001,-0.01450715916904477,0.4697881144871452,-,v
2014-10-16,26.718263626098633,26.92079419033987,26.122610173528948,26.224623375290317,76100000,28.94949173829727,-0.5978087118693551,-0.33971993979519843,-0.2580887720741567,-0.027818777114192006,-0.005386824426536152,-0.006566764688917037,-0.007046055822778063,-0.008081334723670452,-,v
2014-10-17,26.02408218383789,27.04321001424257,25.797166402223844,26.893922216812005,119930000,24.933911554099993,-0.7041036027055227,-0.41259667237726333,-0.2915069303282594,0.02552177134991096,0.004547259008674809,-0.012458317493666438,-0.025981532781294225,0.5759526938239159,v,v
2014-10-20,26.492341995239258,26.531157884832915,25.83349314310764,25.89867984345223,54964000,31.805473231737878,-0.7420050438732915,-0.478478346676469,-0.2635266971968225,-0.03700621892695244,-0.018934591312938842,0.0014081678707418277,0.01799332664620068,-0.5416993246060202,-,^
2014-10-21,26.773496627807617,26.810319327279007,26.383859012032897,26.73567733501617,49190000,35.61639467511971,-0.7408157174736587,-0.5309458208359069,-0.2098698966377518,0.03231815276389671,0.010522022584083413,0.021304353456051972,0.01061267564109225,-0.10505057856051236,-,^
2014-10-22,27.005390167236328,27.406969854220062,26.882974327698598,26.92377960754451,59474000,38.66109520556193,-0.7129429347562848,-0.5673452436199825,-0.14559769113630228,0.007035627718396276,0.022254510274854367,0.018917449317708668,0.00866130945286625,0.20906688351290903,-,^
2014-10-23,27.55078125,27.737389082665675,27.145219012111863,27.28355755798328,43026000,45.22221307291073,-0.6394735977087507,-0.5817709144377362,-0.057702683271014465,0.013362832250266798,0.012056029185391282,0.009755047236088776,0.020195637959171453,-0.2765578235867774,^,^
2014-10-24,27.314411163330078,27.617960219010467,27.12830067156596,27.616965523903424,43508000,43.07188433419841,-0.5934804363066135,-0.5841128188115117,-0.009367617495101843,0.01222010601849055,-0.0043056995486948635,-0.0006232530501357747,-0.00857943317559906,0.011202528703574632,-,^
2014-10-27,27.363178253173828,27.568199345010285,27.22981697224091,27.257683621884993,31934000,43.667045499681024,-0.5467923461458177,-0.5766487242783729,0.02985637813255515,-0.013009463393342746,-0.0018017577549384045,0.0037420810799755344,0.0017853978089492628,-0.2660200422910729,-,^
2014-10-28,27.814022064208984,27.826958794818676,27.390545828249614,27.454242379329322,34774000,48.97774115972993,-0.46801735786152676,-0.5549224509950037,0.08690509313347694,0.007211132103922102,0.009386157092455383,0.005902678529663197,0.01647629551157359,0.08893342518945335,-,^
2014-10-29,27.78963851928711,28.11408754411536,27.666725342455944,27.909066466887975,41066000,48.71027742583159,-0.40291065714410834,-0.5245200922248247,0.12160943508071631,0.016566623156976767,0.010318366136012891,0.010083023388365309,-0.0008766637513116793,0.18093978259619248,-,-
2014-10-30,27.880207061767578,27.991176312586887,27.475144049244427,27.779687804546413,32250000,49.80669790068869,-0.3400847183540243,-0.4876330174506646,0.1475482990966403,-0.004635721603051812,-0.0043718734010345095,-0.006924610370043549,0.0032590759472315156,-0.214678809720937,-,-
2014-10-31,28.258398056030273,28.301194623721162,28.106126178723002,28.279797289012283,46810000,54.20868152947238,-0.25681742524848516,-0.44146989901022876,0.1846524737617436,0.01800270355752609,0.011075572804522205,0.022965562194966038,0.013564856007877824,0.45147286821705435,-,-
2014-11-03,28.054372787475586,28.2225692734391,27.947881566144204,28.04243075154989,30834000,51.58055583831715,-0.2049283432385529,-0.3941615878558936,0.1892332446173407,-0.008393502083362425,-0.0027781636544826904,-0.005630253403565599,-0.007219987068982081,-0.3412945951719718,-,-
2014-11-04,28.075273513793945,28.10513145180452,27.782176346478245,27.924495577609708,27726000,51.838153856157405,-0.16027184391490934,-0.34738363906769676,0.18711179515278742,-0.004205597402916483,-0.004161131486533409,-0.005929079786379687,0.0007450077917154907,-0.10079782058766296,-,-
2014-11-05,27.665233612060547,28.21012718840013,27.57566170121264,28.20465446727576,32906000,46.600218915190986,-0.15616783411112678,-0.3091404780763828,0.152972643965256,0.010032728751981024,0.003735820868714157,-0.0074333501699115345,-0.014605018951353688,0.18682824785399976,-,-
2014-11-06,27.4532470703125,27.707532142450845,27.398011119484753,27.642840893283935,33014000,44.11825343297247,-0.16808335871642655,-0.28092905420439157,0.11284569548796503,-0.01991917946180355,-0.017816121231667092,-0.006442296241256584,-0.0076625610584264425,0.0032820762171033024,-,-
2014-11-07,27.459714889526367,27.647816659592245,27.336803610903733,27.647816659592245,31782000,44.2158765475238,-0.17498745243040048,-0.25974073384959334,0.08475328141919286,0.00018000198776668697,-0.002155207564195516,-0.002234012838161492,0.00023559396079098072,-0.03731750166595993,-,-
2014-11-10,27.77869415283203,27.898122113218665,27.4497651685062,27.4885810589914,26090000,48.952276109604696,-0.15295684442202884,-0.23838395596408046,0.08542711154205163,-0.00575942768144766,0.00905335335184887,0.0041322152805536305,0.011616262753963547,-0.1790950852683909,-,-
2014-11-11,27.93096351623535,27.9911748385759,27.679664437279243,27.793122318201476,21966000,51.08725940277839,-0.12180645480583863,-0.2150684557324321,0.09326200092659348,0.011078827916090717,0.003335447632625721,0.008375272697662695,0.005481516250028573,-0.15806822537370635,-,-
2014-11-12,27.779685974121094,27.928971858297032,27.64283947296723,27.923996484742805,21882000,48.89916453078832,-0.1080804953059058,-0.19367086364712685,0.08559036834122105,0.004708868800092247,-0.002222235423757324,-0.0013303977869911776,-0.005416123293645936,-0.003824091778202643,-,-
2014-11-13,27.689617156982422,27.907574968967126,27.572675944730914,27.90707762143109,30220000,47.592170108837,-0.10327982874230912,-0.1755926566661633,0.07231282792385418,-0.0006058897522408513,-0.0007661180453927274,-0.002538217114234187,-0.003242254690084656,0.38104378027602603,-,-
2014-11-14,27.62741470336914,27.767245292712655,27.494051530303945,27.767245292712655,28502000,46.66453541791979,-0.10330366373151989,-0.16113485807923464,0.05783119434771475,-0.005010640333441785,-0.00502837227564612,-0.002851533691708763,-0.002246417971784598,-0.05684976836532096,-,-
2014-11-17,27.201948165893555,27.627413785067688,27.092470966244193,27.627413785067688,33612000,40.80577569022783,-0.13608543870708445,-0.15612497420480462,0.020039535497720168,-0.005035843713372068,-0.005035843713372068,-0.014606089015914203,-0.01540015749007817,0.17928566416391822,-,-
2014-11-18,27.09595489501953,27.507984547089695,27.060624237424314,27.266140766789572,36440000,39.47608571875794,-0.16867363798892043,-0.1586347069616278,-0.010038931027292641,-0.01307661372463964,-0.004322852616865047,-0.0011754826224436021,-0.0038965323449488,0.08413661787456861,-,-
2014-11-19,27.229816436767578,27.280572462893673,26.83122084794623,27.10789794869911,30346000,42.04461636623231,-0.18160508266585396,-0.16322878210247302,-0.018376300563380937,-0.005803638272241396,-0.008267129996627931,-0.008477387197920683,0.004940277700737239,-0.16723380900109774,-,-
2014-11-20,27.058631896972656,27.139245854514066,26.94617061408045,26.97552930358843,35016000,39.72298621962859,-0.20332272958822273,-0.17124757159962298,-0.03207515798859975,-0.004883028752771024,-0.00518048543782712,0.004284179493197371,-0.0062866578697818865,0.15389178145389848,-,-
2014-11-21,27.164627075195312,27.420901529460327,27.12033846676551,27.420901529460327,50120000,41.86359387655476,-0.20956545606988897,-0.17891114849367618,-0.03065430757621279,0.016510231212132354,0.01037816881339082,0.006463547462066899,0.003917240850396242,0.43134567055060535,-,-
2014-11-24,27.243749618530273,27.428366167824244,27.078041767478215,27.19846631398647,33076000,43.4772371827401,-0.20575650092686715,-0.18428021898031438,-0.021476281946552767,-0.008111885571482014,0.000272224396265619,-0.001559593341326715,0.002912704934838306,-0.34006384676775736,-,-
2014-11-25,27.330833435058594,27.493555305747744,27.215386158315415,27.230314178183352,38072000,45.27754525625255,-0.193480616223642,-0.18612029842897992,-0.0073603177946620635,0.0011709433844255823,0.002376705106116539,0.005072168512649133,0.00319646956632913,0.1510460757044383,-,-
2014-11-26,27.256187438964844,27.36317600241176,27.13178222092299,27.330831329099148,29604000,43.98431740041772,-0.18761251688559,-0.18641874212030196,-0.001193774765288036,0.003691369488359797,-0.004742176916956553,-0.003071936473952319,-0.0027312008713937797,-0.2224206766127338,-,-
2014-11-28,27.323368072509766,27.34924343221813,27.09446292059184,27.21986283713023,24202000,45.49323270523609,-0.17551782992045162,-0.1842385596803319,0.00872072975988028,-0.004060194533884176,-0.0005091722610124361,-0.001375482820379137,0.0024647846913792293,-0.1824753411701121,-,-
2014-12-01,26.85411262512207,27.308938868187756,26.80285735221299,27.124817763764078,39888000,37.82810011147768,-0.20147521536706137,-0.1876858908176778,-0.013789324549383558,-0.0034917543095221992,-0.0014736994144012305,-0.01076255208429433,-0.01717414361737546,0.6481282538633171,-,-
2014-12-02,26.80136489868164,26.963589420010162,26.605799108526966,26.84415956757351,41480000,37.07196810493684,-0.22372398025789053,-0.19489350870572036,-0.028830471552170167,-0.010346915457087325,-0.012646022236326826,-0.0073521356733166066,-0.001964232710898961,0.03991175290814275,-,-
2014-12-03,26.720746994018555,26.941690780433568,26.633166374441355,26.747121598531326,32476000,35.891150244571065,-0.24503684565536332,-0.20492217609564897,-0.04011466955971435,-0.0036148633671289065,-0.0008121559498434072,0.0010286203320846177,-0.0030079775775543327,-0.2170684667309547,-,-
2014-12-04,26.999914169311523,27.005388788825336,26.6172432008062,26.75408970592081,32598000,42.697697625622624,-0.23667277070801518,-0.21127229501812222,-0.025400475689892954,0.00026051802859661244,0.002364291421458553,-0.0005978700921733804,0.01044758125045897,0.003756620273432709,-,-
2014-12-05,26.278366088867188,26.78195899949656,26.237562705347347,26.707315098739773,61402000,32.95782915454062,-0.28498198597607427,-0.22601423320971264,-0.058967752766361625,-0.0017483161526024027,-0.008273526112730134,-0.014264456036805262,-0.026724087933007512,0.8836124915638996,-,-
2014-12-08,26.410234451293945,26.56399836493498,26.224621312410697,26.335093210860784,64566000,35.83843351734075,-0.3090640147705557,-0.24262418952188125,-0.06643982524867442,-0.013937076284263217,-0.0081383379970702,-0.0004932391427505678,0.005018134003492047,0.051529266147682495,-,-
2014-12-09,26.677953720092773,26.704825673523,26.045974958306147,26.168888138908518,43322000,41.34828580144152,-0.30305308124643204,-0.2547099678667914,-0.048343113379640645,-0.006311163230807271,0.005301434921555881,-0.006812161440821529,0.01013695161595618,-0.3290276616175696,-,-
2014-12-10,26.27637481689453,26.839681668827943,26.24900551512846,26.66750450078896,46222000,36.31117766750852,-0.32692484832742963,-0.2691529439589191,-0.05777190436851054,0.01905378475515329,0.005049873642824387,0.007795083775797185,-0.015052837538127584,0.06694058446055129,-,-
2014-12-11,26.478906631469727,26.724233765647856,26.332109367990512,26.374406691541484,41426000,40.26365560780267,-0.32574577637831226,-0.2804715104427977,-0.045274265935514535,-0.010990822528549882,-0.0043013886902455445,0.0031659810050386206,0.007707753294985631,-0.10376011423131837,-,v
2014-12-12,25.951427459716797,26.48537370152352,25.94893882375616,26.24651590267434,47314000,34.29432958896321,-0.3631879100465767,-0.29701479036355355,-0.06617311968302314,-0.004849048942138334,-0.00893795744412973,-0.014551456508081317,-0.019920730832821865,0.14213295997682618,-,v
2014-12-15,25.669273376464844,26.143505599322364,25.647378697198167,26.063388992902212,52352000,31.595914632726007,-0.4108920395327367,-0.3197902401973902,-0.09110179933534646,-0.006977189294426256,-0.012907807382815717,-0.011621289356230413,-0.010872391651284952,0.1064801115948768,-,v
2014-12-16,24.78948211669922,25.65633605953965,24.741212831729534,25.557808099532316,86998000,24.99243339473888,-0.5137673179486946,-0.3585856557476511,-0.15518166220104346,-0.019398125604754624,-0.018634438213800175,-0.03533171464293261,-0.03427410066746461,0.6617894254278729,v,v
2014-12-17,25.202011108398438,25.332388302598577,24.836756784924663,24.8740787326718,72788000,32.152773199407676,-0.5556044134615554,-0.397989407290432,-0.15761500617112345,-0.026752269372936843,-0.012626423203582204,0.0038617328036805176,0.016641291244294365,-0.16333708820892434,-,v
2014-12-18,25.60856819152832,25.68967950395298,25.207483960891192,25.67674087432237,77534000,38.39443510938408,-0.5496191863520252,-0.42831536310275065,-0.12130382324927458,0.03226901990127895,0.014104126191597732,0.014926553381218843,0.016131930161494168,0.06520305544870042,-,^
2014-12-19,25.878278732299805,25.916595375505064,25.3219385370723,25.726504202161923,97442000,42.193739477244925,-0.5171510685681788,-0.4460825041958363,-0.07106856437234255,0.0019380702591160759,0.008832958446101546,0.004540499811828802,0.01053204297695598,0.2567647741635928,-,^
2014-12-22,26.488359451293945,26.52170071874397,25.905644681856447,25.906641275195735,66390000,49.7437610122114,-0.4371522172956226,-0.44429644681579356,0.007144229520170964,0.007002003522059264,0.023348180363645055,0.023051400426139512,0.023575011510818644,-0.31867162004063954,-,^
2014-12-23,26.810319900512695,26.98598039199838,26.559022720099914,26.598334056302484,57544000,53.21645377044934,-0.3438098083290697,-0.4241991191184488,0.08038931078937911,0.026699438717631363,0.017505652377951986,0.025221454484824157,0.012154790099808244,-0.13324295827684896,^,^
2014-12-24,26.718759536743164,26.885959431196294,26.627693681423,26.81280947737305,14754000,52.113602018865976,-0.2740641914812869,-0.39417213359101644,0.12010794210972953,0.008063490766623715,-0.003706404560782306,0.0025855981994065136,-0.003415116421933484,-0.7436048936466009,-,^
2014-12-26,26.947168350219727,27.033256936676228,26.647102615683803,26.718760529514732,22270000,54.639077279268086,-0.1980763049388088,-0.35495296786057495,0.15687666292176616,-0.003507612581131636,0.0054786032782978555,0.0007289003130730443,0.008548630903409293,0.5094211739189372,-,^
2014-12-29,26.737667083740234,27.067093382945117,26.730203074241135,26.896408266434193,44300000,51.933635740940886,-0.15299670790886566,-0.3145617158702331,0.16156500796136747,0.006648801568591711,0.0012516599959875307,0.003118555129833167,-0.007774518782704853,0.9892231701841041,-,^
2014-12-30,26.63665199279785,26.764043203841993,26.553549391997805,26.62072737956491,20972000,50.63184014340181,-0.12399256697301553,-0.27644788609078963,0.1524553191177741,-0.010249728667798386,-0.0111962586752693,-0.006608766935016885,-0.0037780069078581224,-0.5265914221218961,-,-
2014-12-31,26.406749725341797,26.791907408680824,26.38385845183436,26.759063490095066,24648000,47.701183723908514,-0.11819528624229747,-0.2447973661210912,0.12660207987879374,0.0051965563734499565,0.0010411059579680249,-0.006390518181143112,-0.008631049709934113,0.17528132748426484,-,-
2015-01-02,26.35151481628418,26.662527868700302,26.268410321522673,26.503287439452063,26480000,46.99735069438904,-0.11671250592234728,-0.21918039408134243,0.10246788815899516,-0.00955848289450334,-0.004829052967636138,-0.004375710646054576,-0.002091696616664973,0.07432651736449203,-,-
2015-01-05,25.849414825439453,26.273885771708642,25.764322836130155,26.232085798376406,41182000,41.06563552219985,-0.1542742869251299,-0.20619917265009993,0.05192488572497003,-0.010232754774109787,-0.01457634095707383,-0.019189874043481825,-0.019053932737652324,0.5552114803625379,-,-
2015-01-06,25.21146583557129,25.936497948150002,25.157224580764094,25.90116728970276,54456000,35.01808234588134,-0.23283543890340042,-0.21152642590076004,-0.021309013002640376,-0.01261502845092588,-0.012841184836159036,-0.02356352461609068,-0.024679436427331947,0.3223252877470739,-,-
2015-01-07,25.13732147216797,25.452812586136073,25.062679470156286,25.425942528444878,46918000,34.38430276952886,-0.2976474537572571,-0.22875063147205946,-0.06889682228519764,-0.018347619469907483,-0.0186488308090349,-0.003758169360228214,-0.0029408985533363463,-0.13842368150433382,-,-
2015-01-08,25.22490119934082,25.25425988998477,24.633228479386553,24.956185466108163,73054000,35.86095591167411,-0.33804768711606314,-0.25061004260086023,-0.08743764451520292,-0.018475502405119526,-0.007800815547569506,-0.017135078924067515,0.0034840516826670775,0.5570569930517073,-,-
2015-01-09,24.916873931884766,25.30900021794025,24.813867935562797,25.288100230480932,42000000,33.04427750022576,-0.3904198720561709,-0.2785720084919224,-0.11184786356424853,0.013299899731211928,0.002167568093222494,0.007333162046842867,-0.012211237817022824,-0.4250828154515838,-,-
2015-01-12,24.734745025634766,24.89497825643245,24.42870733773082,24.8432256374153,57138000,31.47032703975671,-0.44153178301145246,-0.3111639633958284,-0.13036781961562405,-0.01759225046606716,-0.016358684971456205,-0.015521989511355971,-0.007309460518517885,0.3604285714285713,-,-
2015-01-13,24.97061538696289,25.30899773013339,24.74469622592804,25.00893202687188,60958000,35.73926333930547,-0.45772915698145056,-0.34047700211295284,-0.11725215486849772,0.0066700835018385085,0.01663064210927634,0.012935145680392335,0.00953599323880927,0.06685568273303222,-,-
2015-01-14,25.176132202148438,25.292078716529858,24.789482467672684,24.901943752839887,52800000,39.28800350567965,-0.4488086167781127,-0.36214332504598484,-0.08666529173212784,-0.004278002511943879,-0.0006684979699290716,0.001809932978595885,0.00823034642922127,-0.13382985006069748,-,v
2015-01-15,25.080591201782227,25.36622435009624,24.98106664317948,25.323429682085397,51068000,38.23101222326359,-0.44432646574456314,-0.37857995318570054,-0.0657465125588626,0.01692582448297597,0.0029315753124681265,0.007728445955119678,-0.003794903823950313,-0.032803030303030334,-,v
2015-01-16,25.40155792236328,25.420963968697908,25.034809652980876,25.037795636633852,49658000,43.7099685762084,-0.4101470766463464,-0.38489337787782973,-0.025253698768516686,-0.011279437621105948,0.002157972658688667,0.002151349682903536,0.012797414462791812,-0.027610245163311675,-,v
2015-01-20,25.37567901611328,25.65783072459475,25.347315020660428,25.5165061965885,46796000,43.37589173685349,-0.38075872640818176,-0.3840664475839002,0.0033077211757184255,0.019119517025461663,0.00931777237828224,0.012482833782694325,-0.0010187920886228774,-0.057634218051472064,v,^
2015-01-21,25.895694732666016,25.96834733847556,25.35826324973092,25.42046586220361,46356000,51.412069123821524,-0.3119117996714209,-0.3696355180014044,0.057723718329983464,-0.0037638512751300146,0.012102216169941338,0.00043192855186324763,0.020492681840061477,-0.009402513035302151,-,^
2015-01-22,26.737171173095703,26.8138044588719,25.97133376461755,26.02557312241996,56068000,61.04612178693976,-0.18729102365054828,-0.3331666191312332,0.1458755954806849,0.023803940631790477,0.032557217037207486,0.024176360535776542,0.032494839359077377,0.20950901717145576,-,^
2015-01-23,26.968564987182617,27.140742155638115,26.660040555396062,26.77349844145609,45966000,63.20657701706303,-0.0690605270842326,-0.28034540072183306,0.21128487363760046,0.028738092164887874,0.012192887334122382,0.026517960033180188,0.008654386531352865,-0.18017407433830346,^,v
2015-01-26,26.708311080932617,26.94617420514463,26.476917271810308,26.94617420514463,30932000,59.22779343283393,0.0035962230270882856,-0.2235570759720488,0.22715329899913708,0.006449503193096673,-0.0071688515139983755,-0.006868829895635309,-0.009650268984415455,-0.32706783274594264,-,v
2015-01-27,25.935503005981445,26.512245817096385,25.919081045777528,26.443573891037325,39148000,49.303019146000196,-0.0011684627567518646,-0.17907935332898942,0.17791089057223755,-0.018652010125108864,-0.01610352492879663,-0.021068775503812254,-0.02893511583751507,0.26561489719384457,-,^
2015-01-28,25.499589920043945,26.159435394765207,25.495609241049547,26.125099428312794,35822000,44.74808141931784,-0.03966185633447239,-0.15119585393008603,0.11153399759561364,-0.012043548426427853,-0.013307451385490277,-0.016338226034328107,-0.016807581709017416,-0.08495964033922554,v,^
2015-01-29,25.539400100708008,25.636933378477345,25.054218551499314,25.522978139127964,79018000,45.245597245645946,-0.066192770151968,-0.13419523717446244,0.06800246702249443,-0.023047617132981535,-0.01997374975426347,-0.01731241977303155,0.0015612086621350496,1.2058511529227847,-,^
2015-01-30,26.74961280822754,27.025792567820293,25.785720959525282,25.826526239009823,121108000,57.71172894140053,0.010316419566958501,-0.10529290582617826,0.11560932539313676,0.011893130113076689,0.05417415448405083,0.029196776044814632,0.04738610549767697,0.532663443772305,^,^
2015-02-02,26.48338508605957,26.697362226380704,25.96187821225495,26.588879715290837,75378000,54.75822033766142,0.04890441179982119,-0.07445344230097838,0.12335785410079957,0.029518235213898514,-0.012152477697569997,0.00683158144021534,-0.009952582270128518,-0.37759685569904544,-,^
2015-02-03,26.538124084472656,26.744635319769706,26.215167080698766,26.370922289105483,47062000,55.26515079645102,0.08294649776108542,-0.04297345428856562,0.12591995204965103,-0.008197315137726924,0.0017707027753584015,0.009756184293486792,0.0020669184938106877,-0.3756533736634031,-,^
2015-02-04,26.17983627319336,26.709801856826733,26.12658971226051,26.530160678669176,33896000,51.21971136136057,0.08009102463425677,-0.018360558504001142,0.09845158313825791,0.0060384080548248065,-0.0013024467346999247,-0.0033788595802416443,-0.013500871807624493,-0.27975861629340015,-,^
2015-02-05,26.365447998046875,26.408242664891617,26.156943588378695,26.27089881572773,33176000,53.13367337951204,0.09174774568121791,0.003661102333042668,0.08808664334817524,-0.009772344241770758,-0.011290207001593333,0.0011618001603914685,0.007089873401674884,-0.0212414444182204,-,-
2015-02-06,26.566986083984375,26.88247718732361,26.306730933478583,26.42416950169611,42938000,55.189584459347145,0.11591205824942108,0.02611129351631835,0.08980076473310272,0.0058342383731697645,0.017957822050100436,0.005726484999816206,0.007644022811690077,0.2942488545936821,-,-
2015-02-09,26.33808135986328,26.566986532757863,26.251992771669443,26.426656685957802,30314000,52.37908424392837,0.11526307092140797,0.043941648997336276,0.0713214219240717,9.412535222841356e-05,-0.011735921967582441,-0.0020807663995787706,-0.008616134453395374,-0.2940053099818343,-,-
2015-02-10,26.87948989868164,26.92128987195623,26.332605016732696,26.4808962116572,47430000,57.846868506386926,0.15663035094426903,0.06647938938672283,0.09015096155754619,0.002052455077611759,0.013336226100069792,0.0030707095558188957,0.02055611156412529,0.5646236062545358,-,-
2015-02-11,26.772003173828125,26.968563650758913,26.672478617394773,26.85809175378977,38306000,56.46082999141444,0.17868121221666655,0.08891975395271158,0.08976145826395497,0.014244062554292336,0.0017559997692357943,0.012906949405351531,-0.0039988379712067035,-0.19236769976807933,-,-
2015-02-12,27.17059898376465,27.28654360287512,26.722242077513073,26.85460865670679,48590000,60.26317236767919,0.22571809164477585,0.11627942149112444,0.10943867015365141,-0.00012968520306311238,0.01179076335818352,0.0018657231235288396,0.01488853140157187,0.2684696914321516,-,-
2015-02-13,27.4268741607666,27.495546088132038,27.199958391930654,27.24524169653322,47382000,62.52899008639653,0.28044166552570005,0.14911187029803957,0.13132979522766047,0.014546219787450632,0.0076595441437623535,0.01787710451210911,0.009432076825214075,-0.02486108252726904,-,-
2015-02-17,27.12083625793457,27.518435248684497,27.03375298053748,27.42687394509929,39174000,58.256972369724004,0.29570706403240976,0.17843090904491363,0.11727615498749613,0.006666567710764015,0.0008324679378650668,-0.006110502413212648,-0.011158322346110139,-0.17323034063568443,-,-
2015-02-18,27.003398895263672,27.24723398107981,26.84913762510024,27.061620831387692,31164000,56.65732787925929,0.29492903035272633,0.20173053330647617,0.09319849704625016,-0.01331734394677031,-0.00985525758110295,-0.00682906866723787,-0.0043301527118855265,-0.20447235411242148,-,v
2015-02-19,27.192495346069336,27.2128979859822,26.90885157410618,26.994442812572046,30834000,58.62726154874165,0.30604306237333745,0.22259303911984843,0.08345002325348902,-0.00248240928487653,-0.0012601644306887705,0.002224054635934225,0.0070026907182720866,-0.010589141316904138,-,v
2015-02-20,26.961097717285156,27.248722127251565,26.776978534899634,27.248722127251565,38234000,55.31417652025821,0.29280389698934073,0.2366352106937469,0.05616868629559382,0.009419691172921407,0.0013164397738094635,-0.004900730855918245,-0.008509613620937051,0.239994810923007,-,v
2015-02-23,26.622718811035156,26.83669595521,26.473432916983043,26.82176793528673,32906000,50.79381788714169,0.2521013458680983,0.2397284377286172,0.012372908139481081,-0.015668778519996596,-0.01512093558433314,-0.011336066820271218,-0.012550635356106454,-0.13935240885076106,v,v
2015-02-24,26.804351806640625,26.841671857183048,26.423670206649383,26.451039509229275,28406000,53.01347511420335,0.23182817474313921,0.23814838513152162,-0.006320210388382402,-0.013821923556713966,0.00018541410542316505,-0.0018797226068001383,0.006822481088226917,-0.136753175712636,-,v
2015-02-25,27.236284255981445,27.347750846245294,26.772500096126645,26.79389932759879,40836000,57.879411669647894,0.24775886939615077,0.24007048198444747,0.007688387411703301,0.012962054600912154,0.018854227551657443,0.013201417015471284,0.016114265789997972,0.4375836090966698,-,v
2015-02-26,27.831439971923828,27.873239945635966,27.124817300966765,27.15716387462956,54032000,63.4899552679572,0.3048935292205961,0.2530350914316772,0.05185843778891891,0.013557733519458104,0.019215075577698526,0.013159667702871358,0.02185157528643722,0.3231462435106278,-,^
2015-02-27,27.997644424438477,28.33552943453355,27.718976042188498,27.774709338983882,68328000,64.89620144566294,0.3594410563010797,0.2743162844055577,0.08512477189552198,0.022739689137098562,0.01658542350294545,0.021904617259875803,0.005971823688688538,0.26458395025170267,-,^
2015-03-02,28.614194869995117,28.662464155382814,28.02351875753392,28.21510385652082,50406000,69.57738972685453,0.44726503976978194,0.30890603547840256,0.13835900429137937,0.01585595414022256,0.011537978198170373,0.010986795287167395,0.022021511388953474,-0.2622936424306287,-,^
2015-03-03,28.801799774169922,28.904308415195175,28.389270879328592,28.680378639106877,50526000,70.8511386910238,0.5259415999171004,0.35231314836614214,0.1736284515509583,0.0164902736120367,0.008437664623016872,0.013051613002608375,0.006556357955453951,0.0023806689679799486,^,^
2015-03-04,28.77890968322754,28.94312359359577,28.489791301679873,28.71123245095214,37964000,70.46348892399405,0.5797631528927596,0.39780314927146565,0.18196000362129394,0.0010757811894153146,0.0013428855602783951,0.003540789151597279,-0.0007947451590476495,-0.24862447056960768,-,^
2015-03-05,28.93317413330078,29.021252110414373,28.773935589622027,28.843104867625108,35918000,71.59157657694706,0.6276300447981349,0.44376852837679953,0.18386151642133536,0.004593060116741654,0.0026993809623190312,0.009973547539654959,0.005360329900307104,-0.053893161942893286,-,^
2015-03-06,28.50870132446289,29.000350248845674,28.466901351818667,28.961536259715043,37592000,64.3129297205032,0.6241190375255563,0.47983863020655093,0.14428040731900538,0.004106055593996238,-0.0007202260429417517,-0.01067056805097244,-0.01467079992268605,0.04660615847207539,-,^
2015-03-09,28.56841468811035,28.635592671771906,28.31711561181354,28.410170853190046,23478000,64.85426667546292,0.6190192398961187,0.5076747521444646,0.11134448775165418,-0.019037850809452306,-0.012577695577600356,-0.005261750766405671,0.002094566250768537,-0.3754522238774207,-,-
2015-03-10,27.85930633544922,28.352449208268478,27.857812394533042,28.2887526549746,40080000,54.31719645328333,0.5514022735650883,0.5164202564285894,0.034982017136498955,-0.004273758114404669,-0.009887815724608395,-0.01621998594690499,-0.024821410652382192,0.7071300792231026,-,-
2015-03-11,27.65229606628418,28.07477572675918,27.63836274175198,27.856817908031292,40524000,51.67754163261869,0.4756285915938214,0.5082619234616358,-0.032633331867814364,-0.01526878021846445,-0.009793632975747202,-0.007877490510494245,-0.007430560785414486,0.01107784431137726,-,-
2015-03-12,27.924991607666016,27.958330977018086,27.64433383739133,27.791131087902876,35602000,54.794103215183895,0.4325949683750707,0.4931285324443228,-0.06053356406925209,-0.0023580159207444717,-0.004147664468432732,0.00021604375393513564,0.009861587650015435,-0.12145888855986575,-,-
2015-03-13,27.518436431884766,28.08373458536222,27.38557249698237,27.828454811021235,35428000,49.6525494086667,0.3615175576043228,0.46680633747632283,-0.10528877987200003,0.0013430084223742256,0.0044853753411537856,-0.00936037532794376,-0.014558828933350254,-0.0048873658783213925,-,-
2015-03-16,27.948381423950195,28.05337870666932,27.434835902438525,27.714001642034326,36856000,54.51349959055805,0.3360078755116156,0.4406466450833814,-0.10463876957176582,-0.004112810781775056,-0.0010809060525989178,0.001798881709030642,0.015623888847378975,0.040307101727447225,-,-
2015-03-17,27.747838973999023,27.8986169025315,27.58860044257001,27.781675690766093,28892000,51.99200325224039,0.2961948194541364,0.41175627995753245,-0.11556146050339605,0.0024418721484495975,-0.005516690369314681,0.005604718784478546,-0.007175458460693451,-0.2160842196657261,-,-
2015-03-18,28.173303604125977,28.19072025856242,27.5433142644973,27.753808058556526,35324000,56.58060031074073,0.29556701304368715,0.38851842657476343,-0.09295141353107628,-0.001003094000511573,0.010470173379971914,-0.0016414815302783214,0.01533325281747655,0.22262217914993765,-,-
2015-03-19,28.04939842224121,28.21311498962998,27.9722677878144,28.091695744457645,24660000,54.93388934585569,0.2818226828219714,0.36717927782420506,-0.08535659500223364,0.012174462156264276,0.0007944008121167911,0.01557378023566347,-0.004397964243945451,-0.30189106556448875,-,-
2015-03-20,28.11309242248535,28.220080992709757,28.089705697885634,28.200674946802053,44320000,55.64847148554515,0.2729236812965503,0.34832815851867416,-0.07540447722212384,0.003879409891654806,0.0002469065568384554,0.004198369290687065,0.00227077954704491,0.7972424979724251,-,-
2015-03-23,28.13399314880371,28.346478252180443,28.019043218173906,28.16534312988457,30234000,55.89560490884568,0.26450858212913175,0.3315642432407657,-0.06705566111163397,-0.0012528713225529176,0.0044789828740512405,-0.0025156005716729934,0.0007434516987410156,-0.3178249097472924,-,-
2015-03-24,28.73959732055664,28.955563842527592,28.269343839073844,28.291737765941132,79156000,62.42834502906802,0.3032115171990064,0.32589369803241386,-0.02268218083340745,0.00448759439832469,0.021487169761566394,0.008933232264604518,0.021525709789926628,1.6181120592710192,-,-
2015-03-25,28.215105056762695,28.865495170087335,28.215105056762695,28.741089946643296,53070000,54.850756091647156,0.28823908896307415,0.3183627762185459,-0.030123687255471765,0.015882805942133205,-0.0031105825785361363,-0.0019186431287513406,-0.01824981254760971,-0.3295517711860124,-,-
2015-03-26,28.04790496826172,28.224562066747044,27.78267444329377,28.098165547194,49842000,52.65651942043791,0.25988587927999873,0.3066673968308365,-0.04678151755083776,-0.02236952045461249,-0.022204126399483215,-0.015326209581674965,-0.005925906997851227,-0.060825325042396794,-,-
2015-03-27,27.74485206604004,28.069301085040824,27.71399943550481,27.957832598136314,34552000,48.842642850954434,0.21053500337637132,0.2874409181399435,-0.07690591476357217,-0.004994381174884266,-0.005500917298169261,-0.002471864540223856,-0.010804832038778134,-0.30676939127643355,-,-
2015-03-30,27.923498153686523,27.974256077312862,27.707034278935833,27.879211442956784,24788000,51.091483684739835,0.18372149786952718,0.26669703408586026,-0.08297553621633308,-0.0028121334121147257,-0.003386083872911727,-0.0002513226784602862,0.006438891338157449,-0.2825885621671683,-,-
2015-03-31,27.6030330657959,27.98868814019454,27.60153912481534,27.764260998760268,34932000,47.09229095555979,0.1350559067960333,0.2403688086278949,-0.1053129018318616,-0.00412315981144995,0.0005159051537166892,-0.0038075224168143684,-0.01147653800848436,0.4092302727126029,-,-
2015-04-01,27.34377098083496,27.792125991118475,27.171593818526762,27.609500733935363,38902000,44.085763623357444,0.07470662032508812,0.20723637096733355,-0.13252975064224543,-0.005574081904496375,-0.007022913974799039,-0.015576859839023682,-0.009392521624089212,0.11364937593037894,-,-
2015-04-02,26.936716079711914,27.269623810195277,26.89342216722127,27.240265119855454,47760000,39.79046810921049,-0.005898557715525499,0.16460938523076174,-0.17050794294628724,-0.013373498406875406,-0.018800367452643685,-0.010237590520576045,-0.014886567818621188,0.227700375302041,-,-
2015-04-06,27.068090438842773,27.147212363325544,26.657552796128734,26.81380535652676,33718000,41.762613212161206,-0.05850353684556353,0.11998680081549669,-0.1784903376610602,-0.015655492391586368,-0.0044889305302395766,-0.00877052275556156,0.004877148303530809,-0.29401172529313235,-,-
2015-04-07,27.113372802734375,27.377111276323426,27.050175494169807,27.11984211751234,27318000,42.46218158882263,-0.09543928876696839,0.07690158289900367,-0.17234087166597206,0.011413402794433702,0.008468601119003383,0.014728384898785363,0.0016729057409465842,-0.1898095972477608,-,-
2015-04-08,27.311424255371094,27.44379273277843,27.17009972575731,27.17009972575731,28386000,45.54333254153717,-0.10749095244073104,0.040023075831056736,-0.14751402827178778,0.0018531674346480287,0.00243566444180221,0.00443339939193188,0.007304567162398357,0.03909510213046352,-,-
2015-04-09,27.270618438720703,27.337798320305563,26.96856334017127,27.329836963329953,32366000,45.00854256364606,-0.11896333582173568,0.008225793500498254,-0.12718912932223395,0.0058791553650872075,-0.003862236298930677,-0.00741757989923697,-0.0014940933240552567,0.14020996265764807,-,-
2015-04-10,27.29649543762207,27.36168403020876,27.119342907818996,27.347750706496978,26104000,45.44602574850046,-0.12453170082815035,-0.018325705365231468,-0.10620599546291888,0.0006554646919796348,0.0008737247097714285,0.005590938076524665,0.0009488966654538356,-0.19347463387505404,-,-
2015-04-13,27.301471710205078,27.531870804832067,27.185029743181815,27.222351689574023,29326000,45.535758819230864,-0.12707824766896536,-0.04007621382597825,-0.0870020338429871,-0.004585350300606805,0.0062198940107418554,0.0024221396361296943,0.00018230444982880734,0.12342935948513634,-,-
2015-04-14,26.86058235168457,27.198467381741473,26.65954383400324,27.198467381741473,47206000,39.358757993560346,-0.16279588137017242,-0.0646201473348171,-0.09817573403535533,-0.0008773785639429876,-0.012109726413218502,-0.019329973670908718,-0.016148922783371655,0.6096978790152083,-,-
2015-04-15,26.923280715942383,27.03026928337361,26.491843115168763,26.770014149799174,46962000,40.592926660021746,-0.18392297978365235,-0.08848071382458415,-0.0954422659590682,-0.015752844670575916,-0.006184102067485431,-0.00629045717656207,0.0023342146285922905,-0.00516883447019445,-,-
2015-04-16,27.046693801879883,27.131785797715878,26.77698334472622,26.789422729206507,31722000,43.049846635315895,-0.1885346428557959,-0.10849149963082651,-0.0800431432249694,0.0007250119218737971,0.0037556604885438105,0.010763321688032734,0.0045838799230890626,-0.32451769515778717,-,v
2015-04-17,26.510255813598633,26.86157681811742,26.32414721593485,26.737668936681025,49234000,36.06735876336749,-0.23279200024978763,-0.13335159975461874,-0.09944040049516889,-0.0019318741224333413,-0.00995912991548109,-0.016911394497340027,-0.019833773111446407,0.5520458987453503,-,v
2015-04-20,27.09695053100586,27.16014973711817,26.540610347490453,26.560515639152175,38508000,46.32183689165089,-0.2180118099220003,-0.15028364178809506,-0.06772816813390525,-0.006625607413584866,0.011115241708348655,0.008222987425954287,0.02213085839429274,-0.21785757809643747,-,v
2015-04-21,27.016834259033203,27.25818070325316,26.98150359976136,27.185528096208717,29128000,45.25439337988195,-0.21033846529352473,-0.162294606489181,-0.048043858804343725,0.023531638675539313,0.003609367661217888,0.016612023856964475,-0.002956652700863205,-0.24358574841591363,v,^
2015-04-22,27.328344345092773,27.41891095446079,26.937214665209446,27.023800595897004,31806000,50.072081211834075,-0.17707975861639014,-0.16525163691462286,-0.01182812170176728,-0.005949029194480371,0.005896587632073569,-0.0016414553914002594,0.011530221604532098,0.09193902773963192,-,^
2015-04-23,27.740373611450195,27.924992056924758,27.373129907222175,27.389551867531054,78184000,55.63349531896865,-0.11613593289364132,-0.15542849611042656,0.03929256321678523,0.013534412760934256,0.0184573743028853,0.016182639795187637,0.01507699336463486,1.4581525498333647,-,^
2015-04-24,28.54652214050293,29.095895679468555,28.28228441560175,28.864501876694977,92168000,64.06698179341646,-0.002756290105018877,-0.12489405490934502,0.12213776480432614,0.053850826632632964,0.041930311749307725,0.03321339252986566,0.02906047843277726,0.1788601248337256,^,^
2015-04-27,28.171316146850586,28.63907914266462,27.98122496474795,28.50223452441801,48062000,58.493824034879154,0.0561743626158524,-0.08868037140430554,0.14485473402015794,-0.012550618535685176,-0.01570037718846673,-0.010644806707612475,-0.01314366744241624,-0.47853918930648376,-,^
2015-04-28,28.084230422973633,28.256407585729242,27.914541896194876,28.08174178699678,37178000,57.24903115500163,0.09475792893842083,-0.05199271133576027,0.1467506402741811,-0.014752974439986244,-0.013361866665792976,-0.0023831361435062703,-0.0030912905674337354,-0.22645749240564272,-,^
2015-04-29,27.93593978881836,28.157380938360884,27.81700918291425,27.892148526805943,33622000,55.098821389782096,0.11207790405695306,-0.019178588257217608,0.13125649231417066,-0.006751477939969774,-0.0035045731509893985,-0.0034939750630089694,-0.005280209994074414,-0.09564796384958851,-,^
2015-04-30,27.307941436767578,27.92200620116337,27.205930139914344,27.79511234082454,47240000,47.040983170515894,0.07427370942432532,-0.00048812872090902307,0.07476183814523434,-0.0034789785336236667,-0.008359255348101113,-0.021967819724316162,-0.022479943642423783,0.4050324192493011,-,-
2015-05-01,27.4268741607666,27.42986014433985,27.063111884749812,27.39452758728399,36572000,48.574821504745714,0.0532961251231896,0.0102687220479107,0.0430274030752789,-0.014412057365646547,-0.017625741262209615,-0.005249526644744318,0.004355243117626362,-0.2258255715495343,-,-
2015-05-04,27.510475158691406,27.702058377790433,27.239270769992288,27.41841460504617,35260000,49.67811573546846,0.042922358053644416,0.016799449249057446,0.02612290880458697,0.0008719631205931222,0.009923427681301833,0.006509188078320793,0.003048141666992965,-0.0358744394618834,-,-
2015-05-05,27.022804260253906,27.499027799260734,26.98946299363541,27.37710931885538,28528000,43.77786845722217,-0.004596902722962426,0.012520178854653473,-0.0171170815776159,-0.0015064797431135757,-0.0073290791522002685,-0.009170868723551662,-0.017726734839162872,-0.19092456040839478,-,-
2015-05-06,26.626699447631836,27.067095017402284,26.485374911326176,27.00290111494223,39034000,39.65782366081523,-0.07337281114488192,-0.0046584191452536065,-0.06871439199962831,-0.013668652871814402,-0.01570720190588193,-0.01867721793605559,-0.01465816829397959,0.3682697700504767,-,-
2015-05-07,26.973041534423828,27.130290674447487,26.54558651861384,26.667503103007714,31844000,44.56998014960753,-0.09879248391203532,-0.023485232098609952,-0.07530725181342537,-0.012420813989831636,0.0023347779658131618,0.0022733907860188474,0.013007323249851543,-0.1841983911461803,-,-
2015-05-08,27.3169002532959,27.50848346960538,27.271119600060963,27.312919574528486,28226000,49.00822077875568,-0.09015201652429283,-0.03681858898374653,-0.053333427540546305,0.024202358542070534,0.013939872583602408,0.027331589789450605,0.012748236732339935,-0.11361637985177742,-,-
2015-05-11,27.15915298461914,27.536848583336,27.150196932215003,27.29400820268659,21858000,47.14333348607946,-0.09493887386111055,-0.048442645959219335,-0.046496227901891216,-0.0006923965704322965,0.001031140584756729,-0.004434092535228751,-0.0057747133537863204,-0.22560759583362855,-,-
2015-05-12,26.808330535888672,27.018824337696703,26.622717398723907,27.011358429857992,35282000,43.205703153728294,-0.12559317254097735,-0.06387275127557095,-0.0617204212654064,-0.010355744408429457,-0.018812038133978026,-0.019428202852746823,-0.012917282395704555,0.6141458504895232,-,-
2015-05-13,26.846153259277344,27.062617157428623,26.820773345583973,26.89491989972482,24238000,43.75118230549174,-0.14516161468318955,-0.08013052395709468,-0.06503109072609488,-0.004310724706257818,0.0016208262500458925,0.007439358796242246,0.0014108570967534817,-0.31302080380930786,-,-
2015-05-14,27.32933807373047,27.35372328904799,26.995932992186955,27.06908294332043,31736000,50.316166578825346,-0.12029409424355819,-0.08816323801438739,-0.03213085622917081,0.0064756855289014315,0.010756761991123964,0.006530745565985763,0.017998288610907354,0.30934895618450375,-,-
2015-05-15,27.194482803344727,27.399006535503393,26.995932936392787,27.388556542505924,33440000,48.61089619236187,-0.11019780670203971,-0.09257015175191785,-0.017627654950121863,0.011802158198503943,0.001655469201647275,-2.0667619837766438e-09,-0.004934450663309997,0.05369296697756498,-,-
2015-05-18,27.203441619873047,27.2865442189664,26.983492514117902,27.061619739456773,26706000,48.7351965569096,-0.1003171310224964,-0.09411954760603357,-0.006197583416462829,-0.011936985526847965,-0.004104612931540519,-0.00046082579565587256,0.0003294350767066856,-0.20137559808612437,-,-
2015-05-19,27.333322525024414,27.53834172092602,27.225836603989475,27.269625969202092,47126000,50.600722541126224,-0.08107177580824754,-0.09150999324647636,0.010438217438228828,0.007686392453517321,0.00922790002057483,0.008981198032270266,0.004774429168421301,0.7646221822811354,-,-
2015-05-20,27.494050979614258,27.671203511828054,27.12531334548336,27.414929062239086,30840000,52.88562460365368,-0.05224796807130616,-0.08365758821144233,0.031409620140136166,0.005328385992572793,0.00482461116389854,-0.0036922009034383585,0.005880311639490321,-0.34558417858506985,-,-
2015-05-21,27.70802879333496,27.747839375905357,27.334315776425097,27.37910173268026,34170000,55.81567998409118,-0.012000339056704945,-0.06932613838049485,0.05732579932378991,-0.0013068547242083284,0.0027695168388517377,0.007705069736145154,0.007782695022983566,0.10797665369649811,-,-
2015-05-22,27.594072341918945,27.77918812578546,27.54928638764627,27.591086358531037,24266000,53.893416306224765,0.010578916486295498,-0.05334512740713679,0.06392404389343229,0.007742570516758196,0.001129772644832494,0.00786449578542503,-0.0041127592390631795,-0.28984489318115303,-,-
2015-05-26,27.229318618774414,27.534857058448566,27.019322160804826,27.497535111690237,37474000,48.17443273130788,-0.0009485041395365101,-0.04286580275361673,0.04191729861408022,-0.0033906329611365082,-0.008795471855784665,-0.01923694934904341,-0.013218553558346113,0.5443006676007582,-,-
2015-05-27,27.580636978149414,27.632389595385217,27.198962612456,27.303462541988,34844000,53.31324358548661,0.01805624630762992,-0.030681392941367406,0.04873763924899732,-0.007057816961191121,0.0035421479301533942,0.006648592092060923,0.012902208986337538,-0.0701819928483749,-,-
2015-05-28,27.577152252197266,27.655776818270713,27.40895767839365,27.557746208136113,23544000,53.25683484699733,0.03246225502865485,-0.018052663347362954,0.050514918376017806,0.009313238779040223,0.0008463699024205962,0.007720701297684096,-0.00012634682639522943,-0.32430260590058546,-,-
2015-05-29,27.13626480102539,27.565213791836673,27.122331475985764,27.528389190686298,43446000,46.54652820691584,0.008208564844480293,-0.012800417708994306,0.0210089825534746,-0.0010652909431739799,-0.0032746513333955507,-0.010457391549545614,-0.015987417668796744,0.8453109072375127,-,-
2015-06-01,27.329837799072266,27.397513131980475,27.049677372775,27.305951829141996,33210000,49.55200021934102,0.004554561668658863,-0.009329421833463672,0.013883983502122535,-0.008080289769354154,-0.006083778675638696,-0.0026787558169580894,0.007133369292577019,-0.23560281729042953,-,-
2015-06-02,27.56570816040039,27.8065572371483,27.19746788351159,27.241259142449287,31842000,53.01839408299311,0.02045570411071651,-0.003372396644627636,0.023828100755344146,-0.0023691789649927797,0.014929972045176543,0.005463669998716281,0.00863050717908509,-0.041192411924119265,-,-
2015-06-03,27.63239097595215,27.766748848465934,27.47613842137767,27.622935677586938,26710000,53.98110388193365,0.03800017758813112,0.004902118201924116,0.03309805938620701,0.014010972589108217,-0.0014316187488749854,0.010246194206741777,0.002419049609164503,-0.1611707807298537,-,-
2015-06-04,27.4532470703125,27.66573216866478,27.32535851291281,27.47763038835437,26866000,50.95997315416779,0.037022115303305014,0.011326117622200297,0.02569599768110472,-0.005260313057546151,-0.0036380449274937554,-0.005487667377143013,-0.0064831127279414424,0.005840509172594599,-,-
2015-06-05,27.345762252807617,27.53485873583574,27.23877367799511,27.468675441344192,24396000,49.18145264649463,0.027259635304226038,0.014512821158605445,0.012746814145620592,-0.0003258995365907902,-0.004730524825121707,-0.0031686623572307893,-0.003915195067075161,-0.09193776520509189,-,-
2015-06-08,27.044700622558594,27.36268034919054,27.018326016136143,27.34974171975514,27336000,44.49705333982257,-0.00471599486083818,0.010667057954716721,-0.015383052815554901,-0.004329794563375233,-0.006253105864716724,-0.008093156632710485,-0.011009443710720213,0.12051155927201185,-,-
2015-06-09,26.979015350341797,27.112378530156708,26.81430218953417,27.04171531232723,30016000,43.52303089226764,-0.034954234000494466,0.001542799563674484,-0.03649703356416895,-0.011262497854062636,-0.009147562148137167,-0.00755131263425135,-0.0024287668454354705,0.0980392156862746,-,-
2015-06-10,27.4985294342041,27.60701194193245,27.125813014033284,27.155171704880324,30316000,52.398173421185035,-0.016804104311773926,-0.002126581211415198,-0.014677523100358728,0.0041956063527290866,0.01824382214292153,0.011617338474715133,0.019256228484103133,0.009994669509594933,-,v
2015-06-11,27.37114143371582,27.60950189599349,27.327847518410312,27.59258258757423,25872000,50.31042659155238,-0.012554423206434961,-0.004212149610419151,-0.00834227359601581,0.01610782975146119,9.019281283606517e-05,0.007448053419542022,-0.004632538652406204,-0.14658925979680693,-,v
2015-06-12,27.24325180053711,27.31192182835453,27.15168859965879,27.22732718786647,25468000,48.23267080700869,-0.019283852642928423,-0.007226490216921006,-0.012057362426007417,-0.01323744881612654,-0.010778175888864538,-0.006446132233167923,-0.0046724260107463556,-0.015615337043908495,-,v
2015-06-15,27.020814895629883,27.07306486312081,26.832217665106416,27.00737891852177,27150000,44.76949246825166,-0.04208069316107199,-0.014197330805751205,-0.02788336235532079,-0.008078217440407376,-0.00874552024331543,-0.011766153452289818,-0.008164844143269345,0.06604366263546413,v,v
2015-06-16,27.113868713378906,27.20443531892458,26.949654809670257,27.094462668346555,32526000,46.50009985305604,-0.0520388170154078,-0.021765628047682527,-0.030273188967725274,0.0032244428490268984,0.004852441216684156,0.004376721522968197,0.003443782806271889,0.19801104972375683,-,v
2015-06-17,27.19995880126953,27.287539428219436,26.96159834037656,27.141239518840212,24440000,48.11976447576774,-0.05238014559359172,-0.027888531556864368,-0.024491614036727352,0.001726435805951887,0.003054800010388048,0.000443179357607848,0.003175131103594353,-0.24860111910471627,-,v
2015-06-18,27.676679611206055,27.729924273741336,27.26962531457906,27.26962531457906,41192000,56.05372192104165,-0.014021633053431515,-0.025115151856177798,0.011093518802746283,0.004730284910154037,0.016211972746227543,0.011424655553198715,0.017526526912028828,0.6854337152209493,-,^
2015-06-19,27.743358612060547,27.762766555217347,27.48161144284478,27.693597283626232,59290000,57.043251956336874,0.021510245877291112,-0.015790072309484017,0.03730031818677513,0.015547407203299723,0.0011843624653209428,0.007773708872794272,0.002409212441347064,0.4393571567294621,-,^
2015-06-22,27.850845336914062,28.14593567999445,27.81252869528142,27.837411258497703,34752000,58.65923149319066,0.05767792114320969,-0.0010964736189452758,0.058774394762154965,0.005193040593411746,0.013801546903296602,0.01204140641915652,0.0038743227291446747,-0.4138640580199022,-,^
2015-06-23,28.035463333129883,28.110604572572235,27.724947628160667,27.8563195111651,31396000,61.34873467699837,0.10008448213351784,0.01913971753154735,0.08094476460197049,0.0006792389023466683,-0.0012552827457545934,-0.0031489789396823564,0.0066288112257448795,-0.09656998158379371,^,^
2015-06-24,27.795610427856445,27.998142882586187,27.708029800600052,27.990181525091916,28924000,56.23049026634796,0.11303486673791596,0.037918747372821075,0.07511611936509488,0.004805445093820193,-0.00400068556674793,-0.0006102023270706525,-0.008555339443596766,-0.07873614473181301,-,^
2015-06-25,27.764755249023438,28.023020979079423,27.7403719329439,27.881696456011664,26684000,55.58800339987814,0.1194316510454172,0.0542213281073403,0.0652103229380769,-0.0038758258492536113,0.0008885623806396126,0.0011672476381971997,-0.0011100737979147235,-0.07744433688286545,-,^
2015-06-26,27.521421432495117,27.866770459319735,27.461210108334733,27.85233978728508,43676000,50.670892313938474,0.10367108756276266,0.06411127999842478,0.039559807564337884,-0.0010529010949136275,-0.005575791413650055,-0.010063377134379436,-0.008764126114055304,0.6367860890421226,-,^
2015-06-29,26.933731079101562,27.413935321154113,26.88347050283797,27.207422193091396,37756000,41.1935078609157,0.04326034909267662,0.05994109381727515,-0.01668074472459853,-0.023154880312356907,-0.016250004241671112,-0.021038388447470968,-0.02135392442701589,-0.13554354794395096,-,-
2015-06-30,26.873519897460938,27.165125016021655,26.84863733383414,27.12481708528841,34510000,40.36059272710924,-0.009366168176782708,0.04607964141846358,-0.05544580959524629,-0.003036124011188468,-0.009076052096047005,-0.0012957095327461587,-0.0022355306609318504,-0.08597309036974254,-,-
2015-07-01,27.035743713378906,27.16064628271771,26.859585873747438,27.053657716036287,30760000,43.66556676549135,-0.03755010188245933,0.029353692758279,-0.06690379464073833,-0.0026234045755360036,-0.00016487070467385845,0.00040778754531056727,0.006036567466299658,-0.10866415531729934,-,-
2015-07-02,27.23678207397461,27.26962409562764,27.0491776489155,27.107399580949497,28124000,47.54501952677086,-0.043166361896279426,0.014849681827367315,-0.05801604372364674,0.001986491641067678,0.00401234240804027,0.00705862614782049,0.007436021095887924,-0.08569570871261378,-,v
2015-07-06,27.151193618774414,27.29849012942961,26.976030457221377,26.983494467529983,25614000,46.08982018535066,-0.05390221033451681,0.0010993033949904904,-0.0550015137295073,-0.004570896335869601,0.001058541683623515,-0.0027042297789432457,-0.0031423849912863844,-0.08924761769307354,-,v
2015-07-07,27.370641708374023,27.41891099671103,26.86406475288439,27.241261108830788,33578000,50.29084404812541,-0.044193386888327524,-0.007959234661673111,-0.03623415222665441,0.009552752391317698,0.004411264751657429,-0.0041505626454027,0.008082447227950373,0.3109237135941283,-,v
2015-07-08,26.95612144470215,27.283556445844244,26.931240781015525,27.15019517731292,27662000,43.409574889130226,-0.06915027403236707,-0.020197442535811905,-0.04895283149655516,-0.0033429411051879576,-0.004936539999091272,0.002500590612368958,-0.015144703879743315,-0.17618678896896778,v,v
2015-07-09,27.102922439575195,27.31341624767384,27.101430396926684,27.30197155921598,29766000,46.21628976098658,-0.07620473275611772,-0.03139890057987307,-0.044805832176244655,0.005590250122027962,0.001094424837497332,0.0063194123618370845,0.005445924228164367,0.07606102234111778,-,^
2015-07-10,27.673194885253906,27.83143872049052,27.46867305213776,27.553765038394285,43436000,55.458189942060294,-0.03537148130028456,-0.03219341672395536,-0.003178064576329194,0.0092225383295923,0.018965861616113244,0.013550674257131412,0.021040994636283505,0.4592488073641068,-,v
2015-07-13,28.45047950744629,28.506212804532133,27.80207878473511,27.842386714923148,41792000,64.4299452425995,0.05902908706707066,-0.01394891596575016,0.07297800303282082,0.010474854384752375,0.024245030622323416,0.012137671592818311,0.028087997262888242,-0.03784878902293032,-,v
2015-07-14,29.070016860961914,29.345201912391317,28.57189862216534,28.588320582348523,74832000,69.6732750377941,0.18173873336676394,0.025188613900752662,0.15655011946601127,0.02679130474922853,0.029431798380660235,0.027689290552363355,0.021775989868763945,0.7905819295558958,^,^
2015-07-15,29.059070587158203,29.294445064757706,28.87246274608572,29.048123246058502,41466000,69.47840012011292,0.27493446593783233,0.0751377843081686,0.19979668162966374,0.016083584286999963,-0.0017296472447231315,0.010519571271585315,-0.00037654858805435953,-0.4458787684413086,v,^
2015-07-16,29.945831298828125,30.081183865080128,29.25612793990252,29.334752513084457,112642000,75.46522570564781,0.4155566554536456,0.143221558537264,0.2723350969163816,0.00986739365562439,0.026856245222712793,0.013288273923526495,0.030515797434409242,1.7164906188202385,-,^
2015-07-17,34.814552307128906,34.982750691769915,33.738698445214034,33.838221106320034,257162000,88.64024704152845,0.9093830478395581,0.29645385639772287,0.6129291914418353,0.15351991093931527,0.1629446117770581,0.15321817413840755,0.16258426622777744,1.28300278759255,^,^
2015-07-20,34.47716522216797,34.7239862854627,33.92630155084864,34.28508655891703,102436000,85.22490628432286,1.2590066584830382,0.4889644168147859,0.7700422416682522,0.013205938077919033,-0.007396914227447926,0.005560472522057935,-0.009690978702944664,-0.6016674314245495,-,^
2015-07-21,34.60206985473633,35.11212822158671,34.044733100099094,34.08105845257196,75604000,85.44844221817507,1.5285445388389896,0.6968804412196267,0.8316640976193629,-0.00595092872215619,0.01117791986591432,0.003490847626669513,0.003622821997211423,-0.26193916201335465,-,^
2015-07-22,34.58962631225586,35.49678814899117,34.416454469234026,34.535882410082856,83100000,85.30996859470517,1.7213089825799521,0.9017661494916918,0.8195428330882604,0.013345358922576933,0.010955186907980696,0.010918616046775576,-0.00035961844284770894,0.09914819321729018,-,^
2015-07-23,33.57597351074219,34.637897807801416,33.419719065770764,34.42789945722426,76232000,74.69145558136555,1.7718580072410965,1.0757845210415728,0.6960734861995237,-0.0031266886879101063,-0.024196283268917873,-0.028961013527825097,-0.02930510992986679,-0.08264741275571597,-,-
2015-07-24,32.58272171020508,33.72824597096019,32.50360168954363,33.67748994618942,82622000,66.01996016506402,1.7120360680325817,1.2030348304397747,0.509001237592807,-0.02179655229815003,-0.026261750695400154,-0.02741247987226325,-0.02958221897033997,0.08382306642879622,-,-
2015-07-27,32.75688934326172,33.19479432342356,32.422485794215525,32.423480489210476,58382000,66.74894957205666,1.6595503591183736,1.2943379361754945,0.36521242294287903,-0.03723583494442795,-0.015816169272363845,-0.0024955971372919716,0.005345398539928992,-0.2933843286291786,-,-
2015-07-28,32.8260612487793,33.04700504487811,32.515048193304445,32.93056117983332,34364000,67.05128068704025,1.605034809165705,1.3564773107735366,0.24855749839216834,0.01563930469437369,-0.004452182384548142,0.002854882863590813,0.0021116750370500093,-0.4113939227844199,-,-
2015-07-29,32.91413879394531,33.00868798193428,32.486681854302454,32.955441420677246,36756000,67.45702724501915,1.5510583299377885,1.3953935146063872,0.1556648153314013,0.0007555364971782996,-0.0011594715736508165,-0.0008724064880160087,0.0026831591063729565,0.06960772901874046,-,-
2015-07-30,33.06989669799805,33.24356591417389,32.42945729443249,32.715591603096456,39606000,68.20274672482263,1.5035183191288084,1.4170184755108715,0.08649984361793694,-0.007278003487166229,0.007115639748182634,-0.0017614775225924806,0.00473224911117498,0.07753836108390466,-,-
2015-07-31,32.71857452392578,33.091790202905926,32.70364650421397,33.07686218319411,34922000,64.60661647729592,1.4211120595190998,1.4178371923125173,0.0032748672065825435,0.011042764700102792,-0.004565566511721686,0.00845494290243809,-0.01062362478119061,-0.11826490935716816,-,-
2015-08-03,33.07785415649414,33.17489007318254,32.72653318843614,32.72653318843614,31348000,66.54908195292813,1.3690142249925117,1.408072598848516,-0.039058373856004414,-0.010591361200397165,0.002511192950489516,0.0006998205603532259,0.01098090726127543,-0.10234236298035626,-,-
2015-08-04,32.906673431396484,33.24107700853027,32.868358688143864,33.058945302420675,26188000,64.7263643525232,1.2989400891021496,1.386246096899243,-0.0873060077970933,0.0101572663401448,0.0019950913236403967,0.0043336548631993654,-0.005175085550827574,-0.16460380247543704,-,-
2015-08-05,33.50431823730469,33.833740747052644,33.12065067668282,33.12910938142436,36448000,68.01967819213714,1.2769113336581945,1.3643791442510333,-0.08746781059283881,0.0021223931484148917,0.017829258010210847,0.0076758316693787965,0.018161811680970086,0.3917824957996028,-,v
2015-08-06,33.34806442260742,33.57696958179637,32.879304865029276,33.53915218523821,40660000,66.27738819575181,1.2326359493469567,1.3380305052702182,-0.10539455592326141,0.012377115215894241,-0.007589204137252947,-0.007286868063357654,-0.00466369181400883,0.11556189640035108,-,v
2015-08-07,33.06143569946289,33.28088365628983,32.78674799709372,33.23012763167443,27544000,63.08520957995792,1.1610351552414748,1.3026314352644697,-0.14159628002299485,-0.00921384511621004,-0.008818125316081504,-0.0028150494152934247,-0.008595063255012136,-0.32257747171667484,-,^
2015-08-10,32.99923324584961,33.42121554870655,32.85442538437025,33.19579182726566,34458000,62.38300992163293,1.0867444780302336,1.2594540438176225,-0.17270956578738894,-0.001033273323212902,0.004216591538434011,0.00206416895272854,-0.0018814202195790442,0.2510165553296544,v,^
2015-08-11,34.35076904296875,35.03251102135897,34.05319196670167,34.812561922260244,109880000,70.15609516521171,1.1239698004636374,1.2323571951468255,-0.10838739468318814,0.04870406777483871,0.04821175550315315,0.03648721803248156,0.040956581840856154,2.1888095652678623,-,^
2015-08-12,34.408992767333984,34.63441268860277,33.86359994560989,34.55927144933116,58498000,70.43948126970788,1.1449707940521208,1.2148799149278846,-0.06990912087576384,-0.00727583547268662,-0.011363682509469064,-0.00556752568972585,0.001694975861891379,-0.4676192209683291,^,^
2015-08-13,34.162174224853516,34.53638460955242,33.94670503493811,34.296032855047635,36354000,67.51282531050234,1.1286872352805304,1.197641378998414,-0.06895414371788355,-0.007617018045923629,-0.0028303664315523225,0.002454112659661112,-0.007173082459850044,-0.3785428561660228,-,^
2015-08-14,34.30448913574219,34.44830230022643,33.98253064081724,34.03925863193982,27598000,68.32990092711577,1.1144196851425647,1.180997040227244,-0.06657735508467932,-0.007486994900928301,-0.0025504206743640623,0.0010553485483275615,0.00416586221801829,-0.2408538262639599,-,^
2015-08-17,34.540367126464844,34.57171520938467,33.990494340986714,34.23831010512728,24680000,69.69056178400632,1.1093579435805196,1.1666692208978993,-0.057311277317379616,0.005847702952046285,0.0035825541729941346,0.00023434688409906812,0.00687600942807487,-0.10573229944198859,-,^
2015-08-18,34.272647857666016,34.6224730429811,34.10295741473662,34.38909173575549,27710000,66.2134125174901,1.0713934130100071,1.147614059320321,-0.07622064631031389,0.004403886470016882,0.0014681896252184412,0.0033086624931575326,-0.0077509097635994895,0.12277147487844409,-,-
2015-08-19,34.53688049316406,34.84341363014723,34.17660344873559,34.3413166039005,50194000,67.91495773388385,1.0505178980100425,1.1281948270582653,-0.07767692904822288,-0.0013892525054773897,0.006381421306671298,0.0021595204516529076,0.0077097234096239475,0.8114038253338145,-,-
2015-08-20,33.81234359741211,34.642374885702246,33.60334373270872,34.29105769260156,57798000,59.12249297411375,0.9643929085568033,1.095434443357973,-0.13104153480116976,-0.0014635114861388798,-0.005769777513160879,-0.016773454883740824,-0.020978643276579723,0.15149221022432968,-,v
2015-08-21,32.04827880859375,33.484413517765304,32.00199891067636,33.39235106947993,91880000,44.1391717613961,0.7452027153352105,1.0253880977534207,-0.2801853824182101,-0.026208191977570072,-0.033426154291022914,-0.04765432972295691,-0.052172212900184034,0.5896743831966504,-,v
2015-08-24,30.75844383239746,31.23466736677428,29.51339507109792,29.887109967285213,129788000,36.79633015631506,0.46208734972046983,0.9127279481468306,-0.45064059842636073,-0.10497137787337318,-0.0671878618927404,-0.07776401238324537,-0.04024662241300836,0.41258162821070954,-,^
2015-08-25,30.4777889251709,32.196071601714955,30.437978340898916,32.16970079126738,71430000,35.41575620808793,0.21261893848035385,0.7727061462135353,-0.5600872077331814,0.07637375532397472,0.030780037566955576,0.031327580834860536,-0.009124483304677189,-0.44964095293863837,v,^
2015-08-26,32.830039978027344,32.966389133996024,31.36852729333694,32.00199809148187,87740000,51.754191723085015,0.20238743031803352,0.658642403034435,-0.4562549727164015,-0.0052130637109012445,0.023925823678440317,0.030571969728609094,0.07717918969226067,0.2283354332913341,-,^
2015-08-27,33.23908615112305,33.53865643877194,32.40009875907851,33.439627323330356,58974000,53.9364907349834,0.22469534593276563,0.5718529916141012,-0.34715764568133556,0.04492310848025283,0.01735911392812417,0.03288555615298816,0.01245950883305258,-0.32785502621381357,^,^
2015-08-28,32.827552795410156,33.1913112601805,32.53196511115411,33.12960599755526,38836000,51.416634815818696,0.20678355519304148,0.49883910432988926,-0.2920555491368478,-0.009271075983517285,-0.010356562112902479,0.004069936732481461,-0.012381006921846072,-0.34147251331095063,-,^
2015-08-31,32.23687744140625,33.06243264737781,32.163729382995065,32.56132649542408,38936000,47.95370505627087,0.14327419169929811,0.42772612180377106,-0.28445193010447295,-0.01715322247337059,-0.0038829021183415247,-0.011319197192695474,-0.01799328014747703,0.0025749304768771797,-,^
2015-09-01,31.32822036743164,32.0686797112841,31.10429059457663,31.539708859132993,51458000,43.14023389551164,0.019397924466062477,0.3460604823362294,-0.3266625578701669,-0.031375184805037315,-0.030056860809137387,-0.03293892868588055,-0.028186882418316905,0.32160468461064307,-,^
2015-09-02,32.09206771850586,32.0995317281875,31.381963629569068,31.74821263769646,37630000,47.87674923514556,-0.016943498203239926,0.27345968622833555,-0.2904031844315755,0.006610833964724172,0.0009620607141036519,0.008927161805800887,0.024382085612124405,-0.26872400792879625,-,-
2015-09-03,31.700939178466797,32.407559919278484,31.539709359797214,32.24234942209297,34572000,45.77407927546698,-0.07642417160021608,0.20348291466262525,-0.27990708626284133,0.015564239475005737,0.009596033789505354,0.005026636704132725,-0.012187701442918253,-0.08126494817964391,-,-
2015-09-04,31.298362731933594,31.574045123865307,31.175948800677222,31.335187329952454,40478000,43.64919056814415,-0.1542692684683047,0.13193247803643926,-0.28620174650474395,-0.02813573168209993,-0.025719764076324036,-0.011533415066394603,-0.012699196205728125,0.17083188707624664,-,-
2015-09-08,32.04081726074219,32.0985399532772,31.494429682370594,31.897501428033408,39092000,48.406062169772504,-0.15427382048599725,0.07469121833195197,-0.22896503881794922,0.017945132804215058,0.016611581675844755,0.010215595481297912,0.023721832837315437,-0.03424082217500868,-,-
2015-09-09,32.01742935180664,32.711608865533535,31.892522977546392,32.438914332281534,40978000,48.267837573605945,-0.15438498280256852,0.028875978105047873,-0.1832609609076164,0.016973520809134612,0.01909958873982176,0.012640117607801482,-0.0007299410856227428,0.04824516525120237,-,-
2015-09-10,32.39910125732422,32.58919052091599,31.932331108099063,32.04180830965956,27850000,50.739926631061316,-0.12226594106853383,-0.0013524057296684683,-0.12091353533886537,-0.012241655764255843,-0.0037423516868511086,0.0012481963430956977,0.011920754203086581,-0.32036702620918545,-,-
2015-09-11,32.60909652709961,32.60959387464154,32.216472913390014,32.35580995259822,34892000,52.096291759577845,-0.07895634621142733,-0.01687319382602024,-0.06208315238540709,0.00979974787640181,0.0006260773403516939,0.0088982481212867,0.006481515277462213,0.252854578096948,-,-
2015-09-14,32.4682731628418,32.63995298861744,32.32047741013017,32.62552231595549,29942000,51.08054150346482,-0.05535831267487623,-0.02457021759579144,-0.030788095079084792,0.00833582481020878,0.0009309871840970096,0.003228301776539988,-0.0043185300807332405,-0.14186633039092056,-,-
2015-09-15,33.095272064208984,33.283371927217985,32.51156073636747,32.679257962101055,35546000,55.262930378491134,0.013778045477643275,-0.016900564981104496,0.03067861045874777,0.0016470432450144123,0.01971261842273253,0.005912144298258815,0.019311125609376534,0.18716184623605647,-,-
2015-09-16,33.1176643371582,33.24455628928222,32.95245384771594,33.11915637967936,26252000,55.4095528984817,0.06957397126855369,0.0003943422688271417,0.06917962899972654,0.013461089541521032,-0.0011662171134776411,0.013561117995030125,0.0006766003586788916,-0.2614640184549598,-,-
2015-09-17,33.423702239990234,33.93724584451193,33.091789197353435,33.21569707236101,47752000,57.461549033199304,0.1369091421709001,0.027697302249241735,0.10921183992165838,0.002914950235292979,0.02083617989069153,0.004228375534077511,0.009240926525384774,0.8189852201737011,-,-
2015-09-18,32.888763427734375,33.33264044004793,32.844472918089416,33.09477542197956,72544000,52.880704827542225,0.14543121820023686,0.05124408543944076,0.0941871327607961,-0.0036404971456120983,-0.017815393954891845,-0.007473644830416126,-0.016004774348899797,0.5191824426202043,-,-
2015-09-21,33.1903190612793,33.29084021807498,32.74345796685147,33.11717100341842,39094000,55.05585542863003,0.174506442629081,0.0758965568773688,0.09860988575171219,0.0006767104823435233,-0.0012540327265141427,-0.0030755540358301525,0.009168956267009643,-0.4610994706660785,-,-
2015-09-22,32.50459671020508,32.78426168814955,32.09803977078962,32.71708180429025,54362000,49.46412276268309,0.14059600136793904,0.08883644577548286,0.05175955559245618,-0.01208101981557752,-0.01521675411635881,-0.01971136331157375,-0.020660312117161905,0.39054586381541934,-,-
2015-09-23,32.50907897949219,32.856914764926245,32.38168586474263,32.48967103425006,29160000,49.500227702690395,0.11278331814216358,0.093625820248819,0.019157497893344574,-0.006950826831088941,0.002216096170406079,0.008836866549437605,0.00013789647436857067,-0.46359589419079505,-,-
2015-09-24,32.589691162109375,32.682250963877706,31.955724857831896,32.29410724387824,38692000,50.18947544607967,0.09613807584479872,0.09412827136801495,0.002009804476783769,-0.00601926040327283,-0.005315891717106225,-0.013154380185453007,0.0024796821425805415,0.3268861454046639,-,v
2015-09-25,31.855201721191406,32.7723181972491,31.83081840330942,32.7723181972491,48480000,44.2617982247754,0.023409590714145168,0.079984535237241,-0.05657494452309583,0.014807994218868359,0.0027558454731573256,-0.003908734822263504,-0.02253747779518478,0.2529721906337228,-,v
2015-09-28,31.063983917236328,31.98956098174357,30.745009501370898,31.800462612301367,47646000,38.928080176081586,-0.09695528189134706,0.04459657181152339,-0.14155185370287043,-0.029654770806824104,-0.023884706928398947,-0.03411187510735292,-0.0248379467466604,-0.017202970297029663,-,v
2015-09-29,30.982376098632812,31.583002999930432,30.754465631975645,31.126187371504166,42130000,38.413906455490185,-0.19666336667722817,-0.00365541588622692,-0.19300795079100125,-0.021203315468007355,-0.012709082880042022,0.00030756635818662836,-0.002627087974966247,-0.11577047391176598,v,v
2015-09-30,31.766626358032227,31.81340170525908,31.307819446839947,31.441180724550893,52954000,45.8200642509528,-0.20997978430180098,-0.044920289569341736,-0.16505949473245923,0.010119882312830342,0.007295022114558014,0.017992633053229623,0.02531278611113441,0.2569190600522193,-,^
2015-10-01,31.947263717651367,32.03882882816022,31.40585339551747,31.745230491192768,42506000,47.38941852423211,-0.20361012515711252,-0.0766582566868959,-0.1269518684702166,0.009670430932781526,0.007085916966366845,0.0031312927699733706,0.005686387896002287,-0.19730331986252214,-,^
2015-10-02,32.69319534301758,32.69369269058267,31.524284296290364,31.74871143590188,48788000,53.392992359526076,-0.13679479103839043,-0.0886855635571948,-0.04810922748119563,0.00010965252591499386,0.02043969415782354,0.0037709817746840457,0.02334884239097046,0.14779090010822005,-,^
2015-10-05,33.424198150634766,33.49137803095471,32.637458919252964,32.92259850170166,37960000,58.4026405226367,-0.02457406551108221,-0.07586326394797228,0.051289198436890074,0.03697432156167224,0.024398753237250936,0.03531165410450221,0.02235947878289335,-0.22193982126752476,^,^
2015-10-06,33.42221450805664,33.77850901568985,32.99624957398916,33.30825736567469,42774000,58.384301290300776,0.06346996238027458,-0.04799661868232291,0.11146658106259749,0.011714107680567798,0.008573280695400198,0.010993216586618004,-5.934749935321282e-05,0.12681770284510008,-,^
2015-10-07,33.340599060058594,33.775519983835146,32.74892634371688,33.70883744933083,44354000,57.5831078211115,0.1252163876698944,-0.01335401741187945,0.13857040508177385,0.012026449755637714,-8.848915898906906e-05,-0.0074954951991648144,-0.002441952132716141,0.03693832702108768,-,^
2015-10-08,33.191314697265625,33.43465434025584,32.56879118371935,33.31323319255144,39308000,56.06752616213989,0.16025752512221203,0.021368291094938846,0.13888923402727318,-0.011735921103005587,-0.01009209166113334,-0.005500490553703052,-0.004477554903079328,-0.11376651485773548,-,^
2015-10-09,33.40230941772461,33.54412941637876,32.96042176457634,33.21570155870042,32124000,57.759730762093,0.20271659883090365,0.05763795264213181,0.14507864618877184,-0.0029277144397029664,0.0032742996236425626,0.012024719574264209,0.0063569256711717426,-0.1827617787727689,-,-
2015-10-12,33.66057205200195,33.73770269009724,33.20325904689431,33.30029497813457,26684000,59.800806962478134,0.2542742416637509,0.09696521044645563,0.15730903121729528,0.0025467900861482207,0.005770704951548522,0.007367541715711745,0.0077318795849576905,-0.1693437928028888,-,-
2015-10-13,33.995967864990234,34.25920898832213,33.495359080626606,33.55258821792855,42446000,62.34547128522351,0.3185259156695963,0.14127735149108378,0.17724856417851254,0.007576306454931903,0.01545767069605386,0.008797330205440046,0.009964055645582448,0.5906910508169689,-,-
2015-10-14,33.85862731933594,34.337835019652395,33.78348606975454,34.023837839585745,31292000,60.65235552248678,0.35427968037217994,0.183877817267303,0.17040186310487693,0.014045104914004458,0.0022950334713527365,0.008601997322506216,-0.004039906914835467,-0.2627809452009612,-,-
2015-10-15,34.48612594604492,34.542853941204285,34.05667960871049,34.09947427886417,47156000,65.29035416884341,0.4283113844165527,0.23276453069715297,0.19554685371939973,0.0022230425513734,0.0059706420464351595,0.00808660001492667,0.01853290214014769,0.5069666368400869,-,-
2015-10-16,34.60057830810547,34.645366167249,34.291061057572634,34.60456088539135,36316000,66.0758033912452,0.49056249328330637,0.28432412321438366,0.2062383700689227,0.014812152304654269,0.002967682584050557,0.006882099240296924,0.003318794411399262,-0.22987530749003304,-,v
2015-10-19,34.83097457885742,34.845405250163914,34.44581498821183,34.53488955021998,30172000,67.66220695803231,0.552123463500628,0.33788399127163254,0.21423947222899548,-0.0020133570081157792,0.005773905865195106,0.004512952526589231,0.006658740460935508,-0.16918162793259173,-,v
2015-10-20,33.83822250366211,34.733941676789335,33.523724199658744,34.72846705699682,52434000,55.597668147898695,0.5148690898547343,0.37328101098825295,0.1415880788664814,0.005605273660868271,-0.0031988026132672154,-0.026769312581764848,-0.028501989599737376,0.737836404613549,-,v
2015-10-21,33.430171966552734,34.08205412583548,33.375433364233984,33.997956832177366,31952000,51.53054662801983,0.447262696261852,0.3880773480429728,0.05918534821887922,-0.02103491131988433,-0.018768026877567956,-0.004423459474298785,-0.01205886441184123,-0.3906244040126635,v,v
2015-10-22,33.89495086669922,34.238807867122816,33.42519659241261,33.61130709155433,88632000,55.52167864501054,0.426274092788951,0.39571669699216844,0.03055739579678257,-0.011372734618484204,0.00459930439370182,0.001491013693681431,0.01390297664671003,1.7739108662994494,-,v
2015-10-23,35.79536437988281,37.44597361249552,35.72619510351582,37.32455246990981,126726000,67.35748744387807,0.5565721441933249,0.4278877864323998,0.12868435776092513,0.11047607783419178,0.09367048519385879,0.06884023867268829,0.05606774651060764,0.4297996209044137,-,v
2015-10-26,36.382057189941406,36.57264759490626,35.82969771466529,35.82969771466529,48776000,70.01065047828389,0.699116515250509,0.4821335321960216,0.21698298305448738,-0.040050172241171134,-0.023322294317321246,0.0028971070344763206,0.016390189629926555,-0.6151066079573253,-,^
2015-10-27,36.466651916503906,36.62290635996657,36.03471887880079,36.155638868700095,38778000,70.38443183428012,0.8095777355453038,0.5476223728658781,0.26195536267942565,0.009096955174740184,0.0013742173007817993,0.005722101419001868,0.0023251771091681306,-0.20497785796293255,-,v
2015-10-28,36.67068099975586,36.69307302967633,36.190474844365795,36.475614452228946,39604000,71.31311474976512,0.9031712938642258,0.6187321570655477,0.28443913679867805,0.008849949649371469,0.001915923029704114,0.004322386032450387,0.0055949497014178284,0.02130073753159012,-,v
2015-10-29,37.0652961730957,37.16183475734492,36.58310059944035,36.65625245728658,36520000,73.07192535338734,0.9976863030259437,0.694522986257627,0.30316331676831676,0.004952295054390543,0.012775210386152924,0.01084886995163803,0.010761053860506964,-0.07787092212907787,^,v
2015-10-30,36.69406509399414,37.13794206627005,36.65127042746865,37.10062201907829,39984000,68.79855783627676,1.0307530041442519,0.761768989834952,0.26898401430929986,0.012122612978768377,-0.0006429362605716582,0.0018634240103023725,-0.010015597268342447,0.09485213581599128,v,v
2015-11-02,37.209102630615234,37.23099731028972,36.398475559337726,36.55174591015075,39914000,71.3057828516088,1.0859991061851204,0.8266150131049858,0.25938409308013466,-0.01479425624307018,0.0025056650649522005,-0.006897301653736587,0.01403599016085555,-0.0017507002801120386,-,v
2015-11-03,37.262847900390625,37.40615991680805,36.88166709419315,37.09415217776977,36306000,71.56258274723612,1.1211944030233312,0.8855308910886549,0.23566351193467627,0.014839407916446223,0.004704751931797313,0.013275048678005996,0.0014444118770864378,-0.09039434784787292,-,^
2015-11-04,37.5858039855957,37.81421180052391,37.28175757991562,37.31659089167331,41840000,73.11936507564155,1.1617548001861664,0.9407756729081572,0.22097912727800917,0.005996597869052822,0.010908681474478321,0.010847950140124407,0.008666972692704222,0.1524265961549056,-,^
2015-11-05,37.852535247802734,38.13518435550487,37.69329668819346,37.75997543845972,45486000,74.36745150753146,1.201571225715604,0.9929347834696466,0.20863644224595734,0.011881700235520265,0.008488146114856043,0.011038618750623064,0.0070965958932061035,0.08714149139579352,-,^
2015-11-06,37.89881134033203,37.96947266101324,37.57187175133231,37.78883678218821,33544000,74.58790302235276,1.2227648516659002,1.0389007971088973,0.18386405455700294,0.000764336930661802,-0.004345375466047963,-0.003221393391658056,0.0012225361452369299,-0.2625423207140659,^,^
2015-11-09,37.55893325805664,37.98340612435336,37.277282669450685,37.74554110497061,35538000,69.83718568402904,1.1983221206857166,1.0707850618242611,0.1275370588614555,-0.0011457266458650972,0.00036696488951837303,-0.007840681556440687,-0.008968040691917145,0.05944431194848554,-,^
2015-11-10,37.732601165771484,37.84904503528066,37.24244806437337,37.494739951188045,29798000,70.85855537770041,1.1793695905253827,1.0925019675644856,0.08686762296089712,-0.006644524000466445,-0.0035373628324120165,-0.0009344727561342303,0.004623877534583265,-0.1615172491417638,-,^
2015-11-11,38.080440521240234,38.271027141078676,37.80674750482283,37.93762204584018,41866000,72.84213892739247,1.1788285016277484,1.1097672743771383,0.06906122725061015,0.011811846014366134,0.011149081975639463,0.015152050141120421,0.009218536351113915,0.4049936237331364,-,^
2015-11-12,37.646514892578125,38.10781045111619,37.61317362319538,37.828145462896956,35452000,66.7391657477019,1.1303554786764707,1.113884915237005,0.016470563439465735,-0.0028856996574783134,-0.004264758543344627,-0.005120088195969763,-0.011394973974108269,-0.15320307648210962,-,-
2015-11-13,36.82742691040039,37.58679299178469,36.79756707873732,37.52260099766402,48188000,57.026557674050764,1.0141561432711015,1.0939391608438243,-0.07978301757272277,-0.008077172737231408,-0.013672196149916438,-0.02168406613674012,-0.021757338880237564,0.3592463048629133,-,-
2015-11-16,37.34246826171875,37.40666026574575,36.54179563992592,36.83439925610551,50704000,60.881626272764635,0.9526453627222509,1.0656804012195096,-0.11303503849725871,-0.018340992448827143,-0.004792447338572203,-0.006950770366533132,0.013985265725227958,0.05221216900473147,-,-
2015-11-17,37.12152862548828,37.56789621155122,37.02548738416693,37.44448566522589,38864000,58.45892958811318,0.875971984043403,1.0277387177842883,-0.15176673374088523,0.016562952605213344,0.0043103539492703735,0.013236671481806406,-0.005916578269063222,-0.2335121489428842,-,-
2015-11-18,37.81968307495117,37.87392432629313,37.191685027199526,37.30016752988345,36266000,63.41340173096519,0.8616108943342979,0.9945131530942902,-0.1329022587599923,-0.0038541892825747492,0.00814600085718431,0.004488736132172155,0.01880726563031465,-0.06684849732400167,-,-
2015-11-19,37.816200256347656,37.979914902854354,37.68134315420572,37.808235103331306,28078000,63.37279606799622,0.8402625690686563,0.9636630362891635,-0.12340046722050724,0.01362105339180597,0.00279851054377378,0.013165795705359695,-9.209010547794882e-05,-0.2257762091214912,-,-
2015-11-20,38.66514587402344,38.78059505694011,38.02321819649649,38.28197941718943,55478000,68.64348142950432,0.8816831889279086,0.9472670668169125,-0.06558387788900388,0.012530188530709419,0.02108167319841936,0.009072793421712522,0.022449257511885534,0.9758529809815515,-,-
2015-11-23,38.650211334228516,38.958737634577766,38.491470158196975,38.68852987172221,34648000,68.45685338102616,0.9028962105556104,0.9383928955646521,-0.035496685009041684,0.010619891153021976,0.004593600933046504,0.012314895579870644,-0.0003862532898124549,-0.37546414795053895,-,-
2015-11-24,38.29839324951172,38.614880908442075,37.72513380203938,38.46410108820721,47880000,64.03974356935366,0.8811614234710703,0.9269466011459357,-0.04578517767486545,-0.005800912680299031,-0.008826177309977812,-0.019909251400583305,-0.009102617361505305,0.3818979450473332,-,-
2015-11-25,38.27998733520508,38.46609782873732,38.144135520879296,38.40090733314478,23612000,63.80778051386203,0.8526227404433797,0.9120818290054246,-0.05945908856204485,-0.0016429281661233253,-0.003852998538504626,0.011106699343695015,-0.0004805923367784404,-0.5068504594820384,-,-
2015-11-27,38.41483688354492,38.51585537613709,38.16751849573179,38.27500630249177,14434000,64.8133766873614,0.8313041038597007,0.8959262839762798,-0.06462218011657916,-0.003278595205075896,0.0012935428912312918,0.0006130162483219959,0.0035227166393503317,-0.3887006606810096,-,-
2015-11-30,37.96101379394531,38.56711343353651,37.874923309261355,38.40986428090268,33586000,58.88377135631931,0.7689255056125788,0.8705261283035397,-0.10160062269096093,0.0035233953286673003,0.0013308300412608887,-0.007666078330535342,-0.011813745063538383,1.326867119301649,-,-
2015-12-01,39.003028869628906,39.06324209416027,38.1152748520615,38.16453883702487,40398000,66.46915763037973,0.7944144103952908,0.85530378472189,-0.06088937432659913,-0.0063870427159979926,0.012864034055303453,0.00634592817093238,0.027449611365484516,0.2028226046567021,-,-
2015-12-02,38.70744323730469,39.46382532912744,38.6367781239171,39.075681637498256,46876000,62.92292413802965,0.7817517137245957,0.8405933705224311,-0.05884165679783537,0.023874068133359794,0.010254735999679188,0.013682264495788798,-0.007578530203698808,0.16035447299371253,-,-
2015-12-03,38.22724151611328,39.03736760878329,37.941110986318925,38.842301045335134,41950000,57.551053952745136,0.7246152560815773,0.8173977476342604,-0.09278249155268314,-0.00597252773037138,-0.0108062945441173,-0.018005309225500254,-0.012405927155855312,-0.10508575817049237,-,-
2015-12-04,38.775115966796875,38.93485184637412,38.09337778112574,38.302377642577646,49800000,61.58104582290701,0.7152975858336674,0.7969777152741419,-0.08168012944047442,-0.013900396944231286,-0.0026260931176645963,0.004013240278117225,0.014332042516137511,0.18712753277711558,-,-
2015-12-07,38.46560287475586,38.864194696849,38.153591295193614,38.81741744763948,36626000,58.21840690881935,0.6751553743275167,0.7726132470848168,-0.09745787275730011,0.013446679730119593,-0.0018147532653757237,0.0015806819341106504,-0.007982260899130567,-0.2645381526104418,-,-
2015-12-08,38.57258987426758,38.74725379318379,37.94459172577202,38.043119700899474,31082000,59.05077519751413,0.6445454208369981,0.7469996818352531,-0.10245426099825505,-0.01994717314165606,-0.0030089624801794557,-0.005477847886049991,0.0027813680669472873,-0.1513678807404576,-,-
2015-12-09,37.94607925415039,38.619859876897564,37.42158641566026,38.371546781700694,46550000,52.459940254790716,0.5632399614167056,0.7102477377515437,-0.14700777633483808,0.008633021775904748,-0.003287817943594118,-0.013783395375329244,-0.01624237890583391,0.49765137378547064,-,-
2015-12-10,37.82117462158203,38.12124221632569,37.57037480239904,37.99783169676223,32458000,51.2322382791038,0.48315651156439543,0.664829492514114,-0.18167298094971862,-0.009739380251324259,-0.012910913249329248,0.003976004252896015,-0.0032916347360102405,-0.30272824919441466,-,-
2015-12-11,37.34246826171875,37.69179987199412,37.25438838867485,37.271806942878534,43184000,46.719513862969585,0.37671960890965295,0.6072075157932219,-0.2304879068835689,-0.019107004833266883,-0.011265171840272759,-0.008410520666512267,-0.012657099221612067,0.33045782241666144,-,-
2015-12-14,37.94558334350586,38.025701858089896,36.637836427045,37.38426778350325,53864000,52.407396427836815,0.3371475166713225,0.553195515968842,-0.2160479992975195,0.0030173165684472814,0.00885874347284421,-0.016549780798905123,0.016150916365788026,0.2473138199333087,-,-
2015-12-15,37.82366943359375,38.553179598691806,37.71966684467828,38.206835867349085,49386000,51.21715343280067,0.2925762776121559,0.5010716682975048,-0.20849539068534895,0.022003054563203728,0.013871610905971776,0.029527682940215794,-0.00321286166056467,-0.08313530372790734,-,-
2015-12-16,38.64474105834961,38.88907538854301,37.67239239941348,38.14612544665826,53120000,58.11637072859699,0.31982017972453747,0.4648213705829114,-0.14500119085837393,-0.0015889936790789427,0.00871253145259665,-0.0012533102548191177,0.02170787861281931,0.07560847203660948,-,-
2015-12-17,38.308345794677734,38.893545348466894,38.28197119171826,38.87214801691665,36510000,54.7028973027475,0.3106854930555798,0.4339941950774451,-0.12330870202186528,0.019032668764056293,0.00011494127538957954,0.016181048069415116,-0.008704813500081454,-0.31268825301204817,-,-
2015-12-18,37.662437438964844,38.52282593802575,37.64949880931926,38.178968946937225,67794000,48.77864572463603,0.24846265896399444,0.396887887854755,-0.14842522889076054,-0.01783228108921997,-0.009531643544441248,-0.016521416288402313,-0.016860773868304868,0.856861133935908,-,-
2015-12-21,37.85900115966797,38.13518092690727,37.52808278655808,37.97096510929549,34848000,50.53432135281446,0.21256138878919018,0.36002258804164206,-0.14746119925245188,-0.005448126111808449,-0.010062735577657467,-0.00322490409171472,0.0052190918610000026,-0.4859722099300823,-,v
2015-12-22,38.17399215698242,38.333728046238384,37.87890559539048,38.031674822175916,36338000,53.29692247438676,0.20713874796746978,0.3294458200268076,-0.12230707205933783,0.0015988456628814873,0.0052064029724065986,0.009348274219807884,0.008320108499059398,0.04275711662075299,-,v
2015-12-23,38.24266052246094,38.41135624527588,37.70224498552143,38.35114302648295,30594000,53.90135197435361,0.20600750299755077,0.3047581566209563,-0.09875065362340552,0.00840005615847228,0.002025062601369365,-0.004663825606686545,0.0017988258916210587,-0.15807144036545762,-,^
2015-12-24,38.109798431396484,38.27699832313993,38.03764507211892,38.24315970744716,10412000,52.485973880487805,0.19217485077953,0.282241495452671,-0.09006664467314102,-0.002815647996755155,-0.0034978697778337287,0.00889602427458347,-0.003474185353459336,-0.6596718310779892,v,^
2015-12-28,38.92589569091797,38.954757034106755,38.203849577479566,38.316808212561895,31156000,59.51772155732496,0.24424905164428878,0.2746430066909946,-0.030393955046705834,0.0019257955063893828,0.017706683926599798,0.004369474110332616,0.021414368301910125,1.9923165578179023,-,^
2015-12-29,39.50911331176758,39.74448779965133,39.122958983144706,39.16226842469104,38430000,63.65709394701217,0.32878894456457175,0.2854721942657101,0.04331675029886167,0.022064995796073905,0.020273025059638572,0.024058031214920783,0.014982766883015808,0.23347027859802294,^,^
2015-12-30,39.32698059082031,39.633517536850135,39.172719320944,39.50911230719599,28566000,61.54080602625456,0.37674791490159265,0.3037273383928866,0.07302057650870603,0.008856583044261734,-0.0027920919087091045,0.0012718960705586646,-0.00460989138151624,-0.2566744730679157,-,^
2015-12-31,38.71540451049805,39.228948120164915,38.68106854724174,39.20356820924404,32752000,54.936378619205996,0.3612424873632776,0.3152303681869648,0.04601211917631276,-0.0077335095654959,-0.0102077595386042,-0.01255084615581914,-0.015551056072304226,0.1465378421900161,-,^
2016-01-04,37.79132080078125,37.92866465168549,37.1991507297773,37.92866465168549,67382000,46.769113789858174,0.27126155746424985,0.30643660604242184,-0.035175048578172,-0.03252008977228593,-0.03314601922275462,-0.03831119131713112,-0.023868631140512075,1.0573400097703956,-,^
2016-01-05,37.895328521728516,38.277002943750404,37.60272867585629,38.023218990238334,45216000,47.71135681725828,0.20596929032588207,0.2863431428991139,-0.08037385257323182,0.0024929519512795206,0.009184037858011918,0.010849117201913172,0.002752158928118531,-0.3289602564483096,-,-
2016-01-06,37.785850524902344,38.104327625779796,37.22204818138013,37.339984102292526,48206000,46.77284664592673,0.14373386429885926,0.257821287179063,-0.11408742288020374,-0.01796888601465374,-0.004511202672381698,-0.010123746543973078,-0.0028889575865109762,0.06612703467799008,-,-
2016-01-07,36.87370300292969,37.58579829417658,36.58906458473295,37.14689863248992,63132000,39.755988504276694,0.0205720174901316,0.21037143324127672,-0.18979941575114512,-0.005171011034007078,-0.013608148048055435,-0.017005608975699027,-0.024139922995024654,0.3096295067004107,-,-
2016-01-08,36.37160873413086,37.32753724151214,36.27257962965634,37.21208807581802,47506000,36.509185746300325,-0.11620984994213757,0.14505517660459386,-0.26126502654673145,0.0017549094467628201,-0.0068712403190981375,-0.008649714297661149,-0.013616594697823947,-0.24751314705696004,-,-
2016-01-11,36.479095458984375,36.57911926593462,35.80681064583871,36.423362160342094,50896000,37.68250868415448,-0.21347636233019074,0.07334886881763694,-0.28682523114782765,-0.02119542213994907,-0.020050022875476414,-0.012840801193991225,0.0029552370267484918,0.07135940723277057,-,-
2016-01-12,37.08967208862305,37.23895986769762,36.6462924721431,36.86126429235926,46816000,44.012037191566804,-0.2385425726649828,0.010970580521112992,-0.2495131531860958,0.012022562060290953,0.018038723047591132,0.023444752860220186,0.016737712982088038,-0.08016347060672746,-,-
2016-01-13,35.80730438232422,37.47085206192258,35.66846849727574,37.28872036804441,51728000,35.78998862870674,-0.3577600465332864,-0.06277554488976689,-0.2949845016435195,0.01159634873874249,0.00622713940047781,-0.026682753121906155,-0.03457479222880977,0.10492139439507864,-,-
2016-01-14,36.39549255371094,36.81846953126541,35.08227111633838,36.049646203078375,55558000,41.214574969136784,-0.4001660189800731,-0.13025363970782813,-0.269912379272245,-0.0332291951221767,-0.017410400211318233,-0.016434610333273203,0.01642648564400373,0.07404113826167635,-,v
2016-01-15,35.35546875,36.03571490352117,34.90860388041495,35.33058618663917,76676000,35.503173031285755,-0.5117946367887711,-0.20656183912401674,-0.3052327976647544,-0.01994638206401611,-0.02125983610153981,-0.004950284870313126,-0.028575621065606294,0.38010727527988775,-,v
2016-01-19,35.78292465209961,36.09493622719103,35.32362226178793,35.83617121575216,48724000,39.230603447707416,-0.5593214917501612,-0.27711376964924567,-0.28220772210091555,0.014310122861878494,0.0016434063769350526,0.011888713246587912,0.012090234331841865,-0.36454692472220773,-,^
2016-01-20,35.75705337524414,36.17455581491986,34.22537459065237,35.12706201554359,82440000,39.083380825493045,-0.5922474031442775,-0.34014049634825205,-0.25210690679602543,-0.019787526852111603,0.002205838160446838,-0.031091026367463193,-0.0007230062133546378,0.6919793120433462,v,^
2016-01-21,36.16061782836914,36.70800005874484,35.386319829904295,35.837163484246084,51938000,42.695937722574,-0.579101623467082,-0.38793272177201804,-0.191168901695064,0.020215225184169183,0.014746393751294162,0.03392059993899954,0.011286289417919537,-0.36999029597282873,-,^
2016-01-22,37.095645904541016,37.249910963020234,36.848828644757276,36.92346874146934,47146000,50.08228955578325,-0.4876136404530982,-0.40786890550823407,-0.07974473494486412,0.0303122555360944,0.014762746633108836,0.04132978003598553,0.025857635525196043,-0.09226385305556628,^,v
2016-01-25,36.50646209716797,37.443981154563524,36.45072880259209,37.015032206718786,45340000,46.05398216570275,-0.4573785883613155,-0.4177708420788504,-0.039607746282465106,0.002479817535306683,0.0052099504811153885,-0.010803595577028702,-0.015882829184028946,-0.03830653713994825,-,v
2016-01-26,36.51491928100586,36.79707097131993,36.175542255939725,36.58558438786847,30940000,46.120973375595675,-0.427803218486261,-0.4197773173603325,-0.008025901125928492,-0.011601984200688142,-0.01727674684412528,-0.007549548546551876,0.00023166265236485017,-0.317600352889281,-,v
2016-01-27,35.70827865600586,36.6194192759765,35.502760242138436,36.6194192759765,42428000,40.90352490934813,-0.46410378233359495,-0.428642610354985,-0.03546117197860993,0.0009248147507858739,-0.004827875987246322,-0.01859770363748514,-0.02209071362837689,0.3712992889463478,v,v
2016-01-28,37.23697280883789,37.37929013849401,36.356181690938946,36.73387728992281,62104000,51.988405731022006,-0.36530835113526194,-0.4159757585110404,0.05066740737577846,0.003125609750491032,0.02075048915415234,0.024038171764109162,0.04281063692704534,0.46375035354011507,-,^
2016-01-29,37.88636779785156,38.07347298049672,37.03294599111045,37.26981630035328,75808000,55.78272955476039,-0.23193787627354112,-0.3791681820635406,0.14723030578999946,0.014589775160420926,0.0185713222329984,0.018614834360896948,0.01743952153005157,0.22066211516166434,-,^
2016-02-01,38.355125427246094,38.694502464851915,37.887857943300155,38.37950684523565,111522000,58.34197001494914,-0.08740840130170824,-0.32081622591117415,0.2334078246094659,0.029774510717721414,0.0163113431935491,0.0230851726566641,0.012372725511605065,0.4711112283663994,-,^
2016-02-02,38.85971450805664,40.32471052541643,38.844285344764415,39.83455364647798,135846000,60.961291398192344,0.06707516988107898,-0.24323794675272353,0.3103131166338025,0.03791207654412454,0.04213022410729561,0.025243638816836,0.013155714528106044,0.21810943132296767,^,^
2016-02-03,37.29072189331055,39.38321518015546,36.63784114779001,39.12694068514115,131114000,50.35829099946214,0.06218311342196614,-0.18215373471778562,0.24433684813975176,-0.017763797923198044,-0.023347851304910128,-0.05680228577745727,-0.040375814248990394,-0.03483356153291228,-,^
2016-02-04,36.32781982421875,37.08470310920246,35.958089357420214,37.05235653395423,104922000,45.166288129204624,-0.01917103448263191,-0.1495571946707549,0.130386160188123,-0.05302188504543015,-0.05836273296729677,-0.01855327085533809,-0.025821491786795603,-0.19976508992174746,-,^
2016-02-05,35.02056884765625,36.16310527115123,34.84043032142689,36.10239849669483,109556000,39.24981266999852,-0.1869736951082288,-0.1570404947582497,-0.029933200349979122,-0.025638262343418594,-0.024851158585183164,-0.03108226983040996,-0.035984845302799884,0.04416614246773798,-,^
2016-02-08,35.04047393798828,35.05838983961501,33.93824165577193,34.22039337797896,89410000,39.380025649454346,-0.31472439129714047,-0.18857727406602787,-0.1261471172311126,-0.05212964226983896,-0.030548135268059995,-0.025894877225443147,0.0005683828386289225,-0.18388769213918,-,v
2016-02-09,34.884220123291016,35.87647786921668,34.26119928359262,34.482640439197596,84300000,38.679159884284644,-0.4236920571042262,-0.23560023067366756,-0.18809182643055863,0.007663473015111277,0.02333501433877183,0.009516038900788448,-0.004459238050655068,-0.05715244379823281,-,v
2016-02-10,35.17433166503906,35.98893758455886,35.101680958372405,35.42015802669594,60314000,40.78633137892937,-0.4810943838836721,-0.28469906131566847,-0.19639532256800363,0.0271881032182395,0.0031346364532254256,0.024531589446791013,0.008316411853918737,-0.28453143534994074,-,v
2016-02-11,35.14995193481445,35.446534335880614,34.39506185303676,34.6513363219466,65004000,40.65988496881768,-0.5225299815335376,-0.3322652453592423,-0.1902647361742953,-0.021705767212271576,-0.015071388184322743,-0.020130634375420287,-0.0006931113988681847,0.07775972411048837,v,^
2016-02-12,35.176326751708984,35.62965716291255,34.91208712706895,35.44105992737206,46538000,40.87344485378873,-0.5469350372444524,-0.37519920373628435,-0.171735833508168,0.022790567096406145,0.0051661701337772925,0.015031962327654469,0.0007503514355706731,-0.2840748261645437,-,^
2016-02-16,35.711265563964844,35.97201994330941,35.34003928615826,35.76152424125676,43444000,45.182571813937194,-0.5171497478665614,-0.40358931256233976,-0.11356043530422166,0.009042176349731479,0.009608927159513447,0.012257994130562722,0.01520735283225294,-0.06648330396665092,-,^
2016-02-17,36.42435836791992,36.513432939244304,35.66001487007434,36.17703994665215,49154000,50.37460346631345,-0.4310353544730319,-0.4090785209444782,-0.021956833528553654,0.011619071452106278,0.015050947841909856,0.009054194346677091,0.019968287113146577,0.13143356965288655,^,^
2016-02-18,35.70479202270508,36.62489245457985,35.607258764902944,36.52338041693433,47276000,45.6735723228612,-0.4160560327206184,-0.4104740232997063,-0.005582009420912137,0.009573488344897907,0.0030525619303176654,-0.0014794190457747547,-0.019755086361345153,-0.038206453187939915,-,^
2016-02-19,35.93370056152344,36.02924443847554,35.48633835867938,35.62467690228506,34918000,47.3566375313042,-0.3813182073653181,-0.4046428601128287,0.02332465274751061,-0.024606252334534173,-0.01626347481683399,-0.003395948197583487,0.006411143318599821,-0.2614011337676623,-,^
2016-02-22,36.279048919677734,36.56766993544697,36.000382447374164,36.301938295175255,37516000,49.87945408977701,-0.32220729901634115,-0.3881557478935312,0.06594844887719004,0.019011018534928814,0.014944124012671534,0.014485689774444088,0.009610709522193783,0.074402886763274,-,^
2016-02-23,35.693851470947266,36.37111361808558,35.61323939749998,36.13225768680585,41332000,45.86817207148052,-0.31890587329674247,-0.37430577297417345,0.055399899677430975,-0.00467414734138194,-0.005375139233874449,-0.010753859363580753,-0.016130451766420473,0.10171660091694212,-,-
2016-02-24,35.87348556518555,35.8894120749195,34.93398094580679,35.36143404019202,37092000,47.26998615281369,-0.2983552459327896,-0.3591156675658967,0.060760421633107076,-0.021333392817446395,-0.01324406913200904,-0.019073200393583845,0.005032634104629841,-0.10258395432110712,-,v
2016-02-25,36.282535552978516,36.301939700050205,35.4918137123975,35.974506582421945,36146000,50.41866414149815,-0.24622349901819973,-0.3365372338563573,0.09031373483815758,0.01733732126171983,0.011494410225209473,0.015968199199973387,0.011402571602630696,-0.025504151838671385,-,^
2016-02-26,36.07054901123047,36.63285926807521,35.92524379784174,36.50546995628764,42474000,48.79258825902573,-0.2194841792784885,-0.3131266229407836,0.09364244366229507,0.014759434508134106,0.009115754440651713,0.012212114290818477,-0.005842660622174867,0.17506778066729378,-,^
2016-02-29,35.69036865234375,36.35618418571059,35.67145805458296,35.878468545148046,45068000,45.93153152351129,-0.22636110350438798,-0.29577351905350446,0.06941241554911648,-0.017175546894489524,-0.007552647756483899,-0.007064273375203101,-0.010539910517257445,0.061072656213212895,v,^
2016-03-01,36.93193435668945,36.939895714573595,35.76103007956886,35.893396671190516,60112000,55.175399884797066,-0.13012711497568574,-0.26264423823794075,0.132517123262255,0.00041607478378535845,0.01605535734667196,0.0025110278601125913,0.03478713589202931,0.33380669210970093,^,^
2016-03-02,36.79806900024414,36.97920221648382,36.48805063571471,36.96676473133603,36292000,54.10140696535442,-0.06392590322404601,-0.22290057123516183,0.15897466801111582,0.029904332264186095,0.0010640664016470236,0.02032996685297417,-0.0036246505572233856,-0.3962603140803833,-,v
2016-03-03,36.40544509887695,36.87370729930235,36.30791182936019,36.79806871119092,40534000,50.96779652249262,-0.04265078183853177,-0.18685061335583583,0.14419983151730406,-0.0045634510179924925,-0.002852817553063436,-0.004936926013202836,-0.01066968762313536,0.11688526397002086,-,v
2016-03-04,36.33727264404297,36.575133839856065,36.10836370354059,36.56518309296489,48516000,50.42169825661327,-0.030934449151864385,-0.15566738051504156,0.12473293136317717,-0.006328745675590608,-0.008097191232299461,-0.0054959956594978765,-0.0018725895164536377,0.19692110327132784,-,v
2016-03-07,35.47041702270508,36.187489678685246,35.08923999168951,36.08497913581763,61690000,43.97026067433305,-0.0905533326618908,-0.1426445709444114,0.0520912382825206,-0.013132819707927124,-0.010598571227876219,-0.028224034747693416,-0.023855825114601714,0.27153928600873933,v,v
2016-03-08,35.50674057006836,35.94066679135705,35.03251021679488,35.25096347173125,52530000,44.29191060587677,-0.1333337324010273,-0.1407824032357346,0.007448670834707294,-0.023112543891110393,-0.00682066895271749,-0.0016167285158659173,0.0010240518835746837,-0.14848435727022202,-,v
2016-03-09,36.09791946411133,36.139222091730495,35.463452029619845,35.5883546076181,39544000,49.38476721660891,-0.11817209697498043,-0.13626034198358378,0.018088245008603343,0.009571118138584245,0.005524530235515579,0.012301197092589922,0.016649765215039913,-0.24721111745669144,-,v
2016-03-10,36.4343147277832,36.651773322553964,35.99242707872845,36.21635498886443,44616000,52.06990812738312,-0.07811168240838384,-0.1246306100685438,0.046518927660159956,0.0176462325434934,0.014182685767902825,0.014916061997201746,0.00931896543251809,0.12826218895407648,-,v
2016-03-11,37.0662841796875,37.067776222190396,36.659727275194896,36.82145633010852,35380000,56.71557816710533,0.004578361434255385,-0.09878881576798397,0.10336717720223935,0.016707958087724073,0.011350143851851291,0.018540016626464872,0.017345446363572936,-0.20701093778016855,-,-
2016-03-14,37.33351516723633,37.53355900164528,37.006078213251115,37.07126871410774,32824000,58.54531702614347,0.0906294049167613,-0.06090517163103492,0.15153457654779623,0.0067844243247638936,0.012565706037041657,0.009447722713708417,0.00720954348305769,-0.07224420576596946,-,^
2016-03-15,37.34993362426758,37.47135477089283,36.965271340641664,37.123515190697546,29832000,58.66094110439448,0.15832523436090895,-0.017059090432646144,0.1753843247935551,0.0014093522666496217,-0.001657296361097127,-0.0011027073005223098,0.0004397779570903815,-0.09115281501340478,-,^
2016-03-16,37.68781661987305,37.769427176641834,37.14740104987417,37.27429301297814,29306000,61.0675478122525,0.23651263047672444,0.033655253749227974,0.20285737672749646,0.0040615179221599185,0.007954673845434135,0.0049270491633659486,0.00904641488802893,-0.017632072941807464,-,^
2016-03-17,37.74354934692383,38.084915791884136,37.68781604978745,37.70224672161412,44564000,61.466037284032026,0.2995211768224877,0.08682843836387992,0.21269273845860776,0.011481202567328985,0.008353015622048154,0.014547854887283274,0.001478799571036804,0.5206442366750836,^,^
2016-03-18,37.59077835083008,37.925675465363916,37.412131881292375,37.90029935225394,56222000,59.66331925032215,0.333286640204733,0.13612007873205054,0.19716656147268244,0.0052530723726413875,-0.004181191508743076,-0.007314941468905545,-0.0040476054514517745,0.2616012925231128,-,^
2016-03-21,37.92667770385742,37.98539508927515,37.38476627493231,37.51613816731623,28774000,62.282629466919474,0.38273831471774145,0.18544372592918873,0.19729458878855272,-0.010136098962365114,0.0015746489199850444,-0.0007314634313514423,0.008935684967532165,-0.4882074632706058,-,^
2016-03-22,37.82167434692383,38.06799805403003,37.71369298292644,37.7415596312543,22096000,60.9502108533973,0.40874447778915624,0.23010387630118226,0.17864060148797398,0.006008653207660197,0.0021745980148617505,0.008798415525060665,-0.002768588320693155,-0.23208452074789743,-,^
2016-03-23,37.69776916503906,38.0874087184711,37.621633224236895,37.985892865219434,24678000,59.337075321347285,0.41457744599630075,0.266998590240206,0.14757885575609475,0.0064738510107251734,0.0005098945422221668,-0.0024410168140049926,-0.003276036400404414,0.11685372918175241,-,-
2016-03-24,37.56241989135742,37.697770570860776,37.34645334333497,37.381286657532144,31116000,57.54540764220562,0.4036258129760526,0.29432403478737534,0.10930177818867726,-0.015916598560221762,-0.010230103877383656,-0.0073144054980751605,-0.003590378865367061,0.26088013615365924,-,-
2016-03-28,37.48478698730469,37.73459212156763,37.42308172502961,37.62859635355816,21676000,56.49177044442072,0.3842528111357453,0.31230979005704934,0.07194302107869593,0.006615869011993514,0.0009767567192771054,0.002051824867817409,-0.002066770572217491,-0.3033808972875691,-,-
2016-03-29,38.11228561401367,38.17648141334366,37.236475562311185,37.50469016017419,40062000,62.47282693809542,0.41475245443267994,0.3327983229321755,0.08195413150050446,-0.0032928731175552173,0.011710456293059002,-0.004986392197455447,0.016740087836740303,0.8482192286399706,-,-
2016-03-30,38.23420715332031,38.6805747162325,38.196389753819,38.22773783811599,40396000,63.522100326963056,0.4436475974227392,0.3549681778302882,0.08867941959245096,0.0192788601866547,0.013204289243708311,0.02577886808598473,0.0031990088587552368,0.008337077529828818,-,-
2016-03-31,37.963497161865234,38.27102498076401,37.732101479856624,38.23420228113315,32554000,59.541306373105215,0.43963533010602873,0.37190160828543634,0.0677337218205924,0.00016910346734433368,-0.01058799509761732,-0.012155292082701386,-0.007080308749950581,-0.1941281314981681,-,-
2016-04-01,38.300392150878906,38.318801604672444,37.58033155583036,37.677868630981905,31674000,62.676085758155146,0.45835654053298924,0.38919259473494694,0.0691639457980423,-0.014550680201474209,0.0012483758648336174,-0.004022302444704362,0.008874182153905563,-0.027032008355348025,-,-
2016-04-04,38.073970794677734,38.43823041704059,37.90826294395835,38.29242406134884,26924000,59.347896776632616,0.44973861669153337,0.40130179912626424,0.04843681756526913,0.0163107801130129,0.003116715747018217,0.008726144090581034,-0.005911724227501858,-0.14996527120035363,-,-
2016-04-05,37.74802780151367,37.96200492941499,37.600232063111754,37.72613312085494,24478000,54.83387168152622,0.4118603052050389,0.40341350034201917,0.008446804863019741,-0.014788589502368388,-0.012389370750389261,-0.0081256923141525,-0.008560782769986952,-0.09084831377209923,-,-
2016-04-06,38.22077178955078,38.23819034508741,37.635070961358366,37.711704253317144,25312000,59.629956968292014,0.4152017718301977,0.4057711546396549,0.009430617190542778,-0.0003824634634981283,0.007275311622395808,0.0009265607240969143,0.012523673833316096,0.03407141106299538,-,v
2016-04-07,37.82516098022461,38.284960694700956,37.694783785981095,38.083922181938455,25498000,54.42191285572443,0.38152938884862664,0.40092280148144926,-0.019393412632822626,0.009870090360304173,0.0012231318791882106,0.0015866271298927703,-0.010350675583017055,0.007348293299620723,-,v
2016-04-08,37.79281234741211,38.173989365149524,37.60869505124779,38.111289407500365,23434000,54.006548670568996,0.34821946123016545,0.39038213343119255,-0.042162672201027096,0.0007186031268304749,-0.002898561929744692,-0.002283836809413353,-0.0008552146765327118,-0.08094752529610161,-,v
2016-04-11,37.69676971435547,38.178467863276815,37.686818967588316,38.090387998722086,31774000,52.720007991891904,0.3104921060575734,0.3744041279564687,-0.06391202189889533,-0.0005484309007441901,0.00011731805351677949,0.002077283357852844,-0.0025412936241357986,0.3558931467099087,v,v
2016-04-12,38.03416061401367,38.064016653417234,37.399693200864554,37.741063449975755,27388000,56.628717147920916,0.3043096390881601,0.360385230182807,-0.05607559109464688,-0.009170937002743296,-0.0029977947326081944,-0.007618731816306901,0.008950127616099701,-0.13803738906023788,-,v
2016-04-13,38.4118537902832,38.602937745557355,38.047594187080826,38.33223262817616,35426000,60.559580484145435,0.3261272800072632,0.3535336401476983,-0.02740636014043507,0.01566381877352163,0.014158282270815947,0.017323697890690104,0.00993036707454964,0.2934861983350372,-,^
2016-04-14,38.58502960205078,38.795024174361195,38.4770444339096,38.58353755933097,26992000,62.24903502788678,0.3533189177913556,0.35349069567642977,-0.0001717778850741647,0.006555969061141864,0.004975953645547371,0.011287185326808169,0.004508395057241099,-0.23807373115790664,-,^
2016-04-15,38.81443405151367,38.860713953956015,38.56213834709175,38.59050614291202,31712000,64.42309933017657,0.38889655113728594,0.36057186676860103,0.028324684368684905,0.00018061028153093517,0.0016932527042534673,0.0022115501446144936,0.005945426291721567,0.17486662714878487,-,^
2016-04-18,39.19660186767578,39.23989768016777,38.69549953559888,38.823883540792586,33540000,67.75466360679488,0.4428252172857796,0.3770225368720368,0.06580268041374282,0.006047533997514787,0.00975750797221675,0.0034583452636045564,0.009846023148370575,0.05764379414732601,^,^
2016-04-19,38.62782287597656,39.359326216147764,38.330245786427476,39.33693418652119,43952000,58.912444917616305,0.43465789692712775,0.388549608883055,0.04610828804407274,0.01321482033577448,0.0030435486084448016,-0.009439179066169645,-0.014510926064952412,0.31043530113297546,-,^
2016-04-20,38.56163787841797,38.797513499920775,38.38000730962859,38.77263093584716,34262000,57.96449625559218,0.4180259179585306,0.39444487069815015,0.02358104726038046,-0.014345379535637193,-0.014273941406966917,0.0012982312578526667,-0.0017134022223074252,-0.2204677830360393,-,^
2016-04-21,38.81443405151367,38.89803400654077,38.39394374184149,38.680575413260016,77628000,60.57398977592216,0.42039741356673943,0.39963537927186804,0.02076203429487139,-0.0023742397759765055,0.0025909007447140198,0.00036311697651503216,0.006555638894093496,1.2657171210086977,-,^
2016-04-22,36.71297836303711,37.51663507563809,36.3447399499282,37.01851681437049,140798000,38.93571773971724,0.249827078411883,0.36967371909987107,-0.11984664068798806,-0.042968817840278395,-0.035513335472697416,-0.053373099822514036,-0.05414108796968564,0.8137527696192095,-,-
2016-04-25,36.93391799926758,37.0667819177962,36.58011029851552,36.59255157926241,49442000,41.30950739205136,0.13096713349228395,0.32193240197835366,-0.1909652684860697,-0.011506815285012184,-0.011990765081541399,0.006476049874385881,0.00601802539814944,-0.6488444438131223,-,-
2016-04-26,36.09592819213867,37.102115426203525,35.84462720998508,37.043895391133944,55864000,35.64903655113788,-0.030497447665744915,0.25144643204953393,-0.28194387971527884,0.01233430827839066,0.0009532391693911624,-0.020106092697054878,-0.02268889553351816,0.12988956757412717,-,-
2016-04-27,35.90135955810547,36.18450217715192,35.285301599331156,36.0934382199998,66262000,34.46806819184094,-0.17217463222621632,0.1667222191943839,-0.3388968514206002,-0.025657592461553858,-0.02473210054226549,-0.015604168718990397,-0.005390320841661578,0.18613060289273942,-,-
2016-04-28,35.08525466918945,36.28950003419015,34.99269867759642,35.99242032041375,62590000,29.9816133836663,-0.3463155556304116,0.0641146642294248,-0.4104302198598364,-0.0027987884936401253,0.002901735569669661,-0.00829248747983724,-0.022731865839096477,-0.05541637741088412,-,v
2016-04-29,35.225589752197266,35.43608166454471,35.021563358070836,35.038484564595244,58278000,31.629621320797497,-0.4676093145746094,-0.04223013153138204,-0.42537918304322736,-0.026503795724942214,-0.023516950325614627,0.0008248772334009669,0.003999830821551642,-0.06889279437609841,-,v
2016-05-02,35.550537109375,35.60029844209669,35.14995211666399,35.426629226866595,33476000,35.419951167852275,-0.5313894298178568,-0.140061991188677,-0.39132743862917974,0.011077666945206621,0.004634168616793888,0.003665991642933575,0.009224752785223833,-0.4255808366793644,-,v
2016-05-03,35.253456115722656,35.49878133769499,35.19822016514425,35.45548932144332,38620000,33.5866962899166,-0.5990026543047122,-0.23185012381188405,-0.36715253049282814,0.0008146441026581908,-0.002851580150846522,0.0013732038188858375,-0.008356582426261028,0.15366232524793877,v,v
2016-05-04,35.39925765991211,35.582380263784756,35.03499804576937,35.17035250679827,34172000,35.355098735249754,-0.633518844844204,-0.3121838680183481,-0.3213349768258559,-0.00804210631702118,0.0023549801694457972,-0.0046372265020523384,0.004135808520754569,-0.11517348524080784,-,v
2016-05-05,35.565460205078125,35.70678282602548,35.30371115127965,35.57989087567293,29668000,37.40131467948409,-0.6400835336029971,-0.3777638011352779,-0.26231973246771917,0.011644420362164398,0.0034961843844758533,0.007669847880660274,0.004695085607804517,-0.13180381598969915,-,^
2016-05-06,36.08647155761719,36.12677948862199,35.42812007417731,35.440561356074525,39952000,43.44475547689251,-0.5963702498513186,-0.42148509087848607,-0.17488515897283252,-0.003915962533029282,0.011762377603237617,0.003523961613116411,0.01464936344236234,0.34663610624241614,-,^
2016-05-09,36.28303146362305,36.5398032552347,36.00286915247035,36.16210767886379,38074000,45.57934917844396,-0.5396457159502361,-0.4451172158928361,-0.09452850005740004,0.020359336736792244,0.01143262068911488,0.016222962920123152,0.005446913968632838,-0.04700640768922704,-,^
2016-05-10,36.79309844970703,36.8239491860762,36.40644677064663,36.57314932826829,32634000,50.77180936630563,-0.4483645042780111,-0.4457666735698711,-0.0025978307081400143,0.011366639717317994,0.007776339923253106,0.011209596003783684,0.014058003576558065,-0.14287965540788994,^,^
2016-05-11,36.353694915771484,36.86375709637984,36.221825681305646,36.84982377195738,29834000,46.64306897458663,-0.4067904522074173,-0.43797142929738037,0.03118097708996309,0.00756496087350178,0.0010810331641097903,-0.005071109809316576,-0.011942553153988178,-0.0858000858000858,-,^
2016-05-12,36.23028564453125,36.593550583773435,36.04119106316533,36.42584954078559,27094000,45.52337758680113,-0.3794270147899894,-0.4262625463959022,0.046835531605912806,-0.011505461567347663,-0.007329869060821892,-0.004986899879912521,-0.003394683030876644,-0.09184152309445603,-,^
2016-05-13,36.06905746459961,36.39051863036266,36.00336962103819,36.15813203318347,25244000,44.03608051148064,-0.36652597686729393,-0.4143152324901806,0.04778925562288666,-0.00734965720709857,-0.005548298816917763,-0.0010493949009857673,-0.004450094087402712,-0.06828080017716098,-,^
2016-05-16,36.34125518798828,36.45968845064352,35.82870624772518,36.04367809037071,22538000,47.17398225512135,-0.3305276133599051,-0.39755770866412554,0.06703009530422044,-0.0031653721134631274,0.0019007648938298427,-0.004851306284702539,0.007546571563612936,-0.10719378862303919,-,-
2016-05-17,35.838157653808594,36.61743291287613,35.72918159411682,36.37907435812318,33404000,42.4377209617019,-0.33869020748827694,-0.38578420842895583,0.04709400094067889,0.00930527308871043,0.00432654443677305,-0.002777790884221032,-0.013843702744366748,0.48211908776288936,-,-
2016-05-18,35.91727828979492,36.10587549790927,35.580885351052444,35.75405719366698,32536000,43.40015422925977,-0.33491406716843386,-0.37561018017685144,0.04069611300841758,-0.01718067805418566,-0.013970324358455577,-0.004150563669468199,0.00220772051818674,-0.025984911986588477,-,-
2016-05-19,35.595314025878906,35.8535816311025,35.34650361566042,35.744104443159074,30598000,40.43725489902434,-0.353822627091553,-0.37125266955979175,0.01743004246823876,-0.00027836702430705795,-0.006987612495960027,-0.006587293516716719,-0.008964049595247103,-0.05956478977133017,-,-
2016-05-20,35.913795471191406,36.21186989339292,35.58039039159985,35.65254754551724,34798000,44.47531583520703,-0.3391989319398263,-0.3648419220357987,0.025642990095972373,-0.0025614545130773214,0.009993095417268227,0.0066169706198553335,0.008947285732075594,0.1372638734557814,-,-
2016-05-23,35.691856384277344,36.002869430143384,35.676431018001054,35.82770818872344,24816000,42.32204267603872,-0.34158064857545867,-0.3601896673437307,0.018609018768272034,0.004912990943566564,-0.005771600965783663,0.0026992572409738624,-0.006179772535935157,-0.2868555664118627,-,-
2016-05-24,36.477108001708984,36.53532804121641,35.81128867150912,35.82124321624916,37884000,51.3050846555339,-0.2769128542518473,-0.343534304725354,0.0666214504735067,-0.00018044616307100192,0.01478933816945216,0.003780020861392286,0.022000862296911894,0.5265957446808511,-,-
2016-05-25,36.729400634765625,36.8184752088894,36.455711393694564,36.57513935713382,32216000,53.79499109949051,-0.2029655933356409,-0.3154205624474114,0.1124549691117705,0.02104606298372924,0.007749955532178721,0.01799496041867199,0.006916464787855903,-0.14961461302924717,-,-
2016-05-26,36.67117691040039,36.87868473193426,36.475613022974606,36.62489701314116,27202000,53.11993932895066,-0.14736133452347389,-0.28180871686262393,0.13444738233915005,0.0013604228687000841,0.0016353073478261315,0.0005459125201294768,-0.001585207581909831,-0.15563695058356097,-,-
2016-05-27,37.2021369934082,37.21756235945067,36.67515364147861,36.7000362033891,34802000,58.26343646125536,-0.05976162274097163,-0.2373992980382935,0.17763767529732186,0.0020515877552087503,0.009188983554583308,0.005470521314564936,0.014478948529661917,0.27939122123373283,-,-
2016-05-31,37.264347076416016,37.4947443078765,37.101125941805904,37.25986715134066,42484000,58.83333767992194,0.014514301918204353,-0.18701657804699393,0.20153087996519828,0.015254234215165807,0.007447611580489566,0.011614737991050506,0.001672217997015446,0.22073444054939362,-,-
2016-06-01,37.24493408203125,37.389741945646556,37.039912996326414,37.24543142957814,20788000,58.56459633664346,0.07099367009720225,-0.13541452841815468,0.20640819851535694,-0.00038743352744341486,-0.0028004554816469795,-0.0016498945497099848,-0.0005209535630654738,-0.5106863760474531,-,-
2016-06-02,37.03642654418945,37.18720635447942,36.6746537096803,37.12749048802969,33916000,55.625596306172255,0.09780176271618757,-0.08877127019128624,0.1865730329074738,-0.00316658814307047,-0.005416875876318117,-0.009861235005663826,-0.005598279148046337,0.6315181835674428,-,-
2016-06-03,36.61792755126953,36.89808985456979,36.5208916362893,36.89808985456979,24608000,50.182182815673784,0.08430616903413579,-0.05415578234620183,0.13846195138033762,-0.006178727149195984,-0.007774622733251024,-0.004192597825413591,-0.011299659064585965,-0.2744427408892558,-,-
2016-06-06,36.329307556152344,36.749300450780595,36.24123148688698,36.749300450780595,29992000,46.78207413066794,0.0497481268632427,-0.03337500050431293,0.08312312736755563,-0.0040324419062242045,-0.0040324419062242045,-0.007657538928332985,-0.007881931458657343,0.21879063719115743,-,-
2016-06-07,36.38056564331055,36.660226817428686,36.36613497182697,36.48904814974876,24314000,47.462890655723484,0.02619477169510276,-0.021461046064429792,0.04765581775953255,-0.007081830071307027,-0.002423818474346362,0.0034464470387873813,0.0014109293737287754,-0.18931715124033077,-,-
2016-06-08,36.96974563598633,37.013534995373654,36.61345120123495,36.799060529402716,32314000,54.64522245758809,0.05444288576034495,-0.006280259699474843,0.06072314545981979,0.008496039095941432,0.00963737021335076,0.006800729018895613,0.01619491017408392,0.32902854322612485,-,-
2016-06-09,36.94934844970703,37.0195124231962,36.64978195827462,36.678145956215076,19180000,54.368113535129034,0.0743270413417747,0.009841200508775065,0.06448584083299963,-0.003285805981134482,0.00016149302743695415,0.000992278953436898,-0.0005517264435663805,-0.40644921705762205,-,-
2016-06-10,36.48506546020508,36.806029257659084,36.351704188003815,36.622409309186,29050000,48.35700093667405,0.05202194422916051,0.018277349252852154,0.033744594976308356,-0.0015196146254398135,-0.00576677410271198,-0.008133138980476518,-0.012565390432632495,0.5145985401459854,-,-
2016-06-13,36.41987991333008,36.77418498914259,36.317369370891306,36.317369370891306,23354000,47.56189864232076,0.028753611478776975,0.02037260169803712,0.008381009780739856,-0.008329324696236706,-0.0008651916318810349,-0.0009445173996502909,-0.0017866364237745236,-0.1960757314974182,-,-
2016-06-14,36.48805236816406,36.62489888020248,36.152160525756656,36.29199112320116,26584000,48.51531804389081,0.015634018268173122,0.01942488501206432,-0.003790866743891199,-0.0006987909127165182,-0.0040595354862164035,-0.0045490311659815985,0.0018718473261365443,0.1383060717650082,-,-
2016-06-15,36.435302734375,36.682119978507224,36.391509577662056,36.571150739013284,23234000,47.79124797134291,0.0009690212536952458,0.015733712260390508,-0.014764691006695262,0.007692044640495332,0.0015623551205399266,0.006620601602354448,-0.0014456686604376046,-0.12601564851038216,-,-
2016-06-16,36.040191650390625,36.34573006320697,35.60676279578732,36.22480628296127,45002000,42.655948600067454,-0.04205052465957948,0.004176864876396511,-0.04622738953597599,-0.009470428166826639,-0.009170405513567625,-0.021564007401232765,-0.010844182820844428,0.9369028148403202,-,-
2016-06-17,35.04495620727539,35.89787694918053,34.889199091506015,35.89787694918053,82262000,33.02873444198448,-0.1546680900007118,-0.027592126099025154,-0.12707596390168666,-0.009025012617790429,-0.01232202828908946,-0.02015245554325429,-0.02761459907787278,0.8279632016354828,-,-
2016-06-20,35.13850402832031,35.62318629803756,35.102676022153176,35.346509199654975,45654000,34.5245971425431,-0.23367612168034668,-0.06880892521528946,-0.1648671964650572,-0.0153593414537051,-0.007652002694528148,0.006118711125677079,0.0026693661847265737,-0.44501714035642215,-,-
2016-06-21,35.275352478027344,35.59880683953701,35.065357904934125,35.33357251668775,30318000,36.75022773574255,-0.2819973400090703,-0.11144660817404563,-0.17055073183502467,-0.00036599605619180853,-0.0006843705191494909,-0.0010631131710727715,0.0038945439907382973,-0.3359179918517545,-,-
2016-06-22,35.354469299316406,35.540579782292184,35.126061497011506,35.532618425265596,29058000,38.0610753143457,-0.3103308861180949,-0.1512234637628555,-0.1591074223552394,0.0056333366370988625,-0.0016356463155433598,0.0017311556391910177,0.002242835740290383,-0.04155946962200674,-,v
2016-06-23,35.57342529296875,35.573922640521026,34.845904534187724,35.358453457452576,42500000,41.66437025421955,-0.3115264240475639,-0.1832840558197972,-0.12824236822776672,-0.004901551744049937,0.000938163035974382,-0.0079757579097679,0.00619316307080231,0.4625920572647808,-,v
2016-06-24,34.096981048583984,35.08227206208448,34.08255037715095,34.34429944615361,95436000,29.290454443416934,-0.42669196842701496,-0.23196563834124076,-0.1947263300857742,-0.028682080581361125,-0.013820533186759798,-0.021906567421369094,-0.041504134961009576,1.2455529411764705,-,v
2016-06-27,33.89495086669922,34.003930729979515,33.47296853526772,33.962130754549584,58146000,28.062309479334417,-0.5281751647900137,-0.2912075436309954,-0.23696762115901832,-0.011127572778219297,-0.0307374998459804,-0.017885452677036118,-0.005925163333284522,-0.3907330567081605,v,v
2016-06-28,34.39854431152344,34.47219351555585,34.07956987082074,34.40401893146337,38246000,35.34021291552048,-0.5614930049198961,-0.34526463588877554,-0.21622836903112053,0.013011202980972802,0.013770842826811514,0.018122125467118222,0.014857476761206412,-0.3422419426959722,-,^
2016-06-29,34.59410858154297,34.808583084268555,34.46920599949296,34.54783247671888,43124000,37.964922477466274,-0.5655973765879665,-0.3893311840286138,-0.17626619255935272,0.004180137952545682,0.00975828731527928,0.011433129295620237,0.00568524842936502,0.12754274956858236,-,^
2016-06-30,35.00912094116211,35.02106487519846,34.57967462885375,34.71652113309417,42250000,43.231301627433595,-0.529261099189192,-0.4173171670607294,-0.11194393212846254,0.004882756580719239,0.006104293024956187,0.003204849840823698,0.011996619558526822,-0.020267136629255167,-,^
2016-07-01,35.34352111816406,35.45697709095618,35.01907211606122,35.08724668785308,30984000,47.12627800315253,-0.4680852426721671,-0.427470782183017,-0.04061446048915013,0.01067864931908491,0.01244714337816788,0.012706813812551676,0.009551801588047804,-0.2666508875739645,^,v
2016-07-05,35.07679748535156,35.23752805797231,34.790169649912485,35.08276945225284,28440000,44.503453184882794,-0.4360982347117144,-0.4291962726887565,-0.006901962022957897,-0.00012760293334135309,-0.006189163628386174,-0.006536508602800639,-0.0075466061211264535,-0.08210689388071257,-,v
2016-07-06,35.27983093261719,35.48037209688001,34.783702069554415,34.82550204340118,28902000,46.92496827743338,-0.38987100778462036,-0.4213312197079293,0.031460211923308945,-0.007333155645018241,0.006891630948350658,-0.00018590252428063447,0.005788254966845541,0.016244725738396637,-,v
2016-07-07,35.194732666015625,35.33954052161344,34.86680221309976,35.3365564364973,21174000,46.01862510517106,-0.3559985862141204,-0.4082646930091675,0.05226610679504712,0.014674717178785102,-0.003969281237581779,0.0023890540282105466,-0.0024120939458042168,-0.26738634004567163,v,^
2016-07-08,35.71822738647461,35.72419935268314,35.23702662294487,35.35894509138381,29946000,52.14235815742674,-0.28364313763977833,-0.3833403819352897,0.09969724429551136,0.0006335833806201396,0.010884658526741031,0.010618249634203991,0.014874234886985693,0.41428166619438933,-,^
2016-07-11,36.18699264526367,36.27307933019018,35.77247434227224,35.79984364377765,28822000,56.86152069184043,-0.18632761583180724,-0.3439378287145932,0.15761021288278598,0.012469222462784257,0.015364374498313849,0.015195598796032161,0.013123978794271629,-0.03753422827756625,-,^
2016-07-12,36.451229095458984,36.604993015486855,36.20192129228202,36.421870403239645,26468000,59.297939945555946,-0.08688117832186748,-0.29252649863604807,0.2056453203141806,0.017375125032706995,0.009150413789667633,0.01200495514793909,0.007301973192013644,-0.08167372146277152,^,^
2016-07-13,36.30044937133789,36.60101434647031,36.27755999387385,36.60101434647031,20436000,57.3088970777007,-0.020005216062237707,-0.238022242121286,0.2180170260590483,0.00491858164469039,-0.00010869197584228996,0.002089356003543097,-0.0041364784634896345,-0.22789783889980353,-,^
2016-07-14,36.61494445800781,36.63186186670392,36.355682132503205,36.522384668059175,21408000,60.30012355426825,0.057706387676809356,-0.17887651616166694,0.2365829038384763,-0.0021482923305571333,0.0008428050638598084,0.0021534562589806683,0.008663669241467886,0.04756312389900175,-,^
2016-07-15,36.60648727416992,36.873707171058285,36.557219495496625,36.873707171058285,32342000,60.178014921463316,0.11725927750606502,-0.11964935742812055,0.23690863493418557,0.009619374698343952,0.00660204783568985,0.005543490072855484,-0.0002309762847678698,0.5107436472346787,-,^
2016-07-18,37.480804443359375,37.577343015346365,36.650275834373154,36.719942453688915,38698000,67.50427478874454,0.23232733542722173,-0.0492540188570521,0.28158135428427383,-0.004170036841049107,0.019082319036268558,0.0025454982671204718,0.02388421381819894,0.19652464287922822,-,-
2016-07-19,37.49125671386719,37.64949675323835,37.24642505218371,37.31509697713922,30436000,67.5810612274181,0.3206665666546513,0.024730098245288584,0.2959364684093627,0.0162079372591859,0.001920139427168177,0.01626588625156944,0.0002788699619189483,-0.21349940565403902,-,-
2016-07-20,37.67388153076172,37.85103596049637,37.52310170613116,37.52310170613116,22502000,68.96112178838547,0.40079225666596585,0.09994252992942404,0.3008497267365418,0.0055742781298242505,0.005353038543355337,0.007428274084286368,0.004871130842273974,-0.26067814430279934,-,v
2016-07-21,37.541015625,37.72712609693844,37.39720246988223,37.669896965464176,19062000,66.7352850175478,0.4484023716663046,0.16963449827680016,0.27876787338950443,0.003912130198688635,-0.0032736188168600577,-0.0033552459824598424,-0.003526737898064236,-0.1528752999733357,-,v
2016-07-22,37.78335952758789,37.79181823226763,37.45393322370042,37.68582625863699,20920000,68.71854293720254,0.49992602240958206,0.23569280310335655,0.2642332193062255,0.00042286532366730967,0.0017147379623607684,0.001516978545758274,0.006455443427761276,0.09747140908613994,-,v
2016-07-25,37.695777893066406,37.81023237061646,37.524098075014415,37.70373925039624,21466000,67.16016504866695,0.5276098232590414,0.29407620713449356,0.23353361612454782,0.00047532437358044355,0.0004872519823115873,0.001873364030819502,-0.0023179948955448504,0.026099426386233304,v,v
2016-07-26,37.702247619628906,37.78236613444382,37.458414438849495,37.69577830487533,23792000,67.21930412903984,0.5438028668041,0.34402153906841487,0.19978132773568508,-0.00021114472143035634,-0.0007370025103125011,-0.0017504387722687698,0.00017163000537756545,0.10835740240380143,-,v
2016-07-27,37.91721725463867,38.04062777879965,37.6166560977368,37.76793326951181,32172000,69.20378458607195,0.5674411154877177,0.38870545435227544,0.17873566113544226,0.0019141391392134555,0.006835507427905396,0.004224462280581376,0.005701772403029048,0.3522192333557499,-,^
2016-07-28,38.109798431396484,38.265555533091906,37.77390280873279,38.25908621847949,73464000,70.90318422837792,0.5948571464713694,0.4299357927760943,0.16492135369527516,0.013004496313388847,0.005912829714592949,0.004180241608595647,0.005078990250378945,1.2834763148079076,-,^
2016-07-29,39.37873458862305,40.00573420426207,39.312052050027326,39.69571962591369,101810000,79.09064767372334,0.7107836203658451,0.48610535829404444,0.22467826207180064,0.0375501233675648,0.04547637286136519,0.040719891960407484,0.03329684777815989,0.3858488511379723,-,^
2016-08-01,39.856449127197266,40.18239020828324,39.065229924339754,39.14634313308739,60594000,81.2317660891036,0.831617389367544,0.5552077645087444,0.2764096248587996,-0.013839690979368435,0.004415767077769361,-0.0062785357877903625,0.012131282113677644,-0.40483253118554174,^,^
2016-08-02,39.81563949584961,39.92511668900275,39.53747038553134,39.676803614436885,39928000,80.47365520735006,0.913555130792794,0.6268772377655544,0.28667789302723967,0.01355070330697461,-0.0064026434949968625,0.012088510988063073,-0.0010239153823617952,-0.3410568703171931,-,^
2016-08-03,39.755924224853516,39.78677875260069,39.46232974475702,39.63400954600312,29206000,79.30730903515357,0.9625768709092668,0.694017164394297,0.26855970651496985,-0.0010785664301393716,-0.003464935055284779,-0.0019004918635820989,-0.0014997943459458263,-0.2685333600480866,-,^
2016-08-04,39.672821044921875,39.819618282791325,39.507113212684565,39.7220850225403,21520000,77.62125564611827,0.9833853666651251,0.7518908048484626,0.2314945618166625,0.0022222196932901728,0.0008253880112998324,0.0011348409538212145,-0.0020903344986176187,-0.2631651030610148,-,^
2016-08-05,40.15452194213867,40.168952613518584,39.7006904253242,39.815144897855156,36146000,80.2431772827471,1.026907930734275,0.8068942300256251,0.2200137007086499,0.002342774183732965,0.008772920128122585,0.004899806563884335,0.012141836262951067,0.6796468401486988,-,-
2016-08-08,40.06993103027344,40.18786694646204,39.89377127907749,40.10824577615856,24426000,78.50375371385951,1.0425561582666205,0.8540266156738242,0.1885295425927963,0.007361542424505707,0.00047086945794760915,0.004863412995712801,-0.002106634764252102,-0.3242405798705251,-,-
2016-08-09,40.18189239501953,40.47300016169666,40.01170462219541,40.033101956115516,32154000,79.14803192711031,1.0518665746518607,0.8935946074694315,0.1582719671824292,-0.0018735254706081506,0.007095007446264123,0.0029561843700589563,0.0027941491753880054,0.3163841807909604,-,-
2016-08-10,40.232154846191406,40.351085461034025,40.132632176923565,40.16049882804228,18370000,79.44586314956263,1.05118351721638,0.9251123894188212,0.1260711277975587,0.003182288298978486,-0.003012247675624913,0.0030223044948971545,0.0012508731713716248,-0.42868694408160724,-,-
2016-08-11,40.21772003173828,40.50036909107159,40.10824282888888,40.3306786673458,25646000,79.09645549107375,1.0375175637454106,0.9475934242841392,0.08992413946127142,0.004237493165415884,0.0036996186925808416,-0.0006077186247630539,-0.00035878800199262706,0.3960805661404463,-,-
2016-08-12,40.16049575805664,40.167462420303764,39.99080532982909,40.062962486596874,17946000,77.63867210137886,1.0104221588377627,0.9601591711948639,0.050262987642898715,-0.006638028161070508,-0.008219842886350803,-0.0029280140633638485,-0.0014228622019468729,-0.30024175309989865,-,-
2016-08-15,40.106258392333984,40.37497416073222,40.0102171542101,40.16846101104062,18596000,76.205088808284,0.9733521553471931,0.9627977680253298,0.010554387321863312,0.0026333181046969134,0.005166165048145155,0.0004854071885003197,-0.0013505153434709705,0.03621977042237834,-,-
2016-08-16,39.86888885498047,40.02165807003204,39.66038254789947,39.983836878642,21158000,70.10411161892502,0.9142809113950747,0.9530943966992789,-0.03881348530420414,-0.00459624610332654,-0.008750868527955813,-0.008743631781909067,-0.005918516133603946,0.13777156377715638,-,-
2016-08-17,40.079383850097656,40.08983574208078,39.6255522976536,39.80967340390332,21322000,72.22751108594778,0.8743724901154977,0.9373500153825227,-0.06297752526702505,-0.004355846970547139,0.0017035194276417975,-0.0008782126648375632,0.005279680501828032,0.007751205217884527,-,-
2016-08-18,39.9465217590332,40.207773512112105,39.89078845667466,40.0764016141889,17292000,68.90099427746601,0.8225421642974098,0.9143884451655002,-0.09184628086809044,0.006700085368181785,0.0029418371975900026,0.006693563714360362,-0.003314973392838927,-0.18900665978801234,-,-
2016-08-19,39.7922477722168,39.87087423225033,39.65441038651049,39.799214433451056,22416000,65.1489267890787,0.7602539025081683,0.8835615366340339,-0.12330763412586565,-0.006916468783956686,-0.008378958853821894,-0.005925630435229423,-0.0038620130119719764,0.29632199861207487,-,-
2016-08-22,39.65789794921875,39.77483916584482,39.52752075552498,39.73552592975096,17056000,61.98337480370772,0.6920713308670869,0.8452634954806446,-0.15319216461355767,-0.0016002452462117178,-0.0024086521365471736,-0.0031998869671423513,-0.003376281324118935,-0.23911491791577444,-,-
2016-08-23,39.63998031616211,39.85943206765172,39.61012427800294,39.83355480975588,18350000,61.55381328422841,0.6293357575042577,0.8020779478853672,-0.1727421903811095,0.0024670336609668997,0.002126794314722069,0.0020897724142341367,-0.0004518049110818767,0.07586772983114454,-,-
2016-08-24,39.49119567871094,39.73303947108235,39.3498692447299,39.65341830322606,25672000,57.96167369221406,0.5611431775799645,0.7538909938242867,-0.19274781624432225,-0.004522230250103121,-0.003170958290495629,-0.006570416983457172,-0.0037533983686290906,0.3990190735694823,-,-
2016-08-25,39.376739501953125,39.54692727315594,39.1742089546806,39.4115728122524,24054000,55.288666161945564,0.49219074128731677,0.7015509433168927,-0.20936020202957595,-0.006098982164016498,-0.004684066469716308,-0.004464062865287111,-0.0028982707358115034,-0.06302586475537553,-,-
2016-08-26,39.472286224365234,39.779817868774025,39.282694292480166,39.435960868838855,24978000,57.068567332122896,0.4401811267058662,0.6492769799946875,-0.2090958532888213,0.0006188044486992172,0.005888968162039099,0.0027693051294301885,0.002426476229891339,0.03841356946869534,-,-
2016-08-29,39.60166931152344,39.73602529246802,39.327976280742824,39.46382810097341,15474000,59.42411892320863,0.4047377019870879,0.6003691243931676,-0.19563142240607967,0.0007066451918653627,-0.0011008742284961404,0.0011527210411157451,0.0032778209608324005,-0.3804948354552006,-,-
2016-08-30,39.4075927734375,39.7101471141152,39.285674293010565,39.45536471125745,23348000,54.585977680060495,0.35687435249415955,0.551670170013366,-0.1947958175192065,-0.00021445942077136237,-0.0006512523122871317,-0.0010756207598958678,-0.004900716092527513,0.5088535608116842,-,-
2016-08-31,39.304588317871094,39.39017765747067,39.17271907897596,39.29214703567327,21428000,52.15874942317177,0.30709075341611936,0.5027542866939168,-0.1956635332777974,-0.00413676763042603,-0.00805762455941128,-0.0028752265569411684,-0.002613822573700464,-0.08223402432756555,-,-
2016-09-01,39.381717681884766,39.455864228569276,39.129425799302794,39.410579025863036,26070000,53.814826435412535,0.2707396691775301,0.45635136319063946,-0.18561169401310934,0.003014138934231525,0.0016675875815996832,-0.0011051895474981643,0.001962350130470636,0.21663244353182742,-,-
2016-09-02,39.65391540527344,39.66536199213213,39.47427422769713,39.57429803445633,26998000,59.184550952849584,0.2608879011221461,0.4172586707769408,-0.15637076965479468,0.0041541893735146385,0.005309673673581816,0.008813020414945028,0.0069117788509738265,0.035596471039508915,-,-
2016-09-06,40.20876693725586,40.35158162176543,39.58226085655379,39.729555465770844,39790000,67.48360816148323,0.29445785860303175,0.392698508342159,-0.09824064973912727,0.003923188509353581,0.017300223549439053,0.002735620374772818,0.013992351734039232,0.4738128750277799,-,-
2016-09-07,40.207271575927734,40.33714761971504,39.9947864866621,40.20428369418724,22906000,67.44380658331048,0.3172841741461738,0.377615641502962,-0.06033146735678818,0.011948994214783015,-0.00035770598004536414,0.010421982503811655,-3.7189932495573785e-05,-0.4243277205327972,-,-
2016-09-08,39.950992584228516,40.22866816053063,39.85992863239458,40.06942963256553,23554000,60.822855930031025,0.3111083573661233,0.3643141846755943,-0.05320582730947099,-0.0033542212229789037,-0.0026893190417704993,-0.0033718858409832464,-0.006373946344885861,0.02828953112721555,-,-
2016-09-09,39.236412048339844,39.89675670608522,39.215014714360365,39.74846361431118,37752000,46.97535983024634,0.24572078457734392,0.34059550465594424,-0.09487472007860032,-0.008010246744153626,-0.008250620008620091,-0.016179505085969548,-0.01788642758705239,0.6027850895813875,-,-
2016-09-12,39.75095748901367,39.818133581854106,38.98859957273487,39.039359398736714,37274000,54.93200382742145,0.23273732783558643,0.3190238692918727,-0.08628654145628628,-0.01783978929236285,-0.001970664553269885,-0.005773684984557215,0.013113977905010898,-0.012661580843399078,-,-
2016-09-13,39.248355865478516,39.600174201053484,39.02989880535723,39.51159698359655,36180000,47.44322154992849,0.17981924984609776,0.2911829454027177,-0.11136369555661996,0.012096448100916257,-0.005473872358998544,0.0010592643253397593,-0.012643761440817247,-0.029350217309652815,-,-
2016-09-14,39.334938049316406,39.627044293847014,39.189135499083065,39.189135499083065,25842000,48.73967360922205,0.1432168358887438,0.26158972349992293,-0.11837288761117915,-0.008161185806976001,0.0006785347119209195,0.0040798643757686825,0.00220600791876846,-0.2857379767827529,-,-
2016-09-15,39.87088394165039,39.99130660186931,39.24537252412938,39.31255241544291,31144000,55.97852140462193,0.1556611487192967,0.2404040085437977,-0.084742859824501,0.0031492635596090945,0.009192265396358534,0.0014350157085663007,0.013625187146908413,0.20516987849237678,-,-
2016-09-16,39.708656311035156,39.760908179715216,39.492192419103,39.760908179715216,42612000,53.51502261484922,0.15069581474863725,0.22246236978476563,-0.07176655503612839,0.011404900896136771,-0.005761212666738125,0.006289146441962545,-0.004068824530016668,0.368225019265348,-,-
2016-09-19,39.580265045166016,40.00821927478712,39.489201098893844,39.86490346940781,22990000,51.580336819848995,0.13484622630059562,0.20493914108793165,-0.07009291478733604,0.002615515954075942,0.0062199558912006125,-7.574459724624116e-05,-0.00323333191794406,-0.4604806157889796,-,-
2016-09-20,39.7987174987793,39.946513225210666,39.7230789193734,39.80966673649483,20984000,54.58853453067577,0.13831815499791134,0.1916149438699276,-0.053296788872016276,-0.0013855980600921969,-0.001542334317672145,0.005922576653142553,0.005519226649038256,-0.0872553284036538,-,-
2016-09-21,40.05997848510742,40.1037716495786,39.61211887116356,39.87237593381321,26970000,57.95304210866153,0.1603033840262782,0.18535263190119775,-0.02504924787491955,0.0015752253776313285,0.003936724676853354,-0.002793339570556941,0.006564557924162662,0.2852649637819291,-,-
2016-09-22,40.60337448120117,40.75813307966072,40.1933361398272,40.307289463497284,35186000,63.937660307542764,0.21904928812121227,0.19209196314520066,0.02695732497601161,0.010907640176898825,0.016316705466005832,0.014672713432826612,0.013564560357808508,0.30463477938450123,-,-
2016-09-23,40.554115295410156,40.655627350329574,40.44314604366209,40.563071348127444,28234000,63.06142424641174,0.25864948547583566,0.20540346761132766,0.053246017864508,0.006345797200325132,-0.0025149760694583856,0.006215206992667532,-0.0012131796044149157,-0.19757858239072357,-,-
2016-09-26,39.94153594970703,40.31127014294302,39.83205875874568,40.29833151529716,29454000,53.2821632847148,0.2378609802078273,0.2118949701306276,0.025966010077199703,-0.006526621974903946,-0.008470099462965508,-0.015109786074918197,-0.015105232631531629,0.04321031380604934,-,-
2016-09-27,40.3436164855957,40.48096033393408,39.90073420773013,39.90073420773013,27346000,57.89732893239538,0.25093782389829045,0.2197035408841602,0.031234283014130254,-0.00986634663561936,0.004209497502543069,0.0017241250169970357,0.010066726937966397,-0.07156922659061593,-,-
2016-09-28,40.31027603149414,40.31973322778755,39.94800960422908,40.01269895294182,29406000,57.39104765680051,0.2556638865890051,0.22689561002512917,0.0287682765638759,0.0028060823299336235,-0.00398278857064005,0.0011848252278472415,-0.0008264121317300699,0.07533094419659192,-,-
2016-09-29,39.941043853759766,40.50186206088719,39.85246663506949,40.169451664434156,27000000,51.97095456658613,0.22699867495660442,0.22691622301142422,8.245194518019527e-05,0.003917574060092521,0.004517114041174164,-0.002391682842428078,-0.009159753146961713,-0.08182003672719851,-,-
2016-09-30,40.01170349121094,40.21224464457858,39.88431418637398,39.98881411531352,33204000,52.88791679715378,0.20758996256314077,0.22305097092176754,-0.015461008358626765,-0.004496888596579374,-0.007150718549019386,0.0007991362641643907,0.0017690984169038693,0.22977777777777786,-,-
2016-10-03,39.82857894897461,39.98582428397131,39.6220658388016,39.936560305340834,29784000,50.21233787772968,0.17540978324385037,0.2135227333861841,-0.038112950142333735,-0.0013067106671881268,-0.005630632226788612,-0.0065752251962243324,-0.004576774449919441,-0.10299963859775929,-,-
2016-10-04,39.94850540161133,40.133123837384396,39.79324945210685,40.05847994773781,25174000,51.92752270632442,0.1577652026969787,0.20237122724834303,-0.04460602455136434,0.0030528328294880946,0.003683794345890945,0.0043204111063186446,0.0030110653154449274,-0.15478109051839917,-,-
2016-10-05,39.87088394165039,40.232653066452585,39.845006680322726,40.10824782889612,24276000,50.709843291858554,0.13595118178506027,0.1890872181556865,-0.05313603637062622,0.0012423806700414541,0.002479977124917321,0.0013006534758657207,-0.0019430378979286012,-0.0356717247954238,-,-
2016-10-06,39.96294021606445,40.155520028631834,39.83505355295293,40.01270154880611,21998000,52.14313912706837,0.1246546439094871,0.17620070330644663,-0.051546059396959526,-0.0023822102749940788,-0.0019171750292815704,-0.000249796102423816,0.002308859631724891,-0.0938375350140056,-,-
2016-10-07,39.845001220703125,40.10525824802248,39.65142672796149,40.104760900491755,23262000,50.131834066956664,0.10497527535810036,0.16195561771677738,-0.05698034235867702,0.0023007532139101006,-0.0012516779903115616,-0.004609679380682685,-0.0029512091633817628,0.057459769069915456,-,-
2016-10-10,40.514801025390625,40.67453691026501,39.92113889243623,40.0052361873417,29922000,59.6507681659923,0.14179199068056647,0.1579228923095352,-0.01613090162896874,-0.002481618414257425,0.014194614050904386,0.006802079691234475,0.016810133872940503,0.28630384317771473,-,-
2016-10-11,40.28589630126953,40.79794788262201,40.17641909382341,40.51480146386312,34432000,55.73524951941048,0.15076092650839001,0.15649049914930618,-0.00572957264091617,0.01273746451927349,0.0030341088487193524,0.006394612189672522,-0.0056499036976052075,0.1507252189024797,-,-
2016-10-12,40.3953742980957,40.531222318396246,40.23514106080364,40.404827698424036,18158000,57.18284698040886,0.164803084792581,0.15815301627796116,0.006650068514619828,-0.002714409585276578,-0.006537720107715916,0.001461602808430884,0.0027175266502068585,-0.47264172862453535,-,-
2016-10-13,40.01270294189453,40.136113481180175,39.74100309435939,40.11173205980282,27380000,50.91498777099441,0.14340018797021514,0.15520245061641197,-0.011802262646196826,-0.007253975708270355,-0.009748258616832817,-0.012281253486784216,-0.009473147924741743,0.5078753166648309,-,-
2016-10-14,40.03857421875,40.31176986476155,39.92511824124324,40.18039798717935,22238000,51.303609270790346,0.12706115199847545,0.14957419089282467,-0.02251303889434922,0.0017118664253679139,0.004376517015374226,0.004632876187012469,0.0006465765857668337,-0.18780131482834184,-,-
2016-10-17,40.150047302246094,40.48096568557596,40.00026594938846,40.107749977593684,21128000,53.02921882761877,0.12170436236220894,0.14400022518670152,-0.022295862824492585,-0.00180804604296958,0.004197181651463877,0.0018822162952942811,0.0027841421846608316,-0.04991456066193001,-,-
2016-10-18,40.879058837890625,41.243314650477224,40.47299925693507,40.51678861887927,45786000,62.410486681622594,0.17427526948079475,0.15005523404552018,0.024220035435274567,0.010198493845057222,0.018832282085921248,0.01181825411222892,0.018157177503592914,1.1670768648239305,-,-
2016-10-19,41.145286560058594,41.29258496208381,40.94823062267222,40.94823062267222,30002000,65.14805129564633,0.23471479825683872,0.1669871468877839,0.06772765136905481,0.010648474829812127,0.0011946254083632368,0.011741935968724082,0.00651256975420389,-0.3447341982265322,-,-
2016-10-20,40.88602828979492,41.22640005451405,40.832284380484985,41.18111485034275,27878000,60.52531855578397,0.2587113214847676,0.18533198180718066,0.07337933967758695,0.005687284264282333,-0.0016028279079773888,-0.0028315324111474194,-0.006301044224962249,-0.07079528031464566,-,-
2016-10-21,41.0069465637207,41.01839315030952,40.720816067915464,40.80491336129155,32316000,61.88379168134864,0.2842096413470543,0.2051075137151554,0.07910212763189889,-0.009135291514529631,-0.005045478235535472,-0.002729906353777123,0.002957447298835847,0.15919362938517834,-,-
2016-10-24,41.58816909790039,41.69764630662926,41.254763996077955,41.307015862624475,28952000,67.64720100482191,0.3473134315287396,0.23354869727787225,0.11376473425086736,0.012304952025930183,0.01655972124092364,0.013112407356275835,0.014173757933342523,-0.10409704171308332,-,-
2016-10-25,41.230377197265625,41.725507513226745,41.06864814308801,41.725507513226745,37814000,61.48402193072202,0.36425393111870363,0.25968974404603856,0.10456418707266507,0.01013124869620352,0.0006681721647452399,-0.004511378443654124,-0.00860321356760163,0.3060928433268859,-,-
2016-10-26,40.90941619873047,41.188583848753964,40.62328568260591,41.15922135888178,35898000,56.510220980027206,0.3477716339784749,0.27730612203252586,0.07046551194594902,-0.013571702013821074,-0.01286799601664712,-0.010844341867071061,-0.007784575848033715,-0.05066906436769447,-,-
2016-10-27,40.67304229736328,41.1323446312283,40.53669314570532,40.95469665260216,59470000,53.10317079957399,0.3120389060931217,0.28425267884464506,0.027786227248476625,-0.004969110190309434,-0.0013654078939003833,-0.0021315985510661495,-0.0057779827563152475,0.6566382528274555,-,-
2016-10-28,40.78302001953125,41.75039519199988,40.65562690987761,41.29955152743487,87098000,54.478350323602925,0.28926033181352295,0.28525420943842067,0.004006122375102283,0.008420398709284571,0.01502590154567418,0.0029339779578170244,0.0027039462984823626,0.46457037161594084,-,-
2016-10-31,40.30231475830078,40.93578745634323,40.20776937099233,40.925832912492176,44854000,47.870733670345146,0.22977059799985255,0.27415748715070704,-0.04438688915085448,-0.009048975137040838,-0.019511377842304722,-0.011015880775324338,-0.011786897120425466,-0.48501687754024203,-,-
2016-11-01,40.082366943359375,40.50435305493529,39.72308458903751,40.35058534021601,47118000,45.171087205762724,0.1629976691989441,0.25192552356035447,-0.08892785436141037,-0.014055854978105575,-0.010539296498645712,-0.012054505622599687,-0.005457448691482569,0.050474874035760564,-,v
2016-11-02,39.23343276977539,40.14606941920106,39.06324497562846,40.14606941920106,47014000,36.59326533516432,0.041103928579580895,0.20976120456419978,-0.16865727598461888,-0.005068474702177639,-0.00884555877854143,-0.016610986287584395,-0.02117974157523228,-0.0022072244152977483,-,v
2016-11-03,38.92341232299805,39.312053387715814,38.74625787515977,39.038360358170124,43504000,34.05031096689281,-0.0795962620027808,0.15188971125080367,-0.23148597325358447,-0.027591967957419583,-0.02077453767083748,-0.008114715013216478,-0.007901945480951578,-0.07465861232824267,-,^
2016-11-04,38.86916732788086,39.23641102181597,38.3665691749184,38.381497193904586,39412000,33.61019967137631,-0.17758209455383422,0.08599535008987609,-0.2635774446437103,-0.016826095108476213,-0.0019241519936347151,-0.00979936440480833,-0.001393634110674724,-0.09406031629275469,v,^
2016-11-07,39.91069412231445,40.05848608515227,39.456365197097675,39.55837840202606,39852000,47.61161399648658,-0.1692431353777195,0.03494765299635697,-0.20419078837407648,0.030662722774357443,0.020951841463767273,0.028404833833610255,0.02679570636663753,0.011164112453059927,-,^
2016-11-08,40.405818939208984,40.6078521341747,39.79075950577065,39.910688597112795,35382000,52.71674447708016,-0.12128392971393254,0.003701336454299071,-0.1249852661682316,0.008906082840561824,0.013714099126328483,0.008475040896508412,0.012405818234509258,-0.1121650105389943,^,^
2016-11-09,40.08783721923828,40.39238093726182,39.413563091777206,39.90073205249655,61970000,49.388108060760246,-0.10769296356801306,-0.018577523550163358,-0.0891154400178497,-0.00024947062970404055,-0.005306146116788701,-0.009479497719533159,-0.007869701154903264,0.7514555423661748,-,v
2016-11-10,38.828861236572266,40.31027736376956,38.22872978771781,40.307293278449485,118192000,38.911974612008294,-0.19624863299892326,-0.054111745439915336,-0.1421368875590079,0.01018931746460261,-0.0020326500094111077,-0.03006156285084982,-0.03140543541375762,0.9072454413425852,-,v
2016-11-11,38.40388870239258,38.679567268213454,38.09486507654658,38.65568319982929,71852000,36.12630100619317,-0.2972943467269431,-0.1027482656973209,-0.1945460810296222,-0.040975464842320175,-0.040453953735921644,-0.003501678238188144,-0.010944759146822802,-0.39207391363205635,-,v
2016-11-14,37.4818000793457,38.405385850811534,37.00259243661968,38.40439115573148,73766000,30.949136345839634,-0.4466301738882237,-0.17152464733550146,-0.27510552655272225,-0.006500778754802039,-0.007088533734120661,-0.028672437551153562,-0.024010293077154632,0.02663808940600121,v,^
2016-11-15,38.573577880859375,38.826370886650224,38.0789449040709,38.09138238829364,58878000,41.61749248623675,-0.47144798964724544,-0.23150931579785028,-0.23993867384939516,-0.008150337969649812,0.010961614536930675,0.029088569112957874,0.02912821153739875,-0.20182740015725398,-,^
2016-11-16,38.81343460083008,38.9885958475382,38.13418315118466,38.3377083936913,35968000,43.676328064507814,-0.46638565123118525,-0.2784845828845173,-0.18790106834666798,0.006466712152546128,0.004178215918288597,0.0014506244133842827,0.006218161061220195,-0.3891096844322157,-,^
2016-11-17,39.12096405029297,39.257313212036046,38.806966896783955,38.93883613396121,30674000,46.291506894742405,-0.4325722317032614,-0.3093021126482661,-0.1232701190549953,0.015679803656935,0.006892204211422337,0.01764253722000597,0.007923273284769161,-0.14718638790035588,^,^
2016-11-18,38.613887786865234,39.37624182681316,38.583037053662295,39.17122454356285,36126000,42.76555938391274,-0.44160116640122027,-0.33576192339885697,-0.1058392430023633,0.0059680368668995065,0.0030294639405084034,-0.005770351589632128,-0.01296175275169209,0.17774010562691522,-,^
2016-11-21,39.053287506103516,39.14036888033235,38.630306729821406,38.71987863818697,32616000,46.56379015843886,-0.40859079670795495,-0.3503276980606766,-0.058263098647278355,-0.01152238436850328,-0.00599023511482466,0.0012251414032899977,0.011379318282158213,-0.09715994020926755,-,^
2016-11-22,39.06324005126953,39.49965302717789,39.00054009218187,39.26179181998685,27884000,46.650150861008576,-0.3772777308471831,-0.3557177046179779,-0.021560026229205165,0.013995735546170396,0.009179375594134287,0.009584013012111425,0.0002548452589159478,-0.1450821682609762,-,^
2016-11-23,38.764671325683594,39.28816951757157,38.44868097112752,39.28816951757157,26260000,44.33528988727426,-0.3722626889135867,-0.3590267014770997,-0.013235987436487018,0.0006718414102357961,-0.005354059932141997,-0.014150037916141,-0.007643214571911416,-0.05824128532491757,-,-
2016-11-25,38.82587432861328,38.958738250075214,38.72435848691793,38.9443075789849,12270000,44.9384510716447,-0.3592089243283283,-0.3590631460473454,-0.00014577828098288892,-0.008752302354857244,-0.008384999136928917,0.007170012308027385,0.001578834563447984,-0.5327494287890328,-,-
2016-11-28,39.10255432128906,39.796733814043044,38.71988144550828,38.73232272745613,51508000,47.69753733663035,-0.32281672845032006,-0.35181386252794034,0.02899713407762028,-0.005443282079128808,0.021509822997571426,-0.0001156130555697299,0.007126175455419936,3.197881010594947,-,-
2016-11-29,39.284183502197266,39.632516605164966,39.08015711578327,39.23143429094241,31240000,49.48695992030693,-0.27613656364780326,-0.33667840275191296,0.06054183910410971,0.01288617692768712,-0.0041263991574135295,0.009304668734123611,0.0046449441490659105,-0.3934922730449639,-,-
2016-11-30,38.60940933227539,39.38719256497881,38.47356131634013,39.26726726378371,45582000,43.528645251311666,-0.2902450684413296,-0.3273917358897963,0.03714666744846673,0.0009133740198117302,-0.006189968773120613,-0.015521836251731869,-0.01717673907831463,0.459090909090909,-,-
2016-12-01,38.03466033935547,38.744766387060224,37.48877011172888,38.742279649136535,57342000,39.199361009707516,-0.34384002669265357,-0.3306813940503678,-0.013158632642285784,-0.013369598936449845,-0.016310534873963056,-0.025596569979940975,-0.014886241536968159,0.2579965775964197,-,v
2016-12-02,38.04113006591797,38.341695058393825,37.76943021640131,37.91374074501135,34376000,39.27257906295001,-0.3813958701929181,-0.34082428927887787,-0.04057158091404023,-0.021385909957511995,-0.010403245812343198,0.007486511396238571,0.00017010081080726103,-0.4005092253496565,-,v
2016-12-05,38.72585678100586,38.81443400846153,38.16603321357613,38.3168130596351,33770000,46.60172384308532,-0.3518514982822012,-0.34302973107954254,-0.008821767202658648,0.010631299014639772,0.012329630950007164,0.010500634902418815,0.01799964180615543,-0.017628578077728663,-,v
2016-12-06,38.62433624267578,39.07717307357834,38.48201891611207,38.82388270493339,34682000,45.72067015404239,-0.33279299915020033,-0.34098238469367415,0.008189385543473815,0.013233606994117686,0.006769107210465197,0.00827923878721415,-0.0026215181991756653,0.027006218537163118,v,^
2016-12-07,39.38520431518555,39.41157512581683,38.492469230952494,38.81194480593262,40588000,52.90685262537971,-0.25337258522377226,-0.3234604247996938,0.07008783957592152,-0.00030748853976048096,0.008557478085962078,0.0002715635804662053,0.01969918829748285,0.17029006401014946,-,^
2016-12-08,39.56932067871094,39.759911095187974,39.20804893410182,39.458848776982904,32250000,54.4774261911095,-0.17357383209165533,-0.2934831062580861,0.11990927416643077,0.016667651525450022,0.008838417857168102,0.018590122105596407,0.004674759639482273,-0.2054301764068197,-,^
2016-12-09,40.27992248535156,40.30480504828231,39.71263497875437,39.77483758953517,38090000,60.01944491360166,-0.05238920808699277,-0.24526432662386743,0.19287511853687467,0.00800805959490103,0.013704606929070495,0.01286945049218402,0.017958402986254507,0.18108527131782948,^,^
2016-12-12,40.20279312133789,40.37447293994612,40.03509587968057,40.04952655174005,32572000,59.17732366395442,0.03700026838379955,-0.18881140762233406,0.2258116760061336,0.006906098902014213,0.0017285257075516647,0.008119856592208263,-0.0019148339732213415,-0.14486741927014968,-,^
2016-12-13,40.573020935058594,41.01889111609968,40.40383165066971,40.42622368009538,42564000,61.93795696882206,0.13614694570605224,-0.12381973695665681,0.25996668266270906,0.009405782309777733,0.015961030057583203,0.009210313173654505,0.00920900725985141,0.306766547955299,-,^
2016-12-14,40.69991683959961,41.016901871726546,40.4456317680152,40.60188622009199,35994000,62.8649042693328,0.22239718447512757,-0.054576352670299935,0.2769735371454275,0.004345262159203278,-4.8495810564541664e-05,0.0010345582494970529,0.003127593203969825,-0.15435579362841834,-,^
2016-12-15,40.58845138549805,40.95420306389708,40.40681701694185,40.67354337794088,35394000,61.449250959499615,0.278545885924558,0.012048095048671648,0.2664977908758863,0.0017648726332677445,-0.001528609060370889,-0.0009596772105323614,-0.0027387145418712455,-0.016669444907484565,-,-
2016-12-16,40.29933166503906,40.765103340607226,40.213738531306724,40.72081662936359,51978000,57.81266585776016,0.2962990402893553,0.06889828409680838,0.2274007561925469,0.0011622604645835644,-0.004617345941143602,-0.004778364144698011,-0.007123201565711446,0.46855399220206806,-,-
2016-12-19,40.431697845458984,40.61681363903308,40.03359960959293,40.27146461533132,25272000,59.00872483605651,0.3173907050783029,0.1185967682931073,0.19879393678519564,-0.011034946035641258,-0.0036376628395892174,-0.0044795368024177495,0.0032845750773269344,-0.5137942975874408,-,-
2016-12-20,40.5660514831543,40.63024727825794,40.35705162979482,40.474987532515236,25438000,60.24087711262484,0.34101619468547284,0.16308065357158041,0.17793554111389243,0.005053774903096997,0.00033074084403184045,0.008079513792319082,0.00332297788257252,0.006568534346312216,-,-
2016-12-21,40.41676712036133,40.591928358212456,40.06345676304153,40.591928358212456,29192000,58.14933190099686,0.34373124512713815,0.19921077188269196,0.1445204732444462,0.002889212148694975,-0.0009431131389148195,-0.007274933497285807,-0.0036800318821998967,0.147574494850224,-,-
2016-12-22,40.2913703918457,40.360539666927835,40.10973602890157,40.26250904768992,22632000,56.378623651362126,0.33193809838216026,0.22575623718258564,0.10618186119957462,-0.008115389533000394,-0.005700362132162851,0.0011551490959396116,-0.003102591757084161,-0.2247191011235955,-,-
2016-12-23,40.19781494140625,40.35556143194284,40.06395631894322,40.208266832824954,15310000,55.032184882802234,0.3114525702889921,0.24289550380386696,0.06855706648512513,-0.0013472139751825596,-0.0001233441134850244,-0.0011413615368938146,-0.002321972410707307,-0.32352421350300464,-,-
2016-12-27,40.30380630493164,40.6058633047742,40.09829167445342,40.24160369453936,19520000,56.30535495891219,0.30030848958224965,0.2543781009595435,0.04593038862270615,0.0008291046677790792,0.0062024133465095055,0.000857013601873513,0.002636744402149338,0.27498367080339636,-,-
2016-12-28,40.037086486816406,40.47300213679277,39.93109450712628,40.47300213679277,24296000,52.293014264730736,0.26687825864233616,0.25687813249610203,0.010000126146234134,0.0057502291412112605,-0.003271970035071514,-0.004169683054943252,-0.006617732729690018,0.24467213114754105,-,-
2016-12-29,39.95298767089844,40.095802347753484,39.71711585114539,39.92561836963975,21148000,51.05755787931091,0.2309363971359346,0.25168978542406856,-0.020753388288133945,-0.013524664300981315,-0.009319787738117591,-0.005358697491818276,-0.0021005228726036496,-0.12956865327625944,-,-
2016-12-30,39.43396759033203,39.973388436381704,39.293138513718766,39.9694058596478,34718000,44.1283940744986,0.1587417539488527,0.2331001791290254,-0.07435842518017269,0.001096726658123437,-0.003053035584874353,-0.01067492763109068,-0.012990770173226807,0.6416682428598448,-,-
2017-01-03,40.20826721191406,40.37894853662925,39.654913019243565,39.840522363372415,39180000,54.12979884411686,0.16213746765841108,0.21890763683490255,-0.05677016917649147,-0.003224553718110257,0.010145752364551397,0.009207065640696843,0.019635346603364967,0.1285212281813468,-,-
2017-01-04,40.19632339477539,40.47797776391713,40.01419548292469,40.301818022612366,30306000,53.96931344563,0.16199742355474456,0.20752559417887095,-0.045528170624126396,0.01157855449365397,0.0024524964338297206,0.009060225740673555,-0.0002970487903823926,-0.22649310872894335,-,-
2017-01-05,40.45757293701172,40.493400941080495,40.10426257496399,40.18288524490786,26810000,56.97418099459768,0.1808819972296476,0.2021968747890263,-0.021314877559378692,-0.002951052422443534,0.00038102637570780473,0.0022508784933019665,0.006499339247287628,-0.11535669504388568,-,-
2017-01-06,41.064170837402344,41.25077865079842,40.38193157822111,40.555600763930556,40342000,63.01186480299405,0.24200584618296261,0.21015866906781355,0.03184717711514906,0.009275479268127773,0.01870373177150375,0.006923678068836203,0.014993432782906657,0.5047370384185006,-,-
2017-01-09,41.162208557128906,41.323933838069934,40.8855314461411,41.12190062464966,28178000,63.893727271517136,0.29495767304842246,0.22711846986393536,0.0678392031844871,0.013963542643973481,0.001773425609508994,0.012470920737025715,0.002387427232239725,-0.3015219870110555,-,-
2017-01-10,41.103981018066406,41.27317409040772,40.96116634730991,41.15673022814405,23948000,62.9340090533606,0.32843787419388093,0.24738235072992448,0.08105552346395645,0.00084698428247032,-0.0012283377439601395,0.0018499185040177224,-0.001414587338813167,-0.15011711264106753,-,-
2017-01-11,41.29556655883789,41.297555948961346,40.878064187680906,41.134338638279154,26508000,64.80710279775198,0.36620909630165244,0.27114769984427006,0.09506139645738237,-0.0005440565793436436,0.0005907434814733659,-0.0020288035483263522,0.004660997208209006,0.10689827960581266,-,-
2017-01-12,41.279144287109375,41.32144160424439,40.85516882765907,41.22191515520979,26990000,64.50619012481624,0.39031857233023004,0.29498187434146206,0.09533669798876798,0.0021290367082538175,0.0005783793915690172,-0.0005600891450415757,-0.00039767638749110823,0.018183189980383263,-,-
2017-01-13,41.34931182861328,41.53392647885099,41.278650511439196,41.35229591389691,25804000,65.24865715371504,0.4103570987708238,0.3180569192273344,0.0923001795434894,0.003162899108307027,0.0051422425345579725,0.010365437126609756,0.0016998303311683838,-0.04394220081511668,-,v
2017-01-17,41.17613983154297,41.3114904983275,40.9641520841797,41.302534445960255,28818000,61.81209572838724,0.4075660744349534,0.33595875026885824,0.07160732416609517,-0.00120335441689301,-0.005355524973945092,-0.007618912521676013,-0.00418802609794533,0.1168035963416525,-,v
2017-01-18,41.25376510620117,41.29307833900452,41.007938759120826,41.29258099149151,20554000,62.758953136322475,0.4069270764301862,0.35015241550112386,0.05677466092906236,-0.00024098895145929777,-0.0004456909954320132,0.0010689022648666668,0.0018852003848777166,-0.28676521618432926,-,v
2017-01-19,41.02237319946289,41.451823325044344,41.001974356463236,41.252774201718644,21410000,58.131914947557874,0.3833304777244777,0.3567880279457947,0.02654244977868303,-0.0009640179619935241,0.0038443485548975698,-0.00014544507327285405,-0.005608988807266457,0.04164639486231381,v,v
2017-01-20,41.21147155761719,41.26471811874673,41.03381976903004,41.257250312276724,26124000,60.683039189079615,0.37555944488502746,0.36054231133364123,0.01501713355138623,0.00010850447381294259,-0.004513799183945011,0.0007766799786259604,0.004609639652850994,0.22017748715553487,-,^
2017-01-23,42.02060317993164,42.075839131684646,41.23784645516513,41.38265432318103,49148000,69.30230661489026,0.4297372614503132,0.37438130135697567,0.05535596009333754,0.0030395629848116723,0.019656526202451508,0.004972159240439034,0.01963365033406328,0.8813351707242383,-,^
2017-01-24,42.274391174316406,42.373416491425736,41.91361297264232,42.14749541082823,33768000,71.4187570854028,0.48753217413528915,0.3970114759126384,0.09052069822265074,0.01848216602236552,0.007072404636061069,0.016387046743866707,0.006039608553405351,-0.3129323675429315,-,^
2017-01-25,42.718265533447266,42.73518294270569,42.28483664866747,42.47443236252664,33108000,74.7037348774112,0.5626659472050619,0.4301423701711231,0.1325235770339388,0.007756972235517967,0.00853758042741637,0.008856876076692721,0.010499840371457125,-0.019545131485430023,^,^
2017-01-26,42.64511489868164,42.84515871300565,42.32365374124597,42.74812278940755,69866000,73.21036757425348,0.6092839131079941,0.46597067875849735,0.14331323434949678,0.006443651195733757,0.00257342458197507,0.0009179908367866751,-0.0017123971175363462,1.1102452579436992,-,^
2017-01-27,42.05045700073242,43.1437293910792,41.89470369802558,42.74563495934412,75050000,62.306267385371754,0.5914274567783551,0.4910620343624689,0.10036542241588614,-5.819741081225516e-05,0.006968597784255959,-0.010134995571102201,-0.013944338041110615,0.07419918128989789,-,v
2017-01-30,40.99550247192383,41.66231262723893,40.85616543674755,41.653853922724814,70338000,48.50410892257331,0.48654152479999624,0.4901579324499744,-0.0036164076499781705,-0.02554134562880428,-0.03433678044871513,-0.024789249466083962,-0.025087825532793095,-0.06278481012658232,-,v
2017-01-31,40.814369201660156,40.95768503017709,40.47648416877584,40.780033236386714,40404000,46.59553600342713,0.3843719266215615,0.46900073128429187,-0.08462880466273037,-0.020978147375251055,-0.016912829668537355,-0.009293120485316386,-0.004418369317164106,-0.4255736586198072,-,v
2017-02-01,40.568050384521484,41.00396605288338,40.41925993208094,41.00396605288338,45020000,44.05674649685091,0.28029484945506056,0.43125955491844564,-0.15096470546338508,0.0054912367333936896,0.0011299716444468366,-0.0014137650013348324,-0.006035100430479057,0.1142461142461142,v,v
2017-02-02,40.718326568603516,41.0318301699909,40.40930668831232,40.55610394479416,33784000,45.99019342840615,0.20754658032597462,0.38651695999995145,-0.17897037967397683,-0.010922409493550056,0.0006795468777722746,-0.0002462500249966748,0.0037042988918039033,-0.2495779653487339,-,v
2017-02-03,40.81138610839844,41.109957910990936,40.772570217477366,40.960673907967916,30562000,47.206985640150265,0.1556084230110315,0.34033525260216746,-0.18472682959113595,0.009975562833265839,0.0019040764371553998,0.008989600637471895,0.0022854460788837017,-0.09537058962822642,-,v
2017-02-06,40.885528564453125,40.92384330740399,40.520771604113456,40.85069525424957,27018000,48.20812872818792,0.11905731707336287,0.2960796654964066,-0.1770223484230437,-0.0026849815499971896,-0.004527238971879011,-0.006175686546637582,0.0018167100685519966,-0.11596099731692955,-,v
2017-02-07,41.264217376708984,41.39807980217491,40.96863346913715,41.07860802537731,33332000,53.10018060121053,0.11927242630986257,0.2607182176590978,-0.14144579134923524,0.00557916504747924,0.011588268755909459,0.011052648982089686,0.009262172351737652,0.2336960544821971,-,-
2017-02-08,41.29655838012695,41.51402072545472,41.05919454185748,41.32890495011233,26044000,53.50410469969782,0.12066163836257005,0.23270690179979228,-0.11204526343722224,0.006093120891058401,0.0028006352911498222,0.0022104977650414526,0.0007837541936812631,-0.21864874594983796,-,-
2017-02-09,41.30551528930664,41.4010591622122,41.12836466331737,41.38861788145596,23884000,53.62323395276313,0.12108950223173309,0.21038342188618045,-0.08929391965444736,0.0014448224896281836,-0.0027210460771692757,0.0016846438960067545,0.00021689238839806002,-0.08293656888342804,-,^
2017-02-10,41.543880462646484,41.658331141713944,41.327913937112335,41.4493312782938,28302000,56.79572116151049,0.13905967148702558,0.19611867180634948,-0.0570590003193239,0.0014669104682774048,0.00621414004153209,0.004851865018911106,0.00577078319130786,0.18497739072182218,-,^
2017-02-13,41.74840545654297,41.88674400791161,41.613548338063204,41.68570169908085,25914000,59.36431409069455,0.1678695224510136,0.19046884193528232,-0.022599319484268715,0.005702635326009231,0.005483005678279529,0.006911415886742045,0.00492310760619441,-0.08437566249734996,-,^
2017-02-14,41.8016471862793,41.899677803944556,41.59264732173212,41.78870855706264,27266000,60.03048830208234,0.19277550352767747,0.19093017425376138,0.001845329273916091,0.0024710357216815027,0.00030878017232627286,-0.0005022646990178181,0.0012752997187341908,0.05217257081114446,^,^
2017-02-15,41.66679382324219,41.88823496922659,41.61205522117448,41.740936572568046,27144000,57.460993968613984,0.19933433149614643,0.1926110057022384,0.006723325793908025,-0.001143179249709525,-0.0002731007806673347,0.0004666185177448767,-0.0032260298843288515,-0.004474437027800149,-,^
2017-02-16,41.90814208984375,41.93401555283269,41.66380776004486,41.72551302695011,20102000,60.70292036813632,0.2214542512402744,0.19837965480984562,0.02307459643042878,-0.00036950645779398883,0.0010929222403315286,0.001243691007216663,0.005792340721616496,-0.25943118184497493,-,^
2017-02-17,42.1260986328125,42.1455065777481,41.78920829599608,41.86534423647702,29224000,63.41457472482365,0.25364782425395305,0.20943328869866712,0.04421453555528593,0.00335121606381672,0.005043424106354832,0.003009819377850498,0.00520081616840673,0.4537856929658741,-,^
2017-02-21,42.26145553588867,42.407258110264664,42.12610105766627,42.197760874126715,25206000,65.02850026057935,0.28677783726784867,0.22490219841250345,0.06187563885534522,0.007940138644794814,0.006210662862331295,0.008061716778263728,0.0032131364514904615,-0.1374897344648235,-,-
2017-02-22,42.36545181274414,42.48637180287904,42.13405613052335,42.19825192685588,24488000,66.26002244717449,0.3177622759621528,0.24347421392243332,0.07428806203971947,1.163693805072974e-05,0.0018655696251022036,0.00018883952365289502,0.00246078313055631,-0.028485281282234376,-,-
2017-02-23,42.34754180908203,42.428157678095104,41.924564763654175,42.35152438639176,27734000,65.83007546739819,0.3369878925847942,0.2621769496549055,0.07481094292988871,0.003632199262698199,-0.001370183480341125,-0.004972019931340332,-0.0004227502102720493,0.13255472067951657,-,-
2017-02-24,42.18879699707031,42.216166298662436,41.94745055481597,42.18083563967834,26924000,61.99055157811092,0.33554697595960903,0.2768509549158462,0.058696021043762814,-0.004030285785138421,-0.0049964785424118086,0.0005458802325275514,-0.0037486192876884372,-0.029206028701233122,-,-
2017-02-27,42.2813606262207,42.33112196184086,41.949944891756225,42.04648347740888,20206000,63.33346617462345,0.33797814872441734,0.28907639367756044,0.0489017550468569,-0.0031851470041310836,0.0027230246907110622,5.94633739896544e-05,0.0021940333865604345,-0.2495171594116773,-,-
2017-02-28,42.04548263549805,42.23955828769776,41.871813419859556,42.16590908530682,27662000,57.73548569231375,0.31721483298421305,0.294704081538891,0.022510751445322053,0.0028403233283971208,-0.0021630344271440505,-0.0018624928375536864,-0.005578770106475117,0.3689993071364941,-,-
2017-03-01,42.633670806884766,42.69587341746,42.24900855707567,42.366447116214076,36374000,65.8430553537282,0.3442532877942881,0.3046139227899704,0.039639365004317695,0.004755928076910276,0.010803027973309565,0.009008330578708756,0.01398933094634347,0.3149446894656931,-,v
2017-03-02,42.290313720703125,42.620734736853926,42.23408307369732,42.611774887624726,25018000,58.75722872414102,0.3341238391005774,0.31051590605209184,0.023607933048485574,0.0057906146988842,-0.001759858145338855,-0.0003532741687460872,-0.00805365992848528,-0.3122010227085281,-,v
2017-03-03,42.25199508666992,42.33858291756973,42.03453650911569,42.245028424254826,20100000,58.00697279550175,0.31932322514017386,0.3122773698697083,0.007045855270465584,-0.008606692970125729,-0.0066200599550017,-0.004724775585477459,-0.0009060853576605687,-0.1965784635062755,-,v
2017-03-06,42.16192626953125,42.245028871830826,41.85837720542324,42.141523629631855,20958000,56.19077851158638,0.2969033145431439,0.3092025588043954,-0.012299244261251507,-0.0024501059292351135,-0.0022096640768787257,-0.004190823030824853,-0.0021317056615650642,0.04268656716417918,v,v
2017-03-07,42.355003356933594,42.46348587116771,42.07484481515163,42.16142885027528,20774000,59.143891501869085,0.2913565047850568,0.3056333480005277,-0.014276843215470902,0.0004723422156815982,0.005171188307141916,0.005171428616691509,0.004579418078956898,-0.008779463689283284,-,v
2017-03-08,42.47890853881836,42.64262699489638,42.359977936701156,42.453031280820824,20576000,60.962502895145754,0.29357458566870065,0.30322159553416234,-0.009647009865461686,0.006916331787072183,0.004218709793919695,0.006776807444025312,0.0029253965780757785,-0.009531144700105854,-,v
2017-03-09,42.68790817260742,42.830726641822416,42.43063902624437,42.481398846899495,26954000,63.882866471392695,0.3086391544619218,0.3043051073197143,0.004334047142207531,0.0006682106135371679,0.004411070803600925,0.001668109687139152,0.004920080128661297,0.3099727838258164,-,v
2017-03-10,42.865562438964844,43.00589038211482,42.67646785900512,42.9297544432606,26732000,66.19768127102174,0.3310964742861273,0.3096633807129969,0.02143309357313039,0.010554162728420247,0.004089674727147052,0.005793663220784895,0.004161699974594146,-0.008236254359278772,-,-
2017-03-13,43.02330780029297,43.15019976285046,42.83620261551838,42.83669996306633,23332000,68.14969221447208,0.3575017368835631,0.31923105194711016,0.03827068493645297,-0.0021675987063298763,0.0033555724449239044,0.003742923548429422,0.003680002135810767,-0.12718838844830171,-,-
2017-03-14,43.08949661254883,43.172599218597156,42.80187025071313,42.982008788416145,21234000,68.95967300139425,0.3793955460286469,0.3312639507634175,0.048131595265229365,0.0033921573201274313,0.0005191043348535818,-0.0008014801198277244,0.0015384408042984354,-0.08991942396708386,-,^
2017-03-15,43.21289825439453,43.28704479852691,42.860085231034475,43.190506225859316,26658000,70.46760179165179,0.40206922495303843,0.3454250056013417,0.05664421935169672,0.004850807193994111,0.0026508846351889215,0.0013601036585633164,0.0028638450561468964,0.25543938965809554,-,^
2017-03-16,43.29301834106445,43.4278754578069,43.16960781104474,43.31939294735396,22090000,71.43778031466309,0.4216428637882359,0.3606685772387206,0.06097428654951531,0.0029841447289515877,0.003253413577560371,0.007221697725093401,0.0018540780624862752,-0.17135569059944478,-,^
2017-03-17,43.410953521728516,43.512966715781445,43.21190440557663,43.47614021848657,37366000,72.85156845513687,0.4415812235692087,0.37685110650481823,0.06473011706439047,0.0036184087649404617,0.001959369577201997,0.0009797771320283477,0.0027241154621044927,0.6915346310547759,^,^
2017-03-20,43.18901824951172,43.30993825222333,43.02779031371411,43.26714358124797,30844000,66.20982000296581,0.4344659427242519,0.388374073748705,0.0460918689755469,-0.00480715712545543,-0.004665930155584586,-0.004260726167828022,-0.005112425648648999,-0.17454370283145104,-,^
2017-03-21,42.304744720458984,43.46569441403792,42.182826228711676,43.29600398003494,50760000,47.59219649723761,0.3533997751552036,0.38137921403000474,-0.027979438874801144,0.0006670280586646982,0.003596314566590042,-0.019637636021785587,-0.020474499418905667,0.6457009466995203,-,^
2017-03-22,42.28782653808594,42.56400629457853,42.1484894943986,42.271900026593926,27334000,47.31805142154703,0.2845094495467819,0.3620052611333602,-0.07749581158657826,-0.023653544422096218,-0.020744822592047907,-0.0008139979556348598,-0.00039991217261414747,-0.46150512214342,-,^
2017-03-23,41.782737731933594,41.88425358172217,41.45182316896296,41.86932556192455,65754000,39.92407174484468,0.1870012902511462,0.32700446695691743,-0.14000317670577123,-0.00952345327312265,-0.01597012997676739,-0.016528856283882454,-0.011944071083848318,1.4055754737689323,-,-
2017-03-24,41.558311462402344,41.99920436577264,41.25775029404691,41.899677908682726,42114000,37.14653186324489,0.09057198964094937,0.27971797149372385,-0.18914598185277448,0.0007249303959597775,0.0027444868708519365,-0.004681889964766706,-0.005371267698423887,-0.3595218541837759,-,-
2017-03-27,41.726009368896484,41.86882784391642,41.01889124916954,41.20748847829098,38692000,40.47876983109804,0.027367419143708105,0.22924786102372072,-0.2018804418800126,-0.016520161131078792,-0.00310426170745437,-0.0057894345468426645,0.004035243507086506,-0.08125563945481318,-,-
2017-03-28,41.83150863647461,42.06887250633456,41.41549448494724,41.78473138978079,30384000,42.54253239434283,-0.014047814677169868,0.1805887258835426,-0.19463654056071247,0.014008204159152049,0.00477789020423236,0.009668794638268752,0.0025283814381915626,-0.21472138943450847,-,-
2017-03-29,42.29130935668945,42.376898698010145,41.86882967685593,41.93700425998651,29146000,50.58439795294607,-0.009656298654427076,0.14253972097594866,-0.15219601963037574,0.003644222785238682,0.007321950252629383,0.010946028715737244,0.010991731716171627,-0.040745129015271164,-,-
2017-03-30,42.27190017700195,42.39730009987512,42.137046853948526,42.39630540475575,18988000,50.264586027180364,-0.007653919538697096,0.11250099287301951,-0.12015491241171661,0.01095216868429194,0.0004814274402278329,0.006406130268333143,-0.0004589401459245135,-0.3485212379057161,-,-
2017-03-31,42.18830108642578,42.27588361381284,42.060911770723095,42.14003179633089,28820000,48.83250968698911,-0.012666753160218036,0.087467443666372,-0.10013419682659004,-0.0060447155943950115,-0.002863778725915589,-0.0018068443070849982,-0.0019776515894985858,0.517800716241837,-,-
2017-04-03,42.633670806884766,42.745634746610975,42.17486201260946,42.23557258058484,39388000,56.02122101908028,0.01907823242261486,0.07378960141762057,-0.05471136899500571,0.0022672214562085014,0.011111562731350055,0.0027091719387233315,0.01055671143397352,0.3666897987508675,-,-
2017-04-04,42.425662994384766,42.44706032661911,42.17386468604934,42.19824989984302,26970000,52.3237925033639,0.027139028307487933,0.06445948679559405,-0.03732045848810611,-0.0008836788153068209,-0.006984910196368932,-2.364741726523789e-05,-0.004878956199718343,-0.3152736874174875,-,-
2017-04-05,42.243534088134766,42.824754918951655,42.1743648153011,42.53215511340298,37104000,49.25823160159761,0.01861638836478363,0.055290867109431964,-0.03667447874464833,0.007912773974097842,0.008898015302503559,1.1858748432791444e-05,-0.0042928947574515375,0.3757508342602891,-,-
2017-04-06,42.0539436340332,42.476423295309694,41.999205030903404,42.27289425000621,30672000,46.22234871506428,-0.0033970710441835195,0.04355327947870887,-0.04695035052289239,-0.0060956437007601005,-0.00813388481267896,-0.004153228748430271,-0.004488034871940605,-0.17335058214747734,-,-
2017-04-07,41.90465545654297,42.09275533634394,41.665799551046995,42.04896597286378,22232000,43.92658457792976,-0.03251439874508577,0.028339743833949944,-0.060854142579035715,-0.005297207137464843,-0.009032492126240688,-0.00793837596714242,-0.003549920996456013,-0.275169535732916,-,-
2017-04-10,41.88475036621094,42.135554003696605,41.839468959869954,41.87678900886231,20924000,43.615527699793375,-0.05654445587347112,0.01136290389246573,-0.06790735976593686,-0.004094677717225825,0.00101677039221304,0.004168152554235416,-0.000475009044106689,-0.05883411299028429,-,-
2017-04-11,41.794185638427734,42.03055481796103,41.531441851364306,41.88475225173291,19486000,42.15294669739359,-0.08195157913484508,-0.007299992712996432,-0.07465158642184865,0.0001901588698436374,-0.002491937942155964,-0.007362118023082176,-0.002162236302983067,-0.06872490919518259,-,-
2017-04-12,41.87281036376953,41.98527165520635,41.68023055794506,41.72352257422532,22716000,43.91142864199355,-0.09465146594614993,-0.024770287359627132,-0.06988117858652279,-0.0038493644784760583,-0.0010773867475890597,0.003582555768548712,0.001881235969567685,0.16576003284409313,-,-
2017-04-13,41.80910873413086,41.985765811780446,41.69316601864354,41.85190339960691,21474000,42.776832301820015,-0.10860448201226802,-0.04153712629015531,-0.06706735572211271,0.003076941194339655,1.1769760075885927e-05,0.0003103500274668214,-0.0015213124957523805,-0.05467511885895404,-,-
2017-04-17,42.55305862426758,42.57843853684205,41.85141129401871,41.86882984882674,20982000,56.81168591212294,-0.05895224430943102,-0.04502014989401046,-0.013932094415420565,0.0004044367841102847,0.014116039414846515,0.0037954727473661354,0.017793966737430056,-0.02291142777312094,-,-
2017-04-18,42.49633026123047,42.66551955280892,42.35998109558671,42.42417310128657,18724000,55.69004254488282,-0.023904437527441758,-0.040797007420696724,0.016892569893254966,0.013263882808881355,0.0020451904522407194,0.012151795742206817,-0.0013331206938144158,-0.10761605185397005,-,v
2017-04-19,42.621726989746094,42.805346940229015,42.473433900407464,42.665516352071535,21606000,57.67907952745032,0.013830243422972899,-0.0298715572519628,0.043701800674935704,0.005688814492830874,0.0032772925042441337,0.0026783015923623754,0.0029507660483809595,0.1539201025421919,-,v
2017-04-20,42.799381256103516,42.990962574816166,42.67099345033075,42.7824600493043,23776000,60.39177489189464,0.05740869284086614,-0.012415507233397013,0.06982420007426315,0.002740941801049779,0.004336272168202093,0.004651367496834036,0.004168162083159288,0.1004350643339813,-,v
2017-04-21,42.743141174316406,42.91681416128636,42.68243440720198,42.82624376502108,23458000,59.10028654384332,0.08641073423265055,0.007349741059812501,0.07906099317283806,0.0010234034150051752,-0.0017247442041049554,0.00026812023686662023,-0.0013140395990909326,-0.013374831763122486,v,v
2017-04-24,43.737388610839844,43.788645776001005,43.09943982995764,43.215386339403004,33930000,70.93419632908771,0.1874615794419583,0.04337210873624166,0.14408947070571665,0.009086544608419622,0.020314453245252606,0.009769954046606522,0.023260981977638595,0.4464148691278029,-,v
2017-04-25,44.230533599853516,44.400220216435116,43.75480742263553,43.90309670682976,40760000,74.82502311624093,0.3038353566703691,0.09546475832306715,0.20837059834730193,0.01591355361318869,0.013966507289642882,0.01520594224109506,0.011275135637417888,0.20129678750368396,-,v
2017-04-26,44.24546432495117,44.43704942969253,44.04691255815642,44.3574282653417,26466000,74.93442585060315,0.3927399367668585,0.15491979401182543,0.23782014275503305,0.0103485082509287,0.0008294826709840386,0.006675955231602249,0.0003375660179172346,-0.35068694798822375,-,v
2017-04-27,44.35991287231445,44.45645144135251,44.14792893567731,44.28825686507737,46846000,75.8024746071255,0.46704865216754143,0.21734556564296864,0.2497030865245728,-0.0015594096179462058,0.0004366179102570644,0.002293381571012665,0.0025866729869243876,0.7700445855059321,-,-
2017-04-28,46.00605010986328,46.57233915196607,45.94135696176339,46.2289833056629,76918000,84.25073372796187,0.6512610304521118,0.3041286586047973,0.3471323718473145,0.043820339249248,0.04759461544979282,0.04062315196481969,0.037108667059087,0.6419331426375785,-,-
2017-05-01,46.419071197509766,46.56835898470627,45.82093294672813,45.98763549105475,46556000,85.60840911932002,0.8211127408810341,0.4075254750600447,0.4135872658209894,-0.0052207034927065354,-8.546204318427009e-05,-0.002621255073843143,0.008977538533740281,-0.39473205231545283,-,^
2017-05-02,46.631553649902344,46.92515193567673,46.328501964782554,46.44146439214126,35026000,86.2644302476138,0.961780199773969,0.5183764200028296,0.44340377977113943,0.009868498265686698,0.007661703327094482,0.011077230108879066,0.004577481774430181,-0.24765873356817591,-,^
2017-05-03,47.19685745239258,47.28393883673335,46.53800858998192,46.579808565636625,36496000,87.85110955498273,1.1061247492502844,0.6359260858523206,0.4701986633979638,0.0029788934372787512,0.007645940103687465,0.004522197271965123,0.01212277435005471,0.04196882315993844,-,^
2017-05-04,47.50886535644531,47.72881447508053,47.14311367019751,47.288418890232826,38752000,88.63167165523113,1.2314993174054507,0.7550407321629466,0.47645858524250406,0.015212821744376326,0.009408599395310357,0.013002384471299644,0.006610777091831999,0.061814993423936926,^,^
2017-05-05,47.28791809082031,47.693977680464066,47.179435582153296,47.608384548319535,32310000,84.49174321952886,1.2980676522645638,0.8636461161832701,0.43442153608129364,0.006766258327000063,-0.00072989021411074,0.0007704606066092357,-0.004650653387895054,-0.16623658133773744,-,^
2017-05-08,47.706417083740234,47.82086775839251,47.14460041533586,47.14709094948871,37534000,85.84080808255551,1.3688140718627295,0.9646797073191621,0.40413436454356744,-0.009689335254857157,0.002660505248242684,-0.0007383548867764267,0.008850019409104792,0.16168368926029086,-,^
2017-05-09,47.607887268066406,47.88108293028391,47.49293924120445,47.837790914882554,33758000,83.98835649359646,1.4007832293076774,1.051900411716865,0.3488828175908123,0.014649895709023308,0.0012591819160545636,0.007388732172927348,-0.0020653367344874995,-0.10060212074385888,-,^
2017-05-10,47.514835357666016,47.607888705866756,47.26602490366015,47.58350728595059,22920000,82.18456783275514,1.4024440039199817,1.1220091301574884,0.2804348737624933,-0.00531553870002921,-0.005705681820416086,-0.0047778541646340544,-0.0019545482007307102,-0.32104982522661296,-,-
2017-05-11,47.567081451416016,47.67158517871898,47.20481502479213,47.338176298822916,20622000,82.41295549910976,1.3919306923179988,1.1759934425895906,0.21593724972840822,-0.005155798744581164,0.0013379394588521887,-0.0012950079680442705,0.001099574340450049,-0.1002617801047121,-,-
2017-05-12,47.529762268066406,47.67108490179041,47.376495700168334,47.66461938370445,24298000,81.60818326449191,1.3648542803704018,1.213765610145753,0.15108867022464878,0.006895979321654755,-1.0494237325908706e-05,0.003636931429262802,-0.0007845590313907413,0.17825623120938805,-,v
2017-05-15,47.732791900634766,47.90596376626634,47.41431481909289,47.53722800502282,26754000,82.60347843235867,1.3442827684183882,1.2398690418002802,0.104413726618108,-0.002672661196685855,0.004927071933853,0.0007982675452380406,0.0042716315605215716,0.10107827804757585,-,v
2017-05-16,48.00101089477539,48.06520290012975,47.78902693387135,47.94826547660719,22030000,83.84711145494828,1.3342424122231193,1.2587437158848482,0.07549869633827111,0.008646643669272036,0.003323993952826898,0.007902932188478484,0.005619176743295817,-0.1765717275921358,-,v
2017-05-17,46.88434982299805,47.82087044454121,46.77934874535392,47.75667844176409,48982000,63.495837102764845,1.2220926184557186,1.2514134963990224,-0.029320877943303847,-0.003995703138345519,-0.005083354294711184,-0.02112782480201114,-0.023263282396806417,1.2234226055379027,v,v
2017-05-18,47.298866271972656,47.481988873149206,46.839560133349714,46.93560135825255,36010000,66.7245709282931,1.1533658287446968,1.2318039628681574,-0.07843813412346057,-0.01719292694345953,-0.007086478523744333,0.0012871360891224537,0.008841254076030314,-0.2648319790943612,-,v
2017-05-19,47.50537872314453,47.74971305203154,47.37350948468467,47.41431476409293,27206000,68.23210602028145,1.1028502109307396,1.206013212480674,-0.1031630015499343,0.010199366621222783,0.005638436494258325,0.01139953812151151,0.0043661184178160894,-0.24448764232157738,-,v
2017-05-22,47.97414016723633,48.011464015165366,47.600427119642504,47.62232180289006,27748000,71.3995369679557,1.0880984294264948,1.1824302558698383,-0.09433182644334348,0.004387009278359555,0.005481728504810102,0.004789968854454374,0.009867544616867008,0.019922076012644174,-,v
2017-05-23,48.29659652709961,48.49365245936497,47.995534212582214,48.267237835588205,30908000,73.36672996782221,1.0898637982150987,1.1639169643388905,-0.07405316612379176,0.013542305546702771,0.010043193934833772,0.00830049469822236,0.00672146199471646,0.11388208159146607,-,-
2017-05-24,48.647918701171875,48.673294816370074,48.3503416088095,48.530977483288126,22660000,75.3556213964256,1.1068525221411036,1.1525040758993332,-0.0456515537582296,0.005464154559626788,0.003704450951712346,0.007392508533309972,0.007274263598991526,-0.26685647728743367,-,^
2017-05-25,49.357025146484375,49.552095485591266,48.658365736310465,48.71708691602605,39082000,78.79728632946195,1.1641159678956257,1.1548264542985918,0.009289513597033894,0.003834858525196827,0.018055088987434464,0.006370671173186571,0.014576295641100412,0.7247131509267433,-,^
2017-05-26,49.427188873291016,49.582444819953565,49.13309324429243,49.363987774252244,32728000,79.10818071184539,1.2013113184981847,1.1641234271385104,0.037187891359674374,0.013278726196031876,0.000612473278170933,0.00975633893161576,0.0014215550187315351,-0.16258123944526892,-,^
2017-05-30,49.571502685546875,49.64365984662512,49.33214941709596,49.38887741356188,30324000,79.76537901596078,1.2282750304209102,1.1769537477949903,0.05132128262591995,0.0005042064150784231,0.0012346108969383263,0.004051366597535688,0.002919725267520601,-0.07345392324615008,^,^
2017-05-31,49.11966323852539,49.742186736455,48.85045013841508,49.573494793468086,34482000,72.11621416313298,1.1993588370888943,1.1814347656537711,0.0179240714351232,0.003738035557283359,0.001984682236045421,-0.009764408897090404,-0.009114903171035471,0.13711911357340711,-,^
2017-06-01,49.179378509521484,49.420724956610236,48.83104159168539,49.31224244317443,26128000,72.49166223924396,1.1677994042490951,1.178707693372836,-0.010908289123740866,-0.0052700006602737215,-0.006462558261620788,-0.0003973053815203853,0.0012157101058718478,-0.24227132996925937,-,^
2017-06-02,49.56901168823242,49.586927589204144,49.11866539171495,49.194303979352085,34710000,74.86936126186413,1.160846946573784,1.1751355440130258,-0.014288597439241713,-0.0023916670177442922,0.0033630148634975487,0.005890183593350473,0.007922694237290973,0.3284598897734232,-,^
2017-06-05,49.95516586303711,50.130327109305014,49.535670301012566,49.65709143758712,27578000,76.99193198599387,1.172975160954195,1.1747034674012597,-0.0017283064470647869,0.009407338264797449,0.010958523677905285,0.008489744295209434,0.007790233487676268,-0.20547392682224142,-,-
2017-06-06,49.59687805175781,50.190540163002645,49.5033273602321,49.92680170113388,31042000,70.99992239640162,1.1405287210538404,1.167868518131776,-0.027339797077935657,0.005431455120277429,0.0012011302772141352,-0.0006529222393465428,-0.007172187402232244,0.1256073681920371,-,-
2017-06-07,49.836734771728516,49.95666007435565,49.556572438498584,49.71680567255514,27482000,72.54063727251628,1.1212441122286805,1.158543636951157,-0.03729952472247655,-0.004206078126850588,-0.004659844024141324,0.0010755858465638646,0.00483612536499578,-0.11468333225951932,-,-
2017-06-08,49.97507095336914,50.04075499675099,49.593893932411916,49.972580419153864,33758000,73.41780478007236,1.104392742456895,1.1477134580523047,-0.04332071559540984,0.005144633552752964,0.001683357579753464,0.0007531088627981131,0.00277578742416118,0.2283676588312349,-,-
2017-06-09,48.27519607543945,50.035779705527524,47.441679604428515,50.035282358011735,72958000,51.603651146008154,0.9430018756788314,1.1067711415776103,-0.16376926589877883,0.0012547268588483096,-9.942478333491156e-05,-0.04339676031320516,-0.03401445651804702,1.1612062325967178,-,-
2017-06-12,47.86167526245117,48.16970423709149,46.61712567527666,47.70791134717635,84042000,47.87691829446951,0.7728221644812407,1.0399813461583365,-0.26715918167709574,-0.04651459732319718,-0.03729482141416274,-0.017380369667074014,-0.008565906440692106,0.15192302420570747,-,-
2017-06-13,48.29410934448242,48.662845091034455,47.87162589433564,48.370742628162596,40108000,51.797283872864355,0.6651795578134667,0.9650209884893626,-0.29984143067589586,0.013893529653032699,0.010237572801272021,0.02691071576994064,0.009035080357300052,-0.5227624283096547,-,-
2017-06-14,48.166221618652344,48.7519224167347,47.747223374131224,48.5429225403188,30110000,50.58552454123798,0.5630619185310408,0.8846291744976983,-0.3215672559666575,0.0035595879409955344,0.0018304997484961394,-0.0025986692091678476,-0.002648101964524363,-0.24927695222898172,-,-
2017-06-15,47.78056335449219,47.805445918580425,46.79477873239831,47.175458424361636,48552000,47.01368347667109,0.44587379923395787,0.7968780994449502,-0.3510043002109924,-0.028170205755975508,-0.01941413694548766,-0.0199476445838509,-0.008006819949746946,0.6124875456658918,-,-
2017-06-16,47.70293426513672,47.769119454284144,47.20929594422145,47.66760360660371,51184000,46.30492287811221,0.34278592884766823,0.7060596653254939,-0.3632737364778257,0.01043222893172624,-0.0007598812980041947,0.00885819365005669,-0.0016247001689687623,0.05420991926182239,-,-
2017-06-19,48.52899169921875,48.73201961862257,48.179660062288775,48.25181342931142,29376000,54.214817108639636,0.32400900600629257,0.6296495334616536,-0.3056405274553611,0.012255909223571004,0.020157377304388824,0.02055451365370553,0.01731670067695923,-0.42607064707721165,-,-
2017-06-20,48.21896743774414,48.80616023718747,48.17965420308707,48.53346192536246,25946000,51.16827554494015,0.28087405122938947,0.5598944370152008,-0.27902038578581134,0.005837055149515935,0.0015213943346719105,-1.2161152029843691e-07,-0.006388434018908318,-0.11676198257080606,-,-
2017-06-21,48.69668197631836,48.74445391460337,48.241855765832476,48.30853829973042,23232000,55.33341301457438,0.28198629713113377,0.5043128090383874,-0.2223265119072536,-0.00463440308416363,-0.0012643142235370108,0.0012910338144647149,0.009907191380466696,-0.10460186541278038,-,-
2017-06-22,48.59865951538086,48.79173669101553,48.43394633965114,48.61109700215487,20190000,54.30977337456961,0.27182474023143044,0.457815195276996,-0.18599045504556555,0.006263048170640717,0.0009700134603003452,0.003981823890670366,-0.0020129186827383405,-0.1309400826446281,-,-
2017-06-23,49.06990051269531,49.09627511928635,48.49116639654198,48.54292091461438,31280000,58.303357782043264,0.2983575630703541,0.4259236688356676,-0.12756610576531352,-0.0014024799221764583,0.006241598453430308,0.0011814039783082375,0.00969658426824127,0.5492818226844973,-,-
2017-06-26,48.37322998046875,49.46302096849482,48.28564745663032,49.26446919634596,30358000,51.18109220990091,0.26017044377143606,0.3927730238228213,-0.13260258005138525,0.014864129890345135,0.0074699322569260485,-0.004238275858967855,-0.014197512628873588,-0.0294757033248082,-,-
2017-06-27,47.17893600463867,48.13088572886297,47.12917467707195,47.851224562217666,48872000,41.76261369988222,0.13201554090667855,0.34062152723959277,-0.20860598633291422,-0.02868689457498741,-0.02693194256129927,-0.023950652843520492,-0.02468915092732671,0.6098557217207985,-,-
2017-06-28,47.82186508178711,47.932834329888756,46.58527684147168,47.306829424452914,54912000,47.37677832909959,0.0813926169998993,0.2887757451916541,-0.2073831281917548,-0.01137682771434434,-0.004114850495166467,-0.011540576284796988,0.013627460294679539,0.12358814863316425,-,-
2017-06-29,46.667884826660156,47.356593529036275,46.25884112143478,47.3411681610303,64134000,39.935285675292626,-0.051252174128080696,0.22077016132770716,-0.27202233545578786,0.0007258727121466357,-0.012021838660460027,-0.007007272300811995,-0.024130808222417977,0.16794143356643354,-,-
2017-06-30,46.262821197509766,47.02517526565586,46.25933596810688,46.97491658718593,45754000,37.6970225658895,-0.18690485355796937,0.13923515835057187,-0.32614001190854125,-0.007736428737849743,-0.006998355216939478,1.069734260750188e-05,-0.008679708340220027,-0.2865874575108367,-,v
2017-07-03,45.75424575805664,46.48973158364944,45.54773265193652,46.438971766959924,33896000,35.04147811436317,-0.3316255935399539,0.04506300797246673,-0.3766886015124206,-0.011409170237296484,-0.011386319752804352,-0.01538291247113821,-0.010993178243105084,-0.2591685972811121,-,v
2017-07-05,46.391204833984375,46.59174599526201,45.712948065906474,45.9901225114291,41882000,40.677904510610134,-0.39042002942288434,-0.042033599506603486,-0.3483864299162809,-0.009665357316334222,0.0021943428825570432,0.003627302707524205,0.013921310806780607,0.2356030210054283,-,v
2017-07-06,46.16379165649414,46.584281922451495,45.77365857359319,46.029933032156634,40298000,39.36460909387029,-0.4501760371717225,-0.1236620870396273,-0.32651395013209517,0.0008656319782065491,-0.0001602016119179872,0.0013280812167086875,-0.004902075259826888,-0.03782054343154573,v,v
2017-07-07,46.816673278808594,47.00825839140288,46.26829254771167,46.328008423422496,33266000,44.86777812453069,-0.43978148605331313,-0.18688596684236447,-0.25289551921094866,0.006475685964123068,0.009101277329060853,0.01080608344476608,0.01414272092666402,-0.1744999751848727,-,v
2017-07-10,47.32374572753906,47.42974149767488,46.87339943098436,46.87339943098436,29030000,48.757655544453215,-0.38617562831476704,-0.226743899136845,-0.15943172917792203,0.011772381894278094,0.008966150219023694,0.013078219444746297,0.010831022651068833,-0.12733722118679736,-,v
2017-07-11,47.44964599609375,47.51732323088212,47.031148898149375,47.29986465048225,29224000,49.70647551589923,-0.32973254879655656,-0.24734162906878732,-0.08239091972776924,0.009098235346165051,0.0018465572537755826,0.003365436880618855,0.0026604037068314046,0.006682741991043795,-,^
2017-07-12,48.15278244018555,48.25081305690123,47.62431081687159,47.81440008329572,32042000,54.74620751371663,-0.22566247045677557,-0.24300579734638497,0.017343326889609406,0.010878158671606908,0.015436261475739066,0.012612107775779924,0.014818581452634705,0.09642759375855459,-,^
2017-07-13,48.21200180053711,48.70215868914434,48.01046594414913,48.309037723855255,30492000,55.15380338360084,-0.13683038067014053,-0.2217707140111361,0.08494033334099557,0.010344951305419237,0.009354155995482394,0.008108361478708082,0.0012298221899247341,-0.04837400911303913,-,^
2017-07-14,48.61308288574219,48.64443096659213,48.27668992174686,48.46827502577142,21592000,57.918330818345126,-0.03367819662527438,-0.18415221053396377,0.1504740139086894,0.0032962217717189546,-0.0011853216388347798,0.005545123805035024,0.008319112881154167,-0.29187983733438283,^,^
2017-07-17,48.56581115722656,48.933552223751065,48.309039342146846,48.58372705915848,33210000,57.468674754333456,0.0437518746009502,-0.13857139350698097,0.18232326810793117,0.0023820124261832998,0.00594356335173285,0.0006700836460085124,-0.0009724075435975088,0.5380696554279363,-,^
2017-07-18,49.112693786621094,49.30676563078745,48.37074237299491,48.43642641728307,28266000,61.21972303095029,0.14754382819597112,-0.08134834916639055,0.22889217736236167,-0.0030318925860924884,0.00762694286590615,0.00127725642422849,0.011260650576267794,-0.14887082204155377,-,^
2017-07-19,49.402313232421875,49.543138527974186,49.11568157244268,49.26496936991681,28242000,63.076928004078816,0.2502844447437482,-0.015021790384362799,0.265306235128111,0.017105782030569117,0.004793924204169242,0.015400615390671835,0.005897038493939855,-0.0008490766291657792,-,^
2017-07-20,49.37344741821289,49.69640060835615,48.996746525573215,49.6128006642316,28368000,62.754350891326304,0.3256242993699914,0.05310742756650805,0.27251687180348333,0.007060418361432896,0.003093507697244924,-0.0024215289915918703,-0.0005843008620503021,0.004461440407903083,-,-
2017-07-21,49.45555877685547,49.51875608689976,48.97435792042248,49.21470967485501,29266000,63.32885299074901,0.3874906266256275,0.11998406737833195,0.26750655924729555,-0.00802395720553617,-0.0035745953284698206,-0.0004569406488867944,0.0016630671532222863,0.03165538635081777,-,-
2017-07-24,49.67799758911133,50.070123899145884,49.27790992096918,49.46850035413997,79690000,64.90797788349644,0.44928995492181656,0.1858452448870289,0.26344471003478764,0.005156805373061735,0.011134524689564884,0.006198182343501779,0.004497751471366662,1.7229549648055764,-,-
2017-07-25,48.2209587097168,48.60412513778093,47.96070166923897,48.30406131010219,118672000,49.785041760341336,0.37635709691247143,0.2239476152921174,0.15240948162035403,-0.02353900028708522,-0.029278912197578166,-0.026730197239345554,-0.0293296620255461,0.48917053582632697,-,-
2017-07-26,48.03584289550781,48.46578656949827,47.78305366154828,48.407566533111606,44432000,48.2470093033571,0.30015992557893156,0.23919007734948025,0.06096984822945131,0.0021427851034083734,-0.002846231012090139,-0.0037040327081918623,-0.003838907793670243,-0.6255898611298369,-,-
2017-07-27,47.398887634277344,48.24534278192702,46.63006426205731,48.228421575789994,74358000,43.29118204689967,0.18622941522709624,0.22859794492500346,-0.04236852969790722,-0.00370076354073845,-0.00454844134748833,-0.024129671737970093,-0.013259999675992673,0.6735235866042493,-,-
2017-07-28,47.68850326538086,47.86068042894375,47.04059988893956,47.17396496141067,36276000,46.0068828167818,0.11794858805682651,0.2064680735513681,-0.08851948549454158,-0.021863801051881127,-0.007973046325361888,0.008804097386078569,0.006110177802866268,-0.5121439522310982,-,-
2017-07-31,47.05005645751953,47.83082375192424,46.862450132985806,47.771605226171395,45670000,41.3103476774908,0.012177840352642022,0.16761002691162288,-0.15543218655898086,0.012668858028991314,-0.0006238247503362881,-0.0037871488963652222,-0.013387855859271713,0.2589590914102988,-,-
2017-08-01,47.10280227661133,47.49741527953457,47.02318490808811,47.165004888116954,28052000,41.83859542959938,-0.06662211419291708,0.1207635986907149,-0.18738571288363198,-0.012697926627806111,-0.006970577678505063,0.0034299268315287623,0.0011210575090259134,-0.38576746222903435,-,-
2017-08-02,47.15654754638672,47.229202051439785,46.40414421953704,47.19287290064014,40788000,42.407421552834265,-0.12331337199788805,0.07194820455299432,-0.1952615765508824,0.0005908620721930546,-0.005646901552774697,-0.01316458444405788,0.0011410206437352244,0.4540139740481961,-,-
2017-08-03,46.791290283203125,47.27398313954903,46.74849561687678,47.22919908312733,22478000,39.57468972287298,-0.19546165056630826,0.0184662335291338,-0.21392788409544206,0.0007697387392300303,0.0009481652487051129,0.007420703541274776,-0.007745631989371171,-0.44890654113955086,-,-
2017-08-04,47.064491271972656,47.15157265707047,46.766416819917055,46.97292616555991,25092000,42.659936141914365,-0.22796678537686432,-0.030820370252065826,-0.1971464151247985,-0.005426154212701206,-0.0025893837233308403,0.0003833535775599195,0.0058387145794867035,0.11629148500756292,-,-
2017-08-07,47.06249237060547,47.222232041578145,46.950528433905404,47.15057223671518,28916000,42.64278037002934,-0.2509953157748015,-0.07485535935661297,-0.17613995641818853,0.0037818821533310842,0.0014985583836530925,0.003936833875840984,-4.24715388005481e-05,0.15239917105053413,-,-
2017-08-08,46.984867095947266,47.39789335391324,46.899775106611926,46.989844367977724,30102000,41.937456443534906,-0.2723695957940677,-0.11435820664410393,-0.1580113891499638,-0.003408821168289,0.0037198858406444213,-0.0010809958691929689,-0.0016494084938579734,0.041015354820860495,-,-
2017-08-09,46.78034591674805,46.963468519928114,46.47380899044374,46.699232709944916,28018000,40.05750422292891,-0.30232697938295416,-0.15195196119187399,-0.15037501819108018,-0.0061845631102122045,-0.009165488236815511,-0.009082476732561795,-0.004352915988494077,-0.06923128031360037,-,-
2017-08-10,45.95977020263672,46.59224443539951,45.86970093941841,46.52755508385775,54148000,33.55767879249146,-0.38781157358389606,-0.19912388367027842,-0.18868768991361765,-0.0036762408314817696,-0.00790452869491709,-0.012998892583768074,-0.017541035621490564,0.9326147476622171,-,-
2017-08-11,46.283226013183594,46.44594599056053,45.84183573577295,45.965743619619225,32334000,37.839359402732775,-0.42456443516683606,-0.24421199396958995,-0.1803524411972461,-0.012074811651417217,-0.003139974186944783,-0.000607486054514661,0.007037803042111879,-0.4028588313511118,-,-
2017-08-14,46.72311782836914,46.82811510885687,46.50217402828005,46.730084490565226,23012000,43.20018863074286,-0.4134299860769346,-0.2780555923910589,-0.13537439368587567,0.016628489191236717,0.008228255666791862,0.01440470875366362,0.00950434645718623,-0.28830333395187724,-,-
2017-08-15,46.68082046508789,46.92913356618852,46.609164453006656,46.827617718618306,22130000,42.81781050124278,-0.40336911065769243,-0.30311829604438567,-0.10025081461330676,0.0020871613889927865,0.002157218096368485,0.002300761780761773,-0.0009052769859371201,-0.038327828958804155,-,-
2017-08-16,46.98884963989258,47.269008171308016,46.77835393412377,46.838567156356895,26906000,46.529605881684574,-0.36631773151964353,-0.31575818313943727,-0.050559548380206265,0.0002338243598976053,0.007242294483023937,0.0036299616846318106,0.006598623840278428,0.21581563488477173,-,-
2017-08-17,46.16230010986328,46.96595680516212,46.16130541475995,46.9231621364417,33914000,39.180208881220736,-0.3990498872227093,-0.33241652395609167,-0.06663336326661762,0.0018060966682094115,-0.006411206366920275,-0.013190898513290694,-0.01759033337406013,0.260462350405114,-,-
2017-08-18,46.08864974975586,46.32949883781465,45.95280173719388,46.12846033216391,26748000,38.59522143598585,-0.4260224038963898,-0.35113769994415134,-0.07488470395223845,-0.01693623720343007,-0.013551474528408214,-0.0045168496794590896,-0.0015954655624208502,-0.21129916848499142,-,-
2017-08-21,45.82441329956055,46.1916569952772,45.71145466501053,46.06825026600458,26024000,36.49019058471562,-0.4633784525435303,-0.37358585046402715,-0.08979260207950313,-0.0013052693657183978,-0.002975250024179865,-0.005252064358635344,-0.005733221772172059,-0.0270674442949006,-,-
2017-08-22,46.79627227783203,46.87390026139174,46.08815563570246,46.12746887332953,35502000,47.77295650565789,-0.40983813395716595,-0.38083630716265493,-0.02900182679451102,0.0012854537991568993,0.014769837466196423,0.008240844082791243,0.021208323430532694,0.3642022748232401,-,-
2017-08-23,46.904754638671875,47.046574627730806,46.53950030357906,46.62707903487638,22690000,48.864984374391234,-0.3545662073173048,-0.37558228719358494,0.021016079876280125,0.010831076877832357,0.003683806241344234,0.00979307289803888,0.0023181838116459463,-0.3608810771224157,-,-
2017-08-24,46.621604919433594,47.09036066813219,46.31556533943704,46.960981970611755,25892000,46.1524530623365,-0.32980879274020936,-0.36642758830290983,0.03661879556270048,0.007161137747565549,0.0009306956085082252,-0.004811718275471,-0.006036695456985264,0.14111943587483466,-,-
2017-08-25,46.303627014160156,46.81269071257735,46.28372172225197,46.73705212194473,23746000,43.248976515182555,-0.3320192120222458,-0.3595459130467771,0.027526701024531253,-0.004768423471365302,-0.005896534908953255,-0.0006875359709355156,-0.006820398092749702,-0.08288274370461923,-,-
2017-08-28,46.185691833496094,46.52009163113949,46.08517067724945,46.37229967697666,20988000,42.18886276424838,-0.33937526191702005,-0.3555117828208257,0.01613652090380563,-0.007804352829450356,-0.006250422203550987,-0.004289867746462117,-0.002546996601972329,-0.11614587720037062,-,-
2017-08-29,46.56487274169922,46.68629387760746,45.746785404829104,45.77863462967853,23172000,46.7115589789735,-0.31102297486204833,-0.34661402122907026,0.03559104636702193,-0.012802148080503284,0.0035726981749262254,-0.007342606470749025,0.008209921582859714,0.10405946255002863,-,-
2017-08-30,46.957000732421875,47.067969981134574,46.48027981644434,46.56089567833374,22406000,50.98231504152452,-0.2539843578255869,-0.3280880885483736,0.0741037307227867,0.017087906945745246,0.008175335239239967,0.016033791339091552,0.00842111161556991,-0.033057137925082025,-,-
2017-08-31,47.53474044799805,47.63227372034157,47.087378220932,47.08986495870487,33866000,56.512337310964135,-0.16031407533993303,-0.29453328590668554,0.1342192105667525,0.011360805514256445,0.011989124226797543,0.01306141888312995,0.012303590658788943,0.5114701419262697,-,-
2017-09-01,47.37301254272461,47.688505541222874,47.28792055024156,47.645710871197934,20858000,54.653549241994405,-0.09800010771241574,-0.2552266502678316,0.15722654255541585,0.011803939403532082,0.0011805403456373043,0.004258940227434671,-0.0034023096318441803,-0.384102049252938,-,-
2017-09-05,46.850013732910156,47.34315470772802,46.557410123217586,47.117730982473304,29148000,49.036520164687104,-0.08978251553688921,-0.2221378233216431,0.1323553077847539,-0.011081372888987473,-0.007241804488847481,-0.015448140212632855,-0.01104001586014347,0.3974494198868539,-,-
2017-09-06,46.87688446044922,47.0002911904029,46.41210369766229,46.96894310951603,27830000,49.324689739668706,-0.08017753467787969,-0.19374576559289045,0.11356823091501075,-0.003157789432021163,-0.0072420927469194485,-0.003121016078229677,0.0005735479116879549,-0.045217510635378044,-,-
2017-09-07,47.26850891113281,47.298866093068156,46.65344947398485,46.98785304352548,22332000,53.45547580568848,-0.04049786375457387,-0.16309618522522715,0.12259832147065328,0.0004026050568215478,0.006352618145613276,0.00520006112833693,0.008354319089060036,-0.19755659360402444,-,-
2017-09-08,46.846527099609375,47.308817326414186,46.77686047951946,47.25905599728511,19998000,48.83607490144408,-0.04261065510422668,-0.13899907920102705,0.09638842409680037,0.005771767301400388,0.00021039052662374935,0.0026452707554547317,-0.008927334947603005,-0.10451370231058565,-,-
2017-09-11,46.94007873535156,47.407342409095705,46.82612161592044,47.13464791224806,26748000,49.87033692382361,-0.03631757590182616,-0.11846277854118688,0.08214520263936072,-0.0026324708018753418,0.00208259449822501,0.001053109077779002,0.001996981239255291,0.33753375337533753,-,-
2017-09-12,47.10728454589844,47.17894056079079,46.65196095142696,47.120720523259045,25696000,51.747787938885175,-0.01763486997709407,-0.09829719682836832,0.08066232685127425,-0.0002954809170304662,-0.0048178580932453086,-0.0037193057738583724,0.003562111846671101,-0.039330043367728384,-,-
2017-09-13,47.29587936401367,47.415808459001966,47.01223560777984,47.050056800102276,21908000,53.84737232728859,0.012248145739249594,-0.07618812831484474,0.08843627405409434,-0.0014996316349171757,0.005020627750340623,0.007722604773848563,0.004003517076673679,-0.14741594022415938,-,-
2017-09-14,46.782833099365234,47.17595405909961,46.69475322968444,47.07493556028639,28548000,47.759228953406144,-0.005405582668494446,-0.062031619185574684,0.05662603651708024,0.000528772160463431,-0.005058532327034904,-0.006753186143797607,-0.010847589082756404,0.3030856308197918,-,-
2017-09-15,46.54198455810547,46.86344951039726,46.34094604974145,46.78084425923142,39886000,45.17691466930975,-0.03838823832869309,-0.05730294301419837,0.018914704685505275,-0.006247301192337074,-0.006624233784670475,-0.0075770221592705855,-0.005148224793231515,0.397155667647471,-,-
2017-09-18,46.26630401611328,46.62011175929605,46.04984013203193,46.52805310451135,29474000,42.35402894819984,-0.0857834876991248,-0.06299905195118366,-0.022784435747941145,-0.005403732205414125,-0.005192484839324996,-0.006281829408425255,-0.005923265726840987,-0.2610439753296896,-,-
2017-09-19,46.62010955810547,46.67385346505044,46.11253791702076,46.44843353888076,24854000,46.93665630041057,-0.09371512430964657,-0.06914226642287624,-0.024572857886770327,-0.001711216359123191,0.001152757977755714,0.001361520144457895,0.007647153787537553,-0.15674832055370835,-,-
2017-09-20,47.15156936645508,47.27398520048478,46.65195907942577,46.66340566606513,40080000,52.9829771329384,-0.05646573666538046,-0.06660696047137708,0.010141223805996621,0.004628188957210622,0.012857985593234034,0.011697928302616845,0.011399797499128894,0.6126176872937958,-,v
2017-09-21,47.15206527709961,47.4133169992923,46.745512145118674,47.180930416591146,27414000,52.98836007448185,-0.026598699494783773,-0.05860530827605842,0.03200660878127465,0.011090591077504097,0.00294732500796413,0.0020053405588740247,1.0517373041807332e-05,-0.31601796407185634,-,v
2017-09-22,46.9385871887207,47.273985467056775,46.8181645407402,46.91420576921408,21496000,50.317692622531276,-0.019925071160635355,-0.05086926085297381,0.030944189692338454,-0.0056532299177227685,-0.0029386581883229512,0.0015542111378730183,-0.004527438769104886,-0.21587510031370838,-,v
2017-09-25,46.49172592163086,46.76392309475659,46.00554781411949,46.7489950752753,37468000,45.184018695839114,-0.05011643128025156,-0.050718694938429364,0.0006022636581778026,-0.003521549416215186,-0.01078949378312144,-0.01735686852724838,-0.009520126059465728,0.743021957573502,v,v
2017-09-26,46.64847183227539,46.979390169950406,46.53352380949295,46.611649132768605,33454000,47.21824641276148,-0.060695556094287895,-0.05271406716960107,-0.007981488924686822,-0.0029379442763538544,0.004607549173263781,0.011476354928033672,0.003371479710363001,-0.10713141881071853,-,^
2017-09-27,47.76662826538086,48.04181331667597,46.87339967718217,46.91271291209465,46692000,58.92761186202894,0.020905307231842585,-0.037990192289312344,0.05889549952115493,0.006458981497704519,0.022614664491859005,0.007303892760854858,0.023969840579682877,0.3957075387098703,-,^
2017-09-28,48.01096725463867,48.07913804312494,47.55016901945576,47.58500233335426,28018000,60.96546751081323,0.1040907997816376,-0.009573993875122358,0.11366479365675995,0.01433064471285972,0.0007769216828461545,0.014438238893156985,0.00511526557621611,-0.39994003255375654,-,^
2017-09-29,48.454341888427734,48.55834447170404,48.07017698382954,48.07017698382954,40622000,64.41567307195967,0.20344731544590644,0.0330302679890834,0.17041704745682304,0.010195957269822475,0.009967034520237616,0.010935985614709764,0.009234861514818338,0.44985366550074946,^,^
2017-10-02,48.14332962036133,48.65438649289448,47.868641913996186,48.550383907918714,30782000,60.38379183647377,0.25416215601579495,0.07725664559442572,0.17690551042136923,0.009989705763943979,0.001977868525695037,-0.004192517741325341,-0.006418666644622872,-0.24223327261090055,-,^
2017-10-03,48.37273406982422,48.39064997178229,47.90646503335931,48.14780768467787,21666000,62.26018955596021,0.30929964068137394,0.12366524461181537,0.18563439606955856,-0.008291926671566086,-0.005420611380038909,0.0007901439825905854,0.004765030820923277,-0.2961470989539341,-,^
2017-10-04,48.10898971557617,48.48817732339529,48.05076588873401,48.35680544805497,21156000,58.811303737177845,0.3279343067821259,0.16451905704587746,0.1634152497362484,0.004340753472013459,0.0020154172690358685,0.0030121374072209495,-0.005452335066844505,-0.02353918582110215,-,^
2017-10-05,49.02511215209961,49.09079999412335,48.282663377488525,48.40806329784711,35618000,65.88125549897353,0.41187796539533394,0.21399083871576877,0.19788712667956518,0.001059992472976612,0.012428239294474341,0.004826093496438588,0.01904264550013668,0.6835885800718473,-,-
2017-10-06,49.44560623168945,49.476460764880436,48.6927055074161,48.766852060045586,31060000,68.54967775421434,0.5064957103684478,0.2724918130463046,0.23400389732214316,0.007411756177703399,0.007856070196518461,0.008492533370036748,0.008577116117251649,-0.12796900443595938,-,-
2017-10-09,49.37942123413086,49.78497968851815,49.33911330315879,49.513279859939786,25910000,67.65280327882127,0.5695746764496263,0.33190838572696896,0.23766629072265738,0.015306048439934994,0.006235670839590535,0.013275249115994203,-0.0013385415328607264,-0.16580811332904055,-,-
2017-10-10,49.154991149902344,49.63619198041398,48.82208341066533,49.52820681924849,23268000,64.56784878127931,0.5946013847348866,0.3844469855285525,0.21015439920633405,0.00030147385410383976,-0.0029886063835932175,-0.010479107910120522,-0.004545012448898267,-0.10196835198764953,-,-
2017-10-11,50.04324722290039,50.138791104273416,49.161958752772456,49.21669735571437,36300000,70.33375240795266,0.6782911547732198,0.443215819377486,0.23507533539573378,-0.00628953647910091,0.01012565839171864,0.006961508365963764,0.0180705163853907,0.5600825167612171,-,-
2017-10-12,50.04324722290039,50.33634438517803,49.81682880132665,49.95317796113079,30614000,70.33375240795266,0.7361302491932946,0.5017987053406477,0.23433154385264687,0.014964039543196028,0.003940128522320396,0.013320666327544695,0.0,-0.15663911845730027,-,-
2017-10-13,50.153717041015625,50.4965755199436,50.113409111809155,50.21542230365035,26552000,71.01410094316725,0.7818692374439351,0.5578128117613053,0.22405642568262985,0.005249802979974794,0.003183209601783199,0.005953416096903474,0.002207487008650366,-0.1326843927614817,-,-
2017-10-16,50.22736358642578,50.359232819258786,49.83772785496904,50.241296910675715,21420000,71.48362364885485,0.8146693744542901,0.6091841242999023,0.2054852501543878,0.000515272118372323,-0.0027198418758231924,-0.005501147531692285,0.0014684164954299472,-0.1932811087677011,-,-
2017-10-17,50.30946731567383,50.486621735895596,50.06314742402776,50.13231669199786,20260000,72.0276180877695,0.8376330912604857,0.654873917692019,0.18275917356846672,-0.0021691362560088967,0.0025296039972255713,0.004523070749025804,0.001634641426217165,-0.05415499533146595,-,-
2017-10-18,50.39605712890625,50.57370510710814,50.026820255765486,50.31195983951597,25596000,72.62082884983859,0.8529863805116804,0.6944964102559513,0.15848997025572908,0.0035833801302620483,0.0017248801408835668,-0.0007256269358094647,0.0017211435114012907,0.26337611056268506,-,-
2017-10-19,49.85365676879883,50.12635511721196,49.62773946745852,49.998464648806255,34284000,63.531962946545015,0.8120262635288427,0.7180023809105296,0.09402388261831307,-0.006231027209230078,-0.008845505563587985,-0.007977336681936564,-0.010762753894020594,0.3394280356305672,-,-
2017-10-20,50.014381408691406,50.192526729559866,49.87504437949052,50.11290936656235,32120000,64.93251821074584,0.7835024820262717,0.7311024011336781,0.052400080892593626,0.0022889646424137933,0.00132009622868412,0.00498319920846213,0.0032239288010096345,-0.06311982265779958,-,-
2017-10-23,49.04253387451172,50.05021702352441,48.92111272670606,50.01985983829979,32786000,51.942468645077405,0.674699687729003,0.7198218584527432,-0.04512217072374014,-0.0018567975685053195,-0.0028352767893560227,-0.01912643215966192,-0.01943136167651971,0.020734744707347375,-,v
2017-10-24,49.189327239990234,49.22764578003375,48.621542377300486,49.09030192740181,28902000,53.4570595794735,0.5934764599533082,0.6945527787528561,-0.10107631879954793,-0.01858377680191381,-0.01643491861591817,-0.006123539157400271,0.002993184770063495,-0.11846519856036108,-,^
2017-10-25,49.33712387084961,49.4849158210749,48.65339247720178,49.07885622293614,30574000,54.9949929451643,0.5348668080613805,0.662615584614561,-0.1277487765531805,-0.00023315612282437392,0.005226129280907044,0.0006550614880567185,0.0030046483485794973,0.05785066777385639,-,^
2017-10-26,49.33512878417969,50.086040033805716,49.28785419279728,49.68595241823708,47396000,54.96858830812926,0.48269306467310713,0.6266310806262703,-0.14393801595316313,0.01236981140194593,0.01214762524613211,0.013040441442861539,-4.043783896168218e-05,0.5502060574344214,v,^
2017-10-27,51.43758010864258,52.9279561331386,51.0982030355107,51.30421882565096,103682000,70.85131078437962,0.6040323393012912,0.6221113323612745,-0.018078993059983284,0.03256989810302802,0.056740682581707835,0.03673012088600869,0.04261570560928751,1.187568571187442,^,^
2017-10-30,51.41071319580078,51.74411830963052,50.87328167716553,51.213156106101124,46804000,70.50907069850761,0.6900719336203096,0.6357034526130816,0.05436848100722802,-0.0017749557762355428,-0.02236696653334147,-0.004401746930099648,-0.0005223206998666852,-0.548581238787832,-,^
2017-10-31,51.40623092651367,51.80233598646421,51.07083264110819,51.40424153627843,30326000,70.44793201294775,0.7492602446266048,0.6584148110157862,0.09084543361081854,0.0037311785624267735,0.001125107137497583,0.003883196786798493,-8.718551073272351e-05,-0.35206392616015725,-,^
2017-11-01,51.8819580078125,52.14370709681046,51.45400371432752,51.569452891157106,43262000,73.11271959937241,0.8250440133576333,0.6917406514841558,0.13330336187347758,0.0032139634773540315,0.006589878696502183,0.007502737930904724,0.009254268844936187,0.4265646639846996,-,^
2017-11-02,51.90036392211914,52.027259677429946,51.18826855803597,51.752074629793725,26694000,73.21336110993875,0.8764848280248358,0.7286894867922918,0.147795341232544,0.00354127741130128,-0.0022332017776242052,-0.005164518542947749,0.00035476522115596154,-0.38296888724515743,-,-
2017-11-03,52.24969482421875,52.2830360912252,51.6356300839063,51.88941779463051,27770000,75.11705185204201,0.9346658820994023,0.769884765853714,0.16478111624568825,0.002653867807605126,0.0049161999955613656,0.008739532288792207,0.00673079870160076,0.040308683599310724,-,-
2017-11-06,51.88593673706055,52.379081526797215,51.85209811980694,52.20541231243067,18294000,69.572385651049,0.940580126833531,0.8040238380496775,0.1365562887838535,0.006089768034222454,0.001837028656951567,0.004192222222308306,-0.00696191792855394,-0.34123154483255314,-,-
2017-11-07,52.36912155151367,52.41988137040327,51.90185786642348,52.232772401506125,26104000,72.47838848953428,0.9730395900792246,0.8378269884555869,0.13521260162363768,0.0005240852981243105,0.0007789339258492678,0.0009596476983739777,0.009312442731866488,0.4269159287197988,-,-
2017-11-08,52.66272735595703,52.88167798670876,52.10340114910265,52.252685152358865,24276000,74.09725123171036,1.0108035688731292,0.8724223045390954,0.13838126433403375,0.0003812309769750666,0.008809570037795256,0.0038831612386183156,0.005606468005283416,-0.07002758197977321,-,-
2017-11-09,52.13673782348633,52.29398317080051,51.546059788062536,52.15067114775701,35892000,66.54543233327118,0.9869123238123123,0.8953203083937389,0.09159201541857342,-0.0019523208100100664,-0.011113391977765175,-0.010696832620296526,-0.009987890086197826,0.4784972812654473,-,-
2017-11-10,51.95909118652344,52.08250172701316,51.81328861478384,51.945157860872875,19442000,64.16681529021831,0.9427760060859995,0.904811447932191,0.0379645581538085,-0.003940760154396816,-0.004044087502315885,0.005184272625687658,-0.00340732167716995,-0.4583194026524017,-,-
2017-11-13,51.81229019165039,52.18749526203657,51.71575161422517,51.79238489978943,18814000,62.188599147977754,0.8857417631927618,0.9009975109843052,-0.015255747791543484,-0.0029410433498464617,0.002015908060133631,-0.0018824707554047082,-0.0028253187559816872,-0.032301203579878646,-,-
2017-11-14,51.83418273925781,51.86702665930322,51.22161003097812,51.63911620221777,21012000,62.37489063726543,0.8327093058839239,0.8873398699642291,-0.0546305640803052,-0.0029592902097135276,-0.0061407162984975505,-0.009554953139482736,0.00042253580234419275,0.11682789412139893,-,-
2017-11-15,51.57392883300781,51.73416206956594,51.29277180027356,51.50376486085212,18106000,58.67403744131741,0.7609090997344481,0.862053715918273,-0.10114461618382486,-0.002621101043550289,-0.0025616388348231878,0.001389291926833236,-0.00502089340463141,-0.13830192271083186,-,v
2017-11-16,52.1740608215332,52.33777928924258,51.653053174553776,51.690373225050806,23768000,63.98112665159209,0.743857825058285,0.8384145377462754,-0.09455671268799037,0.0036231985118533316,0.011667671718833983,0.007024018426672107,0.011636344217028194,0.31271401745277805,-,v
2017-11-17,51.54804611206055,52.29995202695663,51.44056210117126,52.24023995308899,26712000,55.91468920384004,0.6720830566781899,0.8051482415326583,-0.1330651848544684,0.010637700866352073,-0.0007227525278995506,-0.004113814388946868,-0.011998581279958342,0.12386401884887244,-,v
2017-11-20,51.486846923828125,51.68788543795352,51.38831515873273,51.553525665799015,17526000,55.18224414706383,0.6033082110891712,0.7647802354439609,-0.1614720243547897,-0.01314531265374419,-0.011703004788372273,-0.0010156759627892864,-0.0011872261481915558,-0.34389038634321656,v,v
2017-11-21,52.26512145996094,52.26960138435437,51.70977788320389,51.754561940953806,22206000,61.99950928590732,0.6046340561899726,0.7327509995931633,-0.1281169434031907,0.0038995640464636327,0.011254396295610647,0.006255560694648166,0.01511598753142196,0.2670318384115029,-,^
2017-11-22,52.34573745727539,52.52040135743263,52.1133470735749,52.30791626496642,14538000,62.6335469350483,0.6052133128930137,0.7072434622531334,-0.10203014936011967,0.010691894651604583,0.004798199458879715,0.007804504426272008,0.0015424435084534505,-0.3453120778168063,-,^
2017-11-24,52.574642181396484,52.751299266813724,52.345737028894675,52.46865020807379,16492000,64.44745290662813,0.617030334594304,0.6892008367213676,-0.07217050212706355,0.003072841638217083,0.00439634700827396,0.004459317398893603,0.004372939139656307,0.13440638327142662,-,^
2017-11-27,53.345455169677734,53.396712338466045,52.48755724235702,52.67665561010816,35430000,69.76927559797969,0.6807463553958755,0.6875099404562692,-0.006763585060393762,0.003964374940264248,0.012235017537442161,0.002709298244937486,0.014661307358436071,1.1483143342226536,^,^
2017-11-28,52.91153335571289,53.74305668715566,52.47611507236788,53.443987561770086,36424000,63.96461766823271,0.6882936759310141,0.6876666875512183,0.0006269883797958009,0.014566831222950327,0.006486248563286834,-0.00021799776157049866,-0.008134185238173552,0.028055320349985813,-,^
2017-11-29,51.622196197509766,52.68660726789993,51.23753393736538,52.55772211894088,55866000,50.515916254009305,0.5835099095884289,0.6668353319586604,-0.08332542237023155,-0.016583071048073772,-0.01965741221987871,-0.02360275971829129,-0.024367790468954764,0.5337689435537007,-,v
2017-11-30,51.561981201171875,51.9585873818807,51.258435956676465,51.749587523095265,45092000,49.987321006878716,0.489961205086928,0.631460506584314,-0.141499301497386,-0.015376134338865866,-0.013817930661532474,0.00040794350752015873,-0.0011664555321804215,-0.19285433000393803,-,v
2017-12-01,51.0096321105957,51.61523443183405,50.60307513019191,51.27535999446868,37762000,45.30428045236596,0.3670224213422202,0.5785728895358953,-0.21155046819367507,-0.00916389001970197,-0.006608204097680814,-0.012785423789334227,-0.010712332569633998,-0.16255655105118427,-,v
2017-12-04,50.352760314941406,51.321631229569455,50.22089109046202,51.14547150089313,38778000,40.45086444070541,0.21412024044910538,0.5056823597185373,-0.2915621192694319,-0.00253315615121108,-0.005688305119534776,-0.007552585267725509,-0.012877407040107869,0.02690535458926968,v,v
2017-12-05,50.7374267578125,51.58736335030744,49.87753941774896,50.30897513043409,38998000,44.219458648210214,0.12257060994479474,0.4290600097637888,-0.30648939981899403,-0.016355238223670132,0.005177780097232798,-0.0068368295595269135,0.007639431095040727,0.005673319923668041,-,v
2017-12-06,51.39030838012695,51.73167483735804,50.52394791256578,50.584161136295805,28710000,50.00286681026342,0.10152860024776089,0.3635537278605832,-0.2620251276128223,0.00546991874011038,0.002797419322841499,0.012959911462408602,0.012867850500792644,-0.26380840043079135,-,^
2017-12-07,51.979984283447266,52.196448149923405,51.52167664051545,51.557007297549035,30866000,54.58304862306166,0.1309253473283647,0.3170280517541395,-0.1861027044257748,0.01923222881233433,0.008984308241064776,0.019747639865283162,0.011474457381313252,0.07509578544061313,-,v
2017-12-08,52.21934127807617,52.569663762963096,52.04417623908672,52.34026126792866,31170000,56.33177004135132,0.17155896529833825,0.2879342344629793,-0.11637526916464103,0.015191998361333559,0.00715021091028456,0.010141354719818807,0.00460479159292726,0.009849024816950713,-,v
2017-12-11,52.34822463989258,52.54876580001344,51.95759421116979,52.3054299718209,23254000,57.28547415586807,0.21172062686930815,0.27269151294424504,-0.06097088607493689,-0.0006654780710677599,-0.0003975289445236063,-0.0016636256767553759,0.0024681154273868966,-0.25396214308630094,^,v
2017-12-12,52.18898391723633,52.8722179247453,51.994912079871526,52.25019183151301,33882000,55.667788974189044,0.22807058182704054,0.26376732672080416,-0.03569674489376362,-0.0010560689461428518,0.006155275386729997,0.0007182370405771632,-0.003041950777732727,0.4570396490926292,v,v
2017-12-13,52.31936264038086,52.5228878832155,52.080005595541415,52.353698603225894,27680000,56.7448119465551,0.24868186255101676,0.2607502338868467,-0.012068371335829942,0.001980983573163897,-0.006607062371149386,0.0016365738928296736,0.0024982038997212186,-0.18304704562894747,-,^
2017-12-14,52.621917724609375,53.10013067686704,52.429337921471316,52.523389759088644,30962000,59.22068254519086,0.28613176883958147,0.26582654087739366,0.02030522796218781,0.003241244847833835,0.01099030949964197,0.0067076092242164265,0.005782851108262488,0.11856936416184971,-,^
2017-12-15,53.3449592590332,53.50668833036331,52.75229561882901,52.93591557551533,63760000,64.45659358586077,0.36989062957424323,0.2866393586167636,0.08325127095747964,0.007854135430306997,0.0076564341427014515,0.006159866024656235,0.013740311370022296,1.0592984949292683,-,^
2017-12-18,53.99634552001953,54.066012139645146,53.26384752234504,53.566398071913696,30292000,68.39377128993905,0.48326082755529853,0.3259636524044706,0.15729717515082792,0.01191029737643734,0.0104533438105614,0.009697244404534233,0.012210830602068956,-0.5249058971141782,^,^
2017-12-19,53.732112884521484,53.99038055470474,53.358399827728014,53.89334462217481,26350000,65.23693497622725,0.5454979994659155,0.3698705218167596,0.17562747764915587,0.006103575413493045,-0.0013988748558901865,0.001775168520135706,-0.0048935281259002705,-0.13013336854615076,-,^
2017-12-20,53.42259216308594,53.804266553144394,53.17577109669433,53.78884118563149,28728000,61.64739966287016,0.563351703390012,0.4085667581314101,0.15478494525860187,-0.0019390786984172514,-0.0034471696559310594,-0.0034226800583097017,-0.005760442030276258,0.09024667931688812,-,^
2017-12-21,53.28773498535156,53.619648043033116,53.19567633138917,53.5136560642587,25640000,60.09587610660098,0.560161848088029,0.4388857761227339,0.12127607196529516,-0.005116026211144709,-0.0034312987043308985,0.0003743290277566924,-0.0025243473271138184,-0.10749094959621275,-,^
2017-12-22,53.18870544433594,53.33102276652074,53.12799487774956,53.2454334342011,17788000,58.92312787403321,0.543379270456029,0.4597844749893929,0.08359479546663606,-0.005012227715025186,-0.005382826763069004,-0.0012723111784120889,-0.001858392762290384,-0.3062402496099844,-,-
2017-12-26,53.03892135620117,53.18870648724346,52.68013636548085,53.177757248454874,18376000,57.107856444543,0.5120895827112975,0.47024549653377384,0.04184408617752361,-0.001271023285590367,-0.0026685458462015754,-0.008429802654876362,-0.002816088244364634,0.033055992804137624,-,v
2017-12-27,52.75776672363281,53.15935019602346,52.66720011368463,53.07624759593309,22324000,53.75990958208813,0.45931080159289195,0.4680585575455975,-0.00874775595270555,-0.001908874269509253,-0.0005519271506826406,-0.00024556223063798566,-0.005300911583027257,0.21484545058772309,-,v
2017-12-28,52.54628372192383,52.98866870683408,52.41839325736587,52.85978354709967,19884000,51.32262380633436,0.39585515469322274,0.45361787697512257,-0.057762722281899825,-0.004078360069486364,-0.003210751985492588,-0.00472413296666041,-0.004008566223373755,-0.10929940870811683,-,v
2017-12-29,52.41938400268555,52.650779696356416,52.38455069140185,52.52339038553208,23606000,49.86183948401915,0.3315049676423527,0.42919529510856863,-0.09769032746621592,-0.006363877015649333,-0.006376627658775114,-0.0006456238709542372,-0.00241500845064202,0.18718567692617172,v,v
2018-01-02,53.40517044067383,53.543011638081616,52.40047527349359,52.40047527349359,31766000,59.50439236463891,0.3559485544062113,0.4145459469680972,-0.0585973925618859,-0.0023401975983703416,0.016946224668861642,0.0003039938661602015,0.01880576158502323,0.3456748284334492,-,v
2018-01-03,54.31631851196289,54.544228982927415,53.41612321520075,53.44100198310784,31318000,66.01097744327919,0.4437272955416276,0.4203822166828033,0.02334507885882431,0.01985719984758605,0.0186993094750334,0.019382418506820542,0.01706104603300962,-0.014103129131776138,-,^
2018-01-04,54.527305603027344,54.94132655368835,54.45266550573435,54.593490792046104,26052000,67.32038177959348,0.5242739712677746,0.4411605675997976,0.08311340366797704,0.02156562875266732,0.0072802857087819195,0.019405045296110757,0.003884414423594995,-0.1681461140558146,-,^
2018-01-05,55.25035095214844,55.414069413897295,54.82787129109952,54.90997919575,30250000,71.38830725312857,0.6390845402564054,0.4807453621311192,0.1583391781252862,0.005797182028704384,0.008604503929241503,0.006890494374892642,0.013260243489473744,0.16113925994165523,-,^
2018-01-08,55.44541549682617,55.69173920189661,55.2359182885604,55.285679617799445,24644000,72.38694495260349,0.7373135304610372,0.5320589957971028,0.2052545346639344,0.006842115541696003,0.0050108174861758226,0.0074423279228628125,0.0035305575678004075,-0.18532231404958677,^,^
2018-01-09,55.374755859375,55.65591288308646,55.14634804825195,55.65591288308646,26808000,71.4145805662879,0.8002344658906466,0.5856940898158116,0.214540376074835,0.0066967299280122905,-0.0006432968214599155,-0.0016215941199804185,-0.0012743999989541788,0.08781042038630082,-,^
2018-01-10,55.24288558959961,55.37425747451425,54.936352456980806,55.08663114150458,20734000,69.53722588307119,0.8298924483005408,0.6345337615127575,0.19535868678778323,-0.010228594089863097,-0.005060655624567034,-0.0038079691349172107,-0.0023814149196481615,-0.22657415696806926,-,^
2018-01-11,55.33793258666992,55.47726582994094,55.060758142760186,55.35087121590882,22424000,70.14638748641681,0.8512533921395331,0.6778776876381127,0.17337570450142037,0.004796809478609498,0.0018602209785674173,0.0022645421513340924,0.0017205291877115947,0.0815086331629209,-,^
2018-01-12,56.26350402832031,56.295846802728654,55.13689042609554,55.24089300411434,38586000,75.32167989961115,0.9321230398699427,0.7287267580844787,0.20339628178546398,-0.001986928288183254,0.014755250831880895,0.0013826958782143794,0.01672580449587202,0.720745629682483,-,v
2018-01-16,56.265995025634766,57.170670216908654,56.064956516079036,56.74420798172111,36462000,75.33407309904172,0.9850586777365749,0.779993142014898,0.20506553572167685,0.027213806581562805,0.015539750512068018,0.01683203537253264,4.427376782656367e-05,-0.05504587155963303,-,v
2018-01-17,56.683998107910156,56.6949435504435,55.90720958064976,56.54764894969218,27830000,77.38632167780447,1.0486517033949454,0.8337248542909076,0.2149268491040378,-0.0034639488155733256,-0.008321166511783495,-0.002813645907029816,0.007429053411122544,-0.2367396193297131,-,v
2018-01-18,56.52824401855469,56.75814388256141,55.95548185055023,56.696438614793244,27498000,74.88610068081934,1.0741000245930081,0.8817998883513277,0.1923001362416804,0.0026312263704091343,0.0011147437171656893,0.0008634355079164546,-0.0027477611769542998,-0.011929572403880706,v,^
2018-01-19,56.90294647216797,56.91687979596614,56.355564267291555,56.63074931057842,30552000,76.82586715245597,1.1116885058815171,0.9277776118573656,0.1839108940241515,-0.001158614294296867,0.0027967072660650683,0.007150012894355795,0.00662858824148671,0.11106262273619905,-,^
2018-01-22,57.931034088134766,58.06638855045566,56.8193484355909,56.91887489216395,29550000,81.13201628565068,1.2104820431404448,0.9843184981139815,0.2261635450264633,0.005087793912197158,0.02019627145075842,0.008229607392442162,0.018067388065214685,-0.03279654359780049,-,^
2018-01-23,58.5286750793457,58.645118945615685,58.08479809232796,58.2524953313163,39138000,83.0981568941146,1.321764784814377,1.0518077554540606,0.2699570293603164,0.023430196778818413,0.009966702073388678,0.022271456670636347,0.010316421942368592,0.32446700507614223,^,^
2018-01-24,58.28583526611328,59.07008778168688,58.09226077314939,58.967079894517674,37128000,79.47422858367469,1.3745174345310858,1.1163496912694657,0.25816774326162006,0.012267020650997162,0.007246448531638139,0.0001284790696796101,-0.00414907415729493,-0.051356737697378474,-,^
2018-01-25,58.82575607299805,58.96807720071806,58.313207148658606,58.75459740741114,29984000,81.41488364077678,1.4432544474277975,1.181730642501132,0.2615238049266655,-0.003603408672883779,-0.0017269414148466389,0.0038033702350130927,0.009263327949572409,-0.19241542770954534,-,^
2018-01-26,59.09546661376953,59.09546661376953,58.123615323995246,59.093974571107005,42170000,82.31442391070192,1.5021762591043952,1.2458197658217847,0.25635649328261056,0.005776180565796096,0.0021603114617059216,-0.003251267318911677,0.0045849056395772525,0.4064167556029883,-,^
2018-01-29,59.041725158691406,59.614984641393455,58.92129871548926,59.11736374721337,31494000,81.46828805185275,1.5269341862624017,1.3020426499099083,0.22489153635249348,0.00039579629354968837,0.00879116550545822,0.01372391216629465,-0.0009094006386203279,-0.25316575764761684,-,-
2018-01-30,58.58839416503906,59.113881736414754,58.44607303256384,58.60581271962589,37338000,74.51048366582434,1.4927673070633531,1.3401875813405972,0.1525797257227559,-0.008653143427959309,-0.00840565351132816,-0.008065431232602727,-0.00767814613197515,0.18555915412459512,-,-
2018-01-31,58.82973861694336,59.03376501007643,58.326145745392616,58.908858639885175,36022000,75.70032925288841,1.4682393402409346,1.3657979331206649,0.10244140712026972,0.005170919166483934,-0.0013552946276741418,-0.002051930625080689,0.004119321844262336,-0.03524559430071239,-,-
2018-02-01,58.79838562011719,59.08999453214025,58.1897954782561,58.51971913386568,73514000,75.20916562072235,1.429789106200296,1.3785961677365912,0.05119293846370487,-0.006605789265046513,0.000952497643581296,-0.002337721195083131,-0.0005329446902750945,1.040808394869802,-,-
2018-02-02,55.69373321533203,56.295854081164165,55.29414291255394,56.1027769185901,117842000,44.452333315215014,1.1357058067132328,1.3300180955319196,-0.19431228881868678,-0.041301329723520075,-0.04728618564106135,-0.04976220558781974,-0.05280166065856973,0.6029871861142095,-,-
2018-02-05,52.86674499511719,55.484231942129064,52.58559177364152,54.76865134000662,83550000,31.728539685695765,0.6668414171069301,1.1973827598469218,-0.5305413427399917,-0.023780027511283608,-0.014417085454729084,-0.048984413108562164,-0.05075953894641416,-0.29099981330934643,-,v
2018-02-06,53.963504791259766,54.11030204868363,51.255451128173426,51.45300820900175,76630000,39.02100727124667,0.3793889996762516,1.0337840078127878,-0.6543950081365362,-0.06053906842476697,-0.024762528836633546,-0.025294773731819542,0.02074574094251269,-0.0828246558946738,-,v
2018-02-07,52.5194091796875,54.06800522440786,52.48009594287449,53.99037724245561,51942000,33.88822085224639,0.03465496002905866,0.833958198256042,-0.7993032382269833,0.049314299042479304,-0.0007816778445943751,0.023892967240472185,-0.026760597132418962,-0.32217147331332374,-,^
2018-02-08,50.1457633972168,52.94338544581272,49.99597824363367,52.74135221772041,66792000,27.487909818792232,-0.42518140080363054,0.5821302784441075,-1.0073116792477381,-0.02313421554967432,-0.020800097468501644,-0.047334473281924305,-0.04519559186870559,0.2858958068614994,v,v
2018-02-09,52.06458282470703,52.33578531167807,49.612803609403386,51.04993305207871,98360000,37.72687065191921,-0.6275384653507743,0.34019652968513114,-0.9677349950359054,-0.03207007584218535,-0.01147641256822396,-0.007664109148200926,0.038264836299146454,0.4726314528686071,-,v
2018-02-12,52.477115631103516,53.02499526533336,52.02577458282888,52.58211292279682,56240000,39.698312587961524,-0.746020289595684,0.12295316582896813,-0.8689734554246521,0.030013357101860594,0.013168999940495807,0.04863605355630729,0.007923482413859206,-0.4282228548190321,^,v
2018-02-13,52.45621109008789,52.80852678383553,52.09692873400524,52.250195305375534,31586000,39.62984697130853,-0.8320138726652075,-0.06804024186986701,-0.7639736307953405,-0.006312367437737221,-0.004082385682726342,0.0013676711542867093,-0.00039835537384669273,-0.43837126600284493,v,v
2018-02-14,53.37979507446289,53.51763628360486,52.24024649460781,52.46516908789304,41304000,44.20802476426686,-0.8162299076821853,-0.2176781750323307,-0.5985517326498546,0.004114315386977818,0.013427935656527001,0.0027509829098433247,0.017606761242988878,0.30766795415690495,-,v
2018-02-15,54.30835723876953,54.44470640281711,53.107596962624385,53.91473891081594,37396000,48.44143605676523,-0.7204884529766389,-0.31824023062119233,-0.40224822235544655,0.027629184240204996,0.01732270301138583,0.016603108258803845,0.017395386456829476,-0.09461553360449348,-,^
2018-02-16,54.514373779296875,55.15182530256867,54.31781138811938,54.40887534908016,39948000,49.35954063496744,-0.620832279213964,-0.3787586403397467,-0.2420736388742173,0.009165145714265632,0.012987835667986447,0.0227879718667503,0.003793459257505738,0.0682425927906729,-,^
2018-02-20,54.91694641113281,55.54892329436583,54.24067901949363,54.37802287617981,33754000,51.18864726642325,-0.5035650125672504,-0.4037199147852475,-0.0998450977820029,-0.0005670485321080942,0.007200087932151655,-0.0014200198177096723,0.0073847061596226116,-0.15505156703714829,-,^
2018-02-21,55.42252731323242,56.53968759193702,55.11201160065814,55.191135418845924,41486000,53.462066747184565,-0.36561907627977774,-0.3960997470841536,0.03048067080437583,0.014952962606190834,0.017835886616936136,0.01606419014133942,0.009206282124912812,0.2290691473603128,^,^
2018-02-22,55.23094177246094,56.00523975937788,54.99457260793144,55.692237311531464,28010000,52.46486271406273,-0.2686583536513609,-0.37061146839759507,0.10195311474623414,0.009079390900054385,-0.009452613824405987,-0.0021309146466593765,-0.0034568171113651402,-0.3248324736055537,-,^
2018-02-23,56.13611602783203,56.181401231279516,55.15829276667182,55.6668591170916,25292000,56.58517804720667,-0.11742270895674523,-0.31997371650942513,0.2025510075526799,-0.0004556863876361561,0.0031454462592874766,0.0029770239312083557,0.016388897714259665,-0.09703677258122101,-,^
2018-02-26,56.912899017333984,56.93777778235942,56.19831315542538,56.323713065205645,30912000,59.80505542307779,0.06437050139340528,-0.24310487292885907,0.30747537432226435,0.011799730729057378,0.013463112960927504,0.018855195412827763,0.013837490807465658,0.22220464969160214,-,v
2018-02-27,55.6096305847168,56.94027060734641,55.5738025799875,56.91290130713517,42964000,52.737923663236906,0.10210307896444704,-0.17406328255019785,0.2761663615146449,0.01046074929838925,4.378156443896053e-05,-0.011112621364821051,-0.022899350676553132,0.38988095238095233,-,v
2018-02-28,54.93336486816406,56.11421979607381,54.88758611497072,55.83306277612974,49292000,49.47110462730374,0.07655494920006589,-0.1239396362001451,0.20049458540021098,-0.01897352807894992,-0.014507321487264302,-0.012347840765963514,-0.012160946034743048,0.14728609999068998,-,v
2018-03-01,53.31559753417969,55.299114370176994,53.11057645825989,55.21302769011919,55338000,42.66285677925287,-0.07338647767619477,-0.11382900449535505,0.040442526819160274,-0.011105159831490186,-0.014525826588323132,-0.03237543828195688,-0.029449631164355172,0.1226568205794043,v,v
2018-03-02,53.94906997680664,54.08591647599412,52.255666209166655,52.64729131474817,50162000,45.80782786467332,-0.13949222721098664,-0.11896164903848137,-0.020530578172505268,-0.04646976416093507,-0.02193883044964562,-0.0160967985306113,0.01188155946711178,-0.0935342802414254,-,v
2018-03-05,54.47754669189453,54.79701847144335,53.35839697179209,53.650005897914696,28648000,48.35295174105396,-0.1475371394353857,-0.12467674711786225,-0.02286039231752346,0.019045891215406785,0.013147636978007915,0.02110260652330931,0.009795844772024553,-0.42889039511981186,-,v
2018-03-06,54.7830810546875,55.018459315716925,54.464603994061115,54.842796927259705,23382000,49.82025441663104,-0.12778568685921954,-0.12529853506613373,-0.0024871517930858122,0.02223282196118781,0.004041111185437485,0.020731638974345934,0.005608445705548304,-0.18381736944987437,-,v
2018-03-07,55.486717224121094,55.54444370606537,54.23619571614768,54.3810035737155,30748000,53.123225008432286,-0.054724134295049964,-0.11118365491191698,0.056459520616867015,-0.008420310039196188,0.009560143938785126,-0.004193701251152815,0.012844041552376062,0.3150286545205714,-,^
2018-03-08,56.20030975341797,56.30281649788023,55.594206356143076,55.594206356143076,33862000,56.267141077320986,0.060066219872012994,-0.07693367995513099,0.136999899827144,0.022309312125566638,0.013653441122357446,0.025038825494006378,0.012860600968958913,0.10127487966697024,-,^
2018-03-09,57.76582717895508,57.77378853666673,56.444644232734824,56.703902790394935,42662000,62.248973919883184,0.2742017481668668,-0.006706594330731433,0.2809083424975983,0.019960648905445577,0.026126082677264906,0.015297239268850182,0.027856028417030165,0.25987832969109914,-,^
2018-03-12,58.01911163330078,58.627701748724206,57.684210720257624,57.975318475545,44306000,63.127716657288715,0.4590519704178533,0.08644511861898552,0.37260685179886777,0.022422013698948362,0.014780287630185907,0.021960745866547837,0.004384676316692371,0.03853546481646419,^,^
2018-03-13,56.724300384521484,58.61974117107071,56.45857253550645,58.31270690136068,43140000,55.95689080509075,0.4953564954079681,0.16822739397678205,0.32712910143118606,0.005819518282732528,-0.00013578184742113475,-0.021247377218957975,-0.02231697818751377,-0.026316977384552853,-,^
2018-03-14,57.171165466308594,57.71207836260857,56.845721743664406,57.01740155535548,41870000,57.74100598550113,0.5538024802532391,0.24534241123207345,0.30846006902116563,-0.022213088961832717,-0.015483910203787699,0.006857226294810781,0.007877842102201438,-0.029439035697728322,-,^
2018-03-15,57.25675582885742,57.8484285562726,56.512815026891,57.205005108928034,33382000,58.09117965253319,0.6001100758737579,0.31629594416041035,0.2838141317133475,0.0032902859207013524,0.002362593715778738,-0.005856319641337149,0.001497089692867437,-0.2027227131597803,-,^
2018-03-16,56.451114654541016,57.565287135918005,56.29884277024937,57.49263642339669,58656000,53.589778067859946,0.5652844223446678,0.36609363979726184,0.19919078254740596,0.005028079517184869,-0.004894539530648889,-0.0037862608072135595,-0.014070674502140834,0.7571146126655084,-,-
2018-03-19,54.741783142089844,55.70218781532969,54.18693311609719,55.622073099576276,63656000,45.52871552921923,0.3952004486736982,0.37191500157254914,0.023285447101149048,-0.03253570266016159,-0.03236497919639203,-0.03751248782804828,-0.030279854045604182,0.0852427714129842,-,-
2018-03-20,54.529296875,55.014476473098476,53.863477617466295,54.65867557012891,54598000,44.62999143159173,0.24048959387959457,0.34562992003395826,-0.1051403261543637,-0.01732041752062463,-0.012346217791502023,-0.005969252733641128,-0.0038816102599051883,-0.14229609149176825,-,-
2018-03-21,54.439727783203125,55.17123112122752,54.101842763390096,54.36856911754372,44898000,44.23361718397068,0.10939165081916968,0.29838226619100056,-0.18899061537183087,-0.005307601209856849,0.002849334542076365,0.004425357523638818,-0.0016425865897775616,-0.1776621854280377,-,-
2018-03-22,52.40694808959961,53.938125585912246,52.23228038384407,53.74355638443713,69312000,36.344414250378364,-0.156726105208719,0.20736059191105666,-0.36408669711977565,-0.011495846649105856,-0.022350516931655462,-0.03455635305663063,-0.03734000474246879,0.5437658693037553,-,-
2018-03-23,51.08326721191406,53.085197176415804,50.99966727446192,52.318363272398585,49880000,32.30409307204802,-0.46902964669598646,0.07208254418964805,-0.5411121908856344,-0.026518399747197274,-0.015813089539752467,-0.02359868457444203,-0.025257736348670123,-0.2803554939981533,-,v
2018-03-26,52.4537239074707,52.71149422688356,50.28857623250851,52.28005468555452,65984000,39.769620893563456,-0.5990426605040469,-0.06214249674909095,-0.536900163754956,-0.0007322206668548548,-0.007039682800655922,-0.013943052571825043,0.026827898260137317,0.32285485164394556,-,^
2018-03-27,50.10743713378906,52.97373447257667,49.64365486734454,52.94188524793335,60816000,33.04967521851495,-0.8812461870518717,-0.2259632348096471,-0.6552829522422247,0.01265933186871182,0.004975010660186685,-0.012824410899648253,-0.04473060440514254,-0.07832201745877787,-,^
2018-03-28,50.019859313964844,51.00564776940355,48.96590007161025,49.85713933583971,77698000,32.826708842643285,-1.0992893893525064,-0.400628465718219,-0.6986609236342874,-0.05826664270921589,-0.03715212308076854,-0.013652395206302792,-0.0017478008222687746,0.27759142330965525,v,^
2018-03-29,51.610252380371094,52.15315848214298,49.963128419241535,50.319924031398315,69338000,40.656343671028374,-1.1307244811356654,-0.5466476688017082,-0.5840768123339571,0.009282215179680975,0.022497718643380793,0.020365771816159617,0.03179523269795026,-0.10759607711910213,^,^
2018-04-02,50.390586853027344,51.72918832646703,49.47596088881355,51.136520876400525,65068000,37.08625637906064,-1.239762620968861,-0.6852706592351389,-0.5544919617337222,0.01622810170565181,-0.00812932846284109,-0.009750540965732801,-0.02363223334686937,-0.061582393492745635,-,^
2018-04-03,50.69164276123047,51.006141045691734,49.625242321486965,50.56574549655701,51322000,38.52130380454321,-1.2870471581214673,-0.8056259590124046,-0.48142119910906267,-0.011161795328687107,-0.013977549313399007,0.0030172518126305725,0.005974447352264489,-0.211255916886949,-,^
2018-04-04,51.24052047729492,51.39130030399634,49.58841929115461,49.67400862549067,50724000,41.15661264417314,-1.2656411268812278,-0.8976289925861693,-0.3680121342950584,-0.01763519675838765,0.007551233055634876,-0.0007420221768149604,0.010827775273525742,-0.011651923151864696,-,^
2018-04-05,51.38632583618164,52.086477305348915,50.95638215781339,52.07055459031195,35836000,41.869455548717525,-1.2228155623586687,-0.9626663065406693,-0.2601492558179994,0.04824547144744562,0.013527133916448442,0.02758633741936589,0.002845508935673813,-0.2935099755539784,-,-
2018-04-06,50.257225036621094,51.55352537760799,50.073103933661166,50.911593949854264,40134000,38.02761636278132,-1.2653982686109657,-1.0232126989547286,-0.24218556965623717,-0.02225750521722536,-0.01023205936190652,-0.017334005805527575,-0.021972787141078975,0.11993526063176696,-,-
2018-04-09,50.76181411743164,51.98098386128568,50.71752360768842,50.75932358302468,33220000,40.64859042342045,-1.2440881742583798,-1.0673877940154588,-0.176700380242921,-0.0029908780106072674,0.00829154709686164,0.012869577146266131,0.01004013015925298,-0.17227288583246125,-,-
2018-04-10,51.57840347290039,51.81278323466745,50.52892049039402,51.26788777944989,36620000,44.72295502475684,-1.148073557172573,-1.0835249466468817,-0.06454861052569139,0.010019128714222836,-0.0032358107546999193,-0.0037186972840647092,0.016086685822135127,0.10234798314268523,-,v
2018-04-11,51.00912857055664,51.54705742484891,50.717523439315116,51.354477611779615,34060000,42.53097209492342,-1.1051772134071527,-1.087855399998936,-0.017321813408216702,0.0016889682036878018,-0.0051285762553042735,0.0037325742780700555,-0.011037078777415998,-0.06990715456034957,-,v
2018-04-12,51.617713928222656,51.98396292286509,51.05839158750489,51.328102010836666,32896000,45.60059462638866,-1.0104262350488398,-1.0723695670089168,0.061943331960077064,-0.0005135988558259141,0.008475857203937398,0.006720914687359247,0.011930910696194452,-0.0341749853200235,-,^
2018-04-13,51.555511474609375,52.39848136151801,51.26241432712323,52.09543346697468,25410000,45.33406439255744,-0.9296383282466749,-1.0438233192564685,0.11418499100979362,0.014949538870071777,0.007973967649753666,0.003995870870093565,-0.001205060218276599,-0.22756566147859925,v,^
2018-04-16,52.056121826171875,52.32135233415916,51.450018425445606,52.0287525252446,29776000,47.96983823434877,-0.8158140617870444,-0.9982214677625838,0.1824074059755394,-0.0012799767137431362,-0.0014719706631707297,0.0036596812847169424,0.00971012288005424,0.17182211727666274,-,^
2018-04-17,53.71120834350586,53.99186802128195,52.60300789759706,52.807531637894336,54584000,55.59319798721228,-0.585308785408408,-0.9156389312917487,0.33033014588334064,0.014968244957859866,0.03192799139543956,0.022409894251490092,0.03179427239817678,0.8331542181622784,^,^
2018-04-18,53.51365280151367,53.84257795722582,53.27131167476308,53.69379131796408,31126000,54.565506800789905,-0.4138027142688756,-0.8152716878871741,0.4014689736182985,0.016782827232806552,-0.0027650472103926127,0.012704668494756488,-0.0036781064527302565,-0.42975963652352334,-,^
2018-04-19,54.21331024169922,54.61439257628583,53.19667108040654,53.19667108040654,39884000,57.55790066015323,-0.21890303123285548,-0.6959979565563104,0.4770949253234549,-0.009258430543928053,0.014334652023407335,-0.0014011405390624843,0.013074372679821256,0.28137248602454545,-,^
2018-04-20,53.60969543457031,54.47704677228794,53.34993574777169,53.955541805060236,42434000,54.23893087622809,-0.11186083647437783,-0.5791705325399239,0.46730969606554607,0.014265379942791201,-0.002514828006299652,0.002881095080808471,-0.011134070294505305,0.06393541269682079,-,^
2018-04-23,53.43502426147461,54.14115142495345,53.080221861716815,53.8913425018291,69590000,53.28147097413635,-0.040654984457852095,-0.47146742292350957,0.4308124384656575,-0.0011898555937606137,-0.006165814177455764,-0.0050555615911147544,-0.0032582011831961966,0.6399585238252345,-,-
2018-04-24,50.888702392578125,52.9712445912018,50.40203074412265,52.70800347589493,128220000,41.71963672371172,-0.18752901034596192,-0.41467974040800004,0.22715073006203812,-0.02195786875960659,-0.02160845868550254,-0.050455537367031345,-0.04765267545190055,0.8425061071993103,-,-
2018-04-25,50.906124114990234,51.557011607958124,50.60854322189631,51.24251330449413,57860000,41.81267066729068,-0.2990744030818746,-0.39155867294277497,0.09248426986090036,-0.027803940099362934,-0.02669812639211755,0.0040973047062740076,0.00034234951164036076,-0.5487443456559039,-,-
2018-04-26,51.91728591918945,52.350714809511025,50.779723011127885,51.41518510279543,50926000,47.09173495317038,-0.3023967816359203,-0.37372629468140406,0.07132951304548374,0.0033696980722870418,0.015394670420160406,0.003382428703411211,0.01986326442600772,-0.11984099550639471,-,-
2018-04-27,51.32710647583008,52.33478956580274,51.13502781373858,52.02825642530371,40746000,44.551139876695345,-0.34863350924242553,-0.36870773759360836,0.020074228351182832,0.011923934948061765,-0.00030420298493027964,0.006996981896353338,-0.01136768675230837,-0.19989789105761302,-,v
2018-04-30,50.68667221069336,51.6714621526534,50.67273888576307,51.47490356093241,34492000,41.90890031374314,-0.43197460747219196,-0.3813611115693251,-0.050613495902866845,-0.010635621917596594,-0.012674693423870731,-0.009040552977880867,-0.012477505729614813,-0.15348745889167037,-,v
2018-05-01,51.78989791870117,51.83866455831515,50.29006843282006,50.57321486975355,35326000,47.66681271509911,-0.4043409429681333,-0.3859570778490868,-0.018383865119046494,-0.017517054502326657,0.0032358752529160206,-0.00755180125166921,0.021765597540551518,0.024179519888669843,-,v
2018-05-02,51.05839538574219,51.95062931718003,50.914582213126046,51.45400309991715,34698000,44.51610065443639,-0.43643624043925655,-0.39605291036712076,-0.04038333007213579,0.01741610123920312,0.0021598696613591706,0.012418232859242373,-0.01412442507817424,-0.017777274528675724,v,^
2018-05-03,51.070831298828125,51.28928836088491,50.15471332302845,51.024555197797376,39282000,44.58316332760904,-0.45561645775092785,-0.4079656198438822,-0.04765083790704566,-0.008346248615211604,-0.0127301818089125,-0.014924386238049037,0.00024356255209334599,0.1321113608853537,-,v
2018-05-04,52.299957275390625,52.343750436707,50.660297275768805,50.73792525751444,36892000,50.89998881680425,-0.36740154773940503,-0.3998528054229868,0.03245125768358176,-0.005617490229396616,0.02055910911460912,0.010080487340921929,0.024067083799176547,-0.06084211598187461,-,v
2018-05-07,52.720943450927734,52.996625854765696,52.26363048160637,52.44376900444362,34400000,52.88109808225656,-0.2605174470010425,-0.37198573373859795,0.11146828673755543,0.033620683902058746,0.012472843703627001,0.0316487129380596,0.008049455438756237,-0.06754852000433698,^,^
2018-05-08,52.677650451660156,53.008071452059276,52.33180408444628,52.9777142694231,26030000,52.645850317503516,-0.17726105523021118,-0.3330407980369206,0.15577974280670942,0.010181290839989865,0.00021596841513926712,0.001304417665051183,-0.0008211726959680421,-0.24331395348837215,v,^
2018-05-09,54.18842315673828,54.43972412675218,52.85280967855392,52.9518387833074,47160000,59.42867204977048,0.010505861294248575,-0.26433146617068676,0.27483732746493533,-0.0004884220935639227,0.027008201496024897,0.009955811828441963,0.028679576483094937,0.8117556665386092,-,^
2018-05-10,55.010498046875,55.20656308756585,54.43375710499656,54.48949040471466,36414000,62.57037268518573,0.22307559212865868,-0.1668500545108177,0.3899256466394764,0.029038682258036852,0.014086018493191244,0.02991226835541605,0.01517067377581549,-0.22786259541984732,^,^
2018-05-11,54.906494140625,55.186656471739354,54.59996099952718,54.758702189712736,30504000,61.91712286940753,0.37878004864133175,-0.05772403388038781,0.43650408252171957,0.004940618511910078,-0.00036058422609863694,0.003053323955023446,-0.0018906192443736147,-0.1623002142033284,-,^
2018-05-14,55.066734313964844,55.641485884610894,54.97716239408842,55.01547714064006,39338000,62.565590025852735,0.5092368298377323,0.05566813886323622,0.4535686909744961,0.004689208119610377,0.008241655536867842,0.006908455384510459,0.0029184193208446896,0.289601363755573,-,^
2018-05-15,53.98539352416992,54.694504762092755,53.682341846002714,54.58403287139321,35738000,55.67587657620289,0.5193824862348819,0.14841100833756538,0.37097147789731655,-0.007842234434210504,-0.017019335617348252,-0.02355197124951891,-0.019636915158789403,-0.09151456606843256,-,^
2018-05-16,53.94658279418945,54.4586381660327,53.824170755143065,53.99634792174644,25628000,55.4399037512188,0.5183164609494852,0.22239209885994937,0.2959243620895359,-0.01076660918462058,-0.004312436817666021,0.0026420030174394427,-0.0007189116804917628,-0.28289215960602165,-,-
2018-05-17,53.80575942993164,54.290441721020834,53.564910327096015,53.81571397441745,25738000,54.53668846458894,0.5003407430107316,0.2779818276901058,0.2223589153206258,-0.003345299344888586,-0.003088517279831171,-0.004816803016371107,-0.002610422328232831,0.004292180427657222,-,-
2018-05-18,53.22751998901367,53.43104903124097,52.98070272765385,53.04638677248913,35482000,50.87177769861267,0.4344279516976215,0.30927105249160897,0.12515689920601253,-0.014295586643968683,-0.01582953946471788,-0.010906535563574793,-0.010746794526169223,0.37858419457611303,-,-
2018-05-21,53.94260025024414,54.404890462276796,53.643531140947125,53.693292468486106,25180000,54.90740995819047,0.43487956963652863,0.3343927559205929,0.10048681371593571,0.012195094432567055,0.018226133469070094,0.012510751635374406,0.013434408767833972,-0.2903443999774533,-,-
2018-05-22,53.509674072265625,54.33025199900889,53.35789954035816,54.23072933399094,22226000,52.116172474121846,0.3957420872184585,0.3466626221801661,0.049079465038292414,0.010009385545136196,-0.001371907242781134,-0.00532462338913664,-0.008025682410008672,-0.11731532962668789,-,-
2018-05-23,54.03963851928711,54.1411543653972,53.09415806871981,53.245435244534264,23740000,55.12364051314693,0.40284530232602833,0.35789915820933854,0.04494614411668979,-0.01816855685986718,-0.0034805219312278313,-0.004942875823641946,0.009904086620033503,0.06811841986862244,-,v
2018-05-24,54.01426315307617,54.097365757603534,53.35989420914401,54.08642031428258,20604000,54.94569130040608,0.401795423953871,0.3666784113582451,0.03511701259562594,0.015794500803421263,-0.0008087860021996907,0.005004997726496763,-0.00046956950316900947,-0.13209772535804554,-,v
2018-05-25,53.946083068847656,54.219278724632744,53.8724376689544,54.06899624657445,22224000,54.43719961810272,0.39095513732549847,0.3715337565516958,0.019421380773802677,-0.0003221523555613226,0.002253584168505851,0.009605406221411705,-0.0012622607483377957,0.07862550960978454,-,v
2018-05-29,53.14939498901367,53.8097396535144,52.90108188694753,53.544007997633116,36076000,48.758885062693146,0.31445324100796057,0.36011765344294877,-0.0456644124349882,-0.009709598575627254,-0.007553384713918865,-0.018030663248911005,-0.01476822847021586,0.6232901367890569,v,v
2018-05-30,53.617156982421875,53.69279556766695,53.07375356201772,53.418605221585324,28686000,51.92936374364929,0.28824669218766275,0.3457434611918916,-0.05749676900422884,-0.0023420505998231755,-0.002173288452991251,0.0032640480858066034,0.008800890273631401,-0.20484532653287502,-,^
2018-05-31,54.73830032348633,55.23592123551802,53.643535835635106,53.842581163210774,79368000,58.54936863017538,0.3538655692687769,0.34736788280726866,0.006497686461508223,0.0079368590749751,0.028739901723059402,0.010735669429364547,0.02091016018309233,1.766785191382556,-,^
2018-06-01,56.47997283935547,56.6372219872182,55.33594058432241,55.37873904985408,63202000,66.3110521034568,0.5401805532134176,0.3859304168884985,0.15425013632491913,0.02853053946256434,0.025369374138348055,0.03154909016200702,0.03181816946409355,-0.2036841044249572,-,^
2018-06-04,57.37767791748047,57.61753230351501,56.57949208846197,56.654135979178925,44754000,69.48294996627149,0.7516097285963852,0.45906627923007587,0.2925434493663093,0.02303044365413731,0.01730858756663678,0.02247276346996574,0.015894219366541007,-0.2918894971678111,^,^
2018-06-05,57.277156829833984,57.7787602831598,57.100006197189394,57.45829383577269,32964000,68.70291318903428,0.9006752381742444,0.5473880710189096,0.3532871671553348,0.014194159750124946,0.0027982451382242424,0.009199695676193054,-0.0017519197586045587,-0.2634401394288779,-,^
2018-06-06,57.07463073730469,57.460785053595174,56.54566173920774,57.36424647452255,34934000,67.06922706573914,0.9910444221924593,0.6361193412536196,0.3549250809388397,-0.0016367934891862168,-0.005503323851295927,-0.009708308192949766,-0.0035358963981223512,0.059762164785826855,-,^
2018-06-07,56.451114654541016,57.020888953405006,56.03808836821191,56.95669694633402,36108000,62.16792782056372,1.000813361220544,0.7090581452470045,0.2917552159735396,-0.007104591330586718,-0.007655588063752772,-0.008976345052548629,-0.010924574976814205,0.03360622888876175,-,^
2018-06-08,56.36602020263672,56.6680734235956,55.894272753206245,56.29137630649201,27284000,61.50730603436947,0.9902736465040789,0.7653012454984194,0.22497240100565952,-0.011681166140460886,-0.006187478593988827,-0.0025663904532340354,-0.0015074007382324117,-0.24437797717957244,-,-
2018-06-11,56.77356719970703,57.113942753553516,56.30082885882033,56.377462144054576,24796000,63.50740891956042,1.0032417370594189,0.8128893438106193,0.1903523932487996,0.0015292899767425094,0.007868086967153909,0.007273663035373579,0.0072303667281310435,-0.09118897522357428,-,-
2018-06-12,57.13633346557617,57.164200114109676,56.779537857601994,56.779537857601994,26092000,65.23882846101733,1.0309075871984987,0.8564929924881952,0.17441459471030352,0.007131851953889656,0.0008799490655551079,0.008502698956387889,0.006389703584998907,0.0522664945959026,-,-
2018-06-13,56.93927001953125,57.507058641129454,56.896972701952144,57.33985496430498,34302000,63.47694376005965,1.0251147152617293,0.8902173370429021,0.1348973782188272,0.009868292836553438,0.005997784038530574,0.0020682599538703883,-0.0034490040591009796,0.3146558332055802,-,-
2018-06-14,57.729496002197266,58.02209580046426,57.256256546455994,57.33637505615923,35422000,67.29164042735493,1.0719318915323583,0.9265602479407934,0.14537164359156496,-6.06891689545197e-05,0.008956068550625584,0.006314639029846303,0.013878400309574657,0.03265115736691748,-,-
2018-06-15,57.68770217895508,57.918596740103006,57.410030369868196,57.72004495756006,44438000,66.8936949593365,1.0930622871378048,0.9598606557801957,0.1332016313576091,0.006691561875424412,-0.0017837870027511693,0.002685712141998531,-0.0007239596070715004,0.254531082378183,-,-
2018-06-18,58.89741516113281,58.92478446241497,57.27616466391788,57.360261957953256,33038000,72.04659870263293,1.1936622106247725,1.006620966749111,0.18704124387566146,-0.006233241846421711,0.017372446484278825,-0.0023317476943989224,0.020970032372324976,-0.25653719789369456,-,-
2018-06-19,58.654083251953125,58.85910055495319,57.80414660929972,58.22712364203133,47282000,69.69666965466645,1.2394657338708797,1.053189920173465,0.18627581369741475,0.015112582378258743,-0.0011147076406139433,0.009218179123548165,-0.0041314531123984866,0.4311398995096556,-,-
2018-06-20,58.92179489135742,59.78865265859203,58.82028284298701,58.883480148588546,51686000,70.82417169109777,1.2825826337583877,1.0990684628904495,0.1835141708679382,0.011272349817455618,0.01579283568512868,0.017578950530234394,0.004564245565893854,0.09314326805126694,-,-
2018-06-21,58.19377899169922,59.23330750889277,57.89719659946725,58.993456906457425,44966000,63.86513533180251,1.2436720119452858,1.1279891727014169,0.1156828392438689,0.0018677013925019192,-0.00928847072153327,-0.015693332281040195,-0.012355630051673616,-0.1300158650311496,-,-
2018-06-22,58.18631362915039,58.47045473289453,57.706604842339694,58.295790832693406,34220000,63.795911573912804,1.1984180541169351,1.1420749489845206,0.056343105132414584,-0.011826160227739635,-0.012878780673925894,-0.003291899579284774,-0.000128284546530133,-0.23898056309211402,-,-
2018-06-25,56.692955017089844,57.52447836267641,55.72856394409133,57.47521437916647,57682000,51.71937291399666,1.0301771659204775,1.119695392371712,-0.08951822645123442,-0.014076084084388873,-0.016178707255476987,-0.03427754766811486,-0.025665118116580565,0.6856224430157802,-,-
2018-06-26,56.361541748046875,57.07064928855063,56.18140321609797,56.93480126650131,34688000,49.4807725727402,0.8601870677697292,1.0677937274513154,-0.2076066596815862,-0.009402541921810448,-0.007889320982009007,0.008125801921990083,-0.005845757536241725,-0.3986338892548802,-,-
2018-06-27,55.581268310546875,57.037805640632065,55.569324376418585,56.52973285464426,34538000,44.58751378043535,0.6549572059106552,0.9852264231431834,-0.3302692172325282,-0.007114601313193303,-0.000575491050618715,-0.010894687648243084,-0.013844075468837591,-0.004324261992619927,-,-
2018-06-28,56.070926666259766,56.4302090052547,55.04035424070261,55.35484872593333,29726000,48.05890712892469,0.525761744728527,0.8933334874602522,-0.3675717427317252,-0.020783472154944138,-0.01065252473430589,-0.009519103239996274,0.008809772979217367,-0.13932480166772832,-,v
2018-06-29,56.19084930419922,56.79645531887744,56.08286794652453,56.3461090476106,31562000,48.90317983877059,0.42811512096302096,0.800289814160806,-0.37217469319778507,0.017907380193288525,0.006490252651529804,0.018940897459758244,0.0021387668274728266,0.06176411222498812,-,v
2018-07-02,56.833778381347656,56.87757154029879,55.06672916335203,55.502147439363085,23216000,53.287030230229476,0.3980203407373466,0.7198359194761141,-0.32181557873876754,-0.014978170143645442,0.0014281916180496346,-0.018118523898267735,0.011441882176719265,-0.264431911792662,-,v
2018-07-03,55.548423767089844,57.22192230016084,55.456365117536414,57.197540881180636,16448000,44.978706846037106,0.26737055405862975,0.6293428463926173,-0.36197229233398753,0.030546447660782627,0.00605424511871222,0.007075705423297496,-0.02261603312088878,-0.2915230875258442,v,^
2018-07-05,56.79297637939453,56.934800162673476,55.888798507616286,55.9624477091322,28594000,52.67310828002903,0.2612432024678881,0.5557229176076715,-0.2944797151397833,-0.021593466310276477,-0.005017694721635713,0.007797723294041381,0.022404823177755606,0.7384484435797665,-,v
2018-07-06,57.47919464111328,57.534927937105785,56.59143688894604,56.8168606071239,21820000,56.30173223180958,0.3082064982821322,0.5062196337425636,-0.19801313546043142,0.01526761128163212,0.010540614399587422,0.012572078843920753,0.012082801526981157,-0.23690284675106665,-,v
2018-07-09,58.0862922668457,58.11863884103737,57.586184616781715,57.724025822084144,21584000,59.276544405340864,0.3899182187274235,0.4829593507395356,-0.09304113201211212,0.015966479056861216,0.010145331277196856,0.017577707556493793,0.010562041265939737,-0.010815765352887308,^,v
2018-07-10,58.079322814941406,58.395810489619315,57.851412356955876,58.22114659046584,21334000,59.2266975666643,0.4489378927850467,0.47615505914863787,-0.027217166363591172,0.00861202525814675,0.00476906641499375,0.004605752958616316,-0.00011998445127603397,-0.011582653817642674,v,^
2018-07-11,58.29429626464844,58.741157315182,57.49362370808801,57.5060611925959,33252000,60.33468921616354,0.5072111559944545,0.48236627851780123,0.024844877476653315,-0.012282228017595265,0.005913897292753045,-0.006184613897759927,0.0037013766567493,0.5586387925377332,-,^
2018-07-12,59.7772102355957,59.81353559076268,58.37590878630872,58.46349131330988,44148000,66.99706311524153,0.6653817940147775,0.5189693816171965,0.14641241239758096,0.01664920359451183,0.018255995022820493,0.015345790042741614,0.02543840591564961,0.32767953807289785,-,^
2018-07-13,59.93445587158203,60.23402234120028,59.4801269969512,59.85384001180289,32612000,67.61817072099791,0.7942657714710393,0.5740286595879651,0.22023711188307415,0.02378148597116847,0.0070299597956309245,0.018915649171040494,0.002630528178993119,-0.26130289027815534,^,^
2018-07-16,59.54084014892578,60.14793826821028,59.38607773719833,59.90410128813945,26784000,64.35331709114227,0.854792240075632,0.6301813756854985,0.22461086439013356,0.0008397335296557173,-0.0014291602925398106,-0.0015811879446339105,-0.0065674363257693935,-0.17870722433460073,-,^
2018-07-17,60.365394592285156,60.64804365422087,58.8187880071211,58.85561450446528,40162000,67.8547709294117,0.9582484632095998,0.6957947931903188,0.262453670019281,-0.017502754588219926,0.008314589001879424,-0.00955257110239982,0.013848552376771517,0.4994772998805257,-,v
2018-07-18,60.356937408447266,60.78887047117127,59.941424408097184,60.13897769032311,38948000,67.78122987622011,1.0277090511342166,0.7621776447790984,0.2655314063551182,0.021805280543973682,0.0023220339596328188,0.0190863572510227,-0.00014009986839336186,-0.030227578307853165,-,v
2018-07-19,59.66972351074219,60.53458811237071,59.60154893160389,60.04542592077435,38338000,61.90960458306182,1.0155974737524218,0.8128616105737632,0.20273586317865866,-0.001555592947231177,-0.004183041349997585,-0.005670126792105101,-0.011385831144058334,-0.015661908185272688,-,v
2018-07-20,59.6090087890625,60.2504428087893,59.544812994756654,59.676686015941435,37938000,61.40351328886597,0.9896912461682845,0.8482275376926675,0.14146370847561707,-0.0061410157256514,-0.00469393304624377,-0.0009519205098569294,-0.0010175130385640108,-0.010433512441963555,v,v
2018-07-23,60.26188659667969,60.46591297571832,59.31690353190505,59.49853788296508,65446000,64.74130794898838,1.010197232045691,0.8806214765632722,0.12957575548241873,-0.0029852216144972132,0.0035762420470972778,-0.003827528400696667,0.010952670089306782,0.7250777584479942,-,^
2018-07-24,62.608177185058594,63.446667219297225,61.91100979106744,63.24761809224115,107600000,73.58291653518684,1.201919436212961,0.94488106849321,0.2570383677197511,0.0630112998179988,0.0492964398763962,0.04373300197248309,0.03893490099442354,0.6441035357393883,-,^
2018-07-25,63.49344253540039,63.60789321730792,62.155338435673926,62.332990222262495,51104000,76.02571226162766,1.4090515108873802,1.037715156972044,0.37133635391533626,-0.01446106426719096,0.0025411263518921867,0.003946449031134058,0.014139771993762151,-0.5250557620817844,-,^
2018-07-26,63.969173431396484,64.06372262500336,62.84952631507015,63.0575315037681,54686000,77.24352323151976,1.5932269512856791,1.148817515834771,0.44440943545090805,0.011623720904806234,0.007166239669944119,0.01116859624398403,0.007492598873196199,0.070092360676268,^,^
2018-07-27,62.34642791748047,64.26475443009659,61.9284243722017,64.1493090499017,48362000,65.09660162957925,1.5899177316695585,1.2370375590017286,0.3528801726678299,0.017313991209255697,0.003137997557056682,-0.01465567040634308,-0.02536761735175963,-0.11564202903851073,-,^
2018-07-30,61.20935821533203,62.346423759345505,60.917255758267416,61.95628689000204,43896000,58.191287015484406,1.4784999026631027,1.2853300277340034,0.19316987492909932,-0.034186216381437706,-0.029850431823212342,-0.016328021004651472,-0.018237928621242294,-0.09234522972581782,-,^
2018-07-31,61.069034576416016,61.76520727583094,60.520160281276056,61.2924651241243,39382000,57.382318390071056,1.3631638215318276,1.3008967864935683,0.062267035038259255,-0.010714356834461314,-0.009322370850941453,-0.006518604163114672,-0.0022925193631725405,-0.10283397120466553,-,^
2018-08-01,61.356163024902344,61.99858801221492,60.95557803624124,61.660706782073866,36994000,58.64906321241513,1.2801709980571587,1.2967516288062866,-0.016580630749127856,0.006007943345137656,0.003778514582517989,0.007194590247968868,0.004701702761111148,-0.060636839165100764,-,-
2018-08-02,61.76122283935547,61.924443953998974,60.61321180685533,60.63510648884614,34704000,60.43567697429927,1.2328717512107872,1.2839756532871869,-0.0511039020763997,-0.01663296362872524,-0.0011958991421117116,-0.005616651345383916,0.00660177876978274,-0.06190193004270961,-,-
2018-08-03,61.61343002319336,62.0294403648149,61.17850908516734,61.96275782812584,21264000,59.42678102771957,1.1699743758827665,1.261175397806303,-0.09120102192353641,0.02189575340358174,0.0016955567803551563,0.009326304636575466,-0.0023929710159160678,-0.38727524204702624,-,-
2018-08-06,61.589046478271484,61.82740883861522,61.23374669659514,61.785111516740386,22114000,59.25103838415453,1.105417638057844,1.2300238458566113,-0.1246062077987673,-0.002866985228098029,-0.003257026421832454,0.0009028924086871282,-0.0003957504867476702,0.039973664409330256,-,-
2018-08-07,62.49322509765625,63.0027899496458,62.292186581157694,62.30263467658957,42506000,63.55505837373602,1.114369854264929,1.2068930475382749,-0.0925231932733459,0.008376179101157177,0.01901068042651799,0.017285237988244884,0.01468083484136673,0.9221307768834224,-,-
2018-08-08,62.766414642333984,63.28343965731126,62.308103210231394,62.53700835425102,34344000,64.76597573772786,1.1304772254639772,1.1916098831234154,-0.061132657659438205,0.003761858208374047,0.004454559994720331,0.0002555156585002383,0.00437150657932639,-0.1920199501246883,-,-
2018-08-09,62.92216873168945,63.295384387919604,62.705207518447025,62.836082051544004,27326000,65.47039134718415,1.1426388570304624,1.1818156779048248,-0.03917682087436236,0.004782347367799034,0.00018874970565807558,0.006373236990954156,0.0024814877549246273,-0.20434428138830651,-,-
2018-08-10,62.3275146484375,62.75994884770292,62.061289442953054,62.65942769536187,26602000,60.497449099662845,1.0917088824481453,1.163794318813489,-0.07208543636534359,-0.002811352178788362,-0.008459314141061935,-0.010268972880833505,-0.009450629169945768,-0.026494913269413778,-,-
2018-08-13,62.13493728637695,62.99731518451771,62.05482256642975,62.26233039735355,27500000,58.93618627206045,1.0240030571557668,1.1358360664819445,-0.11183300932617768,-0.006337391077667176,0.003782130820259244,-0.00010420145281142545,-0.0030897648197074634,0.033756860386437104,-,-
2018-08-14,62.6076774597168,62.72959215054188,61.68210228112277,62.327017783606784,28080000,61.55881991635067,0.9969990989491748,1.1080686729753906,-0.11106957402621576,0.00103894900560908,-0.00424975307585207,-0.006006306518852367,0.007608282779155484,0.02109090909090905,-,-
2018-08-15,61.31784439086914,62.30114228531837,61.020267296587235,61.9179758516112,37052000,51.83197889677478,0.8615876720821092,1.0587724727967343,-0.19718480071462507,-0.006562834971757137,-0.006830107618032932,-0.010729773468471482,-0.02060183544865668,0.31951566951566956,-,-
2018-08-16,60.91178512573242,61.88911485492131,60.691338664515015,61.80401906603425,32176000,49.19651845455197,0.7132852433054637,0.9896750268984802,-0.27638978359301647,-0.0018404475277107313,-0.006613481154328027,-0.0053904816652714516,-0.006622203848985708,-0.13159883407103534,-,-
2018-08-17,60.50323486328125,61.0555943495023,59.913555329293665,60.811263831286325,33092000,46.62764368256101,0.5563743708398476,0.9030148956867537,-0.3466405248469061,-0.01606295593312823,-0.013467966174228296,-0.012815392646399193,-0.006707244938033763,0.028468423669816056,-,-
2018-08-20,60.806785583496094,61.003845312156464,60.147439411134165,60.74259358094934,22218000,48.76816204518317,0.45131292569629267,0.8126745016886616,-0.36136157599236896,-0.0011292357042193002,-0.0008475724116222549,0.003903692253865332,0.005017099017941451,-0.32859905717393934,-,-
2018-08-21,60.58086395263672,61.344713847679486,60.46243069613132,60.860031582620834,23082000,47.249330968265525,0.3458344220457974,0.7193064857600888,-0.3734720637142914,0.0019333715396099294,0.005587656544908004,0.005236985781623238,-0.0037154016396599987,0.03888738860383478,-,-
2018-08-22,60.796836853027344,61.034698071207345,60.37236399504013,60.42212532726712,22296000,48.888112770917154,0.2764820431821704,0.6307415972445052,-0.3542595540623348,-0.007195301151943001,-0.005053667333780654,-0.0014896308344571896,0.0035650350011429133,-0.03405250844814145,-,-
2018-08-23,60.76747131347656,61.46463866685933,60.67740205380694,60.70377665956165,24666000,48.66672750563239,0.21665279113759084,0.5479238360231223,-0.3312710448855315,0.004661393997132723,0.007044199598569056,0.005052610807021907,-0.00048301097673508764,0.10629709364908502,-,-
2018-08-24,61.54326629638672,61.575609073219695,60.780411088010446,61.00832155121745,24454000,54.5255048231826,0.2291958226038986,0.4841782333392776,-0.25498241073537903,0.005016901886743419,0.0018054349422247373,0.0016976507021866372,0.01276661618694197,-0.008594826887213136,-,-
2018-08-27,62.514617919921875,62.59423908328668,61.73882790737527,61.91100506643293,28580000,60.590411557608675,0.313897805002199,0.4501221476718619,-0.13622434266966293,0.014796071949916945,0.016542751673892964,0.015768514924603405,0.01578323157008299,0.16872495297292867,-,-
2018-08-28,61.99659729003906,62.52905150608616,61.852784119676315,62.49620758483991,27330000,56.279567986203,0.3353589910500787,0.42716951634750533,-0.09181052529742662,0.009452318174758112,-0.0010414309392559051,0.0018457786803469656,-0.008286392001089604,-0.04373687893631906,-,-
2018-08-29,62.93162536621094,63.057029082994056,62.3419458139493,62.45142301951856,36926000,61.59145142623287,0.4229406900010133,0.42632375107820697,-0.003383061077193661,-0.0007165965272460939,0.008443716387677824,0.00790848304138625,0.015081925735335622,0.35111598975484815,-,-
2018-08-30,62.42355728149414,63.17247538099979,62.063777577750145,62.86942367106514,30104000,57.50319600210029,0.4462093454979694,0.4303008699621595,0.01590847553580993,0.006693212601671883,0.0018308236160917701,-0.004461975521734773,-0.008073334857637171,-0.18474787412663163,-,-
2018-08-31,61.29694366455078,62.32950553113142,60.995881344409966,62.31258812109412,42308000,49.635497217640484,0.3694824554844587,0.41813718706661934,-0.04865473158216066,-0.008857016932179995,-0.013343942037799428,-0.01720643304385361,-0.018047891949876882,0.40539463194259895,-,-
2018-09-04,60.27731704711914,61.10138019308064,60.04094787324504,60.83515118283718,41458000,43.79522186174086,0.2238204330806468,0.37927383626942485,-0.15545340318877804,-0.02371008784590667,-0.019703755510099064,-0.015655704124889147,-0.016634216267153112,-0.020090762976269216,-,-
2018-09-05,59.66972351074219,60.45446959905804,58.48737273767964,60.1733125776922,53988000,40.72046789311133,0.05867810569623799,0.3151546901547875,-0.2564765844585495,-0.010879213617072336,-0.010587495601218189,-0.02587525997832696,-0.01007996981521242,0.3022335857976748,-,-
2018-09-06,58.91781997680664,59.664251352208616,57.90366754580559,59.64335136481448,46854000,37.23641187173645,-0.1313565136874999,0.22585244938633,-0.3572089630738299,-0.00880724677062561,-0.01307129567243337,-0.009980020721601202,-0.012601089626302464,-0.13214047566125808,-,-
2018-09-07,58.59933853149414,59.144731349950966,58.18531759495623,58.32116560463234,32658000,35.83772810929109,-0.3041530229311675,0.1198513549228305,-0.424004377853998,-0.022168200309450325,-0.008707391620332738,0.0048641141587073555,-0.00540551984845794,-0.3029837367140479,-,-
2018-09-10,58.47343826293945,59.05068031375956,58.25199712025586,58.92826448224603,27670000,35.27366269753428,-0.44611209834374677,0.0066586642695150465,-0.4527707626132618,0.01040958066114972,-0.0015901845193094788,0.0011459854144615367,-0.0021484929985519097,-0.152734398922163,-,-
2018-09-11,59.21638870239258,59.26366329450166,58.02010841410176,58.276382869333666,29254000,41.15919165329624,-0.49298299589473515,-0.09326966776333499,-0.39971332813140015,-0.011062291052348239,0.003606782845014589,-0.0039807855115315816,0.012705776529033042,0.05724611492591247,-,-
2018-09-12,58.301265716552734,59.251222301583034,58.030556791707795,58.81878810493645,35716000,36.729042221637364,-0.5970884330641368,-0.19403342082349537,-0.40305501224064144,0.00930746228397461,-0.00020992615419002103,0.00018008200762853477,-0.015453880351249283,0.22089286935119978,-,-
2018-09-13,58.82575607299805,59.11039832843807,58.1828299553107,58.704338728702325,40068000,40.670568721278975,-0.6300084088728539,-0.2812284184333671,-0.3487799904394868,-0.0019457962314685107,-0.002376726887222347,0.002624016932139206,0.008996208744339595,0.12185015119274278,-,-
2018-09-14,58.618743896484375,59.117363278341664,58.39680540465346,59.117363278341664,24176000,39.621429201695186,-0.6651346215631335,-0.3580096590593204,-0.3071249625038131,0.007035673317914437,0.0001178295207027169,0.0036776390819612814,-0.003519073792384142,-0.3966257362483777,-,-
2018-09-17,57.7155647277832,58.809831823275566,57.64739014929557,58.6082959696008,34096000,35.33829838701723,-0.757123757538082,-0.43783247875507275,-0.3192912787830093,-0.008611130140294354,-0.005202049584284607,-0.012833155001629182,-0.015407685471666044,0.41032428855062864,-,-
2018-09-18,58.07783508300781,58.78545437744791,57.79518600260021,57.856393923114005,32314000,38.22300435754462,-0.7916677672721804,-0.5085995364584943,-0.28306823081368604,-0.012829276709850013,-0.0004145131021783266,0.002563790883193251,0.006276822498978651,-0.052264195213514775,-,-
2018-09-19,58.43412780761719,58.533650464589925,57.65534991872183,58.169892002221395,25962000,41.01033932405645,-0.7812880958155546,-0.5631372483299064,-0.21815084748564817,0.005418555458606811,-0.004283439084117879,-0.0024195109238351886,0.00613474527933322,-0.19657114563347156,-,-
2018-09-20,59.295013427734375,59.41593722193419,58.53265935021993,58.75260845992363,29244000,47.208330561245326,-0.6955776701827503,-0.5896253327004752,-0.10595233748227506,0.010017492514512227,0.015073154507559972,0.015216444488410197,0.014732582694679364,0.12641553039057074,-,-
2018-09-21,58.3271369934082,59.54431722834481,58.32415290826631,59.461711980867406,91222000,41.88054724631618,-0.6977083323804223,-0.6112419326364646,-0.08646639974395764,0.012069311295812124,0.002160699846088132,-0.0035622239663852806,-0.016323066281210497,2.1193407194638216,-,-
2018-09-24,58.6973762512207,58.97753480556224,57.30105201471905,57.69467036059226,31150000,44.46257487856785,-0.6618918068991846,-0.6213719074890086,-0.040519899410175975,-0.029717301460202017,-0.009518665242377877,-0.0175416331405005,0.006347632969784689,-0.6585253557255926,-,-
2018-09-25,59.41046142578125,59.55825337477481,58.42517037618575,58.93075642857661,33152000,49.148415205091425,-0.5694032125327126,-0.6109781684977494,0.0415749559650368,0.021424614444606416,0.009846436802200653,0.019617761314014714,0.0121485016895575,0.06426966292134839,-,-
2018-09-26,59.418922424316406,60.07478718875458,58.987984045927334,59.40051297126633,37650000,49.203180214203385,-0.4897767616498214,-0.5867378871281639,0.09696112547834246,0.007971330611699523,0.008672749530269863,0.009633068523681843,0.00014241597072461865,0.13567808880308885,-,-
2018-09-27,60.08075714111328,60.55349547850465,59.61747220371312,59.71450812755855,36274000,53.428249561469364,-0.36901393227743995,-0.5431930961580191,0.1741791638805792,0.0052860680924440295,0.007968539085223547,0.010671464162865352,0.011138450341974249,-0.036547144754316085,-,-
2018-09-28,60.06682205200195,60.13499662977505,59.60652121342281,59.91803161498545,35612000,53.32767344919432,-0.27130552398286056,-0.48881558172298745,0.21751005774012688,0.003408275372412728,-0.006911225279771949,-0.00018368759837539272,-0.00023193930593445877,-0.018249986216022474,-,-
2018-10-01,60.138973236083984,60.91874580514576,59.87324539318135,60.36141286226505,33164000,53.81247829703433,-0.18590590138673946,-0.42823364565573785,0.2423277442689984,0.007399796610953802,0.013033162372917628,0.00447474830486283,0.0012011819772912435,-0.06874087386274286,-,-
2018-10-02,60.09469223022461,60.934678097481786,59.69759247074093,60.046422940659376,40180000,53.44555289743782,-0.12041116732572021,-0.3666691499897343,0.2462579826640141,-0.005218398752932285,0.00026153349228463796,-0.0029337464720164963,-0.000736311304909476,0.21155469786515502,-,-
2018-10-03,60.28826141357422,60.420130640862524,59.82149127428166,60.31164813667251,26246000,54.89345038119842,-0.05228400587309068,-0.3037921211664056,0.2515081152933149,0.004417002429524253,-0.008444246735760275,0.002075440539774931,0.0032210695515011434,-0.3467894474863116,-,-
2018-10-04,58.573463439941406,60.00810230291196,57.91560931096144,59.964810287048586,46576000,42.33273454340708,-0.135105196296891,-0.2700547361925027,0.1349495398956117,-0.005750760596658799,-0.006819388398870974,-0.031859485992780545,-0.028443314393649333,0.7745942238817343,-,-
2018-10-05,58.1136589050293,58.818787614261524,57.44137411604414,58.5202158399013,31852000,39.708955286767164,-0.23513349703448938,-0.2630704883609001,0.0279369913264107,-0.024090703201295693,-0.01981923512006678,-0.00818838307253289,-0.007850048604067461,-0.3161284781861903,-,-
2018-10-08,57.52099609375,58.513250004898644,56.49987704225132,57.72402399201366,46190000,36.563271071664644,-0.35810160937215585,-0.28207671256315126,-0.0760248968090046,-0.013605415435681945,-0.005194558095393265,-0.016390573663693786,-0.010198339296581538,0.4501444179329399,-,-
2018-10-09,56.98604965209961,57.80115289920142,56.93628832324503,57.2915880837437,33690000,33.94905398816027,-0.4930370077242401,-0.32426877159536904,-0.16876823612887104,-0.00749143733170432,-0.012169843678784042,0.007724110278458873,-0.009300020479104942,-0.2706213466118207,-,-
2018-10-10,54.348167419433594,56.58049486898954,54.31582084514357,56.54964033738684,58980000,24.60633444950345,-0.8035663212016644,-0.4201282815166281,-0.38343803968503626,-0.01295037842680058,-0.021118229810062172,-0.04602455754095258,-0.046289964803145955,0.7506678539626002,-,-
2018-10-11,54.277496337890625,55.53747499547399,53.53852905843499,53.69528084393947,67696000,24.412500910185884,-1.0433386465711436,-0.5447703545275312,-0.4985682920436124,-0.05047528996502315,-0.01843426565869788,-0.01431059633480769,-0.0013003397335841216,0.14777890810444227,-,-
2018-10-12,55.760414123535156,56.023655252005454,54.490981931185146,55.71562626723096,49370000,35.83453314055765,-1.1010091220477065,-0.6560181080315662,-0.4449910140161403,0.03762612638461538,0.008754093638053906,0.01779004558960895,0.027321042525856543,-0.27071023398723704,-,-
2018-10-15,54.859718322753906,55.823110865000245,54.64971997123661,55.63401629601968,30074000,32.61119500986308,-1.2054958077734597,-0.765913647979945,-0.43958215979351467,-0.0014647591112024738,-0.003579637674534508,0.002913106617383532,-0.01615296110939546,-0.3908446424954426,-,-
2018-10-16,56.384429931640625,56.54814839709067,55.32300670745256,55.409093394465984,38378000,42.10498345118435,-1.1519913356784741,-0.8431291855196509,-0.30886215015882323,-0.004042902463789799,0.012988124826002867,0.012320040003321653,0.027792917198671052,0.2761189066968146,-,-
2018-10-17,56.11123275756836,57.07711200677497,55.43496542128667,56.7287789180021,35652000,40.990663461110024,-1.1187372778585,-0.8982508039874207,-0.22048647387107934,0.02381712897089061,0.009354216268405935,0.002023727929794994,-0.004845259132769231,-0.07103027776330184,-,-
2018-10-18,54.63429641723633,56.348102918423116,54.05855019005367,56.23116170319278,46152000,35.51803888898418,-1.1977526696458796,-0.9581511771191126,-0.239601492526767,-0.008771865432333548,-0.012772354148985698,-0.02482936934789648,-0.026321580684445345,0.2945136317738135,-,-
2018-10-19,54.99606704711914,55.78081695968578,54.590508583879455,54.92291898994757,41286000,37.71171884934213,-1.2171505170140478,-1.0099510450980997,-0.207199471915948,-0.023265439902354523,-0.010067525424211965,0.00984041177492867,0.006621676375586638,-0.10543421736869474,-,v
2018-10-22,55.30409240722656,55.81763600263257,54.73829694879827,55.3608203980192,27116000,39.59597003077199,-1.193905775917699,-1.0467419912620197,-0.14716378465567925,0.007973017751510714,0.0006600663983353794,0.002707217220585756,0.00560086160058515,-0.3432156178849973,-,^
2018-10-23,55.48025131225586,55.63401902781625,53.693794075045105,54.30487097064873,37686000,40.700771652640455,-1.148035758122866,-1.067000744634189,-0.08103501348867703,-0.019073948322634537,-0.0032895870904969815,-0.01908175686814273,0.0031852779308294554,0.3898067561587255,-,^
2018-10-24,52.604496002197266,55.565342433831944,52.50198546594668,55.4847265778731,49286000,30.797721339868033,-1.3284196634093917,-1.1192845283892294,-0.20913513502016223,0.0217265152487347,-0.0012344352463546926,-0.022196394008452636,-0.05183385514735994,0.30780661253515884,v,v
2018-10-25,54.91694641113281,55.625059232611754,53.52161695866587,53.757986130863586,72956000,42.84126134921459,-1.2701384208166928,-1.1494553068747222,-0.12068311394197062,-0.0311210048874625,0.001074713052491738,0.019420817778034838,0.04395917810597316,0.4802580854603742,^,v
2018-10-26,53.929664611816406,55.58425257263776,51.86354243871836,52.16709148904605,106438000,39.66717712576726,-1.2887594891488874,-1.1773161433295554,-0.11144334581933202,-0.02959364284861421,-0.0007336020947564803,-0.030979529658605398,-0.01797772570829359,0.45893415209167165,-,^
2018-10-29,51.49032974243164,55.177702617771615,50.12038015642591,54.56612455732258,81290000,33.1349975332415,-1.4832527432159281,-1.23850346330683,-0.24474927990909823,0.04598747984215823,-0.0073141211053411315,-0.033610551850602244,-0.045231782673654686,-0.2362690016723351,v,^
2018-10-30,52.22581100463867,52.29498028164525,50.457269639102705,50.757830819890906,59768000,36.52881366009185,-1.5600594627423519,-1.3028146631939344,-0.2572447995484175,-0.06979227072340466,-0.05224433420317676,0.006721606692235094,0.014283871668449244,-0.26475581252306557,-,^
2018-10-31,54.26953887939453,55.13639666498645,53.15586383311135,53.15586383311135,70916000,44.89816241394706,-1.439424789026205,-1.3301366883603887,-0.1092881006658164,0.04724459210500198,0.0543344001286199,0.053482763005418876,0.03913252538240797,0.18652121536608224,^,v
2018-11-01,54.0406379699707,54.73332545957034,53.63457834634296,54.31034842504189,40132000,44.195252287237636,-1.3467666438291204,-1.333462679454135,-0.013303964374985267,0.02171885674843277,-0.007310437928419677,0.009005864616076886,-0.004217852485028928,-0.4340910372835467,-,v
2018-11-02,53.319583892822266,54.63877741056106,53.12899347464755,54.190917832465395,43438000,41.96641625725094,-1.316343446266842,-1.3300388328166766,0.013695386549834598,-0.0021990393366989602,-0.001727431107381161,-0.009426472385605789,-0.013342812080588518,0.08237815209807642,-,^
2018-11-05,52.53532791137695,53.41213641357824,51.453999476144645,53.371331137168035,45358000,39.625672700951405,-1.340068273519762,-1.3320447209572936,-0.008023552562468339,-0.015124060046946664,-0.02245000812821496,-0.03152692887551489,-0.014708591556561013,0.04420093006123671,v,^
2018-11-06,53.22404098510742,53.7341031862686,52.429837664479,52.500001636966026,28660000,42.650805509564044,-1.2884445935654085,-1.3233246954789166,0.0348801019135081,-0.01632579667092493,0.006027970313662756,0.018965254368356277,0.013109522698559584,-0.36813792495259934,-,^
2018-11-07,55.14833450317383,55.232431793072706,53.7724130900813,53.91672359914845,43388000,50.164426353547796,-1.07981066516777,-1.2746218894166874,0.1948112242489175,0.026985179390639935,0.02788412791798489,0.025607087212323965,0.036154592594817014,0.5138869504535939,^,^
2018-11-08,54.47107696533203,55.14734436616926,53.96002007281097,55.101565611015374,33694000,47.79121072259441,-0.9580717423459788,-1.2113118600025459,0.25324011765656707,0.021975408236520444,-0.001540533779541442,0.003488907637739569,-0.01228065260616018,-0.2234258320272886,-,^
2018-11-09,53.59476852416992,54.1585708235936,52.95980376245299,53.94310163958851,34860000,44.8355685018711,-0.9216789947880315,-1.153385286959643,0.23170629217161154,-0.021024157092104034,-0.017929667401758498,-0.018536247929640037,-0.016087591617104158,0.034605567756870625,-,^
2018-11-12,52.218345642089844,53.44946306795269,51.76999251861896,53.40119377956784,34002000,40.58941054978583,-0.9924628100035733,-1.1212007915684292,0.12873798156485594,-0.010045915854845267,-0.013093177032876824,-0.022466307639107397,-0.025682038004499308,-0.024612736660929446,-,^
2018-11-13,52.149173736572266,53.07972614595041,51.772476645077155,52.489549272405434,25750000,40.382430513814356,-1.0421280843589926,-1.105386250126542,0.06325816576754928,-0.017071612873029385,-0.006917504887415271,4.798390606874925e-05,-0.0013246667366999532,-0.24269160637609555,-,-
2018-11-14,52.47809982299805,53.035933890662555,51.80780447560988,52.74781023326235,34666000,41.899647657635406,-1.0429244025652125,-1.092893880614276,0.0499694780490636,0.004920235826690211,-0.0008250279055216359,0.0006823670185784891,0.0063074074401894276,0.346252427184466,-,-
2018-11-15,53.29768753051758,53.68682591553519,51.81676498586106,52.322848381256414,41584000,45.61367414653083,-0.966282904234447,-1.0675716853383104,0.10128878110386341,-0.008056483295262096,0.012272660762691512,0.00017295676475548305,0.015617709297476301,0.19956153002942356,-,-
2018-11-16,53.15935134887695,53.366859179825994,52.494029389625005,53.00807416513113,35366000,45.08974919516355,-0.906259740211766,-1.0353092963130015,0.12904955610123547,0.01309611011391687,-0.005959874331415982,0.013070372184537993,-0.002595538156536681,-0.14952866487110428,-,-
2018-11-19,51.12656021118164,53.145908766617616,50.90014560781265,52.91650248513848,45684000,38.15450837798215,-1.0110652752214122,-1.0304604920946836,0.019395216873271393,-0.001727504374284261,-0.0041402176669955715,-0.030363144158397914,-0.03823957753649787,0.2917491375897754,-,-
2018-11-20,51.277347564697266,51.62070721957803,49.87206731065978,50.12485655502711,54458000,38.90517139638023,-1.0696271416838883,-1.0382938220125246,-0.03133331967136366,-0.052755677321935646,-0.028698381163022035,-0.020197944129163092,0.0029492958824686166,0.19205848874879616,-,-
2018-11-21,51.923255920410156,52.48457144526045,51.72569885440964,52.016806609612225,29698000,42.14462210726483,-1.0517940099188863,-1.040993859593797,-0.010800150325089186,0.03774474750881596,0.016734839025118742,0.03716773022869391,0.012596368306647232,-0.45466230856807077,-,v
2018-11-23,51.25992965698242,51.90186106962256,51.18130318622086,51.4291189396004,14178000,39.810083869645226,-1.0787508421152552,-1.0485452560980888,-0.030205586017166386,-0.011298034391508116,-0.011102508024584568,-0.010524665306525405,-0.012775128440414174,-0.5225941140817563,-,v
2018-11-26,52.54578399658203,52.59852941437288,51.74112878688918,51.95162450012574,31558000,46.0489799695308,-0.9850021354963161,-1.0358366319777343,0.050834496481418245,0.010159722182660369,0.013422800847464389,0.010938088048118244,0.025084980572626536,1.2258428551276626,-,v
2018-11-27,52.363651275634766,53.08420917433325,52.026267398327704,52.31687782607675,33048000,45.33222301452138,-0.9148563045114955,-1.0116405664844865,0.09678426197299106,0.007030643015794924,0.009233713667813337,0.005510869556266451,-0.0034661719189328366,0.0472146523860828,v,v
2018-11-28,54.329750061035156,54.38299661855949,51.89936836559515,52.621418261447026,46042000,53.70856805954745,-0.692633242602426,-0.9478391017080745,0.2552058591056485,0.005821074345886856,0.024466549741014365,-0.00243913390443673,0.03754701472307809,0.3931856693294602,-,^
2018-11-29,54.468589782714844,54.74576423537919,53.8425810667647,53.91871700542443,31004000,54.2417623826712,-0.4995580653875109,-0.8581828944439618,0.3586248290564509,0.024653435556066583,0.006670607347442514,0.03744193354109737,0.0025555008356141773,-0.3266148299378828,-,^
2018-11-30,55.218502044677734,55.218502044677734,53.901301722897976,54.520841117991836,59668000,57.11500109331698,-0.28277330945984147,-0.7431009774471378,0.4603276679872963,0.01116725593650214,0.008635148598273412,0.001090598834042833,0.013767792868411455,0.9245258676299832,-,^
2018-12-03,55.552406311035156,56.479970857730756,55.32200531870011,56.33864822621692,57532000,58.36849079814828,-0.08306897733461227,-0.6110945774246327,0.5280256000900204,0.03334150887898191,0.02284503864361187,0.02635750066122422,0.006046963499430902,-0.03579808272440843,^,^
2018-12-04,52.8707275390625,55.4469118594428,52.78663024644174,55.38470924817023,45630000,46.59026192112718,-0.13958190716782326,-0.5167920433732708,0.3772101362054475,-0.016932230503939882,-0.018290714081460213,-0.045829413768581406,-0.048272954315571326,-0.20687617326009877,-,^
2018-12-06,53.64751052856445,53.714193062080255,51.875981431604266,52.00138134517901,47436000,49.753178621937074,-0.12030214753650625,-0.4374940642059179,0.31719191666941166,-0.0610877613861085,-0.03125005053040575,-0.01725150498499306,0.014692118411422372,0.03957922419460891,-,^
2018-12-07,52.08000564575195,53.99335857406022,51.721220650188876,53.35640444270344,42682000,44.08027412840081,-0.22886908266468708,-0.39576906789767174,0.16689998523298466,0.02605744429229584,0.005197239240982698,-0.0029832839233978614,-0.029218594998511427,-0.1002192427692048,-,^
2018-12-10,52.4084358215332,52.72790757354842,51.404238017387144,51.8988710117697,33652000,45.48288228657096,-0.28512089436758004,-0.37363943319165344,0.0885185388240734,-0.02731693498010923,-0.02343716030881904,-0.006128676562867863,0.006306262292197662,-0.2115645939740406,-,-
2018-12-11,52.82992172241211,53.265339996876136,52.25517020756696,53.09316283653488,33852000,47.30942140047711,-0.2923207787442692,-0.35737570230217663,0.06505492355790743,0.023011903755947527,0.010192561170345504,0.016553736092576488,0.008042329336334308,0.005943183168905186,-,-
2018-12-12,53.43104934692383,54.326764687395524,53.34346682341319,53.597751892540394,28960000,49.88814552187242,-0.2466772220556166,-0.33523600625286465,0.08855878419724805,0.009503842473258972,0.019927117532369865,0.020826582547206707,0.011378544675312297,-0.14451140257591866,-,-
2018-12-13,53.42158889770508,54.16205203071269,52.99612518093673,53.527584663668485,24986000,49.846799003454606,-0.20886014399443553,-0.30996083380117884,0.1011006898067433,-0.0013091449994505622,-0.003031887829702762,-0.006511418607761055,-0.00017705901969700122,-0.13722375690607735,-,-
2018-12-14,52.33528137207031,53.331020422256316,52.2188375157811,52.74880493735603,36358000,45.21306357540578,-0.26350821714249406,-0.30067031046944187,0.03716209332694781,-0.014549128850214088,-0.01534342915931497,-0.014666877295309022,-0.020334616548281503,0.45513487553029686,-,-
2018-12-17,51.038490295410156,52.866250182600034,50.58963601805804,52.101405561601425,49932000,40.38655902764104,-0.40676843763716874,-0.32188993590298726,-0.08487850173418149,-0.012273252001129609,-0.008714819929871886,-0.031199497637815043,-0.02477852497707622,0.3733428681445623,-,-
2018-12-18,51.922264099121094,52.73239010538066,51.278836842458944,51.454001890034,43640000,44.71777733976263,-0.443873339009194,-0.34628661652422865,-0.09758672248496536,-0.012425838892234364,-0.002532051672986535,0.013623360013005348,0.01731582965318257,-0.12601137547064012,-,-
2018-12-19,51.52665710449219,53.52958216424076,50.728972310289286,52.11534201329867,58264000,43.20455433747471,-0.4994441377866323,-0.3769181207767094,-0.12252601700992294,0.01285303570124774,0.015117692508664682,-0.010723030513718035,-0.0076192169485075345,0.3351054078826765,-,v
2018-12-20,50.935482025146484,52.12280630769512,50.15322265213222,51.05590467579387,53674000,40.97324430355122,-0.5844501074001016,-0.41842451810138787,-0.16602558929871375,-0.020328703536752313,-0.026280344431408587,-0.01134952339730888,-0.011473189074673429,-0.07877934916929841,-,v
2018-12-21,49.32666778564453,51.63662296912455,48.826062840205225,51.35646445967649,104656000,35.586890278185905,-0.7727282838108138,-0.4892852712432731,-0.28344301256754073,0.0058868760781183305,-0.009327650850195934,-0.02646210436231211,-0.03158533453571111,0.9498453627454633,-,^
2018-12-24,48.99924087524414,50.36520787972234,48.65040660348305,48.98182232058882,36360000,34.590243398561725,-0.9375531808732447,-0.5789388531692674,-0.3586143277039773,-0.046238427120546155,-0.024622351662354824,-0.0035975916652762896,-0.006637928834424156,-0.6525760587066198,v,^
2018-12-26,52.14320373535156,52.17305977211295,49.39633445692807,49.662066092360355,46318000,49.27904629769495,-0.8052046734250027,-0.6241920172204145,-0.18101265620458817,0.013887677908741347,0.03589485616157795,0.015332407384065272,0.06416350139203564,0.27387238723872387,-,^
2018-12-27,52.39450454711914,52.416399228703206,50.11042266238101,51.065857667195196,45996000,50.240918541730494,-0.6722899128225492,-0.6338115963408415,-0.03847831648170774,0.028266878229030956,0.004664082529434621,0.014456299506911963,0.004819435588251153,-0.006951940930091993,^,^
2018-12-28,52.08498764038086,52.95831101421832,51.85209988873897,52.722936524659076,34398000,49.008172384747944,-0.5851838004912366,-0.6240860371709206,0.038902236679683955,0.03244983895626197,0.010338592377371114,0.03475678579070274,-0.005907430739419017,-0.25215236107487604,-,v
2018-12-31,51.999393463134766,52.89660462375159,51.40622869579323,52.63982902578966,33110000,48.65264986594931,-0.5170975351630744,-0.6026883367693514,0.08559080160627697,-0.0015763063354892193,-0.0011651880372498535,-0.008598903301938798,-0.0016433560057088625,-0.03744403744403746,-,^
2019-01-02,52.48308563232422,52.78713205227603,51.02007887673615,51.11562276391236,31868000,50.82367185962991,-0.41927561538187064,-0.5660057924918552,0.1467301771099846,-0.02895538017668231,-0.0020695576257536707,-0.007511732116008751,0.009301880983138222,-0.03751132588341888,-,^
2019-01-03,51.02953338623047,53.0593303973408,50.875272108788444,52.283540288712615,41960000,44.70634574741312,-0.4538093261774989,-0.543566499228984,0.08975717305148512,0.022848543393367393,0.005156528390199533,-0.0028382309697631003,-0.027695632384817537,0.31668131040542247,v,^
2019-01-04,53.647010803222656,53.74305202251106,51.596314178477016,51.87995791228955,46022000,55.17035030775661,-0.2668924187367807,-0.4882316831305434,0.22133926439376267,-0.0077191095743414095,0.012885982918557914,0.01417274129063606,0.05129338332728062,0.09680648236415634,^,^
2019-01-07,53.54003143310547,53.87741531876371,52.87918939370664,53.79132863085945,47446000,54.71459931087848,-0.12594000603630917,-0.41577334771169655,0.2898333416753874,0.03684217943663981,0.0025001054312354665,0.02486369880592676,-0.0019941347805861875,0.030941723523532305,-,^
2019-01-08,54.010284423828125,54.40738419671911,53.163331865528164,54.04163250762525,35414000,56.41886248751769,0.023441068769976425,-0.327930464415362,0.3513715331853384,0.0046532384147546235,0.009836568343523089,0.005373427147416621,0.008783203485978719,-0.253593558993382,-,^
2019-01-09,53.825164794921875,54.3222883445178,53.46289456461974,54.14065778009399,26998000,55.5328617404263,0.12544301089896948,-0.2372557693524957,0.3626987802514652,0.0018323886210278584,-0.0015640496865945153,0.0056347615655334415,-0.0034274885029966784,-0.2376461286496866,-,v
2019-01-10,53.684837341308594,53.73360397706268,52.98070330990318,53.4912628409432,26598000,54.82994732817518,0.19273529961892422,-0.15125755555821171,0.34399285517713596,-0.011994589016418478,-0.010836884553198978,-0.00901917598445301,-0.0026070975193097645,-0.014815912289799282,-,v
2019-01-11,52.970252990722656,53.41313530260546,52.57016534871438,53.24046078386582,30864000,51.271014092254426,0.18625688475597713,-0.08375466749537396,0.2700115522513511,-0.0046886546280117125,-0.005964027177369657,-0.007748820524095534,-0.013310729546275213,0.16038799909767643,-,v
2019-01-14,52.32533264160156,52.670681647229245,52.17803804845112,52.41639659271393,28490000,48.22843125746389,0.1276119804775604,-0.04148133790078709,0.16909331837834748,-0.015478156631612339,-0.013900207339822668,-0.0074591224444922055,-0.012175141946821455,-0.0769180922757906,v,v
2019-01-15,54.067012786865234,54.154595316841856,52.47114208112969,52.64879387900546,37518000,55.84856106457011,0.21914829805280078,0.010644589289930484,0.2085037087628703,0.004433675364930334,0.028173428237579623,0.0056173831681138875,0.03328560101458278,0.316883116883117,-,^
2019-01-16,54.2162971496582,54.855741878811756,54.14165704602247,54.24068236764663,38280000,56.44037579426746,0.30027609377695796,0.06857089018733599,0.231705203589622,0.03023599158414836,0.012947129562463022,0.03183683256426684,0.002761098775355908,0.020310251079481922,-,^
2019-01-17,54.69451141357422,54.77313409082747,53.90528157292125,54.14065985020875,24896000,58.36562031857739,0.3985639537162342,0.13456950289311564,0.26399445082311856,-0.0018440497624996333,-0.0015059095940546108,-0.004365870680690387,0.008820489208179572,-0.3496342737722048,-,^
2019-01-18,55.1015625,55.634016697344215,54.70246957662322,55.16575450103173,44892000,59.9867461196427,0.503499384167398,0.20835547914797214,0.2951439050194259,0.01893391498476582,0.015717242053178593,0.01478868082014495,0.007442265702820805,0.8031812339331619,^,^
2019-01-22,53.67488479614258,54.68704784346526,53.28972517126913,54.539252091501744,39632000,52.300225135918396,0.4661668204334717,0.25991774740507206,0.20624907302839962,-0.01135672692590961,-0.01702140003714958,-0.02582597122740904,-0.025891783084325826,-0.11717009712198168,-,^
2019-01-23,53.96250534057617,54.38747170797016,53.12451274270208,54.08442002311296,25194000,53.59130347826217,0.4545493074294171,0.2988440594099411,0.15570524801947605,-0.008339536222933486,-0.005478008912688015,-0.0031002679791661825,0.005358568453867729,-0.36430157448526446,-,^
2019-01-24,53.942100524902344,54.14114962282992,53.246425275419206,53.867953986106535,29114000,53.480709652092266,0.43863948365534355,0.32680314425902157,0.11183633939632198,-0.004002373269675785,-0.004529022537816174,0.0022948451933588743,-0.00037812950946303214,0.15559260141303488,-,v
2019-01-25,54.813438415527344,54.90549706406526,54.33024820363071,54.45116819521487,23260000,57.51282566512289,0.4906842171738859,0.35957935884199443,0.13110485833189145,0.010826737716059354,0.01411768029604299,0.020354848660832925,0.016153206533415343,-0.20107164937830602,-,v
2019-01-28,53.73609161376953,54.408376430470625,53.474839876729064,54.24416441555758,29334000,51.561925364276696,0.4399259676003453,0.37564868059366463,0.06427728700668067,-0.003801640745615509,-0.009054114071940345,-0.01574460554083168,-0.01965479329340203,0.2611349957007738,-,^
2019-01-29,53.24842071533203,53.978432007658085,53.04738220458203,53.79480825431202,19704000,49.08603223981675,0.3562421850949917,0.37176738149393007,-0.015525196398938346,-0.008283953971584879,-0.007902173360419429,-0.00799362229288425,-0.009075295277197637,-0.32828799345469417,v,^
2019-01-30,54.63827896118164,54.71441489809525,53.57585727722987,53.61168528344578,29452000,55.625791204060874,0.39749011089111264,0.3769119273733666,0.02057818351774604,-0.003404101191336717,0.013634758607525832,0.00996232143199327,0.02610139844860071,0.49472188388144533,-,^
2019-01-31,56.02663803100586,56.11521524988086,54.99955080042458,55.347386564691384,40232000,61.01296496830581,0.5360293505077678,0.4087354120002469,0.1272939385075209,0.03237542845498931,0.025602034754361958,0.026573415630621877,0.02541000734687482,0.3660192856172755,^,^
2019-02-01,55.66486740112305,56.45011461843598,55.44740883516976,55.847492656859124,33116000,59.00285608138057,0.6096036976753751,0.44890906913527256,0.16069462854010258,0.009035767056195132,0.0059680670752810805,0.008142939864551169,-0.006457118302950926,-0.1768741300457347,-,^
2019-02-04,56.79944610595703,56.84522865802248,55.609635065286525,55.68427896247192,78408000,63.107891731250106,0.7508080692301959,0.5092888691542573,0.24151920007593863,-0.0029224892044845685,0.006999348756990154,0.00292576756109586,0.020382312180107665,1.367677255707211,-,^
2019-02-05,57.3194580078125,57.36424586392377,55.912685760336885,56.212749589752015,82296000,64.84533119034916,0.8943644884683977,0.5863039930170854,0.3080604954513123,0.009490481642695725,0.009130356551535268,0.005449607692885827,0.009155228395808734,0.04958677685950419,-,^
2019-02-06,55.87735366821289,57.425452310150845,55.651929943852764,57.190077838324605,48256000,56.849381812966776,0.8816056161830446,0.6453643176502772,0.23624129853276732,0.017386238099101448,0.001066979009403557,-0.00466362531039588,-0.025159071451845483,-0.41362885194906196,-,-
2019-02-07,55.03239440917969,55.334944968920766,54.419324339315466,55.32648626408455,38298000,52.745450370898894,0.7941584036584501,0.6751231348519119,0.11903526880653825,-0.03258592477367139,-0.036403846328269096,-0.022148479051505965,-0.0151216763780615,-0.2063577586206896,-,-
2019-02-08,54.85673141479492,54.99208587687791,54.45167031672024,54.483515745530745,21766000,51.90652086982179,0.7025823896935748,0.6806149858202445,0.021967403873330293,-0.015236292334382728,-0.006196068185039816,0.0005943840317290672,-0.003191992575839353,-0.43166744999738893,-,-
2019-02-11,54.84379577636719,55.406607192746876,54.738301143723874,54.924908988532025,18498000,51.84113149226049,0.6217962607047127,0.6688512407971382,-0.04705498009242548,0.008101408966756818,0.00753783584054335,0.005263949211042229,-0.00023580767745567943,-0.15014242396398048,-,-
2019-02-12,56.11073684692383,56.373480611053914,55.286176405630854,55.286176405630854,35036000,57.48963436256756,0.6524828118751671,0.6655775550127441,-0.01309474313757697,0.006577478665904746,0.01745050757111888,0.010008992797720273,0.023100900523420398,0.8940425991999135,-,-
2019-02-13,56.162986755371094,56.870606009244774,56.03211221654268,56.38243851238834,28042000,57.709931709967115,0.6732573639005182,0.667113516790299,0.006143847110219203,0.01982886461010236,0.008818426550965652,0.013492266230150207,0.0009311926982853436,-0.1996232446626327,-,-
2019-02-14,56.191349029541016,56.53620069527193,55.58873087096278,55.98234917047562,21106000,57.83765772346477,0.684123791331082,0.6705155716984555,0.013608219632626484,-0.007095992164737774,-0.005880108151449681,-0.007912986465089866,0.0005049993920989149,-0.2473432708080736,-,-
2019-02-15,55.71512985229492,56.69395163052513,55.57032198217962,56.69395163052513,27826000,54.84257173235315,0.6468520973572609,0.6657828768302166,-0.01893077947295574,0.012711193270624532,0.0027902641725692234,-0.0003311622426834804,-0.008474955406315932,0.3183928740642472,-,v
2019-02-19,56.057491302490234,56.21324460593688,55.56633972758992,55.56633972758992,21980000,56.58325024257109,0.6375899787624988,0.6601442972166731,-0.022554318454174327,-0.019889456820435858,-0.008478982515119471,-7.166153528814778e-05,0.006144856004157928,-0.2100912815352548,-,v
2019-02-20,55.762901306152344,56.27744342918969,55.32300687639954,56.17543023019896,24090000,54.63182075652913,0.5995672937879419,0.6480288965309269,-0.048461602742984944,0.010961501254087791,0.0011420586678967393,-0.004379141263997299,-0.005255140561825411,0.09599636032757042,-,v
2019-02-21,54.94779586791992,55.691243127940275,54.637777502472005,55.672829879116854,33272000,49.54076174045668,0.4979221091336328,0.6180075390514681,-0.12008542991783533,-0.008946978225578772,-0.01041625677234237,-0.01238597488850246,-0.01461734269810111,0.38115400581154013,v,v
2019-02-22,55.56235885620117,55.59669482011608,54.76318208264405,55.22099240381193,29436000,53.0902281578393,0.4616362101461817,0.5867332732704109,-0.1250970631242292,-0.008115942305896962,-0.0016977230622593487,0.0022951991443351805,0.01118448845079234,-0.11529213753306078,-,v
2019-02-25,55.60068130493164,56.00226100842152,55.44044806091566,55.82958648160397,26208000,53.31077992123018,0.43100333693341497,0.5555872860030118,-0.1245839490695968,0.011021063753103189,0.007294789548509373,0.012367177225923953,0.0006897196144901585,-0.10966163880962088,-,v
2019-02-26,55.833560943603516,56.054007397676045,55.07170422466459,55.453378605458866,35026000,54.704467824240766,0.4206687967669396,0.5286035881557973,-0.10793479138885775,-0.006738503719153743,0.0009240053584040897,-0.006651169843467031,0.004188431386203506,0.3364621489621489,-,v
2019-02-27,55.87735366821289,56.018676302199374,55.164263590544046,55.43546606841291,22092000,54.976638890753094,0.41127142513222736,0.5051371555510834,-0.09386573041885604,-0.00032301975995729926,-0.0006303045422964004,0.0016807064023633966,0.0007843441089778747,-0.3692685433677839,-,-
2019-02-28,56.059478759765625,56.42971032885316,55.654417678025965,55.68377636794735,27422000,56.156535501398764,0.41375045551228595,0.4868598155433239,-0.07310936003103796,0.004479267825186151,0.007337446255181401,0.008885355401824668,0.0032593721713121138,0.2412638059025891,-,^
2019-03-01,57.15275573730469,57.22640493836772,56.28092444529413,56.28092444529413,34086000,62.50819856167949,0.4981905891406697,0.4891259702627931,0.009064618877876629,0.010723914868864926,0.014118353698285846,0.011257089614927995,0.01950208959708899,0.24301655604988692,-,^
2019-03-04,57.39659118652344,57.99871201900657,56.641697336271235,57.45331917935409,35490000,63.76890893061568,0.5781212642670681,0.5069250290636481,0.07119623520342,0.020831120768095124,0.01349564211609322,0.006410216152859638,0.004266381315706003,0.041189931350114506,-,^
2019-03-05,58.18133544921875,58.544600364710845,57.3766840902089,57.5249733822901,40094000,67.55072187934766,0.6967574179940215,0.5448915068497229,0.1518659111442986,0.0012471725560767588,0.009412077039320899,0.012976072195968635,0.01367231479209452,0.12972668357283745,^,v
2019-03-06,57.969852447509766,58.45751881760033,57.875800606433444,58.30922951632071,23602000,65.56453718046654,0.7648952771253121,0.5888922609048407,0.17600301622047143,0.013633315896014908,-0.001487439431954951,0.008698943205567966,-0.003634894250469145,-0.41133336658851694,-,v
2019-03-07,57.268699645996094,57.90217234471172,56.8138734237904,57.74890577884825,30086000,59.335432351338646,0.7536304671829228,0.6218399021604571,0.13179056502246567,-0.009609520518799375,-0.009500000754760096,-0.018348380005390408,-0.012095128276349287,0.27472248114566566,-,v
2019-03-08,57.224910736083984,57.39808259449472,56.24111173864962,56.425232836085556,23694000,58.95869330578613,0.7327232475805658,0.644016571244479,0.08870667633608686,-0.02292117789784187,-0.008705886667187301,-0.010081370106001852,-0.0007646220393127123,-0.21245762148507608,v,^
2019-03-11,58.68244171142578,58.71478448728935,57.30452708187458,57.325924415454466,30032000,66.56774500824406,0.8242631020780067,0.6800658774111845,0.14419722466682217,0.015962567349707024,0.022939823653985947,0.01890814940086205,0.02547021841700725,0.26749388030725085,-,^
2019-03-12,59.577659606933594,59.998647209100994,58.83371881477667,58.83371881477667,42220000,70.21976481392207,0.9580024429688905,0.7356531905227257,0.22234925244616477,0.02630213842510165,0.021866089316730397,0.02668535647658743,0.015255293907334266,0.4058337773042089,-,^
2019-03-13,59.66773223876953,60.06881457265653,59.610506896879045,60.00959984052186,25888000,70.56812947969215,1.0590518522695334,0.8003329228720872,0.2587189293974461,0.019986515376448688,0.0011694824270118698,0.01320311035492927,0.0015118524700399316,-0.3868308858360966,^,v
2019-03-14,59.3427848815918,59.94839094963808,59.278095530788164,59.665741881149366,27302000,67.50039931110071,1.100230923915177,0.8603125230807053,0.2399184008344718,-0.005730049196900344,-0.0020047611039966107,-0.005576388851480929,-0.0054459478345415535,0.0546199011124846,-,v
2019-03-15,59.231815338134766,59.80009755760555,59.06809687690819,59.61498555861463,51886000,66.43820994913236,1.1111032139154489,0.9104706612476541,0.20063255266779478,-0.0008506778083114952,-0.002473684275481447,-0.00354260122562311,-0.0018699753251967266,0.9004468537103509,-,v
2019-03-18,59.14473342895508,59.4632104995566,58.79291509003676,59.20146142157516,24442000,65.56627330205623,1.1000125399478762,0.9483790369876985,0.15163350296017764,-0.006936580344096277,-0.005633553653059176,-0.004658721059608295,-0.0014701880852809879,-0.5289288054581197,v,^
2019-03-19,59.8369255065918,59.88420010085999,59.19001679989932,59.30247809378082,29788000,69.04399829347437,1.1340051116656866,0.9855042519232963,0.14850085974239036,0.0017063205836476136,0.007079833022243687,0.0067542442699843885,0.011703359496381571,0.2187218721872186,-,^
2019-03-20,61.02971649169922,61.206870922194184,59.69410299067404,59.784172248508305,41508000,73.93019927649762,1.2428657508643894,1.036976551711515,0.2058891991528744,0.008122664856698547,0.0220871418355173,0.008516405603986588,0.019934028612081933,0.3934470256479119,-,^
2019-03-21,61.512413024902344,61.52783839231196,60.53956323478559,60.70975101348873,28150000,75.60810126255777,1.3524974195420896,1.1000807252776301,0.25241669426445945,0.015482003516466225,0.005243977763963681,0.014163212139122638,0.00790920490788749,-0.3218174809675244,^,^
2019-03-22,60.095191955566406,61.388010933036696,60.01308404564569,61.150149705295796,34422000,62.82320840576534,1.3099234288491886,1.142049265991942,0.16787416285724666,0.007254167319994842,-0.002272588521373131,-0.008696448421639524,-0.023039594768655802,0.22280639431616334,-,^
2019-03-25,59.584129333496094,60.18426076186596,59.2168856347136,59.6926118411618,27576000,58.951983652593995,1.2208713075559956,1.1578136743047527,0.06305763325124292,-0.023835393227300106,-0.01960888051062304,-0.013267080397443065,-0.008504218148569831,-0.1988844343733659,-,v
2019-03-26,59.20892333984375,60.09518524597854,58.80684633715307,59.97276941614115,30752000,56.2132650185774,1.1072571012650627,1.1477023596968148,-0.04044525843175206,0.004693337522654106,-0.0014800466892808117,-0.006924364447159603,-0.006297079404354311,0.11517261386713074,-,v
2019-03-27,58.620243072509766,59.312433193151165,57.93451847024229,59.312433193151165,29428000,52.12194018816702,0.9586645581869462,1.1098947993948411,-0.15123024120789497,-0.011010600801307335,-0.013025204092864562,-0.014833780779699102,-0.009942424792207638,-0.04305411030176898,-,v
2019-03-28,58.33460235595703,58.58241810413766,57.89470795245112,58.49533672692745,22402000,50.212261712201496,0.8085347928231101,1.049622798080495,-0.24108800525738494,-0.013776141396237063,-0.012307960569349907,-0.0006871640404091384,-0.0048727316978097734,-0.23875220878075298,v,v
2019-03-29,58.564510345458984,58.91682605036249,58.04150950966989,58.728225017242615,30890000,51.74476955842593,0.7000379240473507,0.9797058232738662,-0.2796678992265156,0.003981313782367879,0.005708332927302218,0.0025356645263561184,0.0039411940806428625,0.37889474154093383,-,v
2019-04-01,59.663753509521484,59.724460284391434,59.03575540123112,59.094472785855174,27706000,58.34647919029596,0.6947445279910127,0.9227135642172956,-0.22796903622628284,0.0062363159878411345,0.013708040438882074,0.017129910988886055,0.018769783228414383,-0.10307542894140498,-,^
2019-04-02,59.99018859863281,60.00362457513509,59.27859058118384,59.71699294078382,18288000,60.09251878539697,0.7087203697792148,0.8799149253296794,-0.1711945555504646,0.010534321156980608,0.004674203658172171,0.004113357715206822,0.005471246274494579,-0.3399263697394066,-,^
2019-04-03,60.252437591552734,60.739606606089886,59.96730178416802,60.346485634540244,22180000,61.489166783945315,0.7325136655467333,0.8504346733730902,-0.11792100782635695,0.010541265773054587,0.01226562622118288,0.011618211503206632,0.004371531396150541,0.21281714785651795,-,^
2019-04-04,60.68238067626953,60.73711927915346,60.16435713561894,60.27632107913745,21022000,63.730255087420964,0.7771048565608325,0.8357687100106387,-0.05866385344980618,-0.0011626949716294632,-4.095065930465047e-05,0.0032860466552280254,0.0071356961129331875,-0.05220919747520292,^,v
2019-04-05,60.28428649902344,60.72916201432288,60.21362517668109,60.67492075533379,20012000,60.23495715292518,0.7714282786113813,0.8229006237307872,-0.051472345119405905,0.006612873331685476,-0.00013101156138151104,0.000818890841816744,-0.0065602926716052945,-0.048044905337265686,-,v
2019-04-08,60.12653732299805,60.40868523443229,59.94838819700883,60.267362604950094,21750000,58.857412557993825,0.7456056319468374,0.8074416253739973,-0.06183599342715995,-0.0067170775884015654,-0.0052771480662784365,-0.004404932918321891,-0.00261675446764964,0.08684789126524084,-,v
2019-04-09,59.848365783691406,60.07030427675848,59.633891300295716,59.80855899762605,19668000,56.40764268401717,0.6946869611174336,0.7848906925226846,-0.09020373140525106,-0.0076128038044651625,-0.005601528263040834,-0.005246127646994947,-0.004626435375985616,-0.09572413793103451,v,v
2019-04-10,60.03547668457031,60.159384572082274,59.747356772100325,59.96780324354017,15510000,57.683508083744954,0.6618029807813954,0.7602731501744269,-0.09847016939303144,0.002662566170845926,0.0014829339787156837,0.0019027011206300681,0.0031264162091773073,-0.21140939597315433,-,v
2019-04-11,60.19173049926758,60.348482308700035,59.9404332938291,60.15739453326033,16998000,58.76877597809236,0.6409619559836415,0.7364109113362698,-0.09544895535262832,0.0031615513569873688,0.003143279107039154,0.0032315491790748663,0.0026026913306316235,0.09593810444874284,-,v
2019-04-12,60.845603942871094,60.8615266581311,60.37584967378406,60.49179240180631,24312000,63.04048194802603,0.6694899525009674,0.7230267195692094,-0.05353676706824195,0.005558715950723103,0.008501362914260069,0.007264151358742144,0.010863177353099607,0.43028591599011645,-,v
2019-04-15,61.034698486328125,61.17253969342763,60.43904694515252,60.91327734204586,23796000,64.19574206913242,0.6992958968002725,0.7182805550154221,-0.018984658215149608,0.006967638476306215,0.0051101747257105146,0.001046730964614495,0.003107776588668232,-0.021224086870681114,-,-
2019-04-16,61.30241394042969,61.504944481700214,60.96054636554522,61.207367412091905,22622000,65.82446758452504,0.7360351669140996,0.7218314773951576,0.01420368951894202,0.004828012592306363,0.0054338889628984255,0.008628518263465557,0.004386282897121729,-0.04933602286098504,-,-
2019-04-17,61.71195983886719,61.95878090497836,61.35168278402061,61.55570538402904,30366000,68.20710073122504,0.7891019582813215,0.7352855735723904,0.05381638470893102,0.005691111816521488,0.007378860790829167,0.006416222324025389,0.006680746680472804,0.3423216338077977,-,^
2019-04-18,61.77814483642578,62.000580685147206,61.67563429090824,61.95380343869998,24750000,68.58823317092836,0.8269656042200708,0.7536215797019266,0.07334402451814426,0.006467281175438044,0.0006746385186782167,0.005280238327415532,0.001072482509572037,-0.18494368701837582,-,^
2019-04-22,62.38972091674805,62.4185822622509,61.375071120153756,61.53928693683098,19084000,71.93610859504415,0.895993440303549,0.7820959518222511,0.11389748848129788,-0.006690735336033704,0.006741897777157835,-0.004873288685395716,0.009899553991813415,-0.22892929292929298,-,^
2019-04-23,63.227210998535156,63.41829875449602,62.30064115492105,62.53303153539711,31868000,75.74798353187805,1.0066726524168814,0.8270112919411772,0.17966136047570425,0.01614813313625474,0.01601632808712039,0.015080553356187743,0.013423526656011875,0.6698805281911548,^,^
2019-04-24,62.702720642089844,63.39690392923933,62.69078050427942,63.22721350012175,23396000,69.39119670173311,1.040075395268822,0.8696241126067061,0.17045128266211584,0.01110104448289384,-0.00033736044133758636,0.006262204403133076,-0.008295326460904029,-0.2658466172963474,-,^
2019-04-25,63.065486907958984,63.33718673134814,62.60070993486984,63.212781507945415,31344000,71.19195111477903,1.0833315438373248,0.9123655988528299,0.1709659449844949,-0.00022825602106135712,-0.0009419576381496375,-0.0014367434682589497,0.005785494826290316,0.33971619080184645,-,^
2019-04-26,63.56708526611328,63.64123181038707,62.949041738777176,63.36604676335189,27228000,73.51236382058316,1.144889574348177,0.9588703939518993,0.18601918039627774,0.0024245928078201473,0.004800419701755487,0.005564342709048153,0.00795361112309112,-0.13131699846860645,-,^
2019-04-29,64.50161743164062,64.53993976800093,63.282945115415366,63.72085013253517,72368000,77.19752296361364,1.2546212003534691,1.0180205552322135,0.23660064512125567,0.005599266283855986,0.014121473328666534,0.005304344076019651,0.014701510406133655,1.6578522109593066,-,-
2019-04-30,59.662757873535156,59.76327523101549,58.86855457512644,59.2482395685882,133178000,43.47211281399644,0.9402897038380544,1.0024743849533817,-0.06218468111532727,-0.07019069197357286,-0.0740109853550518,-0.06975640170093167,-0.07501919720437611,0.8402885253150565,-,-
2019-05-01,58.3868522644043,59.67718433404649,58.305241712813896,59.590099163206304,74340000,38.674366348968306,0.5815213921208056,0.9182837863868665,-0.3367623942660609,0.00576995362406274,-0.0014405317753456437,-0.009568994285287902,-0.021385293851741594,-0.44179969664659324,-,-
2019-05-02,58.047977447509766,58.68841683640609,57.64092314696262,58.35102915976225,45098000,37.49089489847431,0.2667753346741506,0.7879820960443233,-0.5212067613701727,-0.02079321935763978,-0.016568601697186547,-0.011393805193766537,-0.00580395763347441,-0.3933548560667205,-,-
2019-05-03,59.194496154785156,59.28655480807638,58.39830345951256,58.59038212356581,41588000,43.76131020000612,0.10859942774305154,0.652105562384069,-0.5435061346410175,0.004101949310066688,0.010191755101140343,0.013139628430636208,0.019751225756524216,-0.07783050246130652,-,-
2019-05-06,59.38906478881836,59.48709540841769,58.27936850155967,58.32116847529378,31774000,44.77376313506136,-0.0010440205877060293,0.5214756457897141,-0.5225196663774201,-0.004594843701552609,0.0033825645796168313,-0.002036616663621982,0.0032869379194382375,-0.23598153313455805,-,-
2019-05-07,58.66253662109375,59.45424935589568,57.97283328265882,59.00838298538167,36604000,41.75121596027135,-0.14489177245350504,0.3882021621410703,-0.5330939345945753,0.011783277462607877,-0.0005521542495308118,-0.00525975532649503,-0.012233366029724024,0.15201107824007054,-,-
2019-05-08,58.26046371459961,58.931753851852896,58.103711909407124,58.58441162395968,25520000,40.13639317434624,-0.2880160062287658,0.2529585284671031,-0.5409745346958689,-0.007184934410540023,-0.00878819444704626,0.0022575854816371255,-0.006853997962808278,-0.3028084362364769,-,-
2019-05-09,58.120628356933594,58.424177417791746,57.45729958834071,57.85340844737934,29556000,39.56327413345497,-0.4080231010376849,0.12076220256614549,-0.5287853036038304,-0.012477776191941459,-0.008612953134521262,-0.0111251467388912,-0.0024001758439655685,0.15815047021943585,-,v
2019-05-10,58.104209899902344,58.53415359122304,57.045770734693015,58.16392577790937,31650000,39.49196989943945,-0.4987056522205222,-0.003131368391188047,-0.49557428382933416,0.005367312641786137,0.0018823743575344665,-0.00716234241073177,-0.00028248932427954454,0.07084855866829076,-,v
2019-05-13,56.55908966064453,57.324431573146406,56.0072313265219,56.98953445354314,45626000,33.392564604686015,-0.6873274347436507,-0.13997058166168058,-0.5473568530819701,-0.020191060157295326,-0.02066694303850025,-0.018205370789030617,-0.026592225277989878,0.44157977883096367,-,^
2019-05-14,55.97538375854492,56.971122891342574,55.90919857008982,56.84423093047899,40392000,31.418417598106828,-0.8738386760931505,-0.28674420054797456,-0.5870944755451759,-0.002549652746902109,-0.006163317665924151,-0.001750358910986738,-0.01032028460150003,-0.11471529391136637,v,^
2019-05-15,58.26145553588867,58.634671208664024,55.80320708964692,55.860432429772885,59302000,45.10620955511256,-0.8276427413384937,-0.3949239087060784,-0.4327188326324153,-0.0173069190065972,0.029199851308780334,-0.0018957789264324454,0.04084066287432586,0.46816201227965926,-,^
2019-05-16,58.94319534301758,59.42389884351859,58.144515907556034,58.313207847261616,35308000,48.412806573566925,-0.7276337167729778,-0.4614658703194583,-0.26616784645351954,0.0439089944491986,0.013460084598171163,0.0419565279491525,0.011701386463113028,-0.4046069272537183,^,^
2019-05-17,58.16093826293945,59.03227223841442,58.04349969303367,58.511761929920155,25362000,45.05887695035259,-0.7033892199626663,-0.5098505402481,-0.1935386797145664,0.00340495901337845,-0.006590388929804902,-0.001737330046447938,-0.013271372132538928,-0.28169253426985386,-,^
2019-05-20,56.96067428588867,57.375689924386556,56.63622525419657,57.375689924386556,30602000,40.43063360412541,-0.7721259659875486,-0.5623056253959897,-0.20982034059155885,-0.019416130502005413,-0.028062316614502092,-0.02424516864557702,-0.020636943159763277,0.2066083116473465,-,^
2019-05-21,57.44734573364258,57.624500166337924,56.89349420338466,57.449335123783,20562000,42.98773470186342,-0.7783575920724033,-0.6055160187312725,-0.17284157334113082,0.0012835610254708918,0.004336509805446642,0.004542480506661839,0.008543990285495573,-0.32808313182144955,-,^
2019-05-22,57.51750946044922,57.91212245725965,57.276163027822335,57.28860430923996,18826000,43.36519371654541,-0.7687726418002043,-0.6381673433450589,-0.13060529845514546,-0.002797783720154934,0.004991319492429147,0.006726055936548736,0.0012213571560286685,-0.08442758486528545,-,-
2019-05-23,56.994510650634766,57.22889042941582,56.38841103480094,57.03083980108679,25214000,41.176793428909924,-0.7942228263664504,-0.6693784399493372,-0.12484438641711315,-0.004499402826463883,-0.011797737655843465,-0.015499501818761252,-0.009092862586028372,0.3393179645171571,-,-
2019-05-24,56.65961456298828,57.44336597899068,56.5650653750281,57.32592741365289,18554000,39.7920298793736,-0.8318268146979335,-0.7018681148990565,-0.12995869979887698,0.005174176175474665,0.003747679676567861,0.003132812877421509,-0.005875935837037605,-0.2641389704132625,-,-
2019-05-28,56.706886291503906,57.549358845877215,56.66259578511911,56.802430169755226,20948000,40.09825349271824,-0.8480381569598379,-0.7311021233112128,-0.11693603364862504,-0.009131945482891313,0.0018451715890970277,0.001724216341736362,0.0008343108028572299,0.1290287808558801,-,-
2019-05-29,55.73055648803711,56.479971920281095,55.33295559858446,56.36551744326629,36230000,36.02308692514312,-0.9289589575047259,-0.7706734901499155,-0.15828546735481042,-0.00769179637531725,-0.018582082355774632,-0.02346592435646655,-0.01721712947609111,0.7295207179683025,-,-
2019-05-30,55.803707122802734,56.0719255281491,55.52951675007428,55.7410071601103,18088000,36.543445399289915,-0.9759366399730638,-0.8117261201145451,-0.16421051985851864,-0.011079651380555222,-0.00722462101624155,0.0035523342168053418,0.0013125767868713556,-0.5007452387524152,-,-
2019-05-31,55.06175231933594,55.405108152292975,54.905000523859094,55.018957651669425,31582000,33.56172031270739,-1.0608080092493353,-0.8615424979415032,-0.1992655113078321,-0.012953650198082367,-0.011892179010713155,-0.01124656331921614,-0.013295797747523097,0.7460194604157453,-,v
2019-06-03,51.689876556396484,53.096151507171506,51.107163634141074,53.09267007413435,96890000,23.984057208202216,-1.3841952339680859,-0.9660730451468198,-0.41812218882126606,-0.03501134263085459,-0.0416740752274104,-0.06917105643351484,-0.06123807581320573,2.067886770945475,-,v
2019-06-04,52.473628997802734,52.6701913941986,51.55502041300055,51.976008060258806,60512000,29.052172322832902,-1.5592654262826429,-1.0847115213739844,-0.47455390490865845,-0.02103231975932507,-0.008022429138115017,0.008763092040590115,0.01516259069706094,-0.37545670347817117,-,v
2019-06-05,51.98346710205078,52.589073152659765,51.4042394537214,52.499003893062564,46988000,27.803670333723048,-1.7177605096513844,-1.2113213190294645,-0.5064391906219199,0.010062254727169817,-0.0015401167034257979,-0.002924661033421372,-0.009341109145938442,-0.22349286092014808,v,^
2019-06-06,52.138729095458984,52.25019569364751,51.52914423834235,52.06159846164433,29020000,28.846745700399694,-1.8099763788034338,-1.3310523309842583,-0.4789240478191754,-0.008331690108048573,-0.00644387586045736,0.0024298537620306426,0.0029867571761499345,-0.38239550523537924,-,^
2019-06-07,53.16432571411133,53.41612405837315,52.307422421287434,52.463179532269834,43828000,35.47812203634395,-1.7797847924197683,-1.4207988232713604,-0.35898596914840786,0.007713575504627812,0.02231433488903445,0.01510365045740425,0.019670533525560474,0.5102687801516195,-,^
2019-06-10,53.880401611328125,54.48152775585917,53.508180627577765,53.59376996538879,28510000,39.7035236999204,-1.678725104250944,-1.4723840794672771,-0.20634102478366678,0.021550169913425288,0.019945357628751603,0.022955790033378998,0.013469105224195976,-0.3495026010769371,^,^
2019-06-11,53.7948112487793,54.93784886546317,53.721663189137125,54.58851724082751,33508000,39.371633122530554,-1.5872442366952058,-1.495356110912863,-0.09188812578234273,0.018560875192790816,0.008375703259439593,0.0039897181899197776,-0.0015885249550707803,0.1753069098561908,-,^
2019-06-12,53.69827651977539,53.86846050923773,53.22553435710506,53.740573843350994,23670000,38.975897275774905,-1.5051837150071776,-1.497321631731726,-0.007862083275451681,-0.015533365629545326,-0.019465420985889992,-0.009235172602258257,-0.0017944988887027558,-0.29360152799331507,-,^
2019-06-13,54.29093551635742,54.56860730391138,53.87094640226667,53.9774357234007,20814000,42.77855113500611,-1.3764605519629214,-1.473149415777965,0.0966888638150436,0.004407505597914474,0.012997341822188924,0.01212598526172326,0.011036834606112045,-0.12065906210392907,-,^
2019-06-14,54.056556701660156,54.47754431483088,53.816706101953486,54.22773917111334,24582000,41.67260444792815,-1.2786197963119292,-1.434243491884758,0.15562369557282874,0.0046371867125234445,-0.0016687797907931623,-0.0010068562729185215,-0.004317089261183349,0.18103199769385991,-,-
2019-06-17,54.43425369262695,54.801994755428645,54.14115652563316,54.19589512945586,19770000,44.17715577154545,-1.15726309335939,-1.3788474121796845,0.2215843188202946,-0.0005872279048365625,0.005955673014971685,0.006028804941443422,0.006987070838627707,-0.19575298999267754,-,-
2019-06-18,54.99905014038086,55.672826946526534,54.777609004803445,55.31056053205645,34526000,47.78762707437054,-1.0039398847482914,-1.303865906693406,0.29992602194511453,0.020567340016029334,0.015890519952499016,0.011755428217883779,0.01037575440903682,0.7463834092058674,-,-
2019-06-19,54.96272277832031,55.20755444144689,54.5407404789025,55.09857458643435,26714000,47.57449309396644,-0.8752718626133955,-1.2181470978774038,0.3428752352640083,-0.0038326486584643327,-0.008357263868180032,-0.004324185195454078,-0.0006605088991141761,-0.2262642646121763,-,-
2019-06-20,55.39516067504883,55.86889752222094,55.086634337822474,55.81813769783509,24018000,50.40984681857269,-0.7299925046477256,-1.1205161792314682,0.3905236745837426,0.013059559467767157,0.011979213487449014,0.010008919096563096,0.007867839780657526,-0.10092086546380175,-,-
2019-06-21,56.00076675415039,56.060478834765505,55.22198879939339,55.22895546190158,50774000,54.149727071872704,-0.5595401864881993,-1.0083209806828144,0.44878079419461514,-0.010555390420278532,0.003429122840098442,0.0024571198294824903,0.01093247265143038,1.1139978349571154,-,-
2019-06-24,55.56932067871094,55.91118824542499,55.400628755695124,55.7335364741361,24236000,51.18795904121857,-0.4540357473784624,-0.897463934021944,0.4434281866434816,0.00913616793970684,-0.0026630273669360216,0.0032349424601618715,-0.00770428871685902,-0.5226690826013314,-,v
2019-06-25,54.12025833129883,55.519566614948886,53.97196522988806,55.48871587910496,31644000,42.73378210906752,-0.48179609490794206,-0.8143303661991437,0.3325342712912016,-0.004392698014861418,-0.007004351772261774,-0.02578785760911051,-0.02607666118127039,0.3056610001650437,-,v
2019-06-26,53.75897979736328,54.49546039823681,53.42905993564106,54.290439312244594,34698000,40.91922481272187,-0.526875041179089,-0.7568393011951328,0.22996426001604375,-0.021594959405279557,-0.018445861146839992,-0.010059024012458284,-0.006675476893032717,0.09651118695487293,-,v
2019-06-27,53.57535934448242,54.16404419423812,53.536543456853906,54.07895220583652,24078000,39.9898043839027,-0.5708368153685797,-0.7196388040298222,0.1488019886612425,-0.0038954760559539725,-0.006081537830431971,0.0020117052656798418,-0.003415623837598636,-0.3060695140930313,v,v
2019-06-28,53.88238525390625,53.88238525390625,53.43452572774062,53.60521083414807,33672000,42.34778103028323,-0.5742824426528159,-0.690567531754421,0.11628508910160507,-0.008760180298710063,-0.005200109122609375,-0.0019055718304918923,0.005730729820208724,0.3984550211811613,-,v
2019-07-01,54.73830032348633,55.16575726399659,54.50590993006613,54.790051045623045,29196000,48.43112588374679,-0.5021593537192288,-0.6528858961473826,0.15072654242815375,0.02210307902977604,0.023818025205135207,0.02005041099802063,0.015884877136504105,-0.13292943692088377,-,^
2019-07-02,55.36530685424805,55.37973752741374,54.721883343217314,54.97865517121385,20630000,52.39403284723866,-0.389912431403161,-0.6002912031985382,0.21037877179537723,0.0034423060754908974,0.003878860257335859,0.00396238524277992,0.011454621847158286,-0.29339635566515965,-,v
2019-07-03,55.88233184814453,56.13114230084747,55.477266942898034,55.658897510338235,20154000,55.43521346944753,-0.25628208042984824,-0.5314893786448003,0.27520729821495205,0.012372844279402218,0.013568225617930807,0.013804049742640156,0.00933842912236682,-0.023073194377120743,-,v
2019-07-05,56.3640251159668,56.46255308135263,55.609135067975956,55.7021884138301,29794000,58.11954373619015,-0.11023966920932793,-0.44723943675770583,0.3369997675483779,0.0007777894537674968,0.005904222984255192,0.002376975873985554,0.008619777519864869,0.4783169594125236,^,v
2019-07-08,55.57380676269531,56.09232766660552,55.32350426173324,56.02564512740581,29888000,52.529576806096664,-0.057600045645564535,-0.3693115585352776,0.31171151288971305,0.005806894177525779,-0.006557008044139945,-0.005136400807053798,-0.014019906343552324,0.0031549976505336197,v,v
2019-07-09,55.947021484375,56.12467327228846,55.09409700060475,55.251843496614924,29472000,54.74350871770633,0.014070349994455,-0.2926351768293311,0.3067055268237861,-0.01381156127754013,0.0005766493748520229,-0.004146650943208097,0.006715658750413578,-0.013918629550321193,-,v
2019-07-10,56.77406692504883,56.845225588871074,56.26400475112494,56.34661000148212,30710000,59.276092944806145,0.1360371583702289,-0.2069007097894191,0.342937868159648,0.01981411724179427,0.012838423363052076,0.021234720491150938,0.014782653637867238,0.04200597176981535,-,v
2019-07-11,56.93181228637695,57.387633227316094,56.70539765514652,57.03531752794234,26004000,60.0969786485917,0.24262859366095313,-0.11699484909934466,0.3596234427602978,0.012222696741509553,0.00954183280699672,0.007845031756520182,0.0027784756293109947,-0.1532399869749267,-,^
2019-07-12,56.994510650634766,57.10199846624745,56.65712677728647,56.874585349717364,21878000,60.438322628915074,0.3283769826339551,-0.027920482752684706,0.3562974653866398,-0.0028181166545838687,-0.004977287701293132,-0.0008512571969534477,0.0011012887477115374,-0.15866789724657748,-,^
2019-07-15,57.25178146362305,57.260240168208966,56.72878067024691,56.994508520954916,21164000,61.87932930368178,0.412339608846807,0.060131535567213644,0.35220807327959336,0.0021085546470387406,0.002771211274769092,0.0012646933763884594,0.004513957748761177,-0.03263552427095717,-,^
2019-07-16,57.398582458496094,57.65336488358519,57.063681517013435,57.063681517013435,25352000,62.71389678075093,0.48513388699379334,0.14513200585252958,0.34000188114126373,0.0012136782622327313,0.006865579226027929,0.005903543894469232,0.0025641297287197773,0.19788319788319786,^,^
2019-07-17,57.06418228149414,57.64639783763684,57.05821031421704,57.272187458339516,19538000,59.51745038945509,0.5099620521971886,0.2180980151214614,0.29186403707572717,0.003653916743242558,-0.00012084370031861802,-9.58788961901158e-05,-0.005825930932070511,-0.22933101924897448,-,^
2019-07-18,57.08905792236328,57.135337818816325,56.373481124712285,56.8283035459738,25450000,59.682074816271694,0.5255871666316096,0.2795958454234911,0.24599132120811856,-0.00775042707577045,-0.008865428508819106,-0.012000537446477666,0.0004359238996263226,0.3025898249564951,-,^
2019-07-19,56.30829620361328,57.30503011479123,56.29336818303427,57.192568816319344,23184000,52.46990982447614,0.46955648195337574,0.31758797272946804,0.1519685092239077,0.0064099268782649155,0.0029700059972170845,-0.0014211104242576322,-0.013676206039549221,-0.08903732809430254,-,^
2019-07-22,56.68946838378906,56.72977631381159,55.99280217307661,56.503357897056986,28914000,55.30930731945818,0.4507136239208762,0.3442131029677497,0.10650052095312651,-0.012050707522437754,-0.010038452118903196,-0.0053392792021323965,0.006769378686178884,0.24715320910973082,-,v
2019-07-23,57.12936782836914,57.1696757592667,56.372985727512926,56.90046266894494,20648000,58.398092476914094,0.46590605695114107,0.368551693764428,0.09735436318671309,0.007027985356400146,0.007754295434230674,0.006789864762637654,0.007759808957846337,-0.2858822715639483,-,^
2019-07-24,56.7153434753418,57.00047926330069,56.15701203647571,56.3615357640153,27192000,54.57494476824637,0.4394719058706613,0.3827357361856747,0.056736169684986626,-0.009471397588894703,-0.002959549686418983,-0.0038311557965220455,-0.0072471369588961165,0.31693142192948476,-,^
2019-07-25,56.52674865722656,56.90742833703165,55.91815851708061,56.67652999489157,54762000,52.876794616248084,0.39870856091954465,0.3859303011324487,0.012778259787095958,0.005588815609907094,-0.0016324586647634698,-0.004253316028280829,-0.003325287418866285,1.0139011473962931,v,^
2019-07-26,61.964752197265625,63.11773671110873,61.107848934162845,61.107848934162845,121216000,76.0336367380854,0.7960286321897954,0.467949967343918,0.32807866484587733,0.07818613700716481,0.10913001264609634,0.09280867887480593,0.09620230544329833,1.2135057156422335,^,^
2019-07-29,61.79655075073242,62.15235165603841,61.2173193143791,61.829394670531414,41382000,74.80909432615326,1.084829955744297,0.5913259650239938,0.49350399072030326,0.011807742359675633,-0.01529498846717059,0.0017914291228642298,-0.002714469768195449,-0.658609424498416,-,^
2019-07-30,61.10784912109375,61.55122877377284,60.9744840447628,61.05808399297526,28616000,69.84873987378481,1.2437969031079064,0.7218201526407764,0.52197675046713,-0.012474821752116672,-0.009671764080501521,-0.003966773983833383,-0.01114466133258274,-0.3084916147117104,-,^
2019-07-31,60.62017822265625,61.451701566649845,60.121562624790954,60.952091273681674,39960000,66.48691630635956,1.3152668112455501,0.8405094843617311,0.474757326883819,-0.0017359326130472752,-0.0016169816444899787,-0.013988169532450523,-0.00798049523018085,0.39642158233156266,-,v
2019-08-01,60.30070877075195,61.520873205892904,60.06284375290783,60.59181655446915,35426000,64.30349229578641,1.3307882153468285,0.9385652305587506,0.3922229847880778,-0.0059107852033304376,0.0011256261011427515,-0.000976669090415716,-0.005270018354794237,-0.11346346346346348,-,v
2019-08-02,59.5313835144043,60.187244438214584,59.21688523243594,59.863793900652404,34910000,59.256815023433354,1.2664125061979092,1.0041346856865825,0.26227782051132675,-0.012015197682054723,-0.021677663176448148,-0.01408455656798524,-0.012758146164955297,-0.01456557330774011,-,v
2019-08-05,57.462772369384766,58.564009936264995,56.86562881110837,58.36943694590562,47840000,48.283800101310504,1.036526232405059,1.0106129950302778,0.02591323737478124,-0.024962616923791425,-0.02696974279352371,-0.039705844238488774,-0.034748245763833285,0.3703809796619879,v,^
2019-08-06,58.275390625,58.78893425214037,57.800161742770406,57.99871351936014,36014000,52.040886717035185,0.9094278874893149,0.9903759735220853,-0.08094808603277037,-0.006351327782878058,0.003840657702916195,0.01643405605812065,0.014141647228426812,-0.24719899665551837,-,^
2019-08-07,58.515743255615234,58.71279919593865,57.26820572713202,57.61454946194906,30686000,53.12558133459895,0.8186589907811594,0.9560325769739002,-0.13737358619274076,-0.006623665148759561,-0.0012950576017449755,-0.009203365520078721,0.004124427619231152,-0.14794246681845946,-,^
2019-08-08,60.02253723144531,60.027013359402346,58.420694666761676,59.039235564994726,30116000,59.334948561418265,0.8584144003691279,0.9365089416529458,-0.07809454128381799,0.02472788759697897,0.022383776305364922,0.020124411529862885,0.025750232193888944,-0.018575246040539617,^,^
2019-08-09,59.162147521972656,59.93644550811867,58.962601058404324,59.71400966805008,20418000,54.865663064567514,0.8111442242152265,0.911435998165402,-0.10029177395017552,0.011429248644530876,-0.0015087848989155939,0.009275932008918186,-0.014334444179775585,-0.3220215168017001,-,v
2019-08-12,58.44557189941406,58.99842873751256,58.15794936421993,58.71926490700583,22064000,51.39359648963084,0.7077026493695726,0.8706893284062361,-0.16298667903666353,-0.016658482097819838,-0.015650190174842038,-0.013646814756142822,-0.012112062400920443,0.08061514350083265,-,v
2019-08-13,59.55178451538086,59.98471606717962,58.37043601640328,58.43810945225793,28434000,56.02058210623508,0.7068385740619831,0.8379191775373855,-0.1310806034754024,-0.004788129674190622,0.016717179605834964,0.003653613212058593,0.018927227162232496,0.28870558375634525,-,v
2019-08-14,57.935516357421875,58.858103678090515,57.77727251213022,58.523703882181366,35430000,48.72271960561802,0.569173379108463,0.7841700178516011,-0.21499663874313812,0.0014647022418368127,-0.018781657444662425,-0.010162053682558958,-0.02714054954208034,0.24604346908630514,v,^
2019-08-15,58.18780517578125,58.54111555003821,57.87331068859195,58.143518465819966,28506000,49.82155967225586,0.47495533006404855,0.7223270802940907,-0.2473717502300421,-0.006496263755396914,-0.005385632703798882,0.0016622137440214235,0.004354648654599558,-0.19542760372565626,-,^
2019-08-16,58.679954528808594,58.91035553255784,58.37093464481088,58.75858100214962,24916000,51.983213728372085,0.43498495136687865,0.6648586545086483,-0.2298737031417697,0.010578350821531801,0.006307361570587533,0.008598505084607577,0.00845794667010713,-0.12593839893355785,-,^
2019-08-19,59.73640441894531,60.181777263462834,59.23679411422169,59.30795278121335,24450000,56.33200854762992,0.4829872390496135,0.6284843714168414,-0.14549713236722794,0.009349643400061503,0.021582312980649387,0.014833743449194303,0.018003590810863113,-0.018702841547599935,^,^
2019-08-20,58.89492416381836,59.6149846963423,58.871040092100735,59.48311546298672,20206000,52.271152324604955,0.447965110881519,0.592380519309777,-0.14441540842825795,0.0029534434010820565,-0.009418009784577186,-0.006174439849254809,-0.014086556820953833,-0.17357873210633945,-,^
2019-08-21,59.295509338378906,59.74237420930258,59.113381426703334,59.506502390396136,14152000,53.97220654976653,0.4473766185679722,0.563379739161416,-0.11600312059344386,0.0003931691746033028,0.002136870681241687,0.004116477884940961,0.0068016926797682675,-0.2996139760467188,-,^
2019-08-22,59.29252624511719,59.6537979892426,58.66502549465442,59.40598223201733,17352000,53.95678457770462,0.441579272494387,0.5390196458280103,-0.09744037333362332,-0.0016892298209586487,-0.0014826364240173584,-0.007584677466046186,-5.030892381230334e-05,0.2261164499717354,-,^
2019-08-23,57.4045524597168,59.49903863927373,57.22640332762706,58.9765351772291,36254000,45.161465883980966,0.2813973543991679,0.48749518754224186,-0.20609783314307395,-0.007229020355407512,-0.0025942916492387447,-0.024522654765716356,-0.03184168233270157,1.089326878745966,-,-
2019-08-26,58.280364990234375,58.314203607614736,57.4677522151764,57.69665738265243,21166000,49.29090667058842,0.22255728021315946,0.4345076060764254,-0.21195032586326595,-0.02170147484470797,-0.019913515558500405,0.004217439390128863,0.015256847984873145,-0.4161747669222706,-,-
2019-08-27,58.262447357177734,58.968073389898144,57.950936964351186,58.86855073401881,23460000,49.20926601936411,0.1724919148354047,0.3821044678282213,-0.20961255299281656,0.020311286728349254,0.011212873396731604,0.008407928456390712,-0.00030743858690041037,0.10838136634224704,-,-
2019-08-28,58.40825653076172,58.64462571268449,57.73646903604306,57.96636890291104,16810000,49.93596474531372,0.14293269467052738,0.33427011319668254,-0.19133741852615516,-0.01532536167204157,-0.00548513218458091,-0.003700853507166868,0.002502626995568802,-0.283461210571185,-,v
2019-08-29,59.42788314819336,59.67420307631609,58.982012946611036,59.038740942388,19636000,54.80559090211978,0.199482634739077,0.3073126175051614,-0.10782998276608441,0.018499900196838226,0.017556209987182436,0.02157291450903287,0.01745689185046362,0.1681142177275432,-,v
2019-08-30,59.243263244628906,59.73192810489569,59.00390618838455,59.73192810489569,18064000,53.78545817300639,0.2267873232863451,0.2912075586613982,-0.06442023537505309,0.011741225362243313,0.0009673363966968829,0.00037118505591404727,-0.0031066208955158325,-0.080057038093298,-,^
2019-09-03,58.19925308227539,59.17110435815699,57.90864265985034,58.81132466122821,25908000,48.309328684165145,0.1623125526637068,0.26542855746185995,-0.10311600479815314,-0.015412250581477882,-0.009389011279760329,-0.01856255965558129,-0.017622428360209663,0.43423383525243575,v,^
2019-09-04,58.83222579956055,58.962105646264284,58.2977821894953,58.69189785761774,21312000,51.531393820473866,0.1604419656326641,0.2444312390960208,-0.08398927346335669,-0.0020306769877810327,-0.003532107675862428,0.0067198869075679735,0.010875959462750107,-0.1773969430291802,-,^
2019-09-05,60.321109771728516,60.41117903465285,59.350746722491714,59.39901601134772,26394000,58.140946839679344,0.275919378523362,0.25072886698148905,0.025190511541872962,0.012047968791968566,0.024576350734183405,0.01806182831404768,0.025307286133292806,0.2384572072072073,^,^
2019-09-06,60.02901077270508,60.358930659773705,59.87673509088189,60.169338722829714,18972000,56.51273181231264,0.33994741002818785,0.2685725755908288,0.07137483443735904,0.012968610647267731,-0.0008648792444386766,0.008862371535939717,-0.0048424009460174,-0.2812002727892703,-,^
2019-09-09,59.97675323486328,60.73711789420622,59.37463241341602,60.06682249448367,31854000,56.209452649024286,0.3820690851397046,0.29127187750060396,0.09079720763910065,-0.0017037951641497573,0.006265638411724783,-0.008385605472705948,-0.0008705380476727864,0.6790006325110689,-,^
2019-09-10,59.99815368652344,60.212130832251965,59.51595813815071,59.51994071521409,27922000,56.3128498223633,0.4124234924376964,0.31550220048802247,0.09692129194967392,-0.009104556501549621,-0.008643595220779066,0.00238023746826177,0.0003568124399191408,-0.12343818672694162,-,^
2019-09-11,60.70975112915039,60.83266431419536,59.82796529568178,59.9080838113267,23522000,59.718717020573244,0.4882710606164764,0.3500559725137133,0.13821508810276312,0.006521227868316659,0.010305788441073105,0.005242411737820474,0.011860322341665563,-0.157581835112098,-,-
2019-09-12,61.45468521118164,61.82541032838845,60.83713525327184,60.882420453153486,31644000,62.973036884421305,0.601556391965687,0.40035605640410804,0.20120033556157896,0.01626385922967155,0.01631929203471416,0.01686786359192638,0.012270418971847219,0.345293767536774,-,-
2019-09-13,61.70648193359375,61.75724175452217,61.06206379711294,61.312366282826474,23676000,64.0308383625422,0.7035437104292441,0.4609935872091353,0.24255012322010883,0.007061904347311687,-0.0011025980014398584,0.003697224448598657,0.0040972746267731175,-0.2518012893439514,-,-
2019-09-16,61.28847885131836,61.6562198763899,60.968008618747135,61.22926032899726,28218000,60.91943690145551,0.7420857373011813,0.5172120172275445,0.22487372007363682,-0.0013554517443651326,-0.0016357899942135434,-0.0015403209868293244,-0.006774054672655461,0.1918398378104409,-,-
2019-09-17,61.20140075683594,61.45618318239202,60.876454359134506,61.288485935834366,20806000,60.26249331732107,0.7568792637828636,0.5651454665386083,0.19173379724425532,0.0009672762094279364,-0.0032443879043982937,-0.0015016770546852909,-0.001420790597424837,-0.26266921822949885,-,-
2019-09-18,61.339237213134766,61.51788368538318,60.534088515746376,61.219311917940146,17440000,60.97979460737398,0.7708397296053704,0.6062843191519608,0.1645554104534096,-0.0011286625348624346,0.00100397551224507,-0.005623945201676417,0.002252178129818816,-0.1617802556954725,-,-
2019-09-19,61.64278793334961,61.92095707014921,61.32232147635889,61.322818823899055,16554000,62.58170013818275,0.7972077904281107,0.6444690134071909,0.15273877702091987,0.001690755787939091,0.006552133471096511,0.013021307166580565,0.004948720166833898,-0.050802752293578,-,-
2019-09-20,61.199405670166016,61.844321133342945,60.88789527881074,61.388500234062036,37692000,58.7854983812412,0.7734120132070288,0.6702576133671585,0.10315439983987029,0.0010710761739702868,-0.0012376413484604942,-0.007084307754324448,-0.007192767849225068,1.2769119246103662,-,-
2019-09-23,61.44075393676758,61.68906703175776,60.89784785032778,61.03668374316007,20798000,60.20073019959797,0.7652076390652027,0.6892476185067674,0.07596002055843531,-0.005730983646131782,-0.002510401904977533,0.00016345730906719425,0.0039436374252113104,-0.4482118221373236,-,-
2019-09-24,60.62664794921875,62.058800097043886,60.24397886952391,61.70499236171319,35804000,53.52422259475671,0.6851164678497312,0.6884213883753602,-0.0033049205256289182,0.010949294384428487,0.005993494197209737,-0.01073714431437578,-0.01325026037907473,0.7215116838157516,-,-
2019-09-25,62.000579833984375,62.10408507320061,60.17231883953287,60.51119855388717,26798000,61.32065080080161,0.7241607835699142,0.6955692674142709,0.02859151615564326,-0.019346794515880172,0.0007297107917960677,-0.0011894969644391518,0.022662177957066598,-0.2515361412132723,-,-
2019-09-26,61.818946838378906,61.937383896444516,61.29793919789743,61.81148282837259,23166000,59.8903090940641,0.7320092730622676,0.7028572685438703,0.02915200451839728,0.02148832456735228,-0.0026842224075857013,0.01870661427169451,-0.0029295370477472327,-0.13553250242555415,-,-
2019-09-27,61.005836486816406,61.95330637185096,60.47089172697403,61.845818553701896,34122000,53.836242231560895,0.6649528846702424,0.6952763917691448,-0.030323507098902414,0.0005554910472644892,0.00025707374778805026,-0.01349225572255075,-0.013153092913218312,0.4729344729344729,-,-
2019-09-30,60.766475677490234,61.07848342422584,60.382314573246774,60.739603724612536,24470000,52.16455731922528,0.5857437080103551,0.6733698550173869,-0.08762614700703175,-0.017886655152422493,-0.014120682153335506,-0.0014647899377304707,-0.003923572286036903,-0.2828673583025614,-,-
2019-10-01,60.01307678222656,61.349688761144805,59.99068475401643,60.83365463798817,24504000,47.19691918077553,0.4569098975234809,0.6300778635186057,-0.17316796599512485,0.0015484281689102097,0.004440276210450289,-0.006485836490339847,-0.012398265439355627,0.0013894564773191398,-,-
2019-10-02,58.615760803222656,59.65280257378493,58.35251968193036,59.54034128334951,33030000,39.65434577593549,0.23929797477107684,0.5519218857691,-0.3126239109980231,-0.021259833267209816,-0.02765924687843857,-0.027306990723695468,-0.023283525090280532,0.34794319294809006,-,-
2019-10-03,59.18852233886719,59.26664766500783,57.88027810307407,58.88547063760738,28368000,43.630934122824065,0.1117676395632472,0.4638910365279294,-0.3521233969646822,-0.010998772120328182,-0.006473374126881315,-0.008092908094293083,0.009771459549374972,-0.1411444141689373,-,v
2019-10-04,60.2598991394043,60.33454303160639,59.26515471503386,59.430365213638524,24282000,50.236749780232444,0.09604296057359818,0.39032142133706316,-0.294278460763465,0.009253463887289426,0.018018487778060477,0.023926571491131865,0.018101090518922724,-0.1440355329949239,-,v
2019-10-07,60.12504577636719,60.65551061541909,59.93147127003151,60.06284316174378,17040000,49.45121253040534,0.07187101547534525,0.3266313401647196,-0.2547603246893744,0.010642336553572163,0.005319798040809953,0.01124297334920521,-0.0022378624087162624,-0.29824561403508776,-,v
2019-10-08,59.223358154296875,60.05637356078937,59.191011579951955,59.65330183484437,20086000,44.44667927725232,-0.019815657977332535,0.2573419405363092,-0.27715759851364175,-0.006818547130653663,-0.009877701935913086,-0.012355106163559504,-0.014996872109238835,0.1787558685446009,v,v
2019-10-09,59.83393859863281,60.135498274495816,59.62095614545092,59.7806958327471,15948000,48.264755599541715,-0.04271685491799104,0.19733018144544917,-0.2400470363634402,0.002135573287383563,0.0013175073520941272,0.007263679974758075,0.010309790990662426,-0.20601413920143385,-,v
2019-10-10,60.185752868652344,60.49178865187307,59.608017264987346,59.64483996544831,12842000,50.380869195198386,-0.03210763035520614,0.15144261908531811,-0.18355024944052425,-0.002272570859310208,0.005924792969219661,-0.00021701900304993416,0.005879844754655084,-0.19475796338098816,-,v
2019-10-11,60.496273040771484,61.14517115210755,60.39326514484028,60.91029401479073,22330000,52.23780874598746,0.0013411790337514162,0.12142233107500477,-0.12008115204125336,0.021216488301007752,0.010801176734823503,0.013173527922630157,0.005159363426038954,0.7388257280797383,-,v
2019-10-14,60.59878158569336,61.00235065423196,60.3056844195841,60.4057044302206,13296000,52.864924562860274,0.03570954690736983,0.10427977424147779,-0.06857022733410796,-0.008284142979963272,-0.002335760865241565,-0.001450173708047342,0.00169446049763744,-0.40456784594715633,-,^
2019-10-15,61.81645584106445,62.05979166221423,60.755530036134196,60.784391379042745,27584000,59.64342396568632,0.15936579228630876,0.11529697785044399,0.04406881443586477,0.006269059394209853,0.017334430503767928,0.007459423118727049,0.020094038584739016,1.0746089049338146,-,^
2019-10-16,61.85428237915039,62.41111803673407,61.6318427281142,61.79506384907935,22986000,59.83665168272144,0.25744883324490786,0.14372734892933678,0.11372148431557108,0.0166271710073429,0.005661094971637581,0.01442358730898774,0.0006119169656571,-0.16669083526682138,-,^
2019-10-17,62.341941833496094,62.88683729225916,62.19613928341153,62.27227521559036,20958000,62.340102045871824,0.37026223966175564,0.18903432707582057,0.18122791258593507,0.007722483589894802,0.007622347916361516,0.00915592541645549,0.007884004721879778,-0.08822761681023228,^,v
2019-10-18,61.924442291259766,62.606180482721385,61.71195719870584,62.43599650689909,31624000,58.95218315370726,0.4211244921499855,0.23545236009065357,0.18567213205933192,0.0026291201139176934,-0.004462886378487352,-0.007784761084597247,-0.006696928744237551,0.5089226071189998,-,v
2019-10-21,61.917972564697266,62.377274913200615,61.7044927784836,62.13792166543536,18094000,58.8987653174701,0.4556585922124228,0.27949360651500743,0.17616498569741534,-0.0047740863947096646,-0.003656277507361194,-0.00012095581733384542,-0.00010447775261457348,-0.4278396154819125,-,v
2019-10-22,61.76470947265625,62.139417202422926,61.69752958595026,61.92792679446339,22862000,57.56799278814506,0.4652964172015146,0.3166541686523089,0.1486422485492057,-0.0033794962133208983,-0.0038132109988561202,-0.00011284741547656907,-0.0024752601820234865,0.2635127666629822,v,v
2019-10-23,62.58230209350586,62.60270473414098,61.71544803167187,61.71544803167187,21282000,62.4429734869998,0.5327659601843706,0.35987652695872124,0.17288943322564937,-0.0034310653333629038,0.007455614368072849,0.0002904240387233692,0.013237213091912281,-0.06911031405826262,-,^
2019-10-24,62.655948638916016,62.84454587248038,62.3195556547794,62.655948638916016,20224000,62.85693235794833,0.5854302443753454,0.4049872704420461,0.18044297393329933,0.01523930615818414,0.0038631100583663702,0.009788596573057529,0.0011767950833787566,-0.04971337280330801,-,^
2019-10-25,62.914215087890625,63.09833620096017,62.16031967360371,62.302139666154034,27104000,64.34126822228993,0.6406223177266455,0.45211427989896597,0.1885080378276795,-0.00564685365791795,0.0040383827260803695,-0.0025551527045183375,0.0041219781135704014,0.34018987341772156,-,^
2019-10-28,64.142333984375,64.65289349547879,63.312803861396596,63.44666248158174,65428000,70.39909101726526,0.7745330299838002,0.5165980299159328,0.2579350000678674,0.01837052180808918,0.02463705682456596,0.01854051256242628,0.019520531167220412,1.4139610389610389,^,^
2019-10-29,62.73307418823242,63.73528260041262,62.48177321649212,63.49642290986027,52654000,58.18416571582103,0.7582026580715251,0.5649189555470513,0.1932837025244738,0.0007842875626906665,-0.014192882104036797,-0.013125791217898919,-0.021970821898777082,-0.1952375129913798,-,^
2019-10-30,62.735069274902344,63.09932891236604,62.23496161672131,62.45888951225399,29204000,58.19522444055024,0.7369268732242205,0.5993205390824852,0.1376063341417353,-0.01634002909233434,-0.009978047669980228,-0.003950137569169843,3.1802788174051244e-05,-0.44536027652220156,-,^
2019-10-31,62.6405143737793,63.024679268615046,62.17673211315313,62.70023024553159,31904000,57.42016382241333,0.7043169428613965,0.6203198198382674,0.083997123023129,0.0038639933428572526,-0.0011830497255315153,-0.0009356397442130682,-0.0015072096391367529,0.0924530886179975,-,^
2019-11-01,63.30982208251953,63.34714593021069,62.68580652948235,62.98885825303548,28812000,61.34466308113964,0.7241335161477309,0.6410825591001602,0.0830509570475707,0.004603300599912208,0.0051165141233209255,0.008187538955935603,0.010684901224572219,-0.09691574724172514,-,-
2019-11-04,64.17369079589844,64.31750397085139,63.50190331257212,63.50190331257212,30632000,65.73446016208254,0.8003196915430593,0.6729299855887401,0.1273897059543192,0.008145012844583688,0.015318101966420805,0.013018844747669345,0.01364509778992784,0.0631681243926141,-,-
2019-11-05,64.26475524902344,64.55337629628117,64.16224849734684,64.25281131417994,25148000,66.17058943258384,0.8581536634947469,0.7099747211699414,0.14817894232480544,0.011824968425145688,0.003667311553891661,0.010398825079688256,0.0014190309454793493,-0.1790284669626534,-,-
2019-11-06,64.24335479736328,64.3418827636768,63.80843765382867,64.19757604359447,24626000,65.9581257513956,0.8919784925154062,0.7463754754390344,0.1456030170763718,-0.0008596553124404771,-0.00327625826469069,-0.005514314909534357,-0.00033300448398554394,-0.020757117862255425,-,-
2019-11-07,65.03606414794922,65.81782613405997,64.37970207831445,64.40607288727122,45140000,69.823284944573,0.9715505034186123,0.7914104810349499,0.18014002238366233,0.0032477370101196,0.02293907649243354,0.008952803821729471,0.012339164931319369,0.8330220092585072,-,-
2019-11-08,65.1385726928711,65.5421455505762,64.76635171342497,64.76635171342497,30392000,70.29300959283805,1.0309987662178202,0.8393281380715241,0.1916706281462961,0.005593864211909549,-0.004188539787416623,0.006005769250689852,0.001576180020498752,-0.3267168808152414,-,-
2019-11-11,64.60513305664062,64.93455939558233,64.48520774611289,64.88976774009271,17234000,64.65311797237779,1.023272177586648,0.8761169459745489,0.1471552316120991,0.0019055577997326711,-0.009270159679545698,-0.00434089554026551,-0.008189304956767174,-0.4329428797051855,-,-
2019-11-12,64.5518798828125,65.15599392707894,64.40408792748764,64.6195571175952,28852000,64.10019722817071,1.0013092446775076,0.9011554057151407,0.10015383896236685,-0.004164148399787626,0.003410118333869505,-0.0012579601037284727,-0.0008242870389484347,0.6741325287222932,-,-
2019-11-13,64.50061798095703,64.8161109388274,64.30007683750783,64.35133020611492,20538000,63.53690550381634,0.9686016185217383,0.9146446482764603,0.05395697024527801,-0.004150862733276917,-0.005216450057256794,-0.0016149765228709034,-0.0007941194268630269,-0.28816026618605295,-,-
2019-11-14,65.14603424072266,65.47297759820854,64.38915482518563,64.44190403565649,28948000,67.41901743697052,0.9834239877710544,0.9284005161753792,0.05502347159567522,0.0014074896237803447,0.01013431151401667,0.0013853480751337965,0.01000635776786174,0.40948485733761797,-,-
2019-11-15,66.35974884033203,66.35974884033203,65.28239518712496,65.43964815188482,39286000,73.19790921439227,1.0806503820204583,0.9588504893443951,0.12179989267606317,0.015482846622226987,0.013544079934249886,0.013872528135591367,0.018630675124821083,0.3571231173138041,-,-
2019-11-18,65.67799377441406,66.37864637202742,65.49487116594328,66.30001990062904,27984000,66.10519508149557,1.0901247838575046,0.985105348247017,0.10501943561048754,0.013147560737907682,0.00028477400872706227,0.00325472094290169,-0.010273623361027773,-0.2876851804714148,-,-
2019-11-19,65.31722259521484,66.01587820331358,65.2764173172302,66.01587820331358,21864000,62.64584739376203,1.0563452065132921,0.9993533199002721,0.056991886613020015,-0.004285695505692688,-0.00546513357142997,-0.0033354344366841593,-0.005493029833377183,-0.21869639794168094,-,-
2019-11-20,64.78327941894531,65.34807642980218,64.1537892586793,65.25601777446926,28892000,57.822962989160246,0.9752478460253684,0.9945322251252914,-0.019284379099922977,-0.011510267673848551,-0.010115775048159303,-0.01719806485541564,-0.008174615439154431,0.3214416392242956,-,-
2019-11-21,64.69769287109375,65.24407665584901,64.23042152211164,64.65340235973326,25546000,57.06460109531608,0.8937686754893974,0.9743795151981126,-0.08061083970871519,-0.009234633606032938,-0.0015914741433112889,0.001194508762738078,-0.0013211209531102108,-0.11581060501176799,-,-
2019-11-22,64.37572479248047,65.03407626753568,64.16125030728475,64.84000442135863,27776000,54.18553575118424,0.7940622572543035,0.9383160636093508,-0.14425380635504736,0.0028861909012476428,-0.003218688945834103,-0.0010769229469105301,-0.004976500155187691,0.0872935097471228,-,-
2019-11-25,64.97137451171875,65.20874217751695,64.47226535307868,64.50461192728618,23590000,58.370123397626244,0.7544117674964781,0.9015352043867764,-0.14712343689029828,-0.005172616767465388,0.002685759835547419,0.004847396899287482,0.009252706997216809,-0.15070564516129037,-,-
2019-11-26,65.3376235961914,65.38788227282132,64.89175722790185,65.18385588801307,21910000,60.7443518148736,0.7439657350515887,0.8700213105197389,-0.12605557546815016,0.010530161184328701,0.0027471791254107814,0.006506547777185068,0.005637083826918188,-0.07121661721068251,-,v
2019-11-27,65.29432678222656,65.56852092694777,65.16196400271949,65.45804903163751,18808000,60.306481562249026,0.7238494027052553,0.8407869289568422,-0.11693752625158682,0.004206457870419733,0.002762570798252373,0.004163961439180408,-0.0006626628209258634,-0.14157918758557742,-,v
2019-11-29,64.89424133300781,65.18584644736278,64.85144666514758,65.01914770034297,12802000,56.270043515674345,0.6679240990466013,0.806214362974794,-0.13829026392819266,-0.006705078104029871,-0.005836253039951056,-0.004765315814590054,-0.006127415181921392,-0.31933219906422794,-,v
2019-12-02,64.13636779785156,64.9614256151184,63.714381692746564,64.81810599777505,26538000,49.50991230715591,0.5560391591984768,0.7561793222195305,-0.20014016302105375,-0.0030920384175823212,-0.0034427846607100188,-0.017533378681158895,-0.011678594580791679,1.072957350413998,v,v
2019-12-03,64.42896270751953,64.552874371491,63.54867280377517,63.62878751463754,25270000,51.911896957528995,0.485384294171908,0.7020203166100061,-0.2166360224380981,-0.018348553460947103,-0.006289136048952648,-0.0026008082409164635,0.004562074837012764,-0.04778054111085994,-,v
2019-12-04,65.6332015991211,65.8984358755837,64.84247983770611,64.99425814214088,35506000,60.285999993981825,0.5205611144164948,0.6657284761713038,-0.14516736175480904,0.02145995045386062,0.02084433136701569,0.020359308492970962,0.018690955759575134,0.4050652948159874,-,^
2019-12-05,66.03230285644531,66.08306267903731,65.40331386257036,66.03429224665011,24408000,62.60987468353304,0.5740261181620099,0.647388004569445,-0.07336188640743513,0.016001938236370084,0.0028016871872678095,0.008649176068959097,0.006080783012260671,-0.31256689010308114,-,^
2019-12-06,66.65084838867188,66.80411496911279,66.24479255898454,66.32042735748699,32968000,65.93669342439674,0.6587157092153149,0.649653545498619,0.009062163716695881,0.004333129062216834,0.010911302546275703,0.01286599480543682,0.009367317289710186,0.35070468698787294,-,^
2019-12-09,66.82998657226562,67.55452702974324,66.48563224473745,66.62447193689093,30842000,66.85644900324951,0.7318514466609543,0.666093125731086,0.06575832092986822,0.004584478591566521,0.01123302151338157,0.00363560178014688,0.0026877104781788397,-0.06448677505459843,^,^
2019-12-10,66.82501220703125,67.07929727066904,66.38262347109809,66.67821495613366,17606000,66.80250879896252,0.780414522969636,0.6889574051787961,0.09145711779083987,0.0008066558380175337,-0.007034758142336783,-0.0015493388595625435,-7.443313233346238e-05,-0.42915504831074514,-,^
2019-12-11,66.89269256591797,67.17334845178318,66.73594076385635,67.09422842768504,20480000,67.1903734801204,0.8149679074193159,0.7141595056269001,0.10080840179241579,0.0062391213055879025,0.0014020895409001533,0.005322436419104237,0.001012799798330466,0.163239804612064,-,^
2019-12-12,67.10368347167969,67.40673139482124,66.5916356717004,66.84093968464185,29114000,68.42874946596449,0.8495834471780483,0.7412442939371298,0.10833915324091858,-0.003775119693286033,0.00347433838593858,-0.002162329480999814,0.0031541697256962653,0.42158203125000004,-,^
2019-12-13,67.0230712890625,67.24600450327216,66.76381271733312,67.07432466766997,33170000,67.38229897462276,0.8605914202027094,0.7651137191902457,0.09547770101246367,0.003491647246870455,-0.0023844338424845457,0.00258556564793766,-0.0012013078633933416,0.13931441917977616,-,-
2019-12-16,67.7112808227539,67.85210231614137,67.20917998851799,67.42763325956065,28128000,71.40302812852605,0.9143084966822812,0.7949526746886528,0.11935582199362837,0.00526741929406227,0.009013142376952832,0.0066707884564722875,0.01026824823833028,-0.15200482363581547,-,-
2019-12-17,67.42215728759766,67.89191153838878,67.21713620128835,67.79636765745734,32948000,67.6312484198281,0.9229110695050053,0.8205443536519234,0.10236671585308199,0.0054685947002952595,0.000586705804072718,0.00011837985185536581,-0.004269946331588059,0.1713594994311718,-,-
2019-12-18,67.27386474609375,67.6480751190235,67.20171518207414,67.52715512249516,23330000,65.71387238012257,0.9073038674711711,0.8378962564157729,0.06940761105539817,-0.003970899094806746,-0.003591538577130904,-0.00022942094956313053,-0.002199463017348191,-0.2919145319898021,-,-
2019-12-19,67.4992904663086,67.55353552004196,67.11662137714275,67.27386673237294,28922000,67.23457581648714,0.9027190359521455,0.8508608123230474,0.05185822362909809,-0.0037509116097480533,-0.0013975209023346924,-0.00126624454005142,0.003350866210312775,0.23969138448349758,-,-
2019-12-20,67.2395248413086,67.8754842583036,67.21514342302943,67.8307002019316,50090000,63.72695870359006,0.8681174909050213,0.8543121480394422,0.013805342865579107,0.008277114080179837,0.0047658310669191906,0.0014679232038969925,-0.003848420082721571,0.7318995920060853,-,-
2019-12-23,67.21017456054688,67.76850224367584,67.07930001856579,67.61324628174226,19936000,63.324973754418984,0.8287736085320745,0.8492044401379687,-0.020430831605894206,-0.0032058333400950545,-0.0015761510329802553,-0.0020210237982933865,-0.00043650339336853694,-0.601996406468357,-,-
2019-12-24,66.90164184570312,67.27884388622779,66.88871080971033,67.18926817770937,13468000,59.10432232806337,0.7638916196365955,0.8321418760376941,-0.06825025640109861,-0.006270636707283561,-0.007225456388092799,-0.0028412522015391906,-0.004590565593097895,-0.324438202247191,-,-
2019-12-26,67.79934692382812,67.83567986809916,66.9553823631631,67.00713687688335,23662000,66.16959341293628,0.7759646360545389,0.8209064280410631,-0.04494179198652415,-0.002710720115960963,0.008276539097684443,0.0009967534527977051,0.01341828172461601,0.756905256905257,-,-
2019-12-27,67.40971374511719,68.02725988974997,67.32810319596543,67.87548158057666,23212000,61.22545758632625,0.7454988012021317,0.8058249026732768,-0.06032610147114503,0.012958988313271469,0.00282417780765698,0.005566704567240066,-0.005746857401866756,-0.01901783450257799,-,-
2019-12-30,66.66676330566406,67.52715174912666,66.57370996290571,67.51769834955634,19994000,53.08104141124831,0.6538671428149314,0.7754333507016078,-0.12156620788667638,-0.005271170423970961,-0.0073515843712332885,-0.011204730227791782,-0.01102141513702748,-0.1386351886955023,-,-
2019-12-31,66.65084838867188,66.71404570098348,66.28957662098308,66.4717045475848,19514000,52.91864894288267,0.5733549140299772,0.7350176633672817,-0.1616627493373045,-0.015492142468425896,-0.012041171989068844,-0.004267951148898552,-0.0002387234088329082,-0.024007202160648222,-,-
2020-01-02,68.1083755493164,68.1083755493164,67.00415768648521,67.09970156760528,27278000,63.83180268865938,0.6200115462979596,0.7120164399534173,-0.09200489365545772,0.009447584115597873,0.020900094330696062,0.010779689687683724,0.021868096144028293,0.3978681971917597,-,v
2020-01-03,67.7520751953125,68.36066912200879,67.04545444931702,67.07929686090621,23408000,60.1606841822157,0.6210774089087749,0.6938286337444889,-0.07275122483571395,-0.0003040953420412329,0.003704295846987282,0.0006163313480491706,-0.0052313735444462495,-0.14187257130288145,-,v
2020-01-06,69.55794525146484,69.58332136437583,67.22858209701914,67.25992638011208,46768000,69.67899383933,0.7588926914005185,0.7068414452756948,0.0520512461248237,0.002692775977965578,0.017885317070037487,0.0027313954272703,0.026654092158010956,0.9979494190020506,-,v
2020-01-07,69.42359161376953,69.84109780511007,69.24693831666055,69.68982062314994,34330000,68.37022607302146,0.8475016089622329,0.7349734780130025,0.11252813094923042,0.03612692391760275,0.003704572240585957,0.030022293445497228,-0.0019315354588120837,-0.2659510776599384,v,v
2020-01-08,69.91773223876953,70.25661198119289,69.30018598173857,69.40916205306414,35314000,70.5603992186797,0.9466850374340936,0.7773157898972207,0.16936924753687288,-0.00402725344356214,0.005949422176070307,0.0007689533482986288,0.007117762327093269,0.028662976988057087,-,^
2020-01-09,70.65171813964844,71.09409928302898,70.17499344034695,70.75820366435225,33200000,73.49611337923525,1.0721560001253607,0.8362838319428487,0.235872168182512,0.019436074019403282,0.011920405471022244,0.012623450373407508,0.010497850507684259,-0.05986294387495039,-,v
2020-01-10,71.10803985595703,71.40562076183926,70.64227194118779,71.1334235656956,26258000,75.15490064292672,1.1946428912827258,0.9079556438108242,0.28668724747190166,0.005302846622891044,0.004381819053225433,0.006658760876665504,0.00645874903433552,-0.2090963855421687,-,v
2020-01-13,71.6589126586914,71.73106222943385,70.92939864494157,71.42104383079743,30730000,77.02435042395099,1.3209385094585286,0.9905522169403651,0.33038629251816354,0.004043391287587905,0.004557644960192064,0.0040645168376354235,0.007746983376988981,0.1703100007616727,^,v
2020-01-14,71.18915557861328,71.78828856714036,71.04882003721593,71.65741401938986,26076000,72.04595536887047,1.3673611382856592,1.065914001209424,0.30144713707623527,0.003309531419792844,0.0007977901891855765,0.0016836656528298466,-0.006555459225505711,-0.15144809632281153,v,v
2020-01-15,71.61759948730469,71.69622595906601,71.24239441964515,71.31007165217136,21550000,73.71466275159514,1.4223275423246236,1.137196709432464,0.28513083289215957,-0.00484726349634268,-0.0012824182037469711,0.002724526351427503,0.006018387283977189,-0.17356956588433814,-,v
2020-01-16,72.16300201416016,72.18987397034176,71.65741591572775,71.92861841895987,26080000,75.70302536990081,1.4926914217929266,1.2082956519045565,0.2843957698883701,0.008674044948455473,0.0068852719187422196,0.005825484944230963,0.007615481819551295,0.21020881670533642,-,v
2020-01-17,73.62400817871094,73.67526155402983,72.48097438508057,72.77904882974998,52424000,80.05540561730726,1.6473565892403172,1.2961078393717087,0.35124874986860855,0.011823255186644177,0.020576121026313343,0.011492997044735276,0.0202459172120375,1.010122699386503,-,^
2020-01-21,73.7598648071289,74.13954981671559,73.16072423104607,73.59813193167503,48930000,80.40687842532202,1.7605972738180213,1.3890057262609714,0.37159154755704993,0.011254380417104803,0.006301820351805265,0.009378321024688496,0.001845276177958155,-0.06664886311613005,-,^
2020-01-22,73.84046173095703,74.67198878267989,73.78025610784053,74.13207441298364,28458000,80.62501585707314,1.8356842055296596,1.478341422114709,0.3573427834149505,0.007254837416312387,0.007181578081881801,0.00846809382091318,0.0010926934863406679,-0.41839362354383813,-,^
2020-01-23,73.88127136230469,74.31968130965106,73.66381279979728,74.02359627922354,26650000,80.74193031087134,1.8768489892228644,1.5580429355363403,0.31880605368652404,-0.001463309028097326,-0.004718067360629186,-0.0015782448338623745,0.0005526730249378886,-0.06353222292501226,^,^
2020-01-24,72.95968627929688,74.35451457543209,72.810892040463,74.28584264769104,29786000,70.4092287720867,1.8141952491502735,1.609273398259127,0.20492185089114656,0.0035427401754204446,0.00046869503699698,-0.01157855841174471,-0.012473866055829896,0.11767354596622881,-,^
2020-01-27,71.24588012695312,71.48722657038118,70.63728617423324,71.2364267268566,34132000,56.04551965164506,1.6077190902266665,1.608962536652635,-0.0012434464259685196,-0.041049758771622646,-0.038562392901403064,-0.029852756988910878,-0.023489768661876242,0.14590747330960863,-,^
2020-01-28,72.1799087524414,72.39388208197684,71.17769655352795,71.74398934688325,29724000,60.745631390845006,1.5021378407929689,1.587597597480702,-0.08545975668773309,0.007125043230660655,0.012682762433132488,0.007650497471855644,0.013109931743757519,-0.12914566975272468,-,v
2020-01-29,72.48844146728516,72.85867308700175,71.92563382387546,72.5760202015047,21566000,62.1841153235395,1.426911405061304,1.5554603589968226,-0.12854895393551846,0.01159722036920141,0.006420307789249291,0.0105080285898973,0.0042744957728049204,-0.27445835015475706,-,^
2020-01-30,72.36651611328125,72.41627364413384,71.40859442553979,71.56285567943894,27110000,61.22922548265602,1.3419859766893296,1.512765482535324,-0.17077950584599444,-0.01396004519471794,-0.00607202168422194,-0.007188527522770882,-0.001681997178252681,0.25707131596030797,-,v
2020-01-31,71.29812622070312,73.13384738601565,71.01348397202851,73.04377812590472,43822000,53.47957385988295,1.174927988936517,1.4451979838155626,-0.2702699948790457,0.020694009935817492,0.00990901223954288,-0.005533093834010017,-0.014763594407469993,0.6164514939136849,v,v
2020-02-03,73.77727508544922,73.96139998970068,72.48395879647471,72.73475864749643,71636000,64.6578316939802,1.2284194693499586,1.401842280922442,-0.1734228115724834,-0.004230606443654028,0.011315589610882082,0.02070698045212649,0.034771585119528936,0.6347040299392999,^,v
2020-02-04,71.92662048339844,73.01789968192739,70.76318413051645,72.37846261578684,95880000,54.189993788299475,1.108699100058999,1.3432136447497536,-0.2345145446907546,-0.004898566219712852,-0.01275665830966799,-0.023740075659912097,-0.025084344737689834,0.338433190016193,v,v
2020-02-05,71.9584732055664,72.8805632190907,71.14387101489368,72.83229392763356,36376000,54.32705064747989,1.0048073002454743,1.275532375848898,-0.2707250756034236,0.006270253545669124,-0.0018808602196850321,0.005379730845280761,0.0004428502542437318,-0.6206090947017104,-,v
2020-02-06,73.44735717773438,73.72553013530305,72.17892341944845,72.25356352243467,37822000,60.30527496864929,1.0307311665446264,1.2265721339880438,-0.1958409674434174,-0.007946068618598146,0.011593858209797858,0.014548722044350093,0.020690877749929726,0.03975148449527155,-,v
2020-02-07,73.60359954833984,73.90913797820706,72.9218613742501,73.02038933632561,28360000,60.883892291289044,1.0517594427356443,1.1916095957375639,-0.1398501530019196,0.010612982619920608,0.002490424179616646,0.01029300410154721,0.002127270151155658,-0.2501718576489874,-,^
2020-02-10,75.07408142089844,75.08503066123686,73.40904517323618,73.51006368465248,38302000,65.91907814824145,1.1735521225454164,1.1879981010991345,-0.014445978553718097,0.00670599476088074,0.01590997696897145,0.00668090185583381,0.019978396186898895,0.3505641748942172,-,^
2020-02-11,75.14373779296875,76.13002730831754,74.91433529369846,75.30347367199528,34852000,66.14141656876848,1.2611565580880608,1.2026297924969198,0.058526765591141006,0.024396795451521625,0.01391750976030659,0.02050551286847524,0.0009278351563142273,-0.09007362539815156,-,^
2020-02-12,75.57020568847656,75.65330449075212,75.07457418082535,75.4323606906229,31042000,67.53775875403393,1.3494405883333513,1.2319919516642062,0.11744863666914518,0.0017115680372066233,-0.006261955163036292,0.0021389616085984997,0.005675361753800345,-0.10931940778147597,^,^
2020-02-13,75.30945587158203,75.93446611705389,74.84218453538855,75.14076012943136,22914000,65.75227376760844,1.382430192581424,1.2620795998476497,0.12035059273377424,-0.0038657223308642408,0.0037164487155498804,-0.003095450729791116,-0.0034504314831352856,-0.26183879904645324,-,^
2020-02-14,75.57518005371094,75.64086789608571,74.91931151125273,75.36618018532974,23198000,66.71790642671472,1.4137199290415623,1.2924076656864323,0.12131226335513001,0.0029999703956959944,-0.0038664684955523887,0.0010305281218470075,0.0035284305145162342,0.012394169503360475,-,^
2020-02-18,75.61051177978516,76.16386598952577,75.19101619789893,75.35672784883174,25642000,66.85173825813195,1.424942396678162,1.3189146118847783,0.1060277847933837,-0.0001254188082076002,0.006914226501982368,0.003626630853453605,0.0004675043585620209,0.10535390981981196,-,^
2020-02-19,75.8807144165039,76.17282066551604,75.6871437222989,75.99666093125346,22746000,67.91433679992413,1.4390508948020226,1.3429418684682273,0.09610902633379537,0.008492049757062858,0.00011757118515354215,0.006598228744431278,0.0035736120594676013,-0.1129397082910849,-,-
2020-02-20,75.48859405517578,75.99019372622803,74.85511755870975,75.58911140978356,25962000,64.67426628903766,1.4024248642825654,1.354838467631095,0.047586396651470464,-0.005362729315681047,-0.0023975341557843644,-0.010992965550951528,-0.005167589213456836,0.14138749670271689,-,-
2020-02-21,73.82006072998047,75.18802454577569,73.57274613873459,74.8710357446722,42520000,53.07165368406368,1.2246448330704425,1.3287997407189645,-0.10415490764852198,-0.009499723594030951,-0.010556219705694314,-0.017131379413964365,-0.022103118306531888,0.6377782913488945,-,-
2020-02-24,70.65519714355469,71.47727087720753,70.00481082046124,70.81393833170006,49560000,38.8387306002559,0.8189346668723374,1.226826725949639,-0.40789205907730164,-0.05418780937942136,-0.0493529879390433,-0.04849533972193132,-0.04287267654794058,0.16556914393226707,-,v
2020-02-25,68.98617553710938,71.50065059333322,68.69258105805,71.20954664831231,51580000,33.70516017576436,0.35859666301924165,1.0531807133635596,-0.6945840503443179,0.00558658826118652,0.0003270930162659891,-0.018744851204250512,-0.023622064248922214,0.04075867635189678,-,v
2020-02-26,69.19268798828125,70.34717205695928,68.50000058431121,69.41711700631495,49776000,34.85257567821401,0.0103203408572341,0.8446086388622945,-0.8342882980050604,-0.025171198615401402,-0.016132420150055116,-0.002803511977167439,0.0029935338430346903,-0.03497479643272583,-,^
2020-02-27,65.43465423583984,68.14420353278719,65.39932357908593,67.63364403136153,62290000,26.0251609679852,-0.5624495025226679,0.563197010585302,-1.12564651310797,-0.025692121077157126,-0.03131566571557953,-0.045265357354397406,-0.054312585067917585,0.251406300225008,v,v
2020-02-28,66.64388275146484,66.8031174963142,63.10878181731662,63.412330880062434,80198000,31.99385346839979,-0.9083284497644826,0.2688919185153451,-1.1772203682798277,-0.06241439762349166,-0.019680119026231346,-0.035023936585512394,0.018479940480264467,0.28749397977203395,-,^
2020-03-02,68.98617553710938,69.04339707526154,65.94471714591015,67.24798779173007,55430000,41.79106169614416,-0.982115340631708,0.01869046668593449,-1.0008058073176425,0.06048755594432209,0.03353555437096101,0.04493725353157374,0.035146403374780144,-0.30883563181126716,^,^
2020-03-03,66.56774139404297,70.074474248836,66.14575530731636,69.55147725951427,56602000,36.02091699462344,-1.2216569065343208,-0.22937900795811655,-0.9922778985762042,0.03425365640557465,0.01493375496067384,0.0030485863023932414,-0.03505679397701167,0.021143784953995937,v,^
2020-03-04,68.75130462646484,68.81002200894605,66.53191209538853,67.6246871548153,47598000,43.59357072944547,-1.221222526161867,-0.42774771159886665,-0.7934748145630004,-0.027703079512022777,-0.018044405661894136,0.005837967777041264,0.03280212287054218,-0.15907565103706578,^,v
2020-03-05,65.42520904541016,67.35946593346003,64.77233214000819,66.95738129290719,54380000,36.505582248974704,-1.4722946958554957,-0.6366571084501925,-0.8356375874053031,-0.009867784828053061,-0.021080593104554346,-0.026447157461183313,-0.048378654036106195,0.1424849783604354,-,^
2020-03-06,64.4787368774414,64.82756356054318,62.56140121868282,63.19537131559653,64640000,34.7729746707344,-1.7277274268681566,-0.8548711721337854,-0.8728562547343712,-0.05618514202121527,-0.037587922318415457,-0.034133878591037115,-0.01446647525897582,0.18867230599485096,-,^
2020-03-09,60.50025177001953,62.338463471328105,59.61697392511775,59.96132825146764,69252000,28.62326429212959,-2.2255356158391635,-1.129004060874861,-1.0965315549643024,-0.051175315482808625,-0.038395706278402386,-0.04706459951676678,-0.061702280474011495,0.07134900990099013,v,v
2020-03-10,63.45512390136719,63.48896251764609,60.436554559183975,62.421070002563646,54872000,37.468640848688224,-2.3544777520953915,-1.3740987991189673,-0.9803789529764242,0.04102213581360736,0.01845568501776018,0.013747437686046693,0.048840658425357564,-0.20764743256512452,^,^
2020-03-11,60.25691223144531,62.54746342368469,59.273614377572834,62.11652506586974,54732000,32.73947495412202,-2.683797134488259,-1.6360384661928256,-1.0477586682954334,-0.0048788804274165765,-0.014829334999760246,-0.019242330905417604,-0.05040115712157589,-0.002551392331243574,-,v
2020-03-12,55.31304931640625,59.15468318742386,55.1597827507668,55.863916764377194,94326000,27.054808655993753,-3.3056085397337824,-1.969952480901017,-1.3356560588327655,-0.10065933815296557,-0.05424329062361444,-0.06940409607217357,-0.08204640317528733,0.7234159175619381,v,^
2020-03-13,60.42461395263672,60.431083267311,55.34987319346634,58.46995836028194,79400000,38.87271382776353,-3.3473518231216204,-2.245432349345138,-1.1019194737764826,0.046649818824850975,0.021577329318847482,0.003446178233849073,0.0924115502472278,-0.15823844963212685,^,^
2020-03-16,53.39472198486328,57.0009775285844,53.100128996168905,54.22126801964199,96520000,31.350191177192016,-3.902699318098321,-2.5768857430957746,-1.3258135750025466,-0.07266450087855791,-0.05676061975513269,-0.04064587807516418,-0.11634152885583604,0.21561712846347603,v,^
2020-03-17,55.63700485229492,56.03211522774084,52.20541290761247,54.27252988977044,83194000,35.629114991545336,-4.114453858149936,-2.884399366106607,-1.2300544920433292,0.0009454199800322804,-0.016997292728141433,-0.016849602919439044,0.04199446657044681,-0.1380646498135102,^,^
2020-03-18,54.299896240234375,54.98661171058381,51.60328544362562,52.7448309388167,93044000,34.25786546047965,-4.340133984130816,-3.175546289711449,-1.164587694419367,-0.02814865925831278,-0.018659004981475547,-0.011533812883587902,-0.024032720949129116,0.11839796139144654,-,v
2020-03-19,55.319026947021484,57.356287956222936,52.526378474661975,54.15210523524961,74064000,36.27110625308213,-4.386190505265233,-3.4176751328222057,-0.9685153724430275,0.026680800210836297,0.0430955131062023,0.017888260855886573,0.01876855716773851,-0.20398951033919432,-,^
2020-03-20,53.15636444091797,56.653146895914205,52.85231802516064,56.27594862476808,82878000,33.89875385426362,-4.5448096832190785,-3.6431020429015804,-0.9017076403174982,0.03921995978350212,-0.012259180036989226,0.006205254578057318,-0.03909436997463234,0.11900518470511989,-,v
2020-03-23,52.455711364746094,53.09167079517627,50.20347875276499,52.5671779570536,83672000,33.142440360903976,-4.673183818083025,-3.8491183979378696,-0.8240654201451556,-0.06590329898201264,-0.06286457674242252,-0.05011775020226472,-0.013180981873781694,0.009580347016096002,v,^
2020-03-24,56.231658935546875,56.39686943848624,54.06302620724,54.93635331479006,72468000,40.80713850803597,-4.419290997093938,-3.9631529177690834,-0.45613807932485484,0.0450694796603317,0.062254560721232144,0.07687808794051842,0.07198353568298921,-0.13390381489626157,^,v
2020-03-25,54.818912506103516,57.03581063497772,53.892840020620554,55.961448858891174,90324000,39.00539818725896,-4.282707550552743,-4.0270638443258155,-0.25564370622692767,0.018659694032241658,0.0113293734714901,-0.0031479219451584495,-0.02512368399201348,0.2463984103328365,v,v
2020-03-26,57.86933135986328,58.29529626026029,54.3416982421875,55.47079870126762,76562000,44.684537769363516,-3.8835536875717978,-3.9983618129750123,0.1148081254032145,-0.0087676457209096,0.022082365644684465,0.008328717161596888,0.05564537336307307,-0.15236260573048133,^,^
2020-03-27,55.24885940551758,57.27865627332936,54.93734899052884,56.10526532209489,62794000,41.14074725752879,-3.735609777747385,-3.945811405929487,0.21020162818210197,0.01143784902474776,-0.017439485724407677,0.010961209671561445,-0.045282568378925414,-0.17982811316318803,v,^
2020-03-30,57.04277801513672,57.27616309094643,54.66315609776698,56.362531875234545,58736000,44.392036903514274,-3.4340236370578126,-3.843453852155152,0.40943021509733946,0.004585426192402986,-4.352724985434708e-05,-0.004991010629383119,0.032469785420402575,-0.06462400866324813,-,^
2020-03-31,57.8210563659668,58.39083058698721,56.565557615189896,57.16320227975935,65228000,45.791072077413645,-3.09651914400623,-3.694066910525368,0.597547766519138,0.014205721032851892,0.019461280852050677,0.03480226267982789,0.013643766624121145,0.11052846635794067,^,v
2020-04-01,54.842796325683594,56.20229768361806,54.41434472078375,55.932587259759686,51970000,41.48936546587897,-3.0343865769484566,-3.5621308438099857,0.5277442668615291,-0.021528097988229966,-0.037480763355623004,-0.03803043733857692,-0.05150822602466654,-0.20325627031336235,-,^
2020-04-02,55.585750579833984,55.87138374005283,54.3964368955584,54.73830070289628,56410000,42.92967056290884,-2.8918603052536085,-3.4280767360987103,0.5362164308451018,-0.021352249473405416,-0.005887907740499521,-0.0003291011831023649,0.013546979802750325,0.08543390417548591,-,^
2020-04-03,54.37503433227539,55.6733278436525,53.49822958250269,55.47029994298398,51374000,41.151904509926084,-2.8438201029588512,-3.3112254094707385,0.4674053065118873,0.013372706691440417,-0.0035448539689262315,-0.016512245366002154,-0.021781054225753826,-0.08927495124977836,v,^
2020-04-06,58.87800979614258,59.25420957181764,55.98235353914818,56.3804517940451,63320000,49.52416047350615,-2.4145618436107767,-3.1318926962987463,0.7173308526879696,0.01640791291910504,0.06431952008008812,0.04643376007078093,0.08281328957606471,0.23253007357807443,^,v
2020-04-07,58.846656799316406,60.748567018759054,58.58242097642709,60.560960685506046,61620000,49.47138546406952,-2.053233112032345,-2.916160779445466,0.8629276674131212,0.07414819779614623,0.02521943095250001,0.04644441101356511,-0.000532507755182765,-0.026847757422615248,-,v
2020-04-08,60.06283950805664,60.45596046414816,58.91582321231339,59.86876766596092,40334000,51.62485117470939,-1.649724708964186,-2.6628735653492104,1.0131488563850244,-0.011429690211482879,-0.004816682416896145,0.005691165205010229,0.020666980503034393,-0.34543979227523536,-,^
2020-04-09,60.04144287109375,60.80877419619722,59.33730885263395,60.6191822762662,54028000,51.58319875676271,-1.3164922193783184,-2.3935972961550323,1.0771050767767139,0.012534325317872463,0.005835880024737783,0.007154031248984838,-0.00035623751954017013,0.33951504933802745,v,^
2020-04-13,60.2325325012207,60.43705624337838,58.83521365989364,59.78915284931368,38702000,51.956016607233565,-1.025166255967541,-2.1199110881175343,1.0947448321499933,-0.013692521010424397,-0.0061128999512390925,-0.008461711568134689,0.003182628880808336,-0.2836677278448212,-,^
2020-04-14,62.96049499511719,63.483989395188374,61.134720622102805,61.70350402475182,63358000,57.04153592716454,-0.5676213705232769,-1.8094531445986828,1.241831774075406,0.03201836928954105,0.05041498281352541,0.039083855044732774,0.04529051628106795,0.6370730194821974,^,^
2020-04-15,62.565879821777344,63.452141797794475,61.406422169235654,62.02894566560732,42236000,56.11618910240939,-0.23415668640433296,-1.4943938529598129,1.26023716655548,0.0052742813556414525,-0.000501663454003265,0.004444308313966916,-0.006267663133373569,-0.33337542220398375,-,^
2020-04-16,62.57234573364258,63.365057016813374,61.61542243153011,63.0555359831681,57896000,56.128747494702424,0.0302890697510918,-1.1894572684176319,1.2197463381687237,0.01655018163769939,-0.0013724482501885626,0.0034035570696244744,0.00010334565554992459,0.3707737475139692,-,v
2020-04-17,63.64570999145508,64.19309218879452,62.99880134225195,63.78006595578862,51050000,58.2639687848089,0.3227552403564715,-0.8870147666628112,1.2097700070192827,0.011490346744716051,0.013067693946230197,0.022451828716408162,0.017153971858136607,-0.11824651098521488,-,v
2020-04-20,62.7574577331543,63.53723033913038,62.52307795892024,63.19237866612476,35292000,55.84184416496075,0.4773595501075505,-0.6141399033087389,1.0914994534162894,-0.009214278487438943,-0.010217015995042322,-0.007551308488351394,-0.013956200008139352,-0.30867776689520077,-,v
2020-04-21,60.31961441040039,62.202610123197196,59.9633161587621,61.83984635367317,49648000,49.731293757912525,0.39857645593093594,-0.41159663146080394,0.8101730873917399,-0.021403408781265565,-0.021005325677711184,-0.040941071420699915,-0.038845476072655094,0.40677773999773326,v,^
2020-04-22,62.62111282348633,63.689502669146925,61.56565781052298,61.76022700362581,46296000,54.76392455524506,0.5159049426663032,-0.22609631663538254,0.7420012593016857,-0.0012875088594496154,0.023904021760579264,0.026722031975657146,0.03815505844296485,-0.06751530776667736,-,^
2020-04-23,63.256072998046875,64.10103609301092,62.72660667994224,62.98586521952871,34202000,56.070615763270155,0.6526018058265777,-0.0503566921429905,0.7029584979695682,0.019845105424093568,0.006461558131515277,0.018857085438642507,0.010139714002693312,-0.2612320718852601,-,v
2020-04-24,63.526283264160156,63.581519212126466,61.904038134854936,62.45142034269284,37402000,56.64456259548287,0.7738186650771226,0.11447837930103213,0.6593402857760905,-0.00848515575634523,-0.008104656532082144,-0.013113550829943699,0.00427168891944385,0.09356178001286475,^,v
2020-04-27,63.24064636230469,64.39711983752524,62.95202534102773,64.29261611187121,44186000,55.81440603005422,0.8371848428025856,0.25901967200134285,0.5781651708012427,0.029482047951433055,0.012827636638842899,0.016929222030553248,-0.004496357840859555,0.1813806748302229,-,^
2020-04-28,61.33625411987305,63.93233991292163,61.22627956997814,63.854715732055425,80700000,50.500385300494244,0.7253728106521748,0.35229029973150927,0.3730825109206656,-0.006811052439580689,-0.007217402358618785,-0.02741366559218339,-0.030113421540972296,0.8263703435477301,v,^
2020-04-29,66.78968048095703,67.6839037451793,66.02085713189535,66.93000841508254,108358000,61.735364052568194,1.0645355970521209,0.4947393591956316,0.5697962378564893,0.048160776346284795,0.05868022095495706,0.07830914430195435,0.08891032619021755,0.34272614622056996,-,^
2020-04-30,67.01460266113281,67.17881846187733,65.76059592377868,66.2512539359075,55842000,62.11727243650611,1.3360724771566765,0.6630059827878406,0.6730664943688359,-0.010141257938675041,-0.0074624135925071,-0.003942105865071266,0.003367618748227219,-0.48465272522564096,^,^
2020-05-01,65.55259704589844,67.24998736729863,65.17142379081537,65.88948738417584,48872000,58.06082154299942,1.416961921297876,0.8137971704898477,0.6031647508080282,-0.005460523842788612,0.0010593950154347276,-0.008959349055264076,-0.021816224482105406,-0.12481644640234946,-,v
2020-05-04,65.83026885986328,65.90840178406958,64.49216850017636,65.09528785583291,30806000,58.61360983112481,1.4863395858125585,0.9483056535543899,0.5380339322581686,-0.012053508987135753,-0.01994923175080643,-0.010422594001003427,0.0042358629021277405,-0.3696595187428384,-,v
2020-05-05,67.13005065917969,68.2243215628969,66.43388558474965,66.55679496980919,39666000,61.19219416748778,1.6274432603970226,1.0841331749229164,0.5433100854741062,0.0224518112157841,0.035138460592851084,0.030107796492654382,0.019744440085507353,0.2876063104590014,-,v
2020-05-06,66.95140075683594,68.1088688429485,66.936472738984,67.57691203996187,31732000,60.633016290147296,1.7051969361905108,1.2083459271764354,0.4968510090140754,0.015327016131341908,-0.0016922516384713093,0.007565222925177251,-0.0026612508197075835,-0.20002016840619175,v,^
2020-05-07,68.13822937011719,68.47263673969645,67.30521401409817,67.74162698307182,30652000,63.0487705630641,1.8413584013481312,1.3349484220107746,0.5064099793373567,0.0024374440639216566,0.005340976923090102,0.005508824412545188,0.017726718184609025,-0.03403504348922226,-,^
2020-05-08,68.88764953613281,69.49972107273517,68.2740821604466,68.76224962511807,33326000,64.528957669637,1.9868362758819984,1.4653259927850195,0.5215102830969789,0.015066402853024075,0.014999923793547643,0.014395142494391111,0.010998527154923332,0.08723737439645052,-,^
2020-05-11,69.84556579589844,70.43972524742269,68.44775348367992,68.51194548372064,32718000,66.38265161808475,2.1545876310578507,1.6031783204395857,0.5514093106182649,-0.003640138924512426,0.013525294205191774,0.0025437372094609945,0.01390548619695875,-0.018244013683010207,^,^
2020-05-12,68.43183898925781,70.38002162525305,68.39849771813944,70.0759789975778,33918000,61.291814614139916,2.1486871226908733,1.7122800808898433,0.43640704180102996,0.022828625034867933,-0.0008475845406824556,-0.0007196111345308953,-0.020240752444783627,0.03667705849990832,-,^
2020-05-13,67.09571838378906,68.93692187825766,66.0845538197152,68.48059978522438,40368000,56.85408229864113,2.0129926348139406,1.7724225916746628,0.24057004313927788,-0.02276642060767453,-0.020504394765312073,-0.03383033218009668,-0.019524838513816478,0.19016451441712356,-,^
2020-05-14,67.52018737792969,67.54556349090912,65.85017034843136,66.358740454696,36660000,57.897015512794766,1.9175999770661463,1.8014580687529596,0.11614190831318671,-0.030984823982020626,-0.02018306517667967,-0.003546720946671633,0.006326320134358632,-0.09185493460166472,-,^
2020-05-15,68.32633209228516,68.40196688173432,66.63143246758034,67.09223444201076,41544000,59.880479169383094,1.8853169890691106,1.8182298528161898,0.06708713625292084,0.01105346458188916,0.012678899198767857,0.01186423839171713,0.011939313939448137,0.1332242225859248,-,-
2020-05-18,68.92945861816406,69.30665309609445,67.38782539389712,67.75507292025956,47094000,61.34760666885647,1.886651613197742,1.8319142048925003,0.05473740830524165,0.009879511150008069,0.013226026320621864,0.011351893517894895,0.008827146246695783,0.13359329867128822,-,-
2020-05-19,68.39302062988281,69.29321213831301,68.36117519922374,68.9443854610412,31586000,59.27148081441724,1.8234041816043174,1.830212200234864,-0.006808018630546586,0.017553114320773,-0.0001939345961895489,0.014444000821174585,-0.007782419868591406,-0.32929884911029006,-,-
2020-05-20,70.12274932861328,70.2655678074449,69.04092345953289,69.12750749452235,38262000,63.55443906080053,1.891055871489911,1.8423809344858735,0.04867493700403758,0.0026560833381368276,0.014032480803328973,0.009943484124258717,0.025291011901508398,0.21135946305325137,-,-
2020-05-21,70.00282287597656,70.48600931605345,69.38775960567644,70.21381213676726,30894000,63.05931260469216,1.912942055417986,1.8564931586722961,0.05644889674568976,0.015714506158507113,0.003137262182419942,0.00502363133000161,-0.0017102360330271127,-0.1925670377920652,-,-
2020-05-22,70.32577514648438,70.51287652573794,69.46538670908407,69.86099439385703,28544000,63.875482066388024,1.9340520153403844,1.8720049300059138,0.062047085334470564,-0.005024905103044208,0.0003811708159560112,0.0011187434764976523,0.004613417820021226,-0.07606655013918562,-,-
2020-05-26,70.7303466796875,71.91170290141652,70.6323198462769,71.75495108507815,44590000,64.9210765598523,1.9608241915426277,1.8897687823132567,0.07105540922937092,0.027110359760176284,0.01983788556928312,0.016798771193484496,0.005752820105578982,0.5621496636771302,-,-
2020-05-27,70.67610168457031,70.92839736595668,69.39821460494831,70.66216836000463,31684000,64.65087697096203,1.9551267323579253,1.9028403723221905,0.052286360035734836,-0.015229370357702998,-0.013673790159132282,-0.01747224562373828,-0.0007669267529939461,-0.28943709351872615,-,-
2020-05-28,70.5745849609375,71.87934390822512,69.6211431898544,69.66692194094234,35170000,64.11309244973907,1.9202840643609278,1.906329110729938,0.013954953630989753,-0.01408457229888238,0.013407134202708892,0.0032123100885967926,-0.0014363656343963083,0.11002398687034476,-,-
2020-05-29,71.33495330810547,71.49468919080876,70.462127348285,70.68356469901353,37044000,66.36960116699782,1.9317582631189936,1.9114149412077492,0.020343321911244328,0.014592904778153004,-0.005351394385395225,0.01207943621576657,0.010773968385203059,0.053284048905317016,-,-
2020-06-01,71.4021224975586,71.73602869916792,70.77561651245831,70.94580806681581,25162000,66.56957521413216,1.9240919067391786,1.9139503343140352,0.010141572425143464,0.003710103882267113,0.003375628471019132,0.004449044841121186,0.0009416027674822303,-0.32075369830471867,-,v
2020-06-02,71.77236938476562,71.80670535216305,70.74229036284294,71.40860706939448,23442000,67.70936356730044,1.925693893093566,1.9162990460699414,0.009394847023624697,0.006523274809172808,0.000985232306230932,-0.0004708704954835552,0.005185376488208604,-0.06835704633971862,-,v
2020-06-03,71.6200942993164,72.10577129725478,71.24040928446547,71.79177412864566,27732000,66.70209812538006,1.8928564807930144,1.911610533014556,-0.018754052221541695,0.005365838586920191,0.004164874904439841,0.007041317422260995,-0.0021216393823211277,0.18300486306629127,-,v
2020-06-04,70.3785171508789,71.72309429138843,69.96599205492319,71.4971694316438,26982000,58.995799479739965,1.7465149581090458,1.8785914180334542,-0.13207645992440842,-0.004103599619560194,-0.005307161950861894,-0.017888965579261118,-0.017335597789758128,-0.027044569450454303,v,v
2020-06-05,71.65840911865234,71.97091804138051,70.04611456061043,70.44520752119047,42642000,63.65712951353778,1.7140562587561163,1.8456843861779868,-0.13162812742187047,-0.014713336469342031,0.0034552852528260125,0.0011451635763892742,0.018185833114806593,0.5803869246164108,-,^
2020-06-08,72.05750274658203,72.10527089418974,70.88510641927735,70.97468213654459,33878000,64.99346883091656,1.7009287779155358,1.8167332645254968,-0.11580448660996101,0.007516119747320582,0.001866765861343822,0.01197770731367176,0.005569390010722541,-0.20552506918062008,-,v
2020-06-09,72.25852966308594,73.04079279119881,71.77484210279437,71.91816171630913,33624000,65.67806333181053,1.6872962460616492,1.7908458608327273,-0.10354961477107816,0.01329318499728438,0.012974389880344495,0.012551800067200691,0.0027898124253749046,-0.007497490997107281,-,v
2020-06-10,72.88652801513672,73.28810385800969,72.37198974644225,72.72778683921254,31762000,67.79677871856344,1.7074837748746319,1.7741734436411083,-0.06668966876647642,0.011257589231731036,0.0033859307567740693,0.008319734689108182,0.008690992675590037,-0.05537711158696168,^,v
2020-06-11,69.761474609375,72.23465106938366,69.58780540266814,71.70866238072514,47144000,50.943825594312706,1.4545497006944146,1.7102486950517697,-0.2556989943573551,-0.014012862246729596,-0.014374130768439852,-0.03847046838878687,-0.04287559705289734,0.4842894024305775,v,v
2020-06-12,70.30985260009766,71.38421437179544,68.96030198853704,70.95376958003494,36676000,53.14488235268632,1.2835511666143447,1.6249091893642849,-0.3413580227499402,-0.010527219106141184,-0.011773251272043206,-0.009017433593430102,0.007860756868934615,-0.22204310198540644,-,^
2020-06-15,70.69898986816406,70.91097380700297,69.02996753030666,69.14392465309821,30468000,54.69820082897413,1.1659928816211362,1.5331259278156553,-0.36713304619451903,-0.025507382308916693,-0.006629484809171582,0.001010226750184584,0.005534605089840161,-0.1692660050169048,-,^
2020-06-16,71.9793701171875,72.51182051857924,71.10952825884952,72.10526358516627,30648000,59.460362746074544,1.1627397393790773,1.4590486901283397,-0.29630895074926245,0.042828620835820175,0.022575443907077997,0.030125477425871017,0.01811030470747932,0.005907837731390364,-,^
2020-06-17,72.28142547607422,72.76212896872691,71.415068821233,72.30133456430534,30610000,60.51488175420175,1.1710359700763604,1.401446146117944,-0.23041017604158354,0.0027192325412899176,0.003451967532432043,0.004296759799492289,0.004196415700706391,-0.001239885147481079,^,^
2020-06-18,71.36480712890625,72.30281975696262,70.97267707547431,72.14756380354159,34862000,55.77365884558056,1.091070174750854,1.339370951844526,-0.24830077709367204,-0.0021268039060465815,-0.0063124762603044005,-0.006194655456625009,-0.012681243364125128,0.13890885331590974,-,^
2020-06-19,70.89305877685547,71.88133001536528,70.61239533363407,71.65740215225779,52784000,53.452510886457375,0.9783527152894749,1.267167304533516,-0.288814589244041,-0.006793876680555866,-0.00582950627671408,-0.005076344259314136,-0.00661037801445552,0.5140841030348231,-,^
2020-06-22,72.1878662109375,72.20230067860511,70.62185934811,70.91147505867174,29442000,58.55126893973348,0.9821814786548941,1.2101701393577917,-0.22798866070289758,-0.010409630703623662,0.004465285536191743,0.00013402766513159747,0.018264234276554436,-0.4422173385874507,-,^
2020-06-23,72.85070037841797,73.40903563217812,71.90621842213413,72.25455152562985,37752000,60.91174097208327,1.0268639307925724,1.1735088976447479,-0.14664496685217543,0.018940185151230526,0.016713247946828602,0.018186423946915165,0.009182071756264731,0.2822498471571224,-,v
2020-06-24,71.29415130615234,73.43839511149096,71.15979153173976,72.81587541071586,31592000,53.24348337121178,0.9260002401693583,1.12400716614967,-0.19800692598031167,0.007768699316982097,0.00039994367260121066,-0.010380561052625303,-0.021366288370327724,-0.1631701631701632,-,v
2020-06-25,71.71215057373047,71.77285734904541,70.63927696211077,71.22049782805915,23958000,54.88598039870984,0.8697679427623228,1.0731593214722006,-0.20339137870987778,-0.021909749400910505,-0.022679386714769656,-0.007314728703172513,0.005863023262359102,-0.24164345403899723,-,v
2020-06-26,67.80284118652344,71.5091209058233,67.42763609824557,71.29066762558381,97640000,40.54182593546301,0.5039456738170713,0.9593165919411748,-0.45537091812410346,0.0009852472204570084,-0.0036745986291100152,-0.045465370003544114,-0.05451390532748979,3.075465397779447,v,v
2020-06-29,69.5261001586914,69.56740658298106,67.2609287443365,67.69336296671155,45074000,47.10431996440252,0.3490577665962462,0.8372648268721892,-0.48820706027594296,-0.050459685379370844,-0.02715337985205335,-0.002472389120481311,0.025415733942879104,-0.5383654240065547,-,v
2020-06-30,70.56513214111328,70.86121720110151,69.0165360541645,69.51167404146442,40286000,50.641691463955965,0.3066147180369825,0.7311348051051478,-0.42452008706816535,0.02686099486070792,0.01859794236510992,0.02610144317960872,0.014944488185736127,-0.10622531836535476,-,^
2020-07-01,71.7569351196289,72.07939857823143,70.37255487483583,70.62087178372437,42182000,54.40794753971383,0.3649400347677272,0.6578958510376638,-0.2929558162699366,0.015956999418519358,0.01719108738525854,0.01964773803783948,0.016889403340623055,0.04706349600357451,-,v
2020-07-02,73.14678955078125,74.07187120886894,72.20827571187772,72.24659805024832,57218000,58.3949387275098,0.5173492257482195,0.629786525979775,-0.11243730023155551,0.023020478584613313,0.027642747719030636,0.026085749484396237,0.019368921329140587,0.3564553601062064,-,v
2020-07-06,74.62571716308594,75.14075662187608,73.49761142237459,74.05345615982517,44712000,62.18449469031798,0.7488395498541252,0.6535971307546451,0.09524241909948006,0.02500959433854799,0.014430382216119142,0.017855788658373672,0.020218626427588537,-0.21856758362752982,^,v
2020-07-07,74.14153289794922,75.70406216918913,74.13058365914364,74.45055656016098,42364000,60.249654251705685,0.8830484430332746,0.699487393210371,0.18356104982290355,0.005362347970346848,0.007496671215964978,0.008612147041507257,-0.006488169005848032,-0.05251386652352841,v,^
2020-07-08,74.82228088378906,75.19898179852746,74.25996682154751,74.68294763540767,31766000,62.038082668210656,1.0324393132772798,0.7660777772237528,0.26636153605352697,0.0031214148823577315,-0.00667177369601224,0.001745341207601614,0.009181736055779322,-0.2501652346331791,-,^
2020-07-09,75.57170104980469,76.0932098651604,74.42369372179377,75.13727741838821,41836000,63.9604387671107,1.1975005574722388,0.85236233327345,0.3451382241987888,0.006083447391478369,0.011891491683075683,0.0022047801427074187,0.01001600268213676,0.31700560347541407,-,^
2020-07-10,76.5843505859375,76.70029709996115,74.67896287214894,75.30247721043091,35918000,66.43389975126487,1.3939564746672346,0.960681161552207,0.43327531311502765,0.0021986395796964597,0.007978205097097568,0.0034299446532364275,0.01339985102975838,-0.14145711827134522,^,^
2020-07-13,75.2517318725586,78.44297203416643,74.96958014308842,77.12825841563946,42954000,60.54498622800272,1.425683618129753,1.0536816528677162,0.37200196526203677,0.024245964712508172,0.022720576061577846,0.0038915547265570005,-0.01740066610453972,0.19589063979063415,-,v
2020-07-14,75.6811752319336,75.77771381282373,73.94298722488395,74.28435748755967,38108000,61.72252016820836,1.468551549873851,1.1366556322689432,0.3318959176049079,-0.036872360228260126,-0.03397701734429215,-0.01369345961715529,0.005706757156131337,-0.11281836383107513,-,v
2020-07-15,75.48311614990234,76.45098479184617,74.53514900176111,75.79910266825213,31026000,60.82095316158444,1.469602321193662,1.203244970053887,0.266357351139775,0.020391172945745994,0.008884815140840274,0.008008356155212004,-0.0026170191124050834,-0.18584024351842132,-,^
2020-07-16,75.38558959960938,75.43485358407806,74.05942561326644,74.71777710977885,26484000,60.35346635097608,1.4458980745269088,1.2517755909484913,0.19412248357841744,-0.014265677566209334,-0.013291276895055604,-0.0063825375660472305,-0.0012920313212730905,-0.14639334751498745,v,^
2020-07-17,75.48162841796875,75.80906535403365,74.5485891882386,75.48461250339587,34264000,60.67402263435436,1.4185101166425653,1.2851224960873062,0.1333876205552591,0.010263091640030142,0.004960727729636405,0.0066050144316069925,0.0012739678613573613,0.2937622715601873,-,^
2020-07-20,77.8199462890625,78.07721543774436,74.77749296936797,75.38956453557115,30166000,67.55288453001951,1.5674194371720915,1.3415818843042633,0.22583755286782825,-0.0012591701099404773,0.029919246110188702,0.0030705313624566077,0.030978635730348092,-0.11960074713985525,^,^
2020-07-21,77.42581939697266,78.97491635268311,77.26160360854074,78.87439900828667,27486000,65.47403351896091,1.6347836320963438,1.4002222338626795,0.2345613982336643,0.046224361344749054,0.011497604133366535,0.03322003106189131,-0.005064599898666811,-0.08884174235894715,-,^
2020-07-22,77.87020874023438,77.97620071888103,76.79435105254424,77.41538249759988,24482000,66.71770308796047,1.7043816967319998,1.4610541264365438,0.24332757029545604,-0.018497973094330766,-0.012645985332128129,-0.0060476683653100105,0.005739549761601737,-0.1092920032016299,-,^
2020-07-23,75.47664642333984,78.14389457073787,75.0705830583031,77.92394547961592,33910000,55.18686940035695,1.5485474976289453,1.4785528006750241,0.06999469695392113,0.00656927558333531,0.0021505773596408595,-0.02244654679172564,-0.030737843850902835,0.3850992565966833,-,^
2020-07-24,75.05168914794922,75.41097153590187,74.02559650691151,74.6028386333552,29902000,53.42155776726643,1.3749081857919379,1.457823877698407,-0.08291569190646908,-0.04261984972423505,-0.03497295661866573,-0.013920053752346728,-0.005630314746724263,-0.11819522264818638,-,-
2020-07-27,76.10762786865234,76.51219541111449,75.2567004045739,75.30298030118446,27124000,57.094208839460826,1.3074319484168342,1.4277454918420924,-0.12031354342525824,0.009384919939443348,0.014602966289704256,0.016630786589439284,0.014069486412511711,-0.09290348471674137,-,-
2020-07-28,74.82476806640625,75.93744461336621,74.6690109658058,75.88718593599701,30910000,51.755052614734,1.1373300466085539,1.3696624027953848,-0.2323323561868309,0.007758067907484456,-0.007511884800325386,-0.007809131088776677,-0.016855863704753338,0.1395811827164135,-,-
2020-07-29,75.81304168701172,76.30170274438422,74.79291731015581,74.89194642181988,22676000,55.22853101841898,1.0699349417459842,1.3097169105855047,-0.2397819688395204,-0.013114724204116746,0.004796818392726054,0.0016594078687710567,0.01320784074771053,-0.26638628275638954,-,-
2020-07-30,76.5525131225586,76.67791304910183,74.40278707937269,74.5421203310874,36042000,57.683528742010694,1.0639286927178517,1.260559267011974,-0.19663057429412234,-0.0046710775650311565,0.004930562375232261,-0.005216138704221329,0.00975388164215496,0.5894337625683541,-,-
2020-07-31,74.04351043701172,74.89294978714065,72.35408513794192,74.49634733665407,91468000,48.05513285284738,0.8469500361682094,1.1778374208432212,-0.3308873846750118,-0.0006140554391266262,-0.023278714703908965,-0.027535284924813608,-0.03277492251012093,1.5378169912879418,-,-
2020-08-03,73.78524780273438,74.53018342205775,73.23587230527461,74.1952900353447,45482000,47.182111975842695,0.646698513502713,1.0716096393751195,-0.42491112587240654,-0.004041235739369542,-0.004843798596716464,0.0121871096241708,-0.0034879847369885253,-0.5027550618795644,-,-
2020-08-04,73.31449127197266,74.3002797145422,72.85319570585015,73.98180262852239,37212000,45.557447476540716,0.4448832837353365,0.946264368247163,-0.5013810845118265,-0.002877371416980967,-0.0030847060473958576,-0.005225261710945617,-0.006380090123438875,-0.18183017457455697,-,-
2020-08-05,73.60260009765625,74.14550614214014,73.21097121574932,73.48964526803748,29134000,46.765604907152664,0.30467908373012165,0.8179473113437548,-0.5132682276136331,-0.006652411038916339,-0.002083081961423261,0.004910910309874561,0.0039297664170485636,-0.21708051166290443,-,-
2020-08-06,74.88945007324219,74.9551379108816,73.24481674977106,73.45630713721422,33306000,51.89996669261744,0.2940150608812644,0.7131608612512568,-0.4191458003699924,-0.00045364392087698935,0.010919498845815001,0.0004623013936257969,0.017483757012368262,0.14320038443056227,-,-
2020-08-07,74.56202697753906,75.64285813461413,73.95990233635366,75.09298915592936,27718000,50.56368224959296,0.2561902369306921,0.6217667363871439,-0.36557649945645176,0.02228102776331875,0.009175091166534699,0.009762951404815201,-0.0043720857261323465,-0.1677775776136432,-,-
2020-08-10,74.4848861694336,74.99892327445139,73.5229781582979,74.18531593243594,20546000,50.23550973578279,0.21748217379371226,0.5409098238684575,-0.3234276500747453,-0.012087323113595172,-0.008512830900926471,-0.005907581868736411,-0.0010345857165163785,-0.2587488274767299,-,-
2020-08-11,73.67475891113281,75.1626480095728,73.55781770581788,74.34455312332905,31098000,46.80020690131945,0.12005137809494215,0.45673813471375446,-0.3366867566188123,0.0021464785704778944,0.0021830278085763766,0.0004738593075619413,-0.010876397883698874,0.5135792855056946,-,v
2020-08-12,75.00341033935547,75.22386058442733,73.8967019688904,74.00220039154834,22512000,52.53326179866039,0.1483378899487775,0.39505808576075907,-0.24672019581198157,-0.0046049470660316505,0.0008144015209086142,0.004607046180024277,0.018034011211699896,-0.27609492571869576,-,v
2020-08-13,75.47167205810547,76.48284418729223,75.05168292534601,75.05168292534601,22388000,54.39843094516205,0.2061634378832764,0.35727915618526257,-0.15111571830198617,0.01418177470730364,0.016736492824000804,0.015629668519467232,0.006243205697332055,-0.005508173418621198,-,^
2020-08-14,74.87353515625,75.62793168989649,74.59337281689483,75.3203962515529,21942000,51.60878495925828,0.2014042888191767,0.32610418271204544,-0.12469989389286873,0.0035803770912663513,-0.01117783349298862,-0.006106593357900647,-0.007925316685642891,-0.019921386457030565,v,^
2020-08-17,75.4512710571289,75.82648373152185,74.891948664715,75.43783887619192,19990000,54.059387843952585,0.24146759957902475,0.3091768660854413,-0.06770926650641657,0.0015592406636679712,0.002625379766294511,0.00400271279531883,0.0077161563117496,-0.08896180840397416,-,^
2020-08-18,77.41885375976562,77.49797376966923,75.72147138223382,75.9429086997788,28378000,61.255596064274,0.42706263016154367,0.3327540189006618,0.09430861126088186,0.006695178853357575,0.022043617953664052,0.011076260296450702,0.0260775289146149,0.41960980490245126,^,v
2020-08-19,76.8630142211914,78.06974631422051,76.6336117357763,77.25513666101024,30472000,58.46924672301928,0.5232645555446567,0.3708561262294608,0.15240842931519588,0.01727913749549681,0.007377903146869924,0.012045993519303133,-0.007179640508486629,0.07378955528930864,-,v
2020-08-20,78.43749237060547,78.63255890802547,76.357934257102,76.6321208147601,26382000,63.52981866309047,0.7182727021023965,0.44033944140404796,0.2779332606983485,-0.00806439381479429,0.007209099816204212,-0.0035973441996287603,0.020484210323617136,-0.13422158046731425,-,v
2020-08-21,78.4036636352539,79.21528172540805,77.74381628283706,78.21605349977197,34838000,63.351203439315256,0.8601728300372429,0.524306119130687,0.33586671090655584,0.020669305092581913,0.007410706525069033,0.018149810353285778,-0.00043128272372261467,0.3205215677355773,v,^
2020-08-24,78.88037109375,80.05625247769231,78.37727560966826,79.24462689407855,25638000,64.85090840520729,0.9995735499797576,0.6193596053005012,0.3802139446792564,0.013150412840882808,0.010616269158764124,0.008148034880698818,0.006080168150225829,-0.26407945347034845,-,^
2020-08-25,79.91045379638672,80.06122982776336,78.51860203471604,78.62907393281236,25150000,67.90696718031225,1.1795713262136616,0.7314019494831333,0.44816937673052826,-0.007767756444723495,6.217315846046567e-05,0.0018031556206623556,0.01305879635647833,-0.019034246041032876,-,^
2020-08-26,81.81534576416016,82.24629173884453,79.6681178662997,79.9328510423612,52188000,72.64378372555899,1.4591100107069082,0.8769435617278883,0.5821664489790198,0.01658136163046886,0.027292385038075517,0.01464004454734713,0.023837831939074405,1.07506958250497,^,v
2020-08-27,81.03855895996094,82.00742232920561,80.55536494935534,81.93875040400734,31350000,68.22181902009085,1.5995278673315028,1.0214604228486113,0.5780674444828915,0.0250948056460929,-0.002904318293126207,0.011136789807745018,-0.009494390043139012,-0.39928719245803634,-,v
2020-08-28,81.58146667480469,81.67701056384003,80.89376024311663,81.08584271636839,22418000,69.61401075787455,1.7346224972974795,1.164092837738385,0.5705296595590945,-0.01040908829379994,-0.004029047078680237,0.004200779103589625,0.006699375233362614,-0.28491228070175434,-,^
2020-08-31,81.08882141113281,81.8337569351286,80.87982154060386,81.78747703645925,26422000,66.75606659653093,1.7813987533335052,1.287554020857409,0.49384473247609617,0.00865298178555185,0.001919100248729766,-0.00017230874755835845,-0.006038690939887514,0.17860647693817477,v,^
2020-09-01,82.3602294921875,82.56624525311734,81.08881186454722,81.21968639113527,22652000,70.16077527339127,1.899168843550342,1.4098769853959956,0.4892918581543464,-0.006942268742082258,0.008950931075661028,0.0025839612398061984,0.01567920286581126,-0.14268412686397702,-,^
2020-09-02,85.4609146118164,85.89434350737906,82.61452246781315,83.00366085589854,49522000,76.48571868697303,2.217144008180071,1.5713303899528108,0.6458136182272602,0.021964803658217402,0.040308218498479764,0.01881530347015703,0.03764784458162573,1.1862087232915415,^,^
2020-09-03,81.08782196044922,84.59554953635386,80.00300449445753,84.57166166881079,63726000,57.85837141467276,2.092152555194801,1.675494823001209,0.4166577321935918,0.018890742850901754,-0.01512083238535522,-0.031610882631114556,-0.051170674585344744,0.28682201849682976,-,^
2020-09-04,78.68431854248047,81.36051923220332,76.53260313427657,80.06720294777561,55850000,50.568916464506536,1.778650117887537,1.6961258819784746,0.08252423590906233,-0.05326203402121843,-0.03824114060232364,-0.043378387875687596,-0.029640744563851573,-0.12359162665160217,-,^
2020-09-08,75.8175277709961,77.40742274788263,75.46421355774739,75.88719439983616,54032000,43.525148376888694,1.284069171070982,1.613714539796976,-0.32964536872599415,-0.05220625167418291,-0.04858740482024859,-0.013959927309080244,-0.03643408019015426,-0.032551477170993715,-,^
2020-09-09,76.993408203125,77.56516810215537,75.89565197626554,77.0765070123546,39242000,46.79853171707223,0.9757461369991205,1.4861208592374051,-0.5103747222382846,0.015672112033186414,0.0020378582398552503,0.00571712601480967,0.015509348124362665,-0.2737266804856381,-,-
2020-09-10,75.93943786621094,78.3086118402786,75.63837933767624,77.14020193703107,33024000,44.31893532251386,0.6389854864254545,1.316693784675015,-0.6777082982495606,0.0008263857191435076,0.00958476280415077,-0.003389820521862763,-0.013689098346360562,-0.15845267825289233,-,-
2020-09-11,75.42738342285156,76.56892127073058,74.29579252540272,76.04393489459162,30706000,43.123475571280615,0.3270121380849389,1.1187574553569999,-0.791745317272061,-0.014211358214155645,-0.02221582695267743,-0.0177500737592452,-0.006742931706467226,-0.07019137596899228,-,-
2020-09-14,75.08252716064453,77.47956754747086,74.89741517443528,76.21809682607592,42660000,42.29600669562064,0.051352039259356275,0.9052763721374713,-0.853924332878115,0.002290280371810338,0.011893157976203383,0.00809766782993604,-0.00457203003150386,0.3893050218198397,-,-
2020-09-15,76.3907699584961,77.18049705528287,75.74287422183161,76.03099408691223,23042000,46.49071690425429,-0.06084493223417553,0.7120521112631419,-0.7728970434973175,-0.0024548335232070784,-0.0038599917585336874,0.011288227309677712,0.017424064523727134,-0.4598687294889826,-,-
2020-09-16,75.24475860595703,77.34869819515173,75.21987604229885,76.75702925240749,22128000,43.50711014635829,-0.2394748618720115,0.5217467166361113,-0.7612215785081228,0.009549199957392673,0.0021793218013144156,-0.006904915939696665,-0.015001961011280596,-0.03966669559934033,-,-
2020-09-17,73.99821472167969,74.5764514754621,72.77506627110589,73.93700680508756,40008000,40.46510889558406,-0.47613742586824515,0.32216988813524,-0.7983073140034851,-0.03673959863723464,-0.03584089693009729,-0.032502177613509486,-0.016566521142094004,0.8080260303687636,-,-
2020-09-18,72.20927429199219,74.40428561995024,71.24041080982535,74.06092595393991,63056000,36.518819984876934,-0.7988382447478557,0.09796826155862086,-0.8968065063064765,0.00167600981169036,-0.00230858202697537,-0.02108765460361861,-0.024175453913530487,0.5760847830433913,-,v
2020-09-21,71.16676330566406,71.66039786094642,69.80029514123461,71.2404087126211,56908000,34.41263945992631,-1.1257262214717514,-0.1467706350474536,-0.9789555864242978,-0.038083742607713966,-0.036878087547528304,-0.020214870355465653,-0.014437355818208708,-0.09750063435676226,-,v
2020-09-22,72.64369201660156,72.85020894355684,71.13490659228187,72.17095367719028,33950000,39.717047757222446,-1.2511885713490614,-0.36765422230777517,-0.8835343490412861,0.013062038545047283,0.016603467439842978,0.019120427046143362,0.020753068459697044,-0.40342306881282064,-,v
2020-09-23,70.13419342041016,72.30830088742725,69.80029475994638,72.25903690168364,37726000,34.597068507649084,-1.5354146472015486,-0.6012063072865299,-0.9342083399150187,0.0012204802625630506,-0.007438661659151191,-0.018761700777720436,-0.03454530636490638,0.11122238586156108,v,v
2020-09-24,70.80448913574219,71.55738984301792,69.77391661874877,69.80029502305186,34552000,36.93558160290224,-1.6871304085728553,-0.8183911275437951,-0.8687392810290603,-0.0340267734536398,-0.010384852571468706,-0.00037790873646492695,0.009557331205251485,-0.08413295870222126,-,^
2020-09-25,71.61063385009766,71.95299118680184,70.04909927309517,70.91346650564168,30326000,39.72682624674863,-1.7224616357548115,-0.9992052291859984,-0.7232564065688131,0.015947948102829512,0.005528448489412252,0.003943918697441262,0.011385502871293696,-0.12230840472331561,-,^
2020-09-28,72.58596801757812,73.29905809078035,71.96991766342995,73.2493005572153,30784000,43.01317092443642,-1.652709169209416,-1.129906017190682,-0.522803152018734,0.032939216860704335,0.01870758785390736,0.027421029110541895,0.013619962777066563,0.01510255226538293,-,^
2020-09-29,72.95222473144531,73.24979803297072,72.35407885679199,72.84722744607932,31816000,44.24261363975631,-1.5500084485111216,-1.2139265034547702,-0.33608194505635147,-0.005489105125610405,-0.0006720421666077669,0.005337802318443385,0.00504583356632371,0.03352390852390852,^,^
2020-09-30,72.93132019042969,73.95641806188155,72.4416644288499,72.69942714285969,40924000,44.18402157891505,-1.4535486056688427,-1.2618509238975848,-0.1916976817712579,-0.0020289077347387385,0.009646716412689216,0.0012105132625801485,-0.00028655111057385163,0.2862710585868746,-,^
2020-10-01,74.04100799560547,74.39780739351073,73.48864851059548,73.8300187453481,32884000,48.11234219315244,-1.2728878941325945,-1.2640583179445868,-0.008829576188007726,0.015551588876576927,0.005968235660897658,0.014452788875024991,0.0152155178636324,-0.19646173394585087,-,v
2020-10-02,72.4336929321289,73.59961978967594,72.02315723124129,72.63423408285196,31222000,43.35294575671719,-1.2450576221335865,-1.2602581787823868,0.015200556648800267,-0.016196456168060758,-0.010728644187226521,-0.019941736704314317,-0.021708443833881375,-0.050541296679236125,-,v
2020-10-05,73.7887191772461,73.88177252003113,72.65712826562542,72.78451757055439,21602000,48.02118525808315,-1.1009713254055384,-1.2284008081070172,0.1274294827014788,0.0020690448464149025,0.003833616683910801,0.008802322180193611,0.01870712634225158,-0.3081160720005125,-,v
2020-10-06,72.2057876586914,73.87281305634009,71.90671854148451,73.42396260503759,26096000,43.51025107154587,-1.1018102587892855,-1.203082698243471,0.10127243945418551,0.008785454047467667,-0.0001212675790718265,-0.010328095013575345,-0.021452215680182296,0.20803629293583925,v,v
2020-10-07,72.60986328125,73.09902552050082,71.32052571219367,72.61832198688667,36108000,44.932303899293245,-1.057677347717302,-1.1740016281382373,0.11632428042093523,-0.010972448088706677,-0.010474591447453552,-0.008152128774346012,0.00559616667390439,0.3836603310852238,-,v
2020-10-08,73.81858825683594,74.04748964950815,72.92386369290908,72.92386369290908,26076000,49.06305043564015,-0.9146244723552712,-1.122126196981644,0.20750172462637284,0.004207501601009023,0.012975058453294164,0.022480736992678718,0.016646842742342294,-0.27783316716517115,-,^
2020-10-09,75.16314697265625,75.23281359404584,73.99622536956137,74.28783048431298,32966000,53.2628700689421,-0.6848646927058581,-1.034673896126487,0.3498092034206288,0.018703984160078457,0.016007618221066222,0.014705222986650002,0.018214365074853633,0.2642276422764227,-,^
2020-10-12,77.85726165771484,79.04308997579452,76.10115418697416,76.53408949683731,55344000,60.32223864881651,-0.28213361191937736,-0.8841658392850651,0.6020322273656877,0.03023724071466405,0.05064646926949745,0.02844643502962585,0.03584355889248081,0.6788206030455621,-,^
2020-10-13,77.98067474365234,78.88087376061287,77.56068564132751,78.4753115330063,39072000,60.615703925426146,0.04645655352281608,-0.6980413607234889,0.744497914246305,0.02536414882480842,-0.0020522504273469133,0.019178834670068312,0.0015851197860010657,-0.2940156114483955,^,^
2020-10-14,77.80004119873047,78.81568566560401,76.92721520969711,78.35539239500633,33174000,59.91717758858548,0.28896005786668866,-0.5006410770054533,0.789601134872142,-0.001528112926949432,-0.0008264119285328331,-0.008167416602785416,-0.002316388586219298,-0.1509520884520884,-,v
2020-10-15,77.4034423828125,78.19615368912379,76.68985869767641,76.8575521545092,31210000,58.32785758829046,0.4440251764347778,-0.3117078263174071,0.7557330027521849,-0.01911598161548611,-0.007860516231613324,-0.0030854686650709784,-0.00509766845630466,-0.05920299029360343,-,v
2020-10-16,78.01203155517578,78.51014601215543,77.51242125898598,77.71992528911265,34194000,60.07783166037648,0.6090032497300797,-0.12756561110790976,0.7365688608379894,0.01122040854059203,0.004015444599486884,0.010725832271412106,0.007862559514516088,0.09561038128804866,-,v
2020-10-19,76.13350677490234,78.8196694818718,75.78368541921667,78.42157124529685,29734000,52.718680737915676,0.5814655383615133,0.014240618785974851,0.5672249195755384,0.00902787738889499,0.003942464578634786,-0.022302694351312158,-0.0240799366818798,-0.13043223957419425,v,v
2020-10-20,77.18498992919922,78.31757567925243,75.66326575661667,75.79314561217218,41670000,55.969809001471134,0.6371430185339193,0.13882109873556372,0.4983219197983556,-0.0335166152805475,-0.006370158691604844,-0.001588991904179271,0.01381104324283533,0.40142597699603155,-,^
2020-10-21,78.92217254638672,80.37274164690493,77.98415993197221,78.11901324505759,60322000,60.76933183146216,0.8120827571507903,0.27347343041860905,0.5386093267321812,0.030687044509099648,0.026241440057712895,0.030673988918494377,0.02250674151517007,0.44761219102471794,-,^
2020-10-22,79.95075988769531,80.28714906559912,78.49870246258452,78.87291283355273,30512000,63.3189197530069,1.021941853013118,0.42316711493751086,0.598774738075607,0.009650654266845082,-0.0010649453975556389,0.006598039025632385,0.013032932420911747,-0.49418122741288417,-,^
2020-10-23,81.260498046875,81.31722603857406,80.21200591278787,80.36826415682147,30548000,66.32042355754474,1.2791958484750126,0.5943728616450112,0.6848229868300013,0.01895899706942994,0.01282991095042263,0.021825882421686815,0.016381810016808274,0.0011798636601991763,^,v
2020-10-26,78.83758544921875,81.09130647352727,78.01601282132575,80.36577887493387,35826000,57.024432383543434,1.2728896166338188,0.7300762126427728,0.542813403991046,-3.092367259238671e-05,-0.0027782497762481873,-0.027377361611549356,-0.029816610233653673,0.1727772685609532,-,v
2020-10-27,79.56360626220703,79.71886221274569,78.4743164811939,79.06847592412686,25902000,58.88417739073024,1.3113591623341279,0.8463328025810438,0.46502635975308404,-0.016142479659481457,-0.01692467812477061,0.005874481959463385,0.009209069618905774,-0.2770055267124435,-,v
2020-10-28,75.1805648803711,77.32082977436303,75.06511950680083,77.13173899969712,45174000,45.95488755352738,0.9769105290772728,0.8724483478802897,0.10446218119698314,-0.024494425898485828,-0.03008111721392903,-0.04344347459477482,-0.05508852084194549,0.7440352096363214,v,v
2020-10-29,77.47360229492188,79.05901715361654,75.46669489176469,75.49008161554319,55406000,51.90464726341237,0.8866656041356009,0.875291799131352,0.011373805004248894,-0.021283811378353334,0.022480195625497856,0.00534969354078596,0.03050040150934641,0.22650197015982654,-,v
2020-10-30,80.4209976196289,83.66598875896581,79.69745953197871,82.9752907916767,99878000,58.2646714984348,1.0409762944954224,0.9084286982041662,0.13254759629125623,0.09915486930129802,0.05827256360141231,0.05606134794006601,0.03804386574780749,0.8026567519763204,-,v
2020-11-02,80.82955932617188,82.51748852460163,80.32795206574907,80.79074343910868,44228000,59.072601523570526,1.1826038228548867,0.9632637231343103,0.21934009972057644,-0.02632768540760755,-0.013727205659074926,0.007911074424114872,0.0050802864753725085,-0.5571797593063538,-,^
2020-11-03,81.8914794921875,82.55530560123552,80.22196347188766,81.15002919883526,31432000,61.176310267991695,1.3648001751508048,1.0435710135376093,0.3212291616131955,0.004447115404964341,0.0004582916580477825,-0.0013194484751043456,0.013137770079018507,-0.28931898344939855,-,^
2020-11-04,86.87714385986328,88.0803907719347,84.74483658674652,84.87322058577031,71342000,69.18482479172606,1.8897101423180374,1.212798839293695,0.6769113030243423,0.04588034562270371,0.0669258641883883,0.056379486603364004,0.06088135662699101,1.2697251208959024,-,^
2020-11-05,87.70568084716797,89.16470868146271,86.63728722934314,88.10128853896713,39758000,70.28193250943828,2.3455233504270154,1.4393437415203592,0.9061796089066563,0.03803399860306489,0.012310548352761241,0.022331161623746487,0.009536881054022173,-0.44271256763197,^,^
2020-11-06,87.56784057617188,88.0042535306438,86.42082052718563,87.15033442042348,28622000,69.8364652611959,2.6649165448440186,1.6844583021850912,0.9804582426589274,-0.010793872987715059,-0.013014736076406574,-0.0024985397059408276,-0.0015716230655148378,-0.2800945721615775,-,^
2020-11-09,87.65193939208984,90.4122410562724,87.4593633847204,89.37172165047352,53440000,69.96156254169792,2.8914926962143994,1.9258651809909528,0.9656275152234466,0.02548914177808892,0.027362172043083444,0.012017276059165471,0.0009603847184607162,0.8670952414226818,-,^
2020-11-10,86.47257995605469,87.55042699948584,85.39771699789287,86.07697225473657,43022000,65.83790468288547,2.9419781851973426,2.1290877818322307,0.8128904033651119,-0.03686568116727651,-0.031652949018323606,-0.02357262055245779,-0.013455029565969778,-0.19494760479041917,-,^
2020-11-11,86.9458236694336,87.72558872689356,86.73831204017266,87.00403991084542,31838000,66.68643542172636,2.9857571615623897,2.3004216577782626,0.6853355037841271,0.010770216839938174,0.0020006952953952606,0.015698253880872093,0.005472760424395817,-0.25996002045465116,-,-
2020-11-12,86.72636413574219,87.82909374585917,86.4850176966425,86.68555885766379,26474000,65.86936249284142,2.9685244633024865,2.4340422188831075,0.5344822444193791,-0.0036605317811446714,0.0011798726057894449,-0.0029202129667089682,-0.002524095171330898,-0.16847791946730317,-,-
2020-11-13,88.19136047363281,88.43370160863206,86.38599646743025,86.98413472311488,29744000,68.63230995171875,3.038059527650802,2.5548456806366464,0.4832138470141554,0.0034443553157608164,0.006883913256834573,-0.0011449524073590123,0.016892168286885,0.12351741331117316,-,-
2020-11-16,88.2794418334961,89.29011281284569,87.64746115461156,87.78729554543153,25468000,68.7958682128488,3.0649432389367064,2.6568651922966584,0.408078046640048,0.009233417391266263,0.009684217539640327,0.014602652498856283,0.0009987527053698653,-0.14376008606777835,-,-
2020-11-17,87.66388702392578,88.43420627207988,87.55590565351672,87.97240956400461,21314000,66.19808575786763,3.0019737602469974,2.7258869058867266,0.2760868543602708,0.002108665239348495,-0.009585681032342475,-0.0010445881704814752,-0.006972799066075952,-0.1631066436312235,-,-
2020-11-18,86.61788177490234,87.83008859204216,86.51487388443644,87.41407824980085,20108000,61.91932084386377,2.8349861572460924,2.7477067561585997,0.08727940108749266,-0.0063466638798558295,-0.006831267057218371,-0.01188990921069255,-0.01193199713740678,-0.056582527915923775,-,v
2020-11-19,87.51011657714844,87.75494824854572,86.0894110233465,86.24914690819902,20106000,64.05363318306378,2.7430233054189017,2.74677006601066,-0.003746760591758491,-0.013326587260610756,-0.0008555193863626354,-0.0049178001653017445,0.01030081530468241,-9.946290033813199e-05,-,v
2020-11-20,86.40589904785156,87.99728973201321,86.33722711990116,87.68080204637623,27694000,59.60147621367895,2.551627384352045,2.7077415296789376,-0.15611414532689238,0.016599064332787128,0.0027615705815371427,0.0028785897546383943,-0.012618170018358965,0.37739978115985284,-,v
2020-11-23,85.96699523925781,86.88411171935121,85.10213442110361,86.59698652310462,22530000,57.87940867393571,2.3375826707582803,2.633709757894806,-0.2961270871365258,-0.01236092163822089,-0.012650139749213585,-0.014305447835176621,-0.005079558380044036,-0.18646638260995163,v,^
2020-11-24,87.77535247802734,87.90373648667953,85.6271223299394,85.96401265971706,27984000,62.66571573374743,2.2875011202289954,2.564468030361644,-0.2769669101326486,-0.007309421364433799,0.011735457118119186,0.006168915884506854,0.021035482672584038,0.24207723035952067,-,v
2020-11-25,87.78678894042969,88.0978019884147,87.00204288307494,87.96991913308844,19600000,62.694587284224255,2.2231073597469475,2.4961958962387047,-0.27308853649175724,0.023334258270511832,0.0022077048085955564,0.016057068318116263,0.00013029241215756215,-0.2995997712978845,-,v
2020-11-27,88.92584228515625,89.4229696021695,87.8071900272256,87.8071900272256,14790000,65.55194141606151,2.2381865052762606,2.444594018046216,-0.2064075127699554,-0.0018498267074299468,0.015042005405867753,0.009254347570122334,0.012975225070591234,-0.24540816326530612,^,^
2020-11-30,87.30260467529297,88.59343026716245,86.9761624762009,88.36004900015244,32418000,58.656940290890155,2.095005211610413,2.374676256759056,-0.2796710451486426,0.006296283627290844,-0.009276580040872728,-0.009464231240824739,-0.018253834522681145,1.1918864097363082,v,^
2020-12-01,89.34086608886719,90.65259560668585,87.73205682491009,87.91269649674737,37350000,63.805168726454866,2.1215477841902697,2.3240505622452985,-0.2025027780550288,-0.005062836751078548,0.02324286725679081,0.008690822027426437,0.023347085933520306,0.15213770127706838,-,^
2020-12-02,90.81432342529297,91.20097889509564,88.83379426000015,89.34086858797023,29424000,67.00391621582271,2.2357068204940305,2.306381813895045,-0.07067499340101469,0.016245345076813855,0.00604928391448456,0.012557980229380039,0.01649253472604717,-0.21220883534136548,^,^
2020-12-03,90.65857696533203,91.75284037996127,90.41772405468525,90.59388381278755,24728000,66.33656921867946,2.28724530147025,2.302554511410086,-0.015309209939835977,0.01402510681417346,0.006051047823734557,0.017830261646251788,-0.0017149988469501443,-0.15959760739532358,-,^
2020-12-04,90.75411224365234,91.03974159674597,90.24802504868616,90.57795250226489,20544000,66.55660441847806,2.309180027554433,2.3038796146389555,0.005300412915477448,-0.00017585415098864132,-0.007771953219783301,-0.001876833417046142,0.001053791946864946,-0.16920090585571013,-,^
2020-12-07,90.41921997070312,91.02930221623122,89.72304723642253,90.34556696833064,22288000,64.95385814024797,2.2733348592363427,2.297770663558433,-0.02443580432209025,-0.0025655860782284323,-0.00011466838911944333,-0.0058170559630575935,-0.0036901057667790838,0.08489096573208732,-,^
2020-12-08,90.13556671142578,90.36646506277663,89.13784194345742,89.99573991211881,19936000,63.55778016707415,2.196716477515025,2.2775598263497514,-0.08084334883472621,-0.0038720998489550906,-0.007281580077150185,-0.006522351959615036,-0.0031370903151923812,-0.10552763819095479,-,-
2020-12-09,88.47003173828125,90.98352007834363,87.680805678261,90.08729974843936,31728000,55.953121831540464,1.9787908361148254,2.2178060283027663,-0.23901519218794087,0.0010173796716375083,0.006828362879286454,-0.016345877726327007,-0.018478110627260347,0.5914927768860354,-,-
2020-12-10,87.96195983886719,88.32721036727966,86.26407601856937,87.71065884956633,28688000,53.83696590580821,1.7449710984706428,2.123239042336342,-0.37826794386569906,-0.026381531087174226,-0.029195503853628568,-0.016157808413511,-0.005742870093198071,-0.09581442259203232,-,-
2020-12-11,88.3177490234375,88.44265538378855,87.22000055360947,87.58127226905886,18628000,55.11710297482092,1.570275329017477,2.012646299672569,-0.44237097065509223,-0.0014751523042300096,0.001307015313048554,0.011081374532248223,0.004044807382896698,-0.3506692693809258,-,-
2020-12-14,87.19611358642578,89.06418124012458,87.04035649242475,88.1147258436405,33050000,50.37450228874911,1.326035357074403,1.875324111152936,-0.549288754078533,0.006090954844122587,0.007027444547418771,-0.0020596659028258024,-0.012700000276434364,0.7742108653639683,-,-
2020-12-15,87.63501739501953,87.78031880201101,86.66913813726711,87.57430303202288,21352000,52.11097700860131,1.1545800092908678,1.7311752907805225,-0.5765952814896547,-0.006133172479893978,-0.014415025437130247,-0.0042648992963389976,0.00503352489625275,-0.35394856278366116,-,-
2020-12-16,87.44143676757812,88.03460149943163,87.03687684088737,88.03460149943163,24676000,51.25903266686616,0.9916489601569936,1.5832700246558167,-0.5916210644988231,0.005256090559355497,0.0028968076317215097,0.004243017889918654,-0.002208941507580553,0.15567628325215432,-,-
2020-12-17,86.61141204833984,87.91518395961303,86.14564417431515,87.77684541122197,34880000,47.6610472047251,0.7864827878176186,1.423912577288177,-0.6374297894705585,-0.002927895211876752,-0.0013564841299289476,-0.010239713313719756,-0.009492349964977276,0.41351920894796557,-,v
2020-12-18,85.90030670166016,87.00204155356143,85.34197906294155,86.89306549896011,85256000,44.76218308870457,0.5600509409468799,1.2511402500199178,-0.6910893090730379,-0.010068485693709661,-0.010386629077305809,-0.009329143905957626,-0.008210296193794875,1.4442660550458717,-,v
2020-12-21,86.3153305053711,86.43675164906524,84.29698019019894,85.04988087959532,33974000,46.79609226318734,0.40937203738752714,1.0827866074934398,-0.6734145701059127,-0.021212102585871473,-0.006497432639533729,-0.012244839927744167,0.004831458927758492,-0.6015060523599511,-,v
2020-12-22,85.60173797607422,86.21828943782286,84.88317332587998,86.05506833630993,20370000,43.80918206575284,0.2297287967929833,0.9121750453533486,-0.6824462485603653,0.011818799113165745,-0.0025274227348263123,0.0069539043315480775,-0.008267274482051223,-0.4004238535350563,v,^
2020-12-23,86.00033569335938,86.7905564056755,85.65050674333652,85.78636235138065,22974000,45.88688893658153,0.11816164503603943,0.7533723652898868,-0.6352107202538474,-0.003122488775201049,0.006637419642445241,0.009039876660956514,0.004656420847396481,0.12783505154639174,-,^
2020-12-24,86.29542541503906,86.70596113529743,85.80725791931836,86.03864981343406,9312000,47.43644609920225,0.052944832767451544,0.6132868587853998,-0.5603420260179482,0.0029408807546826843,-0.0009747059343951925,0.0018301254941965883,0.003431262439856697,-0.5946722381822931,-,^
2020-12-28,88.27595520019531,88.92485327877053,86.67660697371885,86.83036709367283,27650000,56.45015779956686,0.15923665977440749,0.5224768189832013,-0.3632401592087938,0.009201879410654756,0.025590998755099514,0.010131416333311938,0.022950576761524344,1.969286941580756,^,^
2020-12-29,87.46981048583984,88.99800382149073,87.33794125305134,88.93630235401565,19726000,52.50355035856386,0.17639122896490278,0.4532597009795416,-0.2768684720146388,0.02425344186407652,0.0008226107777864478,0.007629905027696893,-0.009132098457923954,-0.2865822784810127,-,^
2020-12-30,86.39942932128906,87.96743327328805,85.9888935947524,87.83008941804188,21026000,47.73181000553265,0.10243473040110018,0.38309470686385333,-0.28065997646275315,-0.012438260942876145,-0.011579704082686604,-0.015446295606971527,-0.012237149693196891,0.0659028693095407,-,^
2020-12-31,87.21503448486328,87.45687447969729,86.39146489743216,86.45018987451368,21070000,51.35936153949325,0.10838677756186144,0.32815312100345495,-0.21976634344159351,-0.01571101148446219,-0.005803952378655941,0.0046816662693323075,0.009439936929922066,0.0020926471987063877,-,v
2021-01-04,85.89584350585938,87.705186375187,84.9508603421397,87.58128228878026,37324000,45.820183283269905,0.006580277410449753,0.2638385522848539,-0.25725827487440417,0.013083747021358949,0.0028392495954947528,-0.016675311120176062,-0.015125729030501689,0.7714285714285714,-,v
2021-01-05,86.5885238647461,86.92590772422496,85.43653030985007,85.84408193305059,20360000,48.93450284289436,-0.018001086129302735,0.2074706246020226,-0.22547171073132533,-0.019835292545747674,-0.00888520603135634,0.005717069441725897,0.008064189495263108,-0.4545064837637981,-,^
2021-01-06,85.73410034179688,86.7835871141567,84.40147477035065,84.6084852313309,46588000,45.46306525168205,-0.10521399003668819,0.14493370167428044,-0.2501476917109686,-0.014393498933139348,-0.0016372634326669022,-0.01211490606823129,-0.009867630083218115,1.2882121807465619,v,^
2021-01-07,88.29486083984375,88.46802888665995,85.92717542695797,85.92717542695797,41936000,55.62379289297064,0.03193302230214101,0.12233356579985256,-0.09040054349771155,0.015585791330758214,0.01940968135239096,0.018076706132903908,0.029868634392124838,-0.09985403966686701,-,^
2021-01-08,89.46377563476562,89.53991156746663,87.64198027612531,88.43519262374777,35484000,59.347063361343444,0.23226724042686442,0.14432030072525495,0.08794693970160947,0.02918770673338056,0.012116045698044253,0.019956490372769142,0.013238763658534491,-0.1538534910339565,^,^
2021-01-11,87.39665985107422,88.79447981255163,87.19015051877497,88.42822700365895,34796000,51.170664101771244,0.22167920361556526,0.159792081303317,0.061887122312248244,-7.876525037331383e-05,-0.008325133919228178,-0.005155403334415776,-0.023105617542125367,-0.019389020403562163,-,^
2021-01-12,86.45814514160156,87.97439454842011,85.4106552853316,86.85275814625061,29528000,47.94118425799994,0.13599020417737506,0.15503170587812865,-0.019041501700753583,-0.017816356957413015,-0.009235768550733714,-0.02040936072314936,-0.010738564964289266,-0.15139671226577767,-,v
2021-01-13,86.94682312011719,87.40164939523098,85.95505886139074,85.95505886139074,23432000,49.72056261025046,0.10628806097574284,0.1452829768976515,-0.03899491592190865,-0.01033587538288927,-0.006510361976676093,0.006373953861382287,0.005652191331600553,-0.20644811704145216,-,v
2021-01-14,86.13419342041016,87.95698355407666,85.89284698308188,87.02742201402309,29212000,46.85266947761563,0.01698072987561261,0.11962252749324372,-0.1026417976176311,0.012475858510685445,0.00635381783625677,-0.0007237721564379296,-0.009346283976176761,0.2466712188460225,-,v
2021-01-15,85.96997833251953,86.9652201288953,85.17826937574225,86.03964495454214,31444000,46.2718398679116,-0.06628269301036482,0.08244148339252201,-0.14872417640288682,-0.01135018177743774,-0.01127555067383157,-0.008319407639152843,-0.0019065028807910833,0.07640695604546077,v,v
2021-01-19,88.79895782470703,89.76284772453106,86.22924282649801,86.73532241988458,41660000,56.31834325184922,0.09491136755842433,0.08493546022570247,0.009975907332721856,0.0080855455146287,0.032169499387102896,0.012338516131616295,0.03290659771071969,0.32489505152016274,-,v
2021-01-20,93.55621337890625,94.53403661408476,90.54262136383335,90.88398401260814,64152000,67.3683656428118,0.5996175689936507,0.18787188197929214,0.41174568701435854,0.04783128115486712,0.05315327009450255,0.05002222443277504,0.053573326430139456,0.5398943831012961,-,v
2021-01-21,93.75924682617188,96.1443436463812,93.52337498466534,94.23199279746329,58634000,67.74340629926283,1.004405807290368,0.35117866704150735,0.6532271402488607,0.03683827047448407,0.017034150766989775,0.03292099981128471,0.002170175982254996,-0.08601446564409532,-,^
2021-01-22,94.17774200439453,94.76642687711758,93.37856141985232,94.12300340016309,32744000,68.54586884450468,1.3434856001469768,0.5496400536626013,0.7938455464843756,-0.001156607157130396,-0.014331750751054084,-0.0015484210748036853,0.004463508319329179,-0.44155268274380055,-,^
2021-01-25,94.2633285522461,95.63378300769853,92.51568723527677,95.18194086238829,50586000,68.71726878405548,1.6006634462290918,0.7598447321758994,0.8408187140531924,0.011250570253513281,0.009152567625089869,-0.00924060267640936,0.0009087768089361958,0.544893720987051,-,^
2021-01-26,94.9435806274414,95.33172432985599,93.36015508295559,93.85080553412007,31462000,70.11135074929486,1.8381800046140881,0.9755117866635372,0.8626682179505509,-0.013985166894135315,-0.003158493456420386,0.009127834131861912,0.007216508112359632,-0.3780492626418377,^,v
2021-01-27,90.51425170898438,93.57611294856794,89.43640469162729,93.29943585845615,82512000,53.41857133767492,1.6499837761828218,1.1104061845673943,0.5395775916154275,-0.005874959437225824,-0.018415814815364917,-0.04202810490023101,-0.04665222113159728,1.622592333608798,-,v
2021-01-28,92.21910095214844,93.95031826604745,91.11438204110424,91.11438204110424,55278000,57.602754563529324,1.619732724573879,1.2122714925686913,0.4074612320051878,-0.023419796671298676,0.003998940602343515,0.018761681613460812,0.018835147073251957,-0.33006108202443285,-,v
2021-01-29,90.9332504272461,91.9374520917969,89.64939516724566,91.26466613402292,44530000,53.68581703131736,1.474998294978377,1.2648168530506285,0.21018144192774857,0.0016494003422080628,-0.02142479356536653,-0.016078546998186116,-0.013943429415664732,-0.19443539925467634,v,^
2021-02-01,94.203125,95.32127620814629,91.79065524466398,91.79065524466398,40252000,60.95653131673068,1.6056379722388812,1.332981076888279,0.2726568953506021,0.0057633379151209585,0.036805719968949546,0.023884824581623665,0.035959064010035346,-0.09607006512463512,-,^
2021-02-02,95.49942016601562,97.00472029972896,94.864948984388,95.20134574308125,66332000,63.40895433070193,1.7931012884956345,1.4250051192097501,0.3680961692858844,0.03715727368244859,0.017660738069711357,0.03349244791345707,0.013760638683861348,0.6479181158700189,-,^
2021-02-03,102.45417022705078,104.82981339283204,100.19845235959038,102.78907115194251,97882000,73.15243619080906,2.4743349310187313,1.6348710815715464,0.8394638494471849,0.07970187133003526,0.08066713731996544,0.0562220654973431,0.07282505013061913,0.4756377012603268,^,^
2021-02-04,102.19291687011719,102.97268183984004,101.27081939452783,102.54074881256791,48596000,72.37282170197513,2.9590267201231057,1.8997022092818583,1.0593245108412475,-0.002415843791481742,-0.017715681187304155,0.010702431122278977,-0.0025499533728556845,-0.5035246521321591,-,^
2021-02-05,103.94454956054688,104.29835730952522,102.01228969427049,102.48801214016696,29866000,74.34686806350216,3.444781279824639,2.2087180233904147,1.2360632564342242,-0.0005142996614677653,0.012874050146106653,0.007321657948219595,0.017140451061358197,-0.3854226685323895,-,^
2021-02-08,103.73006439208984,105.24681488180683,102.67660640780495,104.50038357058834,28828000,73.65288402374634,3.768991519374012,2.520772722587134,1.2482187967868779,0.019635188432274076,0.009093696168836818,0.0065121243286021535,-0.0020634575777549458,-0.034755240072323,-,^
2021-02-09,103.27574157714844,104.4262393016287,103.00752319120647,103.24637908993188,21892000,72.11728392939864,3.943808644673794,2.805379907004466,1.138428737669328,-0.01199999883071623,-0.007796678513260935,0.003222903395221355,-0.004379856675149729,-0.2405994172332454,-,-
2021-02-10,103.82759857177734,104.44465119466045,102.12374668828687,103.66139338058449,25102000,72.85754379997985,4.079852720822956,3.060274469768164,1.0195782510547917,0.0040196498348006315,0.00017631481469493337,-0.00857972772803306,0.005343529721514084,0.14662890553626906,-,-
2021-02-11,103.94056701660156,104.20181495570792,102.9507998216224,104.05253475798568,20480000,73.01547906911935,4.148957639662854,3.2780111037471023,0.8709465359157513,0.0037732598863027267,-0.002325023217320532,0.008098538882048034,0.0010880386947034193,-0.18412875468090195,-,-
2021-02-12,104.25306701660156,104.4754990480609,103.18516699146085,103.49369709094493,18990000,73.47526802808231,4.18074687647858,3.458558258293398,0.7221886181851818,-0.005370726127340797,0.002626481049963658,0.002276496833871322,0.00300652583461547,-0.07275390625,-,-
2021-02-16,105.03285217285156,106.74665875822036,104.0898583949124,104.0898583949124,31004000,74.6366116086009,4.220214218340146,3.6108894503027478,0.6093247680373985,0.005760363391440038,0.02173868257010847,0.008767649748790074,0.007479733484731188,0.6326487625065824,-,-
2021-02-17,105.42694854736328,105.61704159563257,103.92065381452855,104.20080852229543,20294000,75.22695043854031,4.2344802030264646,3.735607600847491,0.49887260217897333,0.0010659071795648956,-0.010582225015083213,-0.00162556259555946,0.0037521248481680036,-0.3454392981550768,-,-
2021-02-18,104.78950500488281,105.59466134200437,104.16847356656038,104.7492008701628,22546000,72.29584535915205,4.146550874784822,3.8177962556349576,0.32875461914986426,0.005262841581023192,-0.00021190002380377937,0.0023847016250890807,-0.006046305534434526,0.11096875923918392,-,-
2021-02-19,103.94355010986328,105.42497002735199,103.67583285853799,104.88803968550147,37938000,68.48232064419211,3.962922653057916,3.8468215351195494,0.11610111793836664,0.001325440329714489,-0.0016070065711255577,-0.00472926876198887,-0.008072897137744062,0.6826931606493392,-,-
2021-02-22,102.22427368164062,103.521576354631,101.91276705220227,102.19143355556334,29466000,61.39430749434486,3.6367426200739885,3.8048057521104375,-0.16806313203644896,-0.025709376760436164,-0.018054486259063363,-0.017005562026604193,-0.016540482082875396,-0.2233117191206706,-,-
2021-02-23,102.51587677001953,103.13193474366207,99.03800498105964,100.22035579955467,34658000,62.11060722007688,3.3630058876629647,3.716445779220943,-0.3534398915579784,-0.01928809184320679,-0.003763868602948417,-0.028208066116682917,0.002852581660663711,0.17620308151768138,-,-
2021-02-24,103.69474029541016,103.91916932842446,100.89413445514002,101.01903323255493,22608000,64.94252213535765,3.2042553285383377,3.6140076890844224,-0.40975236054608466,0.007969213705423916,0.007633276605535366,0.018741587882705746,0.011499326372979679,-0.3476830746148075,-,-
2021-02-25,100.3178939819336,103.65444329497944,99.84714499802324,102.30738304626418,41548000,52.77451957709239,2.773984326114487,3.4460030164904354,-0.6720186903759484,0.012753535373312808,-0.0025474225319139787,-0.010377109261810458,-0.03256526130309456,0.8377565463552725,-,-
2021-02-26,100.61446380615234,102.33672899960698,99.57443795504803,101.01455143205975,40042000,53.59683436084107,2.4289230500663734,3.242587023205623,-0.8136639731392497,-0.012636738187504992,-0.012712569316710498,-0.002731245274770866,0.002956300341314666,-0.03624723211706937,-,v
2021-03-01,102.9906005859375,103.31753633672605,101.2369836430742,101.912753621212,26060000,59.65790470905524,2.320445234455221,3.058158665455543,-0.7377134310003219,0.008891809906777404,0.009584118494962324,0.016696510893455585,0.023616254461814812,-0.34918335747465157,-,v
2021-03-02,102.73283386230469,104.23863512234783,102.34419663463926,102.75074596632483,25564000,58.76123453315693,2.188449084903624,2.884216749345159,-0.6957676644415351,0.008222644520306632,0.008915222122794164,0.010936842957201431,-0.002502817948107139,-0.01903300076745973,-,^
2021-03-03,100.09197235107422,103.30560453614915,99.22560807557251,102.10932797915265,33892000,50.402834570577824,1.8494266923658529,2.6772587379492983,-0.8278320455834454,-0.006242465503680017,-0.008950909469445323,-0.030471572024741822,-0.02570610983797139,0.32577061492724146,v,^
2021-03-04,101.21260833740234,103.2359320208371,99.79438576387756,100.26414000545678,49216000,53.43003888534891,1.6521302333910342,2.4722330370376455,-0.8201028036466114,-0.018070709211528646,-0.000674431127187014,0.005732166316097187,0.011196062581297461,0.45214209843030795,-,^
2021-03-05,104.35458374023438,104.80890881591917,100.90656818815047,102.56713188273565,53100000,60.67697871185938,1.7293674531279635,2.323659920255709,-0.5942924671277456,0.02296924780039533,0.015236718110556602,0.011144739413542215,0.031043320140095032,0.07891742522756817,^,v
2021-03-08,99.89739227294922,105.1841130113127,99.78244045183496,103.70718066935261,36868000,49.022617614147805,1.4146136198833972,2.141850660181247,-0.7272370402978496,0.011115147374115564,0.0035798883857527386,-0.011140283100496196,-0.042711985497256744,-0.30568738229755177,-,^
2021-03-09,101.53257751464844,102.70497377307522,101.29571099468689,101.99984883286976,33920000,52.618178337859334,1.2823327883899083,1.9699470858229793,-0.687614297433071,-0.016463005024949018,-0.02356952173918936,0.015165699856603432,0.01636864791456616,-0.07996094173809265,-,^
2021-03-10,101.32506561279297,102.57956588277813,100.48607451730743,102.57956588277813,27100000,52.11581336375396,1.1475268252382875,1.805463033706041,-0.6579362084677536,0.0056835089124323,-0.001221049825436693,-0.007992801170248143,-0.0020437962566796086,-0.20106132075471694,v,^
2021-03-11,104.52725982666016,105.06120607468662,102.3332510030716,102.42133087333761,27702000,58.67285952189536,1.284278081137515,1.701226043192336,-0.4169479620548211,-0.001542558774535463,0.02419234445527252,0.01838241263416074,0.031603179277516213,0.02221402214022139,^,^
2021-03-12,102.01229095458984,103.3862231361038,101.13747554384854,103.32651105411522,33818000,52.58270038950037,1.176159433359075,1.596212721225684,-0.420053287866609,0.00883780920496946,-0.0159429250925609,-0.01168511160841712,-0.024060411382073377,0.22077828315645087,-,^
2021-03-15,102.23322296142578,102.26058846481216,100.90706667315186,101.76247403982627,26168000,53.043800295374844,1.095671770449968,1.496104531070541,-0.40043276062057287,-0.015136841439171489,-0.010887666046275668,-0.0022781750232314657,0.002165739096422037,-0.2262108936069549,-,^
2021-03-16,103.69873046875,105.18113755167246,102.4745796550899,102.80798476290597,31900000,56.093789253787754,1.1370319294906324,1.4242900107545593,-0.28725808126392693,0.010274030117138455,0.028559869747525113,0.015534224050089307,0.014334943816426193,0.21904616325282777,-,^
2021-03-17,103.61561584472656,104.45062059070729,101.71968149019554,102.93138712872644,26382000,55.87213571000492,1.1498487572557679,1.3694017600548012,-0.21955300279903334,0.0012003188867582004,-0.006945322877938032,-0.007366687108502412,-0.0008015008828722303,-0.17297805642633224,-,-
2021-03-18,100.58609771728516,102.94531691253769,100.47860990910638,101.92170738689737,31700000,48.36952343383075,0.9051157801561374,1.2765445640750686,-0.3714287839189312,-0.009809250317071583,-0.014411629817578264,-0.012200899205615179,-0.029238045855764616,0.20157683268895465,-,-
2021-03-19,100.86576080322266,101.3673604601499,99.66997789719977,101.00360579522776,46072000,49.04968235710858,0.7253680154359898,1.1663092543472529,-0.440941238911263,-0.009007910240204975,-0.015328103304868446,-0.008047802538650783,0.0027803353771964634,0.45337539432176666,-,-
2021-03-22,101.05137634277344,101.92967690737808,100.22084392102161,100.8991044723601,33536000,49.524957205653564,0.5910806301016294,1.0512635294981283,-0.4601828993964989,-0.0010346296257930376,0.005547312711661645,0.005526900230579113,0.0018402234620813473,-0.27209584997395386,-,-
2021-03-23,101.58085632324219,102.71443679913727,100.91753129498382,101.51218438840354,28510000,50.931083406952744,0.5213714733089319,0.945285118260289,-0.4239136449513572,0.006076168061644127,0.007699032466004008,0.006951521726470622,0.005239710725687852,-0.14986879770992367,-,v
2021-03-24,101.1429443359375,102.88809513209712,100.96727814351534,102.09986380427559,25218000,49.69795557118187,0.425881331839534,0.8414043609761381,-0.4155230291366041,0.005789250023657155,0.0016906906017450929,0.0004929455555755524,-0.004310969636948103,-0.11546825675201688,-,v
2021-03-25,101.13946533203125,101.79532632060398,99.32961368422106,100.96977489287427,35616000,49.68766293734291,0.3459362425494703,0.7423107372908047,-0.39637449474133435,-0.011068466394506538,-0.01062094511605205,-0.016219754453185353,-3.439690162365672e-05,0.4123245300975493,-,v
2021-03-26,100.75480651855469,101.48431291240783,99.7157676953971,101.1061237377147,27978000,48.4918527959073,0.24867387416681197,0.6435833646660062,-0.3949094904991942,0.0013503926792457488,-0.0030552818035732843,0.00388760206400951,-0.003803251403532326,-0.21445417789757415,v,v
2021-03-29,101.80278015136719,101.97297171763482,99.79537920743458,100.62690631609587,26492000,51.8890221502372,0.2532363098273578,0.5655139536982765,-0.3122776438709187,-0.0047397467522540815,0.004815116654026674,0.000798384386716755,0.010401227187305517,-0.05311316034026736,-,v
2021-03-30,101.83662414550781,102.64276755981645,101.32308053971381,102.16057583177923,27312000,51.99912697358441,0.25662478960877877,0.503736120880377,-0.24711133127159823,0.01524114744088112,0.006568366410231841,0.015308337364035252,0.0003324466590235442,0.030952740449947225,-,^
2021-03-31,102.63530731201172,103.81666342143662,101.86299868830717,102.23124089496714,42570000,54.637503138660435,0.32006769970440985,0.4670024366451836,-0.14693473694077375,0.0006917058034625612,0.011436712878343469,0.0053286787740502994,0.007842789106625503,0.5586555360281196,-,^
2021-04-01,105.9822998046875,106.27937953528678,104.0739279531472,104.11473323039297,39880000,63.65352185655781,0.6331227403665309,0.5002264973894531,0.1328962429770778,0.018423843034057752,0.023721780614860855,0.021704930085607366,0.03261053705915162,-0.063190039934226,-,^
2021-04-05,110.42008972167969,110.91920648093739,106.7501354366401,106.84667401661062,48510000,71.68839505420881,1.2251904409260561,0.6452192860967737,0.5799711548292824,0.026239713645255236,0.043656887779534914,0.02571448523301334,0.04187293468032394,0.21639919759277837,^,^
2021-04-06,109.93738555908203,110.86993113753334,109.56566574641188,110.0199908055745,35240000,69.8788823752769,1.6365925473005092,0.8434939383375208,0.7930986089629883,0.029699724564852037,-0.0004442453653192846,0.026374957729612403,-0.004371524817760486,-0.2735518449804164,-,^
2021-04-07,111.41881561279297,111.69101279528321,110.1284834267162,110.1284834267162,24134000,72.19825052371405,2.0584422640175433,1.0864836034735255,0.9719586605440178,0.0009861173441965132,0.007405810117545153,0.005136807014041622,0.013475216334981832,-0.31515323496027237,-,^
2021-04-08,111.98609924316406,113.04901826963554,111.61686235050232,112.66136812813146,28664000,73.05390461952035,2.4107466648480482,1.35133621574843,1.0594104490996181,0.022999360588677575,0.012158592176448435,0.013514931627806703,0.0050914527070773374,0.18770199718239833,-,^
2021-04-09,112.9932861328125,113.15750194180373,111.33073299675657,111.7377910863765,26146000,74.55146190022727,2.739641127751611,1.6289971981490663,1.1106439296025445,-0.00819781489520488,0.0009596162251443996,-0.0025634957632766353,0.008993856348737062,-0.08784538096567118,-,-
2021-04-12,111.69698333740234,112.30755906868903,110.86097629130978,112.1697216656889,25024000,69.2193848951104,2.862692223238753,1.8757362031670037,0.9869560200717491,0.0038655729195371524,-0.007511149137525375,-0.004219470157090122,-0.011472387783168614,-0.042912873862158696,-,-
2021-04-13,112.18515014648438,112.6350029225419,111.61885729411927,112.01397146501857,25682000,70.08703803216363,2.965418585119963,2.0936726795575957,0.8717459055623671,-0.0013885226633130188,0.002915599417957271,0.006836319038161731,0.004370456519917187,0.02629475703324813,-,-
2021-04-14,111.56212615966797,112.83205568913267,111.26903279031623,112.83205568913267,21002000,67.47295266764795,2.962408338812253,2.2674198114085273,0.6949885274037255,0.007303412363783401,0.001749480725155017,-0.003134098594839041,-0.0055535334757131904,-0.18222879838018846,-,-
2021-04-15,113.71881866455078,114.25376723253517,112.02293177894013,112.55936859309675,29174000,71.44353855814423,3.098334091082492,2.4336026673433206,0.6647314237391715,-0.0024167519980954344,0.012600244981084918,0.006775460968053926,0.019331762302523314,0.38910579944767165,-,-
2021-04-16,113.59440612792969,114.16617356571902,113.00572128065846,113.91736311962295,26282000,70.90582318143038,3.1595953289303367,2.578801199660724,0.5807941292696128,0.01206469566682955,-0.0007666588939502228,0.008773109988388095,-0.0010940364847448203,-0.0991293617604716,-,-
2021-04-19,113.94324493408203,114.656335032915,112.96890689363877,112.96890689363877,30290000,71.55234225714355,3.199412837946582,2.7029235273178958,0.4964893106286863,-0.008325826722202279,0.0042934036579040935,-0.00032577454134607997,0.003070915356161885,0.1524998097557264,-,-
2021-04-20,113.40829467773438,114.40303527628278,112.31900489874292,114.3278940387575,22288000,69.01943121513453,3.151474252333884,2.7926336723210934,0.3588405800127905,0.012029745020001315,-0.0022092085584237697,-0.0057529280646022585,-0.00469488346287783,-0.2641795972268075,-,-
2021-04-21,113.37545776367188,113.45756186880061,111.706928921232,113.06195417608703,23204000,68.85829766196613,3.0753818259903625,2.8491833030549474,0.2261985229354151,-0.011072887096488682,-0.008264408415378677,-0.005449442666116133,-0.00028954596448005354,0.04109834888729358,-,-
2021-04-22,112.09009552001953,113.89944579072058,111.48299745194407,113.22864927487409,24146000,62.68876577612627,2.8781821468715663,2.854983071818271,0.023199075053295104,0.0014743695171537397,0.003894706660724445,-0.0020046336556780453,-0.011337217674848521,0.04059644888812275,-,v
2021-04-23,114.44932556152344,114.75735454893425,112.52452973965524,112.81066024801429,29066000,68.30248384275029,2.879081864298797,2.8598028303143765,0.019279033984420657,-0.003691548292209079,0.007532159197596089,0.009342521384573699,0.02104762272312044,0.20376045721858693,-,v
2021-04-26,114.94694519042969,115.67347506131698,114.31944443209228,114.67773209539389,32038000,69.34998280509873,2.886672874112662,2.8651768390740338,0.021496035038628403,0.016550491268066736,0.007983109370058639,0.015951319206486625,0.004347947237476335,0.10225005160668821,-,^
2021-04-27,114.00395965576172,115.37092132902323,113.76410145506594,115.33011604963677,44386000,64.96847817871222,2.784499772208548,2.849041425700937,-0.06454165349238883,0.005688845971423717,-0.0026155843604885876,-0.00485781731869972,-0.008203658941138059,0.38541731693613834,v,^
2021-04-28,117.39076232910156,120.99054864114056,117.10114660558713,119.05579837072018,81106000,71.84796772590023,2.9428897230377657,2.8678110851683027,0.075078637869463,0.032304505091106606,0.048709217603375654,0.0293330242830534,0.029707763515990138,0.8272878835668904,-,^
2021-04-29,119.06873321533203,119.6360207102655,118.1277289193166,118.89307462546185,41234000,74.517963395451,3.16730243642904,2.9277093554204505,0.23959308100858934,-0.0013667855533725515,-0.011195320180691248,0.008766629050927621,0.014293892065598168,-0.4916035804995931,^,^
2021-04-30,117.11508178710938,118.52583278569314,116.76973276121194,117.83762526818644,44856000,66.59822557594714,3.1511829106360096,2.9724040664635627,0.17877884417244694,-0.0088772988721193,-0.009279712899019077,-0.011495998192195711,-0.016407761932677456,0.08784013192996065,-,^
2021-05-03,116.5965576171875,118.51090528759072,116.21936316034822,117.68286337787097,28242000,64.63476313353874,3.061278984728773,2.990179050116605,0.0710999346121679,-0.0013133486860690269,-0.00012594299277701726,-0.0047132898898484266,-0.00442747562491097,-0.3703852327447833,-,^
2021-05-04,114.79267883300781,115.69635551214584,112.29711037917885,115.12707861243727,44818000,58.20568939529129,2.8120559034739614,2.9545544207880763,-0.1424985173141149,-0.02171756101164246,-0.023749289304767385,-0.0337487030948348,-0.01547111528028322,0.5869272714396998,-,^
2021-05-05,115.18779754638672,116.19448215391392,114.86484054405638,115.87750091536309,26636000,59.163836326016465,2.6162688750284957,2.8868973116361603,-0.27062843660766456,0.0065182085046389115,0.00430546528076059,0.02286550523167885,0.0034420201479372636,-0.4056852157615244,-,-
2021-05-06,116.3114242553711,116.3114242553711,114.10646611417098,114.76780169468033,25190000,61.84282166545506,2.5226934890710737,2.814056547123143,-0.2913630580520694,-0.009576485615557795,0.0010064342065938536,-0.006602319963997294,0.009754737332588359,-0.05428743054512686,-,-
2021-05-07,117.03694915771484,117.9983561400744,116.74982396318221,117.63211092314187,28898000,63.5075500149477,2.4785074268803413,2.7469467230745828,-0.26843929619424145,0.02495742870532225,0.014503578608060952,0.023165714784001645,0.006237778507043323,0.1472012703453751,-,v
2021-05-10,114.04227447509766,115.99543808100397,113.6834856654911,115.85311315407462,30914000,53.19193901452504,2.1767521906317455,2.6329078165860156,-0.45615562595427006,-0.015123402573550715,-0.016974118323248466,-0.02626417919617674,-0.025587429475640855,0.06976261332964229,-,v
2021-05-11,112.96292877197266,113.47149891287674,111.1645276228982,111.61985500008853,34186000,50.037235808969314,1.8294263261918928,2.472211518507191,-0.6427851923152983,-0.03653987397262448,-0.021758951988824493,-0.02215764257972197,-0.009464435079823752,0.10584201332729504,-,v
2021-05-12,109.4890365600586,111.86418624163223,109.15911669437793,110.7798698646749,46376000,41.50515140694659,1.2593371525186114,2.2296366453094754,-0.9702994927908639,-0.00752540966311932,-0.014164902082404063,-0.018040025639502577,-0.0307524977413296,0.3565787164336278,v,^
2021-05-13,110.92169189453125,111.43921428648419,109.8109971320314,110.77638288716878,33204000,45.62314779866932,0.9126205656097994,1.9662334293695403,-1.0536128637597408,-3.147663479274865e-05,-0.0037989992098997893,0.005971836868913005,0.013084920458559246,-0.28402622045885806,-,^
2021-05-14,113.37694549560547,113.69243847189597,111.96469870491363,112.38966888294074,31996000,51.87588805038903,0.8264369677970222,1.7382741370550367,-0.9118371692580145,0.01456344713308777,0.020219311485984326,0.019612804082752566,0.02213501758888392,-0.036381158896518495,-,^
2021-05-17,113.90143585205078,113.94423051813176,112.23888281684411,112.63996511842838,21598000,53.11612776029848,0.7913358074288368,1.548886471129797,-0.7575506637009601,0.0022270395310830526,0.0022146771554911737,0.002448844279508977,0.004626075911223326,-0.3249781222652831,^,^
2021-05-18,112.58523559570312,114.83498539001295,112.5713022709001,114.56975107464842,22204000,49.65755152567968,0.6498207945835475,1.3690733358205471,-0.7192525412369997,0.017132338013342574,0.007817463576968331,0.0029617138527513465,-0.011555607236218735,0.028058153532734442,-,v
2021-05-19,113.03459167480469,113.2082608941274,110.74255585780932,110.89134251191166,23684000,50.83457222898763,0.5673879128287211,1.208736251222182,-0.6413483383934608,-0.032106280481835725,-0.01416575698042466,-0.01624522747982382,0.003991252287424363,0.06665465681859128,-,v
2021-05-20,114.79866027832031,115.04995367632121,113.63273332390318,114.0049543138836,32352000,55.257219186591016,0.6370612084541989,1.0944012426685854,-0.4573400342143865,0.028078042265900827,0.01626818367889382,0.02609816473628057,0.015606449117724575,0.3659854754264482,-,v
2021-05-21,114.16069793701172,115.39281381561896,113.92034619778136,115.31916082166767,40632000,53.386876361918276,0.6334970087577574,1.0022203958864198,-0.36872338712866237,0.011527626283378334,0.002980098021267752,0.0025310741497202027,-0.005557228104943968,0.2559347181008902,v,^
2021-05-24,117.49028778076172,117.71470921979483,115.04796201657045,115.19376457687339,31832000,60.837360950975814,0.8890935121009136,0.9795950191293186,-0.09050150702840498,-0.0010873842985051896,0.020121663796897504,0.00989828293561712,0.029165815415626684,-0.21657806654853318,-,^
2021-05-25,117.58135223388672,118.63282089487157,117.18972330541762,118.03567732658347,22440000,61.02086739248223,1.0864794638344222,1.0009719080703394,0.08550755576408275,0.024670716858233632,0.007799464324908412,0.01861624709648213,0.0007750806883282113,-0.29504900728826333,-,^
2021-05-26,118.44921112060547,118.88114420700485,117.76000126939165,117.76298535487912,21572000,62.8094023605219,1.297975953006798,1.0603727170576311,0.23760323594916688,-0.002310250408017356,0.0020932092001195723,0.0048662796351843784,0.007380922826881964,-0.03868092691622105,^,^
2021-05-27,117.5718994140625,118.88412246880004,117.25242764141713,118.88412246880004,35224000,59.82120082583541,1.378901602371954,1.1240784941204958,0.25482310825145826,0.00952028441315722,2.505243211659014e-05,-0.004310237962832364,-0.007406648792702253,0.632857407750788,-,^
2021-05-28,117.28178405761719,118.23820999772704,117.08273872898874,118.15610588776825,21482000,58.82454484923605,1.403447805179539,1.1799523563323044,0.2234954488472345,-0.006123749462194628,-0.005433126456752202,-0.0014472102270438603,-0.002467556940826343,-0.3901317283670225,-,^
2021-06-01,118.49249267578125,118.7179164034337,117.15389122754267,118.15709819066481,23354000,61.69283917290415,1.5032661979429633,1.2446151246544364,0.258651073288527,8.398236291728978e-06,0.004057118301400875,0.0006077112589466527,0.010323074703308288,0.08714272414114133,-,^
2021-06-02,117.96552276611328,119.11253536377815,117.05835319057498,118.88910101518232,21158000,59.74211108667385,1.5223027670240725,1.3001526531283636,0.22215011389570893,0.006195165891229815,0.0033240051063854192,-0.0008154917943112849,-0.004447285205737561,-0.09403100111329965,-,-
2021-06-03,116.82048034667969,117.29023457883467,115.92177715899341,116.7284216987851,18696000,55.62623679817008,1.4285268629929249,1.3258274951012758,0.10269936789164902,-0.018173905748696817,-0.015298984102538382,-0.00970948249828174,-0.00970658538684932,-0.11636260516116836,-,-
2021-06-04,119.10903930664062,119.38074292143739,117.55845396785828,117.89982420271934,24458000,61.35659920355564,1.5213393126179113,1.364929858604603,0.1564094540133083,0.010035280927185086,0.017823379329995337,0.014118803636180344,0.019590391626274295,0.3081942661531878,-,-
2021-06-07,119.54346466064453,119.65344300832813,118.48353732486014,118.90352644161484,24120000,62.350521724656254,1.6113734331549665,1.4142185735146757,0.19715485964029078,0.008513178418058542,0.0022842887405232215,0.0078691351049478,0.00364729122602947,-0.013819609125848342,-,-
2021-06-08,119.35137939453125,120.40036505971243,119.16925148888495,120.02665584883135,24240000,61.59613467371577,1.648226715103391,1.4610202018324188,0.18720651327097215,0.00944571991115839,0.006242378260125081,0.005787421438513629,-0.001606823649110134,0.004975124378109541,-,-
2021-06-09,119.82413482666016,120.06995360786308,119.27475938780199,119.99780404157562,17942000,62.789429131665955,1.6960298426675422,1.5080221299994436,0.18800771266809857,-0.00024037833139389786,-0.002744272840746631,0.0008853617657142987,0.003961038695381669,-0.2598184818481848,-,-
2021-06-10,121.17715454101562,121.22045035217171,119.61711580354225,119.77336645278285,25904000,66.04159200543741,1.8220876566602016,1.5708352353315953,0.25125242132860626,-0.0018703474666503794,0.009581887139442413,0.0028703173873287913,0.01129171277817087,0.44376323709731347,-,-
2021-06-11,120.93183135986328,121.50508704379196,120.37250140708053,121.41949770819923,21958000,64.9334546117856,1.880516429164686,1.6327714740982135,0.24774495506647254,0.013743717022977053,0.002348091355817594,0.006315029404144079,-0.002024500262294171,-0.15233168622606552,-,-
2021-06-14,121.86288452148438,121.86337807249288,120.32473660004977,121.0343414607894,22098000,67.18397341646228,1.979135617903907,1.7020443028593524,0.27709131504455464,-0.003172112013965389,0.002948773894312584,-0.000396808294854889,0.007698991664572663,0.006375808361417157,-,-
2021-06-15,120.84176635742188,122.19130946590856,120.47999346547807,121.86735776768438,21562000,62.4501773450282,1.9523903923709156,1.7521135207616652,0.20027687160925045,0.006882478946397486,0.0026909757353075214,0.0012903154398280492,-0.008379238420886725,-0.024255588741062595,-,-
2021-06-16,120.19783782958984,121.30604205013579,118.9015375278692,120.99353315247284,26472000,59.5983423892246,1.8578191747915582,1.773254651567644,0.08456452322391428,-0.007170292613361773,-0.007244929444182424,-0.013101394615041784,-0.005328691786310347,0.22771542528522404,-,-
2021-06-17,121.16422271728516,121.93951542973383,119.92663975252745,120.12320213876866,25842000,62.37525030577054,1.8396437198684197,1.7865324652277992,0.0531112546406205,-0.007193202735946258,0.005222109046606471,0.008621437922263997,0.008039952341450718,-0.023798730734360785,-,-
2021-06-18,119.53948974609375,121.02438731514766,119.44394586362654,120.78951018597671,46116000,55.472013491197146,1.6748307621000578,1.764192124602251,-0.08936136250219318,0.005546872172440986,-0.007504770798548055,-0.0040249096439036736,-0.01340934588407694,0.7845368005572324,-,-
2021-06-21,121.23289489746094,121.41950273978642,119.32800058512855,119.9271411452903,27414000,60.3922321597196,1.6617038612555604,1.7436944719329128,-0.08199061067735247,-0.007139436523574183,0.003264758726767125,-0.0009707087090907729,0.014166073110769117,-0.4055425448868072,-,-
2021-06-22,121.74842071533203,121.81759378430363,120.48795224163028,121.17068511721547,22390000,61.776918076182824,1.673607022859926,1.7296769821183156,-0.056069959258389535,0.010369162143360144,0.0032786416970456145,0.009720699674962141,0.004252359215765056,-0.1832640256803093,-,-
2021-06-23,121.5458984375,122.50978839268653,121.25479445301924,121.51255716784965,19148000,60.87653382334119,1.6477047937159455,1.7132825444378417,-0.0655777507218962,0.0028214089101128437,0.005682221975329194,0.006364472107975638,-0.0016634489108122708,-0.1447967842786958,-,-
2021-06-24,121.91712188720703,122.46997494722375,121.71807656217918,122.11616721223488,21362000,61.970660769889285,1.6382470284804498,1.6982754412463634,-0.06002841276591364,0.004967470510487626,-0.0003249817503166996,0.0038207322955747802,0.003054183271333555,0.11562565280969284,-,-
2021-06-25,121.92558288574219,122.04949456348052,120.98657549930995,121.41950326559025,34594000,61.99674764482737,1.6128425680966956,1.6811888666164299,-0.06834629851973428,-0.0057049280414595005,-0.003433334447275116,-0.006009798080366058,6.939959215057634e-05,0.619417657522704,-,v
2021-06-28,121.95294952392578,122.20076527318163,120.82782790498153,122.09476570644414,28526000,62.08733594139263,1.5767419099520197,1.6602994752835478,-0.08355756533152814,0.005561400126772309,0.0012394210253974247,-0.0013121091631304038,0.00022445361782064133,-0.17540613979302766,-,v
2021-06-29,121.69070434570312,122.43564746347714,121.1119740224828,122.08681320150404,23108000,60.59670181651874,1.5095695064767227,1.630153481522183,-0.12058397504546026,-6.513387280837613e-05,0.0019221008131202755,0.002351661222650847,-0.002150379955928927,-0.18993199186706866,-,v
2021-06-30,121.50857543945312,121.67528178366047,120.7770721013412,121.41402625256768,24474000,59.527785245868145,1.4252096820989095,1.5891647216375284,-0.1639550395386189,-0.0055107257802358145,-0.006210329226571831,-0.0027652255183242547,-0.0014966542204620792,0.059113726847844994,v,v
2021-07-01,121.86188507080078,122.00370125273878,120.95322732724782,121.14580333015576,18110000,60.96624091016995,1.3710583409178128,1.5455434454935855,-0.1744851045757727,-0.002209159276655215,0.002699146977627187,0.0014585154519957122,0.00290769297615312,-0.26003105336275234,-,^
2021-07-02,124.6614990234375,124.80730158215873,122.47395949852594,122.56402875962121,25982000,70.04996926404068,1.5363385075427658,1.5437024579034218,-0.0073639503606559575,0.011706764827836391,0.022979633409744737,0.012572894538511736,0.022973663594733962,0.4346769740474876,-,^
2021-07-06,125.58956909179688,125.8264356149296,123.9897120776106,125.05064175261214,26404000,72.34732481245722,1.7223574639694164,1.5794334591166208,0.14292400485279555,0.020288277222575646,0.008165660340793357,0.012376121301956422,0.007444720909259184,0.016242013701793567,-,^
2021-07-07,125.87220764160156,126.67835105188155,125.55273588133367,126.55693750796647,24060000,73.02592323165501,1.8710174712514203,1.6377502615435808,0.23326720970783943,0.012045486006655004,0.006770560040014972,0.012606076565003344,0.002250493825630473,-0.08877442811695202,^,^
2021-07-08,124.44901275634766,124.99788702259595,123.43188008424947,123.4358588645875,23790000,64.44938321547824,1.8526356345859938,1.6807273361520636,0.17190829843393018,-0.024661458350969556,-0.013265597596840872,-0.016892151192059557,-0.011306665005083594,-0.01122194513715713,-,^
2021-07-09,124.92125701904297,125.1362250527908,123.95885535984911,124.43010544209602,18632000,65.88128973781858,1.8547931608940615,1.7155405011004632,0.13925265979359835,0.008054762908072277,0.0011067229494035047,0.004269361166985064,0.003794680666691086,-0.21681378730559053,-,^
2021-07-12,126.37133026123047,126.46488475430863,125.01332084819249,125.57762429893366,17668000,69.8914790962054,1.951021644861001,1.762636729852571,0.18838491500843002,0.00922219629052412,0.010617706431189644,0.008506576519138553,0.01160789826159414,-0.05173894375268351,-,^
2021-07-13,126.73558044433594,127.44816936734279,126.07175435939051,126.43402078790348,19240000,70.81929658480641,2.0332374614946644,1.8167568761809898,0.21648058531367464,0.00681965830896103,0.007775159206798277,0.008466565834878592,0.002882379906522292,0.08897441702513009,-,-
2021-07-14,127.62682342529297,128.71114739493328,127.30585581569756,127.34915162866419,23742000,73.01080942884731,2.1455770717370513,1.8825209152922022,0.26305615644484903,0.0072380110595064995,0.009909738475334384,0.009788881439604769,0.00703230282950007,0.23399168399168402,-,v
2021-07-15,126.40068817138672,128.0876228000185,125.92794981220653,128.0368705683289,24218000,65.700377023907,2.111330055840554,1.9282827434018728,0.18304731243868133,0.005400263220206147,-0.004844371350381849,-0.010823586980050925,-0.009607190878835659,0.02004885856288441,-,v
2021-07-16,126.36585235595703,127.20334766110668,125.5532396143855,127.05555571192009,20424000,65.49971389017341,2.0576586814048596,1.9541579310024701,0.10350075040238949,-0.007664314599794331,-0.006903673591416637,-0.0029755919823980514,-0.00027559830514889416,-0.15666033528780243,-,v
2021-07-19,123.9852294921875,125.60448672400716,122.91732944651262,125.489534904897,27968000,53.478953701833014,1.8022521204903796,1.9237767689000522,-0.12152464840967259,-0.012325480757203744,-0.012569330654403688,-0.020994362040904768,-0.01883913113697533,0.36936936936936937,v,v
2021-07-20,125.60897827148438,126.4385084581694,123.75882253519414,124.93021653261364,26312000,59.00524469380219,1.7111385965213373,1.8812491344243094,-0.17011053790297215,-0.004457091762330889,0.006640063232731919,0.006846008552827243,0.013096308213061736,-0.05921052631578949,-,v
2021-07-21,126.94209289550781,126.98886634176762,125.42384657195366,125.53332377133253,20746000,62.901715618805234,1.7265985281312766,1.850319013165703,-0.12372048503442645,0.004827552976836902,0.004352771084612295,0.013453780527735937,0.010613211271746081,-0.21153846153846156,-,^
2021-07-22,127.81043243408203,127.87164794172931,126.8923289019367,127.23568852185855,14302000,65.22056445358061,1.788303924599333,1.8379159954524291,-0.049612070853096046,0.013561058525200842,0.006951645647310878,0.01170815893563426,0.006840438177500241,-0.3106140942832353,-,v
2021-07-23,132.382080078125,132.76425558089943,129.18288265732,129.80987462994372,41506000,74.32103710369947,2.1809589170879775,1.906524579779539,0.2744343373084386,0.02023163577759024,0.038261864282844504,0.018051160185998727,0.0357689709437512,1.9021115927842258,-,^
2021-07-26,133.39724731445312,133.59828204098443,131.671990313619,132.69411172953653,30572000,75.83323773610279,2.5447223640487096,2.034164136633373,0.5105582274153364,0.022218934482565844,0.0062820105941601145,0.019268091910456864,0.007668464158661292,-0.26343179299378405,^,^
2021-07-27,131.27239990234375,133.75951753824316,129.4849554207035,133.6117255746799,54710000,66.94663931864257,2.6312190333334513,2.1535751159733887,0.4776439173600626,0.006915256699661976,0.0012068680434773604,-0.016609720014912677,-0.01592872008146118,0.7895459897945833,v,^
2021-07-28,135.44644165039062,137.6389624126458,134.63382884778994,135.66340668703342,95130000,73.51297233984594,3.001973668277259,2.323254826434163,0.678718841843096,0.01535554685435736,0.029003131484034217,0.03976425995095312,0.03179679621269993,0.7388046061049169,^,^
2021-07-29,135.13143920898438,136.01073448465564,134.89805792374722,135.502164347923,31716000,72.3449336739067,3.2331120203486705,2.5052262652170647,0.7278857551316058,-0.0011885470300947443,-0.011829702138473674,0.0019625756633274705,-0.002325660516201089,-0.6666035950804163,-,^
2021-07-30,134.08544921875,134.66070190945484,133.61619609988043,134.39248350863042,25576000,68.4553855465301,3.2939179434588794,2.6629646008654277,0.6309533425934517,-0.008189395679638833,-0.009925926658039708,-0.009502448319837042,-0.007740537630304689,-0.19359313910959763,-,^
2021-08-02,134.2128448486328,134.69254605827192,133.15738980965833,134.47409278802186,21634000,68.67627557270896,3.314182999636074,2.7932082806195573,0.5209747190165168,0.0006072458612329523,0.00023647692582562385,-0.0034337625498568336,0.0009501077904059407,-0.15412887081639037,-,^
2021-08-03,134.98464965820312,135.08615411628443,132.68514239501812,134.4919946425515,20762000,70.04482466954404,3.353860188006877,2.905338662097021,0.4485215259098556,0.00013312493253159197,0.0029222705304139396,-0.0035465355344923566,0.005750603159040191,-0.04030692428584637,-,-
2021-08-04,134.48255920410156,135.00406801076176,133.84709325917578,134.70549241168933,19676000,67.96451318987353,3.306672875571252,2.9856055047918675,0.3210673707793843,0.001587438491824411,-0.0006076574321007833,0.008757204033428279,-0.0037196114919209045,-0.052307099508717814,-,-
2021-08-05,135.60317993164062,135.70122193743754,134.20436531020974,135.0348977292048,17870000,70.09902716008615,3.3214141232892302,3.0527672284913403,0.26864689479788995,0.002445374064694583,0.005163947553196824,0.002669255210063781,0.008332833150790364,-0.09178694856678182,-,-
2021-08-06,135.09262084960938,135.8231370611958,134.56664735492504,135.39468924235564,20488000,67.87990634851599,3.2543843008744773,3.093090642967968,0.1612936579065094,0.002664433559037116,0.0008984084448000473,0.002699480332684301,-0.0037650966761150206,0.14650251818690552,-,-
2021-08-09,136.2615203857422,136.53124218318524,134.6955060017478,135.29564877035045,17760000,70.20543586302917,3.2580266047039856,3.1260778353151717,0.13194876938881395,-0.0007314945110432625,0.005213435187190418,0.0009575823530987293,0.008652578718078674,-0.13315111284654435,-,-
2021-08-10,136.1560516357422,137.11695747144506,135.7156522799874,136.68849445684972,19414000,69.7149771679904,3.2153382916962983,3.1439299265913974,0.0714083651049009,0.010294829871901223,0.00428997260183106,0.007573721711445769,-0.000774017123113202,0.09313063063063054,-,-
2021-08-11,135.63055419921875,137.02736417817783,135.6230825969003,136.5287562128905,15352000,67.19609853227624,3.103330976976764,3.135810136668471,-0.032479159691706894,-0.0011686297708813909,-0.0006534078272987243,-0.000682085533480925,-0.0038595231736691105,-0.20923045225095294,-,-
2021-08-12,136.54119873046875,136.64669715164672,134.78111998935373,135.3284908102748,16506000,69.26829430898809,3.052854371333524,3.1192189836014816,-0.06636461226795776,-0.008791301084909331,-0.002778036553604979,-0.006208106993475959,0.006714154761267244,0.07516935904116728,-,-
2021-08-13,137.07215881347656,137.2005580055058,136.3809748009373,136.59693753421325,15948000,70.440749816043,3.0208726000713852,3.0995497068954627,-0.07867710682407747,0.009373094433727136,0.0040532326459703505,0.011870021644796891,0.003888643778907408,-0.03380588876772084,-,v
2021-08-16,137.65138244628906,137.70413924909806,134.65520911093867,136.8706151743202,22384000,71.70878244182235,3.007595632041131,3.0811588919245967,-0.0735632598834659,0.002003541551130139,0.00367040229947202,-0.01265400612158385,0.004225684032602706,0.40356157511913726,-,v
2021-08-17,136.01123046875,137.60760213542056,135.4344895711395,137.09455209368923,21716000,63.413330023964804,2.8320805206235207,3.0313432176643818,-0.19926269704086108,0.0016361212308706463,-0.0007010472902551079,0.0057872284729720835,-0.011915259755411745,-0.029842744817726974,-,v
2021-08-18,134.8045196533203,136.45214485908588,134.67762388651653,135.85051374450165,19258000,58.08899485830217,2.5660324278760527,2.938281059706716,-0.37224863183066326,-0.009074309155169158,-0.008396754673463458,-0.0055884264563599295,-0.00887214100828937,-0.1131884324921717,v,v
2021-08-19,135.03440856933594,135.70370932909012,133.61121999580743,133.79583845464464,21782000,58.79872780040482,2.346686372124992,2.8199621221903715,-0.47327575006537925,-0.015124530877529851,-0.00548496713458535,-0.007918196504622665,0.001705350210859713,0.13106241561948284,-,v
2021-08-20,136.77560424804688,136.89950834428095,134.60647010296915,135.35290154531467,31194000,63.799081327088366,2.2869899851844195,2.713367694789181,-0.4263777096047616,0.01163760479140663,0.008811837355830354,0.007448851280550839,0.012894459250487156,0.43209989899917356,-,^
2021-08-23,139.3751678466797,140.20419691127913,136.95274343167395,137.31302050167736,28454000,69.70968026318121,2.42152934248449,2.6550000243282432,-0.23347068184375308,0.014481543683099174,0.024139521076199877,0.017430613304917575,0.01900604726204258,-0.08783740462909528,-,^
2021-08-24,140.58935546875,141.4039576066751,139.67074315124864,139.94243918319472,19268000,72.00851561295897,2.596200166716841,2.6432400528059627,-0.04703988608912191,0.019149084856707077,0.008557238098622522,0.01984625974966847,0.0087116495773909,-0.3228368594925143,-,^
2021-08-25,141.4029541015625,141.51293245081183,140.70331138846305,140.9511195496134,15848000,73.46190773268728,2.7683666559355515,2.668265373431881,0.10010128250367067,0.007207823247229905,0.0007706633249957573,0.007392874226324064,0.005787057136010132,-0.1774963670334233,^,^
2021-08-26,140.7675018310547,141.73984285117388,140.68438784337567,141.07552321093658,20610000,70.3878502659358,2.8210152437908107,2.698815347503667,0.12219989628714378,0.0008826014416962735,0.001603460520761324,-0.00013449253539687955,-0.00449391085600237,0.30047955577990915,-,^
2021-08-27,143.31881713867188,143.82489681119623,140.82374184636643,140.97850427525452,28780000,74.92476549999635,3.033639543785995,2.7657801867601326,0.2678593570258623,-0.0006877092033675813,0.014710429460625507,0.0009905434791093182,0.01812432041792711,0.3964095099466278,-,^
2021-08-30,143.90252685546875,145.27596556601515,143.4770554672182,143.71292731653494,24434000,75.83690398430883,3.212217881090396,2.8550677256261854,0.3571501554642107,0.019396028177044444,0.010089134683849421,0.018841379912674316,0.0040728058495771435,-0.15100764419735924,-,^
2021-08-31,144.00900268554688,144.48074635237265,143.59449575192565,144.4563725246217,22448000,76.00834501881222,3.324017010653165,2.9488575826315815,0.37515942802158353,0.005173126885442247,-0.0054738525436345276,0.0008185300731535783,0.0007399163336796466,-0.08128018335106824,-,-
2021-09-01,144.5245361328125,145.55809268141408,144.19411512479778,144.31006164544272,21936000,76.86427038076697,3.414853560825776,3.0420567782704206,0.3727967825553553,-0.0010128378320870546,0.0074566774898428,0.004175782433248898,0.003579869575177419,-0.022808267997148968,-,-
2021-09-02,142.605224609375,144.82710026541315,142.50370495740134,144.5250470301467,32342000,67.24564213217394,3.293998616090505,3.092445145834438,0.20155347025606707,0.0014897463299003988,-0.00502199776415635,-0.011723156426553305,-0.013280177710957908,0.47438001458789203,-,-
2021-09-03,143.05557250976562,143.4690923532071,141.72293913402132,142.39971151092064,19850000,68.24962173471398,3.197698436444824,3.1134958039565155,0.08420263248830873,-0.014705655268064,-0.009376752760480223,-0.0054789159595072245,0.0031580042149523813,-0.3862469853441346,-,-
2021-09-07,143.593994140625,143.87714056862364,142.93564262833766,143.15011712566266,20124000,69.45508441380889,3.128759583213281,3.116548559807869,0.012211023405412025,0.005269713026662126,0.0028441541569941275,0.00855686102564901,0.003763723575484157,0.01380352644836269,-,-
2021-09-08,143.0072784423828,143.71290448780815,142.31957209422643,143.41434410788645,18344000,66.4925216396663,2.992288749816396,3.0916965978095745,-0.09940784799317859,0.0018458034651263056,-0.0011415022578736833,-0.004310125331812076,-0.004085934803565672,-0.08845160007950703,-,-
2021-09-09,142.85800170898438,143.6238409930003,142.49623642197608,143.15607613822618,15314000,65.72438383632166,2.8393588845213173,3.0412290551519234,-0.20187017063060608,-0.0018008517297682936,-0.0006197320632079784,0.00124132138081956,-0.0010438401109673645,-0.1651766245093763,-,-
2021-09-10,140.2056884765625,144.0299038130707,140.0683446245425,143.5262995648744,36840000,53.8262728253872,2.4756041295297564,2.9281040700274903,-0.4524999404977339,0.00258615237742843,0.002827266122831018,-0.017038287174433342,-0.0185660810083631,1.4056418963040356,-,-
2021-09-13,141.65525817871094,142.26981270269945,140.5779046748235,141.2740697555955,22094000,58.27232592658829,2.2780342649125487,2.798090109004502,-0.5200558440919534,-0.01569210532220877,-0.012220317196459218,0.0036379386909073386,0.010338879384275135,-0.400271444082519,-,-
2021-09-14,141.86622619628906,142.68084343965654,141.07551200540024,142.31508421541983,19674000,58.8927101714801,2.1141119135245106,2.661294469908504,-0.5471825563839934,0.007368758199047365,0.002889093119255115,0.003539726472149285,0.001489305940990615,-0.10953199963791072,-,-
2021-09-15,143.74229431152344,143.7631905037513,140.67495804802732,142.09217850390087,27408000,64.01614209043771,2.111248132728946,2.5512852024725925,-0.44003706974364665,-0.0015662831016672873,0.007585791042457046,-0.0028392876387901556,0.013224205404876344,0.3931076547727965,-,-
2021-09-16,142.92666625976562,143.6133854871325,141.72392050993247,143.2655459492546,26190000,60.48651424532913,2.019880276036872,2.4450042171854487,-0.42512394114857655,0.008257790525194375,-0.0010420262383847856,0.007456639592862135,-0.00567423843945436,-0.04443957968476353,-,-
2021-09-17,140.1300506591797,142.7674353957721,139.80161903772358,142.34993679970833,53384000,50.2549199749233,1.7021853515044825,2.2964404440492556,-0.5942550925447732,-0.006390993336741202,-0.00589046827697115,-0.01356370516206662,-0.019566786756945453,1.0383352424589538,-,-
2021-09-20,138.05946350097656,138.33863117650728,135.67337942793426,137.50411982875318,46518000,44.28235497181816,1.268705903977093,2.090893536034823,-0.8221876320577302,-0.03404158147097314,-0.03102110930960933,-0.029529268961294153,-0.014776182185498143,-0.12861531545032223,-,-
2021-09-21,138.37144470214844,139.34528907490864,137.62003235533393,139.08452712246012,25332000,45.336497530380065,0.9395144565322653,1.8606177201343117,-0.9211032636020464,0.01149352685341487,0.007276766365549525,0.014348083136188627,0.002259759622850188,-0.45543660518508966,-,-
2021-09-22,139.61599731445312,140.21662611033688,137.89224384770964,138.64116573837745,25056000,49.445495892364065,0.7701747621478887,1.6425291285370271,-0.8723543663891384,-0.0031877117696370583,0.006253078530411127,0.0019779932304684333,0.008994287910946142,-0.010895310279488424,-,-
2021-09-23,140.54408264160156,141.02229564251655,139.73345921270854,140.31666950445637,20952000,52.323567488505965,0.7027595888027349,1.4545752205901687,-0.7518156317874338,0.012085182327741473,0.00574589158596428,0.013352566566632751,0.0066474139425307666,-0.1637931034482759,-,-
2021-09-24,141.53831481933594,141.65327424223068,139.57370839647646,139.869793451718,22984000,55.261918574446426,0.7212447453595416,1.3079091255440434,-0.5866643801845017,-0.0031847680985912508,0.004474318027793522,-0.0011432538572518913,0.0070741660484543445,0.09698358151966402,-,-
2021-09-27,140.4007568359375,141.26313470256505,139.40103511550925,140.13452783317547,21882000,51.36152646938285,0.6367627383411048,1.1736798481034558,-0.5369171097623511,0.001892720185855179,-0.0027541865287100675,-0.0012371476186382457,-0.008037102779204774,-0.04794639749390883,-,-
2021-09-28,135.18368530273438,138.4346371727659,134.7159204771809,137.99524013807448,45772000,38.0852326511765,0.14713992975671886,0.9683718644341085,-0.8212319346773896,-0.015265957135472852,-0.020022899362630464,-0.03360889418393631,-0.03715842884878051,1.091764920939585,-,-
2021-09-29,133.7142333984375,136.49842322992845,133.22806283131058,136.32823164044288,30848000,35.31621128429805,-0.35536572665367316,0.7036243462165522,-1.0589900728702255,-0.012080188388843172,-0.013986484758298223,-0.011044408415873508,-0.010870038799476012,-0.32605086078825485,-,v
2021-09-30,133.03993225097656,134.89755184426153,132.92050809949572,133.622656505888,37996000,34.091322251848155,-0.7988073925657773,0.40313799846008636,-1.2019453910258635,-0.019846037038686704,-0.011728130976064732,-0.0023084831024247077,-0.005042852434801626,0.23171680497925307,-,v
2021-10-01,135.893310546875,136.25906983258642,133.43506190185735,133.80777646067884,35360000,43.08682770708228,-0.9095100600028445,0.1406083867675002,-1.0501184467703446,0.001385393462692397,0.01009297774281892,0.003871139297605408,0.021447532689024662,-0.0693757237603958,-,v
2021-10-04,133.02352905273438,135.31357546219573,130.4264483437035,135.31357546219573,51202000,37.53769919531413,-1.2148065703764246,-0.13047460466128477,-1.0843319657151398,0.011253449099495327,-0.00693894631419667,-0.022547398826604614,-0.021117901113688164,0.4480203619909502,v,v
2021-10-05,135.3757781982422,136.57156882234636,133.4032141822642,133.4032141822642,32404000,43.913803645345844,-1.252511237034554,-0.35488193113593863,-0.8976293058986153,-0.014118031198320113,0.009296874728597304,0.022823329749164456,0.017682955506129305,-0.36713409632436234,-,^
2021-10-06,136.91043090820312,137.0945481983171,133.9097777020902,134.10882301069495,24364000,47.66718761175826,-1.1453558595528932,-0.5129767168193295,-0.6323791427335637,0.005289294060536687,0.0038293429626707898,0.0037972362430029882,0.011336242940843011,-0.24811751635600543,-,^
2021-10-07,138.56256103515625,139.37567501225084,137.99128707608887,138.23113770370094,25110000,51.43516064811043,-0.9165558715176871,-0.5936925477590012,-0.322863323758686,0.030738579315376047,0.016639077511922062,0.030479547080414227,0.01206723341672089,0.030618945985880774,-,v
2021-10-08,139.12039184570312,139.66328280927024,138.55508607158956,138.91287261391636,26526000,52.67417082644832,-0.6823522165574047,-0.6114244815186819,-0.07092773503872285,0.004931847639688236,0.002063543706562365,0.0040857579304249825,0.004025840792631907,0.05639187574671456,^,v
2021-10-11,138.25302124023438,140.04247013215831,138.19827504426897,138.62922859464507,17954000,50.51608130130403,-0.5602751879899301,-0.6011946228129316,0.04091943482300142,-0.002041884340406863,0.002715010812153862,-0.002575228650474992,-0.006234676268240702,-0.32315464072985,-,v
2021-10-12,135.7997589111328,138.84320712107439,135.11402671387663,138.81632757309202,36332000,44.91138401524945,-0.6539477281803272,-0.6117452438864107,-0.04220248429391649,0.0013496358621025717,-0.008563566537723721,-0.02231756025467302,-0.01774472852089548,1.0236159073187032,v,v
2021-10-13,136.92735290527344,137.34336323308608,135.86940738847895,136.74870263527313,19654000,47.77925129427401,-0.6299349811823163,-0.6153831913455918,-0.01455178983672445,-0.014894681151467637,-0.010802429006702585,0.005590690270832921,0.008303357849688942,-0.45904436860068254,-,v
2021-10-14,140.4793701171875,140.66497565835041,138.16443378285194,138.8103477480198,31894000,55.617452457464985,-0.32059102880973,-0.5564247588384195,0.23583373002868946,0.015076158479143675,0.02418473195262605,0.016891413884002837,0.025940888628522174,0.6227739900274754,-,^
2021-10-15,140.69534301757812,141.04368373195877,140.08526840258062,140.9406758382608,30274000,56.049415753325825,-0.05734546690479192,-0.456608900451694,0.3992634335469021,0.015347040943288537,0.0026922698549223245,0.01390252590436969,0.0015373994075462694,-0.050793252649401155,-,^
2021-10-18,142.0986328125,142.11655251033784,140.39826609427354,140.4052365530088,20396000,58.85174301864158,0.26149791101343567,-0.3129875381586681,0.5744854491721038,-0.0037990401427225873,0.00760664178637005,0.0022343369525010814,0.009973960508035784,-0.3262865825460791,-,^
2021-10-19,142.55543518066406,142.97891708528803,141.92147277693343,142.7052165055334,20164000,59.75138720827647,0.544764018113284,-0.14143722690427768,0.6862012450175616,0.016381012624527624,0.006068009388895401,0.010849184431074743,0.003214685174113052,-0.011374779368503618,^,^
2021-10-20,141.0944366455078,142.86298940127006,140.7038024036655,142.655971324654,23288000,55.56690557969681,0.6439411246535371,0.015638443407285284,0.6283026812462519,-0.00034508325683735297,-0.0008108026440627469,-0.008579888225806576,-0.010248634387771238,0.15492957746478875,-,v
2021-10-21,141.2108917236328,141.47961128480844,139.83148489117926,141.0944440494257,26292000,55.83242151830304,0.7235954892901759,0.1572298525838634,0.5663656367063126,-0.010946105239959314,-0.009683250520371112,-0.006199672628488306,0.0008253697374163149,0.12899347303332198,-,v
2021-10-22,136.91192626953125,139.91406787765993,135.4086155032677,138.48788774197112,50588000,45.11490240760346,0.4348192374470443,0.2127477295564996,0.22207150789054472,-0.018473840873149516,-0.011065505431711697,-0.03162999657304333,-0.030443582655898638,0.9240833713677163,-,^
2021-10-25,136.79299926757812,137.34336176040858,134.77961499839506,136.89550600929624,34412000,44.8583639779794,0.1941277780130406,0.20902373924780782,-0.014895961234767219,-0.011498346596503728,-0.01837346420017716,-0.004645202984572716,-0.0008686387314352784,-0.31975962678896186,v,^
2021-10-26,138.6456298828125,139.41643497807848,137.6464094076404,138.6008458288704,49236000,49.6604989802875,0.15112776311320886,0.19744454402088804,-0.046316780907679184,0.012457237416240385,0.015094091123867504,0.02127023741149192,0.013543314534762763,0.43077996047890266,-,^
2021-10-27,145.52175903320312,147.9426797249673,138.7416746268211,138.7416746268211,85782000,62.65871718811792,0.6642391621475099,0.29080346764621245,0.37343569450129743,0.0010160745925358317,0.06115666885492699,0.007957092552534961,0.04959499377082821,0.7422617596880332,^,v
2021-10-28,145.15501403808594,146.4577912079441,143.93882848959854,146.43440448452932,36206000,61.74298725857846,1.0294238294482625,0.4385275400066225,0.5908962894416401,0.05544642500820074,-0.01003691781021998,0.03745921243026973,-0.0025202072704021417,-0.5779301018861767,-,v
2021-10-29,147.34158325195312,147.53664980823456,143.96124460171143,144.3877030706484,43320000,65.02491078460847,1.4782330208390988,0.6464686361731178,0.831764384665981,-0.013976916292899988,0.007366344879246922,0.00015573360119791602,0.015063683665060834,0.19648677014859417,-,v
2021-11-01,142.81422424316406,147.3415909270183,142.5440164255921,147.3415909270183,46924000,54.58378277933367,1.4518613493377757,0.8075471788060494,0.6443141705317262,0.02045802927500384,-0.001322104585333772,-0.009844511834002811,-0.030726960501349487,0.08319482917820875,v,v
2021-11-02,144.74050903320312,145.9114095190237,143.6487285755413,143.89157087310116,33482000,57.69626321908418,1.5683180987989545,0.9597013628046305,0.608616735994324,-0.02341511335808788,-0.009706569604661097,0.007749972097396585,0.013488045747874988,-0.28646321711704037,-,v
2021-11-03,145.90045166015625,145.9711129712803,143.90299777804668,145.20626084689556,27494000,59.4963384436039,1.7342176066659647,1.1146046115768973,0.6196129950890674,0.009136671215813186,0.0004091760367019859,0.001770076247989083,0.00801394602451655,-0.17884236306074908,-,^
2021-11-04,147.56199645996094,149.0210241531576,145.61181724449685,146.42442988306374,38412000,61.991253158663525,1.976977574276475,1.2870792041168129,0.6898983701596622,0.008389232179544903,0.020893936613865405,0.011874801031496407,0.011388208747118211,0.39710482287044435,-,^
2021-11-05,148.14373779296875,149.61221148430093,147.49185562711088,148.4597167387127,38354000,62.85398572077763,2.191051187153988,1.467873600724248,0.7231775864297401,0.013899913131124153,0.003967140438759342,0.012911303616637504,0.003942352007724859,-0.0015099448089138656,-,^
2021-11-08,148.32188415527344,149.8983467767936,147.7242318662626,149.11209726310418,23052000,63.12997851904974,2.348014540251512,1.643901788629701,0.7041127516218111,0.00439432688356578,0.0019125129536816665,0.0015755191238437938,0.0012025237445651982,-0.39896751316681445,^,^
2021-11-09,148.2099151611328,149.12155699209504,146.54437039574856,148.5229176061689,19530000,62.81407967910582,2.4353015263052953,1.8021817361648198,0.6331197901404755,-0.003951253236655128,-0.005182110419504782,-0.007986918974689283,-0.0007549054192395044,-0.15278500780843307,-,^
2021-11-10,145.1992950439453,147.3654523063304,143.8497596311641,146.79815722294808,29970000,54.86445979963557,2.2357726139927934,1.8888999117304146,0.34687270226237876,-0.011612755869732427,-0.011776330137551638,-0.018387678471084024,-0.020313216655676314,0.5345622119815667,-,^
2021-11-11,145.0729217529297,146.8335170484895,144.9077112347004,145.79248880737023,16518000,54.55236469100855,2.0438865926527683,1.9198972479148855,0.12398934473788281,-0.006850688282486361,-0.003609633394502487,0.007354559411492545,-0.0008703436953835242,-0.4488488488488489,-,^
2021-11-12,147.97056579589844,148.14175966941576,144.71911228012596,145.91787942176632,22360000,60.1499322137415,2.1014074785901187,1.9561992940499322,0.14520818454018647,0.000860062239295134,0.00890970023209503,-0.0013015108234577522,0.019973707070597646,0.35367477902893807,-,-
2021-11-15,147.74562072753906,148.83790216761727,146.87279482635597,148.19198822146643,23508000,59.53689008474418,2.104581700254954,1.9858757752909366,0.11870592496401744,0.015584853677368393,0.004699164501319464,0.01488181147809442,-0.001520201447831493,0.051341681574239795,-,-
2021-11-16,147.17239379882812,148.05466563286177,146.6115679587527,147.44459099237028,18904000,57.91696197034604,2.037357284736146,1.9961720771799785,0.04118520755616739,-0.005043438839481662,-0.0052623459706750975,-0.0017785926107835026,-0.0038798234823355093,-0.19584822188191253,-,-
2021-11-17,147.34255981445312,147.8526181995971,146.53940806481458,147.3231518704208,19594000,58.27986138631775,1.9750453332571851,1.99194672839542,-0.016901395138234854,-0.0008236254794573572,-0.0013646812979586365,-0.0004921841771613478,0.0011562359708410241,0.0365002115954296,-,-
2021-11-18,149.1255340576172,149.8640078202777,147.18083687440966,147.5361328386937,35608000,61.97945829296154,2.0459493526841186,2.0027472532531596,0.043202099430958985,0.0014456720859477024,0.013604017603295215,0.004377176201717514,0.012100877339238147,0.8172910074512605,-,-
2021-11-19,148.21788024902344,150.24818207871883,148.19051474348757,149.261884915546,33682000,59.10603038203277,2.0057798406927816,2.003353770741084,0.0024260699516975848,0.01169714864858995,0.0025634858164333973,0.006860117733529902,-0.006086508352372899,-0.05408896877106273,-,-
2021-11-22,145.60586547851562,149.11657722814311,145.45210536092236,148.62194801430306,30594000,51.68062206972802,1.743084260252317,1.9512998686433307,-0.2082156083910136,-0.004287343025347945,-0.0075315709975302125,-0.018478978815245295,-0.017622804793317237,-0.09168101656671224,-,-
2021-11-23,145.0883331298828,145.962161355265,143.42927287777465,145.45757001266105,27218000,50.33142820699841,1.4761197946572793,1.8562638538461205,-0.3801440591888412,-0.021291458253107187,-0.02115402547130596,-0.013907206623983148,-0.0035543372303856735,-0.11034843433352948,-,-
2021-11-24,145.4247283935547,145.5536135443126,143.6860469047569,144.7813049279646,18040000,51.222803344038084,1.2769726726218096,1.7404056176012583,-0.46343294497944876,-0.004649225782044741,-0.002798998090731253,0.0017902484048779588,0.00231855488594479,-0.3372033213314718,-,-
2021-11-26,141.50645446777344,143.86965244762047,141.16757477802446,143.66164728918483,30470000,41.81053723837665,0.7938244698522396,1.5510893880514547,-0.757264918199215,-0.007733440718308615,-0.011569352733242,-0.017527603973974015,-0.02694365648170538,0.6890243902439024,-,-
2021-11-29,144.83802795410156,145.6013766551945,143.208808626935,143.31480818794302,32596000,50.19116455754094,0.6720096663654829,1.3752734437142604,-0.7032637773487775,-0.0024142776293218926,0.012036758121762414,0.014459650894479203,0.023543615016422104,0.06977354775188704,-,-
2021-11-30,141.2223358154297,145.30530878621673,140.9277390064455,144.31852565043738,42068000,42.959787081880016,0.280481206231201,1.1563149962176487,-0.8758337899864477,0.007003585150657132,-0.0020334139400269846,-0.01592827733405544,-0.024963693511607765,0.2905878021843171,-,v
2021-12-01,140.38034057617188,145.2560319905602,140.24150848223852,143.31481246492976,34020000,41.46167776134673,-0.09663593924196334,0.9057248091257263,-1.0023607483676895,-0.006954846448049112,-0.0003391259140368419,-0.004869378654940304,-0.0059621959543160186,-0.19130930873823337,-,v
2021-12-02,142.28575134277344,143.17997469726794,139.5473327918511,140.57791290709565,29194000,46.046910325421095,-0.23899824631689626,0.6767801980372018,-0.915778444354098,-0.019097115718613167,-0.01429239987381159,-0.004949858981838751,0.01357320233574777,-0.14185773074661967,-,v
2021-12-03,141.32583618164062,143.7129223894223,139.6334268670618,142.99734930425885,41230000,44.16985949101919,-0.42438646845951666,0.45654686473785816,-0.8809333331973748,0.017210643885160914,0.0037222222819999207,0.0006169524955315087,-0.006746389937670738,0.41227649517024045,v,^
2021-12-06,142.47381591796875,143.1679914956162,139.4831099268599,142.3598588062305,30618000,46.95474981258924,-0.47322060691590195,0.2705933704071061,-0.7438139773230081,-0.004458058146741828,-0.0037918016330463766,-0.0010765111447490483,0.008122929022352787,-0.2573853989813243,-,^
2021-12-07,146.56875610351562,146.82901692453825,144.53646503259998,144.90371251975077,32240000,55.48470343178424,-0.17942624923080075,0.18058944647952477,-0.36001569571032555,0.017869178396578533,0.025571535862708217,0.036229154256668616,0.028741703583657685,0.052975373963028316,-,^
2021-12-08,147.4813690185547,147.68689881022513,145.70935414705642,146.89418009253654,24270000,57.138900353068074,0.12560028917778254,0.16959161501917633,-0.043991325841393786,0.01373648430515173,0.00584272716426204,0.00811483188129647,0.006226517433187029,-0.24720843672456572,^,^
2021-12-09,146.93600463867188,148.3905525366859,146.4149970350233,146.88873004760978,23270000,55.80436239983966,0.31964500219467595,0.19960229245427627,0.12004270974039968,-3.710184381255921e-05,0.004764496594684031,0.004842811170892469,-0.003697852708528848,-0.04120313143798926,-,^
2021-12-10,147.29725646972656,148.2686102813411,146.00592978612792,147.99243436060533,24458000,56.52864852372568,0.4968494675519537,0.2590517274738118,0.23779774007814192,0.007513880150218588,-0.0008217656263167505,-0.002793888994837901,0.00245856576775072,0.05105285775676838,-,^
2021-12-13,145.13262939453125,147.26592378004827,144.82509398206858,147.07831366274226,27070000,51.12235832709517,0.45734596896954827,0.2987105757729591,0.15863539319658915,-0.006176806955115577,-0.006762635053975452,-0.008087587988988232,-0.01469563742784441,0.10679532259383429,-,^
2021-12-14,143.22225952148438,143.79253112951932,140.543067257308,143.2829738879342,38446000,46.86267886472253,0.26878983668649425,0.29272642795566617,-0.023936591269171914,-0.025804890471554986,-0.023585854496228853,-0.02956688379771233,-0.013162924705606316,0.42024381233838204,-,-
2021-12-15,145.74420166015625,146.02286815487585,141.00386438529304,142.7266307700602,36370000,52.49059911617868,0.319178110641559,0.29801676449284475,0.021161346148714233,-0.0038828278250918613,0.015510798842170548,0.0032786898491508065,0.017608590641551514,-0.05399781511730739,-,v
2021-12-16,143.75772094726562,146.97433736462978,142.92369561517094,146.47024710837428,33650000,48.16346898485076,0.19655304777583638,0.2777240211494431,-0.08117097337360674,0.026229277032015386,0.006515891803636986,0.013615451166869796,-0.013629912478595019,-0.07478691229034917,-,v
2021-12-17,141.0506591796875,143.15011897500315,140.62767835046085,141.82196554942942,50416000,42.965466809850426,-0.11770858747021862,0.1986374994255108,-0.3163460868957294,-0.031735329534233414,-0.02601963348294667,-0.01606463683175552,-0.018830722619560425,0.4982466567607726,-,v
2021-12-20,140.93319702148438,141.09991095324537,138.65807881354345,139.33384883079916,27192000,42.749872143877546,-0.3719537606111487,0.0845192474181789,-0.4564730080293276,-0.017543944684387247,-0.01432208395241219,-0.014005774396765092,-0.0008327657515835307,-0.46064741351951766,v,v
2021-12-21,142.7898406982422,143.18445372931458,139.8339711737475,141.37758618842463,28756000,47.255075721884644,-0.4188015800473295,-0.016144918074922777,-0.4026566619724067,0.014667917198693647,0.014773522973802189,0.008480518194581954,0.013173927193851798,0.05751691674021764,-,^
2021-12-22,145.71832275390625,145.80292498957579,142.38676234044013,142.38676234044013,26322000,53.47421593042226,-0.21712194034978438,-0.056340322529895105,-0.16078161781988928,0.007138162273265136,0.018287399169824248,0.01825587262712225,0.020509036506685563,-0.08464320489636945,-,^
2021-12-23,146.2174530029297,147.53813480597037,145.75515514574224,145.80293088513884,26384000,54.4598154154681,-0.01681984447833429,-0.04843622691958294,0.031616382441248654,0.023992177984430985,0.01190106314066508,0.023656643004835276,0.0034253087709936736,0.0023554441151887318,-,^
2021-12-27,147.20272827148438,147.6381465673,146.46923553683405,146.55532601949932,15976000,56.422270564357845,0.21890113347635065,0.005031245159603775,0.2138698883167469,0.005160356721177317,0.0006778705821457454,0.0048991775994324804,0.006738424506238294,-0.39448150394178294,^,^
2021-12-28,145.98904418945312,147.59337363670528,145.3595615882827,147.53066987418487,18200000,53.37125032791469,0.30427010813946254,0.06487901775557553,0.239391090383887,0.006655123912424621,-0.0003032612616435948,-0.007576157166958697,-0.008244983610581347,0.1392088132198297,-,^
2021-12-29,145.95718383789062,146.7155667093918,144.95448562894353,145.9467357429029,17788000,53.289785884375696,0.365145600321938,0.12493233426884802,0.24021326605308996,-0.010736304069064229,-0.005947468410568146,-0.002786716985887061,-0.00021823796257725014,-0.0226373626373626,-,^
2021-12-30,145.50485229492188,146.5991232280735,145.29983879730824,145.99600389046415,15688000,52.074504465555954,0.3725954429024796,0.17446495599557435,0.19813048690690524,0.0003375762212869393,-0.0007936682107424486,0.0023824938349872316,-0.003099070090795464,-0.11805711715763434,-,^
2021-12-31,144.1627655029297,146.0004760251165,144.1627655029297,145.35506319669503,18136000,48.53762836573357,0.2671250576097748,0.19299697631841445,0.07412808129136034,-0.004390124912254434,-0.0040835660526129525,-0.007825702380611421,-0.00922365660543012,0.15604283528811824,-,-
2022-01-03,144.30160522460938,145.15701265332763,143.02918515577247,144.36479494039722,28646000,48.92410964484116,0.1925229380117628,0.19290216865708412,-0.0003792306453213323,-0.006812753780429226,-0.005777127546103267,-0.007863197845869419,0.0009630761535084353,0.5795103661226291,-,-
2022-01-04,143.71241760253906,145.78798930459803,143.03266881925126,144.70416653668696,28400000,47.3006903341898,0.08487926832665948,0.1712975885909992,-0.08641832026433971,0.002350791939474295,0.004346856136929089,2.4356312140039194e-05,-0.004083028883519524,-0.008587586399497305,-,v
2022-01-05,137.11944580078125,143.81195246481798,137.03286935371747,143.73283243513856,54618000,33.789317375347835,-0.5263592977301244,0.03176621132677449,-0.5581255090568988,-0.0067125510259729015,-0.013554181309486824,-0.04194705667637133,-0.04587614565076614,0.923169014084507,-,v
2022-01-06,137.09207153320312,139.2741441048197,135.9087336140623,136.34664244900424,37348000,33.7462148175444,-1.0014352178636727,-0.17487407451131495,-0.8265611433523578,-0.05138832833804652,-0.031553763663061396,-0.008203402183409647,-0.0001996381141876613,-0.316196125819327,-,v
2022-01-07,136.3650360107422,137.78972784408742,135.1204826896513,137.48816060615565,29760000,32.55830566897281,-1.4202304651405484,-0.42394535263716165,-0.9962851125033867,0.008372176510164975,-0.010658232870668916,-0.005799854824998785,-0.005303264545717057,-0.20317018314233692,v,^
2022-01-10,138.00967407226562,138.15896945033379,132.53087842354833,134.43527149606194,44408000,37.88495779122086,-1.6009652384109643,-0.6593493297919222,-0.9416159086190421,-0.02220474182383536,0.002679746974057151,-0.019165149609854937,0.01206055532734851,0.4922043010752688,-,^
2022-01-11,139.0710906982422,139.54881766216988,136.0420848882387,137.3503290474821,28730000,41.11727514425908,-1.6396505266399686,-0.8554095691615314,-0.7842409574784371,0.021683725699215284,0.010059775469993815,0.02649349726234429,0.007690885679657367,-0.35304449648711944,-,^
2022-01-12,140.75753784179688,141.9294404967946,140.02504742905134,140.4783702161075,26108000,45.93156810692651,-1.51674264099006,-0.9876761835272372,-0.5290664574628228,0.022774180377420405,0.01705942676195149,0.02927742943725642,0.012126511233121473,-0.09126348764357817,^,^
2022-01-13,137.92759704589844,142.17031382113908,137.75043499457064,140.86653415436,31436000,40.018715426132516,-1.628912735484306,-1.115923493918651,-0.512989241565655,0.00276315804102345,0.0016971343190064214,-0.01624432539923415,-0.020105074579232274,0.20407537919411678,-,^
2022-01-14,138.8168182373047,140.07232082607686,136.3466335227671,136.426740644181,29662000,42.52252118306198,-1.6272971562381713,-1.2181982263825553,-0.409098929855616,-0.031517730856598924,-0.014756899233560383,-0.010190904093035136,0.0064470143064288,-0.05643211604529841,-,^
2022-01-18,135.35089111328125,136.47899680734477,134.79405929684148,135.52705085012096,34872000,36.18266099515677,-1.883970907107141,-1.3513527625274724,-0.5326181445796687,-0.0065946733742364705,-0.02565334819570675,-0.011386964135541855,-0.024967631213809405,0.17564560717416233,-,^
2022-01-19,134.4735870361328,137.30306172956688,134.37306968151069,135.87388991456638,28648000,34.76955352392007,-2.1335831920663964,-1.5077988484352574,-0.625784343631139,0.0025591869834826753,0.006038034726950414,-0.0031232060042327703,-0.006481701523591621,-0.1784813030511585,-,-
2022-01-20,132.67318725585938,136.97115074107518,132.3318170208066,135.60169102059876,29908000,32.00692712587117,-2.448455669112491,-1.695930212570704,-0.7525254565417867,-0.002003320094381311,-0.0024173604310837593,-0.01519093569524188,-0.013388501191610724,0.043982127897235435,-,-
2022-01-21,129.73126220703125,134.22377601264574,129.46752373899022,131.96259868346377,55652000,28.08067707707113,-2.9019314807319176,-1.937130466202947,-0.9648010145289707,-0.026836629467859585,-0.020058053930078756,-0.0216447816277322,-0.0221742245715002,0.8607730373144309,-,-
2022-01-24,130.18161010742188,130.5787136535352,123.90760490884027,125.37856914011597,76622000,29.506238325727907,-3.1882231646677326,-2.187349005895904,-1.0008741587718286,-0.0498931485817492,-0.027156607177905134,-0.042944505846569614,0.003471390725174217,0.37680586501832813,-,v
2022-01-25,126.33101654052734,128.78329685194453,125.8985899276899,128.12743590180497,46960000,24.95205213264019,-3.683362595712566,-2.4865517238592365,-1.1968108718533297,0.02192453447619913,-0.013749689756896055,0.016068303638944625,-0.02957862914521603,-0.3871211923468455,-,v
2022-01-26,128.61807250976562,132.3671462984334,126.53701871024086,130.49509993814254,49130000,31.695472355798273,-3.846873496042491,-2.7586160782958875,-1.0882574177466036,0.01847897774331586,0.02782852694483373,0.00507097643363319,0.018103677401381413,0.04620954003407163,-,v
2022-01-27,128.3911590576172,132.02129461705258,128.31899431594653,130.67921569341112,31950000,31.39406277111847,-3.9492426705915307,-2.996741396755016,-0.9525012738365146,0.0014109016764296545,-0.0026128211648611677,0.014082642564752001,-0.001764242362839119,-0.3496845104823937,v,v
2022-01-28,132.71649169921875,132.72197391207828,127.87364760924652,129.04205751284695,34362000,42.59929819336463,-3.6394000448188137,-3.1252731263677758,-0.514126918451038,-0.012528068613490428,0.00530732028539882,-0.0034706218597962968,0.0336887109155275,0.0754929577464789,-,^
2022-01-31,134.65969848632812,134.82840181492318,131.58042613665086,133.5236351765011,39986000,46.80298845644292,-3.200157559616997,-3.1402500130176203,-0.059907546599376804,0.034729589329494326,0.015870980823720293,0.028987821937569436,0.014641788388389143,0.16366916943134857,-,^
2022-02-01,136.98904418945312,137.1373372663733,133.7291325897689,136.93978021182596,68644000,51.39781298949704,-2.633735926122796,-3.038947195638656,0.40521126951585984,0.02558457183111562,0.01712499310508453,0.016329985516892576,0.017298016624933243,0.7167008452958537,-,^
2022-02-02,147.2957763671875,150.82539473153096,144.83007165755623,150.53031199687234,123200000,65.56892670424352,-1.3377547469434319,-2.698708705899611,1.3609539589561792,0.09924458593422458,0.09981276972419417,0.08301062642678514,0.07523763844559994,0.7947672047083503,^,^
2022-02-03,142.4091339111328,148.96280731193713,141.98665428742234,145.0121976171074,71518000,57.07227847741662,-0.6969574406967922,-2.2983584528590475,1.6014010121622553,-0.036657828623112065,-0.012349295839134022,-0.019632783009712385,-0.033175713361074166,-0.4194967532467533,-,^
2022-02-04,142.61117553710938,144.18564871656986,139.84639407354533,142.76195915753863,57998000,57.31854408433913,-0.17084845349464217,-1.8728564529861664,1.7020079994915243,-0.015517580565948985,-0.03206947211570477,-0.0150736717096277,0.0014187406413317394,-0.1890433177661568,-,^
2022-02-07,138.53866577148438,143.56363789927013,138.23908788884378,143.56363789927013,54974000,50.971138856714845,-0.0815803855257684,-1.5146012394940869,1.4330208539683185,0.005615492715723036,-0.004313957892733367,-0.01149336881619023,-0.02855673652704216,-0.052139728956170917,-,^
2022-02-08,138.73573303222656,139.3338713718658,136.36208647624022,138.36500783997346,54284000,51.25245255106564,0.005009140213047658,-1.2106791635526601,1.2156883037657078,-0.03621132854646825,-0.02946265913359003,-0.013577935454209822,0.0014224711898644937,-0.012551387928839142,-,-
2022-02-09,140.91827392578125,141.8463472422032,139.51996039462585,140.2927701568597,40144000,54.37476779659303,0.24689867877958704,-0.9191635950862107,1.1660622738657977,0.013932441062814105,0.018032053840174145,0.023158005278364868,0.015731642064036322,-0.26048190995505116,-,-
2022-02-10,137.9604034423828,140.81127531538016,137.30056376539412,139.03875915293037,39330000,49.726282915883885,0.1976441342084172,-0.6958020492272852,0.8934461834357024,-0.008938529066944922,-0.0072971348712677075,-0.015907377144849244,-0.020989971002315033,-0.020277002789956144,-,-
2022-02-11,133.6435546875,138.49435604596948,132.76524653286933,137.94051590489158,39958000,43.83622556891568,-0.18756196673351155,-0.5941540327285305,0.40659206599501896,-0.007898828029893501,-0.01645407489010653,-0.033032036490937555,-0.03129049094645253,0.015967454869056708,-,-
2022-02-14,134.8811492919922,135.65146855696324,132.62244716175653,132.62244716175653,34302000,45.817694490862635,-0.3884986646432651,-0.5530229591114775,0.16452429446821237,-0.038553348218603234,-0.02052709994956492,-0.0010755779455992043,0.009260413698109593,-0.14154862605736018,-,-
2022-02-15,135.95849609375,137.45135880950014,135.17523823760737,136.91590911778226,26680000,47.552371556516164,-0.4555581712455137,-0.5335300015382848,0.0779718302927711,0.03237356908962097,0.01326849072615155,0.019248559580093305,0.007987378573010018,-0.2222027870095038,-,-
2022-02-16,137.08261108398438,137.42894718548806,134.28199030422422,135.99629781778847,25022000,49.37365535030755,-0.41323313393516514,-0.5094706280176609,0.09623749408249571,-0.006716613912286062,-0.00016305130924998412,-0.006608073675542725,0.00826807461491219,-0.06214392803598201,-,-
2022-02-17,131.90835571289062,136.461082812284,131.84814248998057,135.59472615306703,38950000,42.122777751984984,-0.7881243948882855,-0.5652013813917858,-0.22292301349649968,-0.002952813210102878,-0.0070426528982845404,-0.018124901252428716,-0.03774552680444432,0.5566301654544001,-,v
2022-02-18,129.7825164794922,133.43207557532537,129.5770018418038,132.83193274174764,45620000,39.552742186773976,-1.242443761605415,-0.7006498574345117,-0.5417939041709032,-0.020375375132220097,-0.022196857701366257,-0.017225427717719843,-0.016116031633549466,0.17124518613607198,-,v
2022-02-22,129.19583129882812,131.5515578787969,127.61338526044253,129.22020512579672,44990000,38.84828697313581,-1.631034177159222,-0.8867267213794539,-0.7443074557797682,-0.02719020600997235,-0.014093445585854458,-0.015154051671596669,-0.004520525542103915,-0.013809732573432654,-,v
2022-02-23,126.98091125488281,131.42267296291416,126.92069803114178,131.02209177354695,32786000,36.22512954864314,-2.0935868518005805,-1.1280987474636792,-0.9654881043369012,0.013944310380842317,-0.0009797293012788755,-0.005428013902202045,-0.017143897149608733,-0.271260280062236,v,^
2022-02-24,132.0596160888672,132.3671514967105,124.35893767700955,124.35893767700955,54456000,45.33912242389408,-2.026988284186956,-1.3078766548083347,-0.7191116293786213,-0.05085519553491569,0.007186572244371137,-0.02018394472983176,0.039995813416318304,0.6609528457268345,-,^
2022-02-25,133.81973266601562,134.62786557319473,131.12460980022797,132.91654941840557,36406000,48.10696457099551,-1.8113021776608775,-1.4085617593788433,-0.4027404182820342,0.06881380543489546,0.017079117068862892,0.054404389821908206,0.013328196986155172,-0.3314602614955193,-,^
2022-02-28,134.4143829345703,135.10556696702054,131.96160142081268,132.4169288111751,38864000,49.04571532076564,-1.5742392274476629,-1.4416972529926073,-0.13254197445505556,-0.003758904436028665,0.0035483099415707375,0.006383177207237356,0.004443666540859148,0.06751634345986934,^,^
2022-03-01,133.42361450195312,135.60717546651932,132.58463846083353,134.23672846802612,26496000,47.503785299831975,-1.4496017570626236,-1.4432781538066106,-0.0063236032560129996,0.01374295320990293,0.0037127152548883657,0.004721351009026042,-0.007371000119082982,-0.3182379580074105,-,^
2022-03-02,133.93118286132812,134.61888922639284,132.43832018027874,133.9874173025302,23520000,48.39880058325089,-1.2949418555052432,-1.4136108941463372,0.11866903864109402,-0.001857250011536915,-0.007287860961092685,-0.0011035839615614051,0.003804186847055968,-0.1123188405797102,-,v
2022-03-03,133.26239013671875,135.79029772447288,132.39254063011379,135.3628369812351,24604000,47.25556147645645,-1.212363382396319,-1.3733613917963337,0.16099800940001474,0.010265289878670814,0.008701665158669103,-0.0003456669497365894,-0.004993554975930015,0.04608843537414975,-,v
2022-03-04,131.27883911132812,133.21459144293246,129.7173046928894,132.29499215181391,30430000,43.94041198089647,-1.2920810321866156,-1.35710531987439,0.06502428768777446,-0.022663863271766838,-0.018968264483569253,-0.020206847942427664,-0.014884552373371274,0.2367907657291497,-,^
2022-03-07,125.77716827392578,131.10817972412593,125.6940618778204,130.86236095139722,45112000,36.32792313157715,-1.7786930350665386,-1.4414228629128198,-0.3372701721537188,-0.010829065991951436,-0.015812169642909435,-0.031015467246981232,-0.041908283731369456,0.48248439040420643,v,^
2022-03-08,126.49971771240234,130.62549298939888,125.07652156125128,125.64928373265987,40428000,37.85076901012304,-2.0820324777285464,-1.5695447858759652,-0.5124876918525811,-0.03983633781965401,-0.0036815913068330985,-0.004913042886380725,0.005744678850639673,-0.1038304663947508,-,^
2022-03-09,132.78517150878906,133.09917627893765,129.28241693830725,130.62549842385695,37026000,49.22689543045495,-1.7945609977351467,-1.6145480282478015,-0.18001296948734513,0.03960400364704686,0.018937216870366314,0.03362657775061573,0.0496874926683768,-0.08414959928762245,^,v
2022-03-10,131.79937744140625,132.6378674373792,130.28959734180035,130.64141568020557,27102000,47.75060510041015,-1.6275220601214357,-1.6171428346225285,-0.01037922549890724,0.00012185412909948568,-0.003465903054062913,0.007790544355105178,-0.007423977061456477,-0.26802787230594716,-,v
2022-03-11,129.25254821777344,133.15887530088736,129.01468700810108,132.85332926637238,31526000,44.07319417163618,-1.681269701652667,-1.6299682080285562,-0.05130149362411074,0.016931182004191525,0.003928047650148869,-0.00978520434255914,-0.019323529997439137,0.16323518559515904,-,v
2022-03-14,125.35169982910156,129.78848807824545,124.67892145628271,129.63024802938145,38812000,39.105599412124455,-2.015398697371438,-1.7070543058971328,-0.30834439147430537,-0.024260447628893234,-0.025311022003048134,-0.033606759450155566,-0.03018005016117331,0.2311108291568864,v,v
2022-03-15,128.58323669433594,129.23662223260322,125.12228273153698,126.37180948996587,30920000,44.669402140756894,-1.9964267509515423,-1.7649287949080148,-0.23149795604352752,-0.025136405961955988,-0.004252040021527348,0.003556024306881289,0.025779761021510694,-0.20333917345150987,-,^
2022-03-16,132.6463165283203,132.69855699952495,128.12194243977905,130.1109376361614,35576000,50.76104102289487,-1.6346910597240765,-1.7388812478712272,0.10419018814715075,0.029588308985101675,0.026787567696491266,0.02397382498749767,0.03159882997534891,0.15058214747736098,-,^
2022-03-17,133.20216369628906,133.44251542685555,131.55602693390728,132.51544446609907,28264000,51.546954242741194,-1.288309863058629,-1.6487669709087076,0.3604571078500787,0.01848043580057479,0.005606379181148702,0.02680325031555264,0.004190445558660327,-0.2055318192039577,-,^
2022-03-18,135.477783203125,135.59571910651152,131.62917901519822,132.78963125023313,44566000,54.732481691655536,-0.8207160889086538,-1.483156794508697,0.6624407056000432,0.002069093042239345,0.016135814532334924,0.0005560526795758136,0.017083953020647025,0.5767761109538636,^,^
2022-03-21,135.4539031982422,136.39789162419223,133.4544597507842,135.51560466660072,26832000,54.69184650092132,-0.44691975811048223,-1.2759093872290541,0.8289896291185719,0.020528511079533684,0.005915913297016351,0.013866839778551077,-0.00017626509910495525,-0.39792667055602926,-,^
2022-03-22,139.20248413085938,140.37886680791058,135.45391090476724,135.45391090476724,35496000,59.74429363109781,0.1500658148673324,-0.9907143468097769,1.1407801616771094,-0.0004552520869109955,0.029186486215541096,0.014982273036936,0.027674218639022863,0.32289803220035784,-,^
2022-03-23,137.6175537109375,138.9243097056279,137.17915893523153,138.0425238994977,25154000,56.8573391366999,0.48964620675229753,-0.6946422360973621,1.1842884428496596,0.01911065525860245,-0.010361652970692803,0.01273679009295825,-0.011385791207805918,-0.2913567725940951,-,^
2022-03-24,140.89837646484375,140.94514991308523,137.09505730306245,138.53765371288432,26396000,61.05277667020183,1.0118372610278925,-0.3533463366723112,1.3651835977002036,0.0035867919493206557,0.014546339742406156,-0.0006130787855959108,0.02384014731723494,0.04937584479605639,-,-
2022-03-25,140.9989013671875,141.35917842740724,139.07260969193993,141.2407413681991,24126000,61.17735171856082,1.417449477971786,0.0008128262565082543,1.4166366517152778,0.019511573805897298,0.002937515158040638,0.01442468042086964,0.0007134567825828331,-0.08599787846643436,-,-
2022-03-28,140.78244018554688,141.32683456688196,139.1462501767931,140.23007305677257,35050000,60.72692216038075,1.701815998375622,0.341013460680331,1.360802537695291,-0.0071556429231126595,-0.00022880622882159862,0.0005295110591243546,-0.0015351976472278706,0.4527895216778579,-,-
2022-03-29,141.82742309570312,143.10930412787826,141.36264991460445,141.96876091620584,34318000,62.17479796893713,1.988576826301312,0.6705261338045272,1.3180506924967847,0.012398823030844053,0.012612392872584754,0.015928562465717055,0.007422679339688987,-0.020884450784593445,-,-
2022-03-30,141.2631378173828,142.041414610686,140.92624749010545,141.78215606095287,19884000,60.86979226880523,2.1455709362198263,0.9655350942875871,1.1800358419322392,-0.0013144078602130849,-0.007462055131216561,-0.0030871126479492528,-0.003978675392977693,-0.42059560580453403,-,-
2022-03-31,138.40579223632812,141.43182173454176,138.36299756837354,141.3770755393763,37524000,54.61828400291037,2.0161846690209018,1.17566500923425,0.8405196597866518,-0.0028570627844198837,-0.004291655907645242,-0.018188591319100222,-0.020227113918059092,0.8871454435727217,-,-
2022-04-01,139.48362731933594,139.80259792884758,137.6493944528036,138.83622510765764,25942000,56.43583503581627,1.97781834471445,1.33609567633029,0.6417226683841599,-0.017972152995985424,-0.011519499541992273,-0.005157470769721617,0.007787499826361399,-0.30865579362541307,-,-
2022-04-04,142.29119873046875,143.02818421725604,139.6428649982141,139.69064073160442,25942000,60.83588125131185,2.149185828898453,1.4987137068439227,0.6504721220545304,0.006154126009146665,0.023072434534085806,0.014482232583260757,0.020128322334958426,0.0,-,-
2022-04-05,139.9220428466797,142.3101159402801,139.7145388197234,142.18920353815585,21418000,55.72144549989961,2.069963464479372,1.6129636583710125,0.45699980610835933,0.01788640093184246,-0.005020466986319416,0.0005132651890966677,-0.016650052181208852,-0.1743890216637114,-,-
2022-04-06,135.89828491210938,138.69740254618586,134.87218475857597,138.08980328110664,32468000,48.295266945687565,1.663321794276726,1.6230352855521553,0.040286508724570735,-0.028830601445412496,-0.02538620231052513,-0.03465891310993496,-0.028757141138793685,0.5159211877859744,-,-
2022-04-07,135.24191284179688,136.5118422894148,133.58880560045588,135.36282523850036,26234000,47.190425801091905,1.2734124938448872,1.5531107272107016,-0.27969823336581445,-0.019747859565380277,-0.015757759097494772,-0.009515521383577807,-0.004829877512707359,-0.19200443513613408,-,-
2022-04-08,132.65330505371094,135.0244608805597,132.33283097987936,134.9383703946311,25142000,43.01135931750388,0.7469175489430313,1.3918720915571676,-0.6449545426141363,-0.0031356825119555065,-0.010895621829655977,-0.009401795419392789,-0.019140573611333367,-0.04162537165510405,-,-
2022-04-11,128.21054077148438,131.46398360336622,128.0562794987525,131.19626633845286,36884000,36.961483266184274,-0.028498918139945317,1.1077978896177452,-1.1362968077576905,-0.02773194937240131,-0.02636912788967194,-0.03231663261082274,-0.033491546105298364,0.4670272850210804,-,-
2022-04-12,127.1068115234375,130.97382925450697,126.1857162540227,130.97382925450697,32710000,35.62099410327008,-0.7237409458338959,0.741490122527417,-1.4652310683613128,-0.0016954528520808365,-0.0037284306729824523,-0.014607352736247692,-0.008608724691475222,-0.11316560026027545,-,-
2022-04-13,129.27593994140625,129.71384877798675,127.13318439512136,127.39095470279639,27928000,40.21030667872694,-1.08716259292612,0.3757595794367096,-1.4629221723628296,-0.027355652439147726,-0.009620093446850553,0.0075085213225825065,0.017065398714440905,-0.14619382451849583,-,-
2022-04-14,126.12700653076172,129.85867002195013,125.99861492222685,129.85867002195013,31598000,36.17835695946089,-1.6107023025463434,-0.021532796959900985,-1.5891695055864423,0.019371197310758204,0.00111646709528479,-0.008924259061806716,-0.024358232568811866,0.13140933829848178,-,-
2022-04-18,127.06898498535156,127.60243008197236,125.58159694137179,126.39570550350903,20808000,38.1754614210031,-1.9273838245032096,-0.4027030024685627,-1.5246808220346468,-0.026667179926113116,-0.01737458068526654,-0.0033097028972299825,0.007468491328699756,-0.3414773086904235,-,-
2022-04-19,129.39039611816406,129.7128443833924,126.39520967257236,127.0839183466349,26490000,42.916154105293714,-1.9683478459316461,-0.7158319711611795,-1.2525158747704666,0.005444906853316889,0.01653898205593962,0.006478757644564848,0.018268904352073845,0.27306805074971163,-,-
2022-04-20,127.43074798583984,130.77377379750712,126.89332411855284,130.26918246013264,31696000,40.119449467359416,-2.1343360573680172,-0.9995327884025471,-1.1348032689654701,0.02506425797172529,0.008179062136506099,0.0039409281987097255,-0.01514523636309606,0.1965269913174783,-,-
2022-04-21,124.2206039428711,129.47945810187937,123.93397230591673,128.63499994743174,36446000,35.982773124342344,-2.4961407500137796,-1.2988543807247936,-1.197286369288986,-0.01254465931112314,-0.009897364418280818,-0.02332157214095265,-0.02519128305929319,0.1498611812216053,-,-
2022-04-22,119.06624603271484,124.8053101263878,118.35913172906152,124.40522250559663,56884000,30.538083888452135,-3.162333766999268,-1.6715502579796886,-1.4907835090195793,-0.032882010677993234,-0.036099533038003506,-0.0449823440105217,-0.0414935827596421,0.5607748449761292,-,v
2022-04-25,122.48839569091797,122.69092625776436,117.94711109788153,118.53430015780602,46128000,37.319494847402716,-3.3752498757551734,-2.0122901815347856,-1.3629596942203879,-0.047191928357561475,-0.016941457590884834,-0.0034811055569683447,0.028741560032579327,-0.1890865621264327,-,^
2022-04-26,118.08544158935547,121.92707556109316,117.94710303931359,121.71260107377317,73054000,32.87277728896635,-3.8548329106514814,-2.380798727358125,-1.4740341832933566,0.0268133435784903,-0.006225812453859891,-6.832357202224415e-08,-0.03594588758165085,0.5837235518557058,-,v
2022-04-27,113.75067138671875,116.68414126004245,112.20008592742334,113.92483415386953,91820000,29.18571307103666,-4.53243851927742,-2.811126685741984,-1.7213118335354363,-0.06398488612681341,-0.043000574539521885,-0.048725377425969274,-0.03670876057449124,0.2568784734579901,v,v
2022-04-28,117.95854949951172,119.08018595435958,113.57201989604017,115.86107915420212,48884000,36.61753331379729,-4.6760031948808916,-3.1841019875697656,-1.491901207311126,0.01699581144632134,0.020534450255560444,0.012227566113490074,0.036992116718919554,-0.4676105423654977,^,v
2022-04-29,113.56654357910156,117.35891362880432,113.27294906445184,116.17905335741958,42676000,32.75369408403175,-5.085554302524528,-3.5643924505607183,-1.52116185196381,0.0027444436521626425,-0.014454733268681519,-0.002633314366180084,-0.037233468358546906,-0.1269945176335815,v,^
2022-05-02,116.02827453613281,116.18999980943521,112.06422476007553,112.86539470993021,35534000,36.780348979441825,-5.1520952443906936,-3.8819330093267137,-1.2701622350639798,-0.02852199731129712,-0.009960162234172287,-0.010670899931178979,0.02167655085246656,-0.16735401630893243,-,^
2022-05-03,116.77570343017578,117.87843306840782,115.48238717008276,115.87649904343223,24968000,37.99435594880839,-5.085891167474543,-4.12272464095628,-0.963166526518263,0.026678720623276142,0.0145316573004719,0.030501816412199068,0.006441782376158667,-0.2973490178420668,-,^
2022-05-04,121.67926025390625,122.26993450529203,114.56825328439439,116.47464340177527,49916000,45.40187575352421,-4.5848960766304,-4.215158928091104,-0.3697371485392962,0.0051619125817639055,0.03725449450397522,-0.007915786191205365,0.041991242010907426,0.9991989746876002,^,^
2022-05-05,115.9511489868164,120.46307853692151,114.45828622672609,119.63205251164236,45840000,39.469981056863276,-4.5970723763166035,-4.291541617736204,-0.30553075858039946,0.027108124289127122,-0.014777598235258038,-0.0009598388254670187,-0.04707549384453091,-0.08165718406923628,-,^
2022-05-06,115.19575500488281,117.01207587544798,113.47299621973782,114.63643262732876,39710000,38.750948211573586,-4.61448327205045,-4.356129948599054,-0.25835332345139594,-0.04175820592752455,-0.02864780398598077,-0.008608289006149739,-0.00651476064303147,-0.13372600349040142,-,^
2022-05-09,111.97564697265625,114.52943920583498,111.46757799921504,112.71112905218551,40802000,35.760304831617006,-4.832412298093033,-4.45138641849785,-0.38102587959518264,-0.016794866440080214,-0.021216926979875206,-0.017673087759481954,-0.02795335671952559,0.027499370435658532,-,^
2022-05-10,113.8506851196289,115.69686204417626,112.36329700328884,114.95789468610587,39900000,38.725715803593516,-4.798508494258584,-4.520810833649997,-0.27769766060858725,0.01993384018786748,0.010193211862699947,0.008035690917049587,0.01674505303309859,-0.0221067594725749,-,-
2022-05-11,113.06195831298828,115.81081721712015,112.6977024843236,112.6977024843236,37534000,37.93249516227643,-4.780180205239873,-4.572684707967972,-0.20749549727190075,-0.019661043793066657,0.000984946099059858,0.002976109547808914,-0.006927729998391086,-0.05929824561403507,-,-
2022-05-12,112.30707550048828,113.75116787198364,109.30194194078871,110.84755396423819,53836000,37.14821695867866,-4.771564018484568,-4.612460570071292,-0.15910344841327628,-0.016416914269771987,-0.017784602463128407,-0.030131586258444365,-0.006676718002798676,0.4343262109021153,-,-
2022-05-13,115.4983139038086,117.31413370158947,113.06445432012579,113.98803256594428,35038000,42.55541443321001,-4.455864922403052,-4.581141440537644,0.1252765181345925,0.028331510163221774,0.03132245493616037,0.034423106419969374,0.028415292528086944,-0.34917155806523514,-,-
2022-05-16,113.90044403076172,115.61723456489342,113.34759099386139,114.4085130103672,25990000,40.66880134714255,-4.2852086413012955,-4.521954880690375,0.23674623938907935,0.003688812193329616,-0.014464575436515026,0.0025042059012989615,-0.01383457315556691,-0.2582339174610423,-,-
2022-05-17,115.91879272460938,116.34376289863141,114.32342334704686,116.2845443739888,23054000,44.04337567383972,-3.941661418235981,-4.405896188199496,0.4642347699635154,0.0163976553340186,0.006283910322471886,0.008609202406765881,0.017720288195738343,-0.11296652558676412,-,-
2022-05-18,111.3670654296875,114.85091311262987,111.02470046541804,114.45281484671837,35126000,38.69788230479857,-3.990682022913788,-4.322853355142355,0.3321713322285671,-0.01575213229867678,-0.01283136928708628,-0.02885430461275662,-0.03926651742945175,0.5236401492148868,-,-
2022-05-19,109.85877227783203,112.4722766682842,109.47659675819857,110.90128865895407,34144000,37.09140466186502,-4.103930303388708,-4.279068744791625,0.17513844140291734,-0.031030483544862597,-0.020710644607701445,-0.013943777382238176,-0.013543439849438621,-0.02795649945909018,-,-
2022-05-20,108.38978576660156,111.6497051639263,105.29309506741203,111.418305686061,48962000,35.5437725246764,-4.26307326131321,-4.275869648095942,0.01279638678273276,0.004661956893006636,-0.007313548980464879,-0.03821366223163347,-0.01337159045902514,0.4339854732895969,-,v
2022-05-23,110.95751190185547,111.61387396167295,108.22358115699089,109.06605749514745,37184000,40.237709660763855,-4.134343029395467,-4.247564324355848,0.1132212949603808,-0.021111864665590896,-0.0003209251847171579,0.02783170242742572,0.02368974269201951,-0.24055389894203671,-,v
2022-05-24,105.46577453613281,105.951952644931,101.39971155887439,105.26871860398441,76780000,34.45797525540624,-4.42445830103442,-4.282943119691562,-0.14151518134285812,-0.03481687133810618,-0.050727755571732924,-0.06305344477760055,-0.04949405652300698,1.0648666092943202,-,v
2022-05-25,105.30155181884766,105.99324451926378,103.36232172356168,104.4859474528287,40258000,34.29931496925347,-4.614435801263937,-4.349241656006037,-0.2651941452579001,-0.0074359331198896594,0.0003897226365536799,0.019355184886771237,-0.0015571185819044375,-0.4756707475905184,v,v
2022-05-26,107.27960968017578,108.13252659391175,104.72432138922662,105.1741741646191,37948000,38.00223998678359,-4.552898619613998,-4.389973048727629,-0.16292557088636883,0.006586787300762342,0.020183192658652427,0.013176945360298342,0.018784698109017617,-0.05737989964727508,-,v
2022-05-27,111.78207397460938,111.7835698138087,108.61919412203534,108.96206020855854,37914000,45.52790782309481,-4.093629902587423,-4.330704419499589,0.2370745169121653,0.036015362840031706,0.033764523357604714,0.03719167315806926,0.04196943210230186,-0.0008959628965953259,-,^
2022-05-31,113.220703125,115.18431484820356,111.54521130217331,112.21003212171203,50012000,47.71191975165655,-3.572390492320764,-4.179041634063824,0.6066511417430602,0.029808282873293068,0.03042258392766728,0.026938306841519655,0.012869945056820153,0.31909057340296454,-,^
2022-06-01,113.3500747680664,116.54430641015415,112.71113124806907,114.30849764115457,36606000,47.91416368961936,-3.1129807891912264,-3.965829465089305,0.8528486758980787,0.01870122911261962,0.011807089912744262,0.01045244284613256,0.001142650058651995,-0.26805566664000635,-,^
2022-06-02,117.06282806396484,117.33851047218953,112.40908243525307,113.45756701556255,37992000,53.47569506107801,-2.421394795451775,-3.6569425311617993,1.2355477357100244,-0.00744415894838657,0.006814610567420942,-0.002679849004010193,0.03275474942116596,0.037862645467956035,^,^
2022-06-03,113.9959945678711,115.76802495065249,112.97836071006883,115.51025464447159,26136000,48.836934715141155,-2.0966073607807516,-3.34487549708559,1.2482681363048385,0.018092117457687795,-0.013384229228896372,0.005064344112440056,-0.026198183888210713,-0.31206569804169304,-,^
2022-06-06,116.2646484375,118.77912375848886,115.61127043127397,116.14919546785866,33542000,52.144013182447125,-1.637276072099084,-3.003355612088289,1.366079539989205,0.005531464070905878,0.02600976227347651,0.02330454880613697,0.019901171775629223,0.2833639424548515,-,^
2022-06-07,116.59207916259766,117.13100649382692,114.50456340116364,114.93102184671086,31590000,52.62002598636978,-1.2326228841258882,-2.649209066495809,1.4165861823699206,-0.010488007396356802,-0.013875479229944698,-0.009572656938911628,0.002816253517281986,-0.058195694949615406,-,^
2022-06-08,116.63636779785156,118.00632111258021,116.04519240682265,116.20592298566977,26108000,52.68857574533586,-0.8980069296636657,-2.2989686391293804,1.4009617094657147,0.011092750403449037,0.007472953959457573,0.013454738919543852,0.0003798597260809,-0.17353592909148463,-,v
2022-06-09,114.28910064697266,117.7361218438542,114.22988211545837,115.77399830108254,25798000,48.66952809066355,-0.8128561177800293,-2.0017461348595105,1.1888900170794812,-0.0037168904431875704,-0.002289701654780263,-0.01564313224627445,-0.020124659188179406,-0.011873755170828892,-,v
2022-06-10,110.632568359375,112.73999313613125,109.84085182107376,111.90996185455049,41452000,43.14800388013396,-1.0285683864797903,-1.8071105851835665,0.7785421987037762,-0.033375684551234186,-0.04243496923016543,-0.038422785816660254,-0.031993709521718205,0.6067912241259013,-,^
2022-06-13,105.88626098632812,108.27384044560415,105.61406382229377,106.27838344629973,47252000,37.24185628296604,-1.5644749585362803,-1.7585834598541095,0.1941085013178292,-0.05032240485945416,-0.039614626241233686,-0.038481019845560294,-0.04290153833931731,0.1399208723342662,v,v
2022-06-14,106.20772552490234,107.41097248913957,105.29658482140374,106.02808814729501,33706000,37.86224096899164,-1.9408721106767644,-1.7950411900186405,-0.14583092065812386,-0.0023550913260850237,-0.007969311450609196,-0.00300602958924312,0.003035941920885632,-0.28667569626682465,-,v
2022-06-15,109.24221801757812,110.89332070160148,107.1571853080472,108.02851540213744,39698000,43.53634917493834,-1.9715841864631045,-1.8303497893075333,-0.14123439715557118,0.01886695582083342,0.03242078655245417,0.017670093382413876,0.02857129721664453,0.17777250341185535,^,^
2022-06-16,105.52896881103516,108.1315239116339,104.63772962441162,106.71081841205395,51684000,38.860090300736495,-2.269391770162798,-1.9181581854785865,-0.3512335846842116,-0.012197677485230152,-0.024904987716971583,-0.023511775494968856,-0.03399097229923942,0.30192956824021366,v,v
2022-06-17,106.63369750976562,108.18229360105146,104.54617406358982,105.52897843764345,51376000,40.89414788349051,-2.3887282797705325,-2.0122722043369756,-0.37645607543355686,-0.011075165498655837,0.00046951793132077313,-0.000874976561039964,0.01046848757433283,-0.005959291076542028,-,v
2022-06-21,111.01324462890625,111.95424892421053,108.08325267016507,108.41118312635855,47416000,48.24516789094192,-2.1056379882808045,-2.0309453611257413,-0.0746926271550632,0.027311973747743412,0.034866660685426876,0.0338326929536783,0.04107094869086336,-0.07707879165369047,^,^
2022-06-22,110.95701599121094,112.80716393802025,109.85727053284596,110.03044617871146,30774000,48.16234739827786,-1.8643332012228768,-1.9976229291451686,0.13328972792229177,0.014936310126470786,0.007618424686919312,0.01641343888950697,-0.0005065038670230004,-0.35097857263371013,v,^
2022-06-23,111.70792388916016,112.20604591984649,109.97471708378085,111.69747579437303,28362000,49.41131499766773,-1.5941292969824303,-1.916924202712621,0.32279490573019065,0.015150621246722729,-0.005328722017194254,0.0010690830963233644,0.0067675567087051025,-0.07837785143302789,-,^
2022-06-24,117.41365051269531,117.51715954815482,112.41504945457397,112.45735057227827,41164000,57.742689688748676,-0.9091066864039732,-1.7153606994508914,0.8062540130469182,0.006802971799507063,0.047333578015059,0.02218993997442187,0.05107718794591998,0.45137860517593964,^,^
2022-06-27,115.2823486328125,118.01527730147949,114.63145354876544,117.7102399923707,36420000,54.154956181791135,-0.5320662533043503,-1.4787018102215832,0.9466355569172329,0.04671005846537635,0.004238681016796919,0.019716257787059766,-0.018152079171172453,-0.11524633174618604,-,^
2022-06-28,111.47454833984375,116.75132243650623,111.31580714736661,115.25148924100075,35792000,48.372223744858985,-0.5343569202203327,-1.2898328322213333,0.7554759120010006,-0.020888163608614785,-0.010710095284904408,-0.028924403370566232,-0.03303021093972536,-0.01724327292696326,-,v
2022-06-29,111.16999816894531,112.62205554244028,110.3449403751085,111.02121152936431,24716000,47.93138049535674,-0.5543566652521434,-1.1427375988274953,0.5883809335753518,-0.03670475530941364,-0.03536805243736407,-0.00872173321236247,-0.002732015293481882,-0.3094546267322307,-,v
2022-06-30,108.44453430175781,110.3603778852546,106.24206665621995,109.47660264341167,43170000,44.061367868257754,-0.7811244473147951,-1.0704149685249553,0.2892905212101602,-0.013912736716479635,-0.020082013654362796,-0.037182255071606996,-0.024516181632436518,0.7466418514322706,-,v
2022-07-01,108.2201156616211,108.73017408174682,106.22266146632056,107.41943920517338,35476000,43.74814370651712,-0.9677921515934287,-1.04989040513865,0.08209825354522127,-0.018790895849580824,-0.014771640282010834,-0.00018265071934431276,-0.0020694324668520947,-0.17822561964327077,v,v
2022-07-05,112.72407531738281,112.83753130607606,105.22840975036895,106.59089908908788,39342000,51.23987719652052,-0.7437225781145713,-0.9886568397338342,0.2449342616192629,-0.007713130157968595,0.037775688846420685,-0.009360071591379304,0.041618507134519644,0.10897508174540538,-,^
2022-07-06,114.02684020996094,115.0395005469071,110.94557098037903,112.76288648601033,37432000,53.182162607032495,-0.45576975756947036,-0.8820794233009615,0.4263096657314911,0.05790351192894949,0.019514510955207953,0.05433096673771631,0.011557113144730513,-0.048548624879263924,-,^
2022-07-07,118.21780395507812,118.62237150865167,114.28710302372731,114.53242824450783,40936000,58.859565010633204,0.10935015565975448,-0.6837935075088183,0.7931436631685728,0.015692590121103578,0.03114470199115349,0.030118661013869952,0.036754186447684134,0.09360974567215208,-,^
2022-07-08,118.78559112548828,119.11551098399944,116.34525479851375,116.69209965966292,38238000,59.57479693845763,0.5961553302662708,-0.4278037399538005,1.0239590702200712,0.018856418642801742,0.004157221517964826,0.018008609198529868,0.004802890524221892,-0.06590775845221808,^,^
2022-07-11,115.12609100341797,117.4365476052986,114.78173665895066,117.4365476052986,31196000,53.159987517970336,0.6788356672399374,-0.20647585851505293,0.8853115257549903,0.006379591658791872,-0.01409525396676825,-0.01343860686257281,-0.030807609638481503,-0.1841623515874261,-,^
2022-07-12,113.47796630859375,116.41741177109778,113.14904114568549,115.66202058231765,29960000,50.52152676637277,0.6044033553986736,-0.04430001573230762,0.6487033711309812,-0.015110517629870146,-0.008678182856891481,-0.014224349280551274,-0.01431582259468267,-0.0396204641620721,-,^
2022-07-13,110.82366180419922,113.65263549932013,110.67238462038537,111.16950439272351,43722000,46.517240885582574,0.32746026337308365,0.030052040088770632,0.29740822328431304,-0.03884175779547949,-0.02374882098576292,-0.021888444658680672,-0.023390483551462116,0.45934579439252343,-,v
2022-07-14,109.84235382080078,110.56440377859388,107.85734476528513,109.68610316058955,37004000,45.09422798643222,0.02846933774434035,0.029735499619884576,-0.0012661618755442257,-0.013343598500660914,-0.027172548240156913,-0.025435792901328025,-0.008854679293418322,-0.15365262339325736,-,v
2022-07-15,111.24563598632812,112.60215711200841,110.3723164753788,111.4675820742736,46770000,47.56449935999629,-0.09416451201097686,0.004955497293712289,-0.09912000930468916,0.016241610034005927,0.0184304646321356,0.023317574853772394,0.01277541965111828,0.2639174143335856,-,v
2022-07-18,108.51121520996094,113.13909122528293,107.85435955238535,112.10403881377384,43164600,43.46119829967839,-0.40730249597949353,-0.07749610136092887,-0.32980639461856465,0.005709792279123382,0.004768417648876921,-0.022813301409281728,-0.024580027361282175,-0.07708787684413088,v,^
2022-07-19,113.26847076416016,113.47747063825159,109.03869296718022,110.32255584496407,36530900,51.32811323995164,-0.26850072985369877,-0.11569702705948286,-0.1528037027942159,-0.015891336187888405,0.002990826683368697,0.010980858072961341,0.04384114162756636,-0.15368380571116147,-,^
2022-07-20,113.35803985595703,114.85090252062787,111.9447983557441,112.63151001819001,35600400,51.46504332352551,-0.1495479572772922,-0.12246721310304473,-0.027080744174247467,0.020929121479660973,0.012103123859312781,0.02665205634332568,0.0007907680857046628,-0.025471587067386836,-,^
2022-07-21,113.79594421386719,114.00495167460863,110.58131743938425,113.73623213542243,32676200,52.17347070227414,-0.019714548989227865,-0.10191668028028136,0.0822021312910535,0.009808286482654749,-0.007365643869165939,-0.01217993990240529,0.003863019848143079,-0.08213952652217393,^,v
2022-07-22,107.38658142089844,111.8054494250301,105.9932415161523,110.47182918584888,48901200,42.415024283168826,-0.4290567504933591,-0.16734469432289692,-0.2617120561704622,-0.028701521830675092,-0.019293041374696784,-0.041490516024525914,-0.056323297260252536,0.49653876521749774,-,v
2022-07-25,106.99845123291016,109.3472225583573,105.79420953019157,107.89417039822348,34690900,41.903892866441815,-0.7758388692265186,-0.28904352930362126,-0.4867953399228973,-0.023333177395740923,-0.021986646262006526,-0.0018777799708143972,-0.003614326695688508,-0.2905920509108161,-,v
2022-07-26,104.52029418945312,106.68992169386529,103.57481748327089,106.0927781113769,47991000,38.69739693396117,-1.2363805341595935,-0.4785109302748157,-0.7578696038847778,-0.01669591860429409,-0.024301493922937456,-0.020978388673411286,-0.023160681438861852,0.38338872730312556,v,^
2022-07-27,112.52203369140625,113.3679952824466,107.49606723707197,108.74011946731692,59858500,51.580884479001355,-0.9447985673939883,-0.5717684576986503,-0.373030109695338,0.024953077891511244,0.06259329356097276,0.03785910368062617,0.07655680233208306,0.24728594944885507,-,^
2022-07-28,113.67652130126953,113.79594545946627,110.92965176635761,111.83532546250933,32816600,53.111992578468865,-0.6134883445840273,-0.5801124350757257,-0.033375909508301604,0.02846425045654577,0.0037748764627394404,0.031941489745045404,0.010260102594923604,-0.4517637428268333,-,^
2022-07-29,115.76652526855469,116.15466896108313,112.52203489140882,112.54194397943671,37223400,55.834769264259435,-0.18019952482603685,-0.5001298530257879,0.3199303281997511,0.006318383873834765,0.020727658547878836,0.01435489158845571,0.018385537693805354,0.13428569687292402,^,^
2022-08-01,114.31346893310547,116.16461921046162,113.79593896680589,114.75137773642173,26034300,53.50833026100137,0.04541200263885514,-0.39102148189285935,0.4364334845317145,0.01963209163499724,8.566379180008354e-05,0.011321374312386556,-0.012551610511574274,-0.30059317526072304,-,^
2022-08-02,114.58218383789062,115.79638002904798,113.17889687110984,113.4575633556852,20236000,53.89094976834876,0.2430916020014564,-0.2641988651139962,0.5072904671154526,-0.011274935484507753,-0.003169977088690712,-0.005422356028680797,0.002350684545689097,-0.22271772238930954,-,^
2022-08-03,117.51815032958984,118.05558179795868,114.93052323947822,115.15942459504198,28499000,57.961757042665944,0.6294066595065431,-0.08547776018988835,0.7148844196964315,0.014999980512727218,0.019510124309101595,0.015476616372777974,0.025623237342491167,0.4083316861039732,-,^
2022-08-04,117.62763214111328,118.21482116526452,116.33381474881479,116.92101136605847,21602900,58.11027447885315,0.9336360181918053,0.11834499548645037,0.8152910227053549,0.015296939674812604,0.0013488508114625208,0.012209911429817089,0.000931616190489537,-0.24197691147057787,-,-
2022-08-05,116.91105651855469,117.54801066886964,115.44804984442452,115.67695880145602,19159500,56.69836085263433,1.1041898989155783,0.315513976172276,0.7886759227433022,-0.010640111217542714,-0.005640667471489724,-0.00761399345755831,-0.0060918987274941605,-0.11310518495202038,-,-
2022-08-08,116.74186706542969,119.57830469839134,116.32385973549923,117.82667699099878,19138300,56.35022655643467,1.2117347790177888,0.4947581367413786,0.7169766422764102,0.018583806246432077,0.017272040742918104,0.007586181769678513,-0.0014471638368792616,-0.0011065006915629283,-,-
2022-08-09,116.0750503540039,116.7617696373508,115.15942970493639,116.58262580661216,19086500,54.91897297935213,1.2289912889668244,0.6416047671864678,0.5873865217803567,-0.010558315112982886,-0.02355389690583587,-0.010010242380286916,-0.005711890071554704,-0.002706614485090131,-,-
2022-08-10,119.13044738769531,120.34464366957776,117.84659207255629,118.21482670050594,30930400,59.939847599638824,1.472241123791548,0.8077320385074839,0.6645090852840642,0.01400037855212899,0.03068533513456484,0.023334279915287803,0.026322599252579293,0.620538076651036,-,-
2022-08-11,118.27452850341797,120.91192071702521,117.99586202223843,120.70292085614055,24293700,57.991356259574374,1.5777653725717897,0.9617387053203451,0.6160266672514446,0.021047225843659367,0.004713770635317971,0.001266646298861529,-0.0071847198012432445,-0.21456883842433339,-,-
2022-08-12,121.10102081298828,121.10102081298828,118.89158283337814,119.6877792993413,19096300,62.34457313301005,1.8679360038887438,1.142978165034025,0.7249578388547189,-0.008410248481137805,0.0015639491527525973,0.0075911205341328,0.023897726292678723,-0.21394023965060904,-,-
2022-08-15,121.4991226196289,121.71807703386351,120.03611593641816,120.55363833935155,19494800,62.92728922316485,2.105748055690853,1.3355321431653906,0.7702159125254624,0.007234314522994945,0.005095384140717751,0.009626695816170816,0.003287353021205419,0.020867916821583288,-,-
2022-08-16,121.12091827392578,121.84744809440268,120.06596444578726,120.9417744547049,19041200,61.9465276267499,2.237900763221134,1.5160058671765393,0.7218948960445948,0.003219613449249703,0.0010628746665393152,0.0002486627390119178,-0.003112815447130046,-0.023267743193056578,-,-
2022-08-17,118.98116302490234,120.71288167155528,118.81196614417375,119.54845056051758,22847000,56.574170300784836,2.1452433402732396,1.6418533617958795,0.5033899784773601,-0.011520617259581756,-0.009311367948948601,-0.010444244606719666,-0.017666273336734317,0.19987185681574693,-,-
2022-08-18,119.59820556640625,120.2451142565541,118.15510799023149,118.86172875873096,17987700,57.71308096057339,2.097424042524935,1.7329674979416907,0.36445654458324417,-0.0057442969655134846,-0.0038750414083719154,-0.005528552175840584,0.005186052361706661,-0.2126887556353132,-,-
2022-08-19,116.65229034423828,118.58306186399878,116.20443457194587,118.49348615368488,21809500,50.85552311610138,1.8010547283608815,1.746584944025529,0.054469784335352545,-0.0030980754603826544,-0.013822203112628606,-0.01650942943953715,-0.024631767744477284,0.2124674082845499,-,-
2022-08-22,113.69641876220703,115.07980422824266,113.30827507565557,114.65184995934078,21456600,45.06893563591681,1.312535683900947,1.6597750920006127,-0.3472394080996657,-0.03242065297464147,-0.02954264783425775,-0.02492296879167022,-0.025339164565980954,-0.01618102203168348,-,-
2022-08-23,113.31822967529297,114.46275924088157,112.89027540618044,112.94004053241602,15870400,44.37324887531706,0.8846662411782233,1.5047533218361349,-0.6200870806579115,-0.014930499835212663,-0.005361887704790402,-0.0036890480346297716,-0.0033263060616274265,-0.26034879710671777,-,-
2022-08-24,113.1490478515625,114.23385781853895,112.3329498419266,112.95994947111635,17734600,44.04570506555626,0.5258632418109386,1.3089753058310958,-0.7831120640201572,0.0001762788343839805,-0.001999789484900538,-0.004936878417990953,-0.001492979763408342,0.11746395806028831,-,-
2022-08-25,116.09495544433594,116.1646220653855,113.56704040567818,113.69641910388675,16956800,50.84915589207827,0.4737582127636699,1.1419318872176107,-0.6681736744539408,0.006519741166834736,0.016901856277265592,0.010986006915051805,0.02603563749505078,-0.04385776955781351,-,-
2022-08-26,109.81497192382812,114.57223390486655,109.66569173461427,114.17413568308152,37245700,39.75265545141549,-0.07343111604906483,0.8988592865642757,-0.9722904026133405,0.004201685356143514,-0.013708030312556296,-0.03435282505494308,-0.05409350902864063,1.196505236837139,-,-
2022-08-29,108.89935302734375,110.42207172581055,108.2823079873906,109.46664053448025,21191200,38.43567969989706,-0.5743447059660696,0.6042184880582067,-1.1785631940242762,-0.041230836742816135,-0.03622310604942924,-0.01261455360689645,-0.008337832997120653,-0.4310430465798737,-,-
2022-08-30,108.42164611816406,109.97422092496217,107.28707105272045,109.64578930257257,27513300,37.733306461347766,-0.9983608081323041,0.2837026288201045,-1.2820634369524087,0.0016365603915275972,-0.004055808715131226,-0.009191131526177343,-0.004386682711142842,0.29833610177809655,-,-
2022-08-31,107.70506286621094,110.32254592222807,107.61548716074697,110.12350061045113,28627000,36.65134178266599,-1.3763531611746629,-0.04830852917884898,-1.328044631995814,0.004356859583182882,0.003167333165320363,0.003061096782716044,-0.006609226825168735,0.040478604892906445,-,-
2022-09-01,109.21783447265625,109.92445524897461,106.84916169035981,107.76478233631381,28360900,40.528290338267965,-1.5361391425464035,-0.3458746518523599,-1.1902644906940436,-0.021418845760098004,-0.0036084253669608213,-0.0071209589865303125,0.014045501355163248,-0.009295420407307797,-,-
2022-09-02,107.33683013916016,110.21307842824478,106.74964110254567,110.06379063471975,24160700,37.45853005126031,-1.793873358059031,-0.6354743930936941,-1.1583989649653368,0.021333577153537675,0.002625650303351046,-0.0009314119665491116,-0.017222501641588783,-0.14809826204387022,-,-
2022-09-06,106.3017807006836,107.51597698550802,105.2766827991625,106.78945467940345,25068300,35.849425151762574,-2.057926919629068,-0.919964898400769,-1.137962021228299,-0.0297494383614606,-0.0244717004660453,-0.013798250637378828,-0.009643003590982135,0.03756513677169959,-,-
2022-09-07,108.92921447753906,109.45669902186589,106.39135238503752,106.55058712829103,23167000,42.59110579684306,-2.0317584751882976,-1.1423236137582748,-0.8894348614300227,-0.0022368084173622904,0.018050545516778982,0.010588000649692564,0.024716742838519323,-0.07584479202817906,-,-
2022-09-08,107.86429595947266,109.07849208491766,106.65010742711948,107.52591741597058,24238300,40.7231019796849,-2.0730529549144876,-1.3284694819895175,-0.7445834729249701,0.009153682902800053,-0.0034553110072566007,0.002432105958626307,-0.009776243436383059,0.04624250010791209,-,-
2022-09-09,110.12350463867188,110.46188319968864,108.5012556752909,108.55102080160147,23197700,46.121885171261326,-1.9015598696935996,-1.443087559530334,-0.4584723101632655,0.009533546983516716,0.012682528776562174,0.017357209409624152,0.020944916564866523,-0.04293205381565535,-,-
2022-09-12,110.33251190185547,111.08889783257369,109.40693667928096,110.46189060861155,22966800,46.60638038993107,-1.7288560483726343,-1.5002412572987942,-0.22861479107384008,0.017603425494289837,0.005676298599323726,0.008347193756913507,0.0018979350854240185,-0.009953572983528503,-,-
2022-09-13,103.82362365722656,107.7846893387219,103.59471470362199,107.2870684416698,38172900,35.8074523649492,-2.0930722757026956,-1.6188074609795746,-0.474264814723121,-0.02874133467614437,-0.02974382281505472,-0.05312480316213497,-0.05899338402101084,0.662090495846178,-,-
2022-09-14,104.5003890991211,104.77905558849064,103.16676873054044,104.07243482099148,26395100,37.43080139570422,-2.30058720744033,-1.7551634102717257,-0.5454237971686042,-0.029962917874171158,-0.027885535215357193,-0.004130963382696473,0.006518414769733694,-0.30853825619745945,-,-
2022-09-15,102.42033386230469,104.76909744622156,101.86299330961457,103.53499978150074,34188300,34.53967598643027,-2.6028829454145495,-1.9247073173002907,-0.6781756281142588,-0.005164047909661518,-9.50394352491335e-05,-0.012637552159176169,-0.0199047606879571,0.2952517702149262,-,-
2022-09-16,102.31086730957031,102.63929135603635,100.4597168232655,101.58433740325144,42797200,34.389136533448195,-2.818794226433951,-2.1035246991270227,-0.7152695273069285,-0.018840608319563135,-0.02032857151679146,-0.013776116730477184,-0.0010687970699406746,0.25180836718994515,-,-
2022-09-19,102.5795669555664,102.83833193685109,101.06680283524696,101.26584814817858,23036800,35.136450537726276,-2.934397745769317,-2.2696993084554817,-0.6646984373138354,-0.003135220086228241,0.001939224035796494,0.006043079068692725,0.002626306012860402,-0.4617217948837774,-,-
2022-09-20,100.65874481201172,101.88289544253038,100.04169222522542,101.5942744386993,26517100,32.303843631500555,-3.1447578507655436,-2.4447110169174944,-0.7000468338480492,0.003243208806587461,-0.009290665030500578,-0.010142901341131938,-0.01872519255600591,0.15107567023197666,-,-
2022-09-21,98.80760955810547,102.39047869604212,98.79765501354908,101.18623696987109,31487300,29.809698677613838,-3.4214011116780085,-2.6400490358695974,-0.7813520758084112,-0.004016343155975988,0.00498202619102095,-0.012435187610337683,-0.018390207997957764,0.18743376915273546,-,-
2022-09-22,99.66350555419922,100.75826993110525,98.3199307464922,98.34978678329364,34298600,32.40823507132514,-3.530877477528705,-2.818214724201419,-0.7126627533272858,-0.028031976200696418,-0.0159410209398696,-0.004835380627114638,0.008662247775465426,0.08928361593404333,-,-
2022-09-23,98.27017211914062,99.18580033576465,97.00621838807963,99.15593670389735,31625400,30.433015280676116,-3.687560744994414,-2.9920839283600182,-0.6954768166343959,0.008196763276975938,-0.015606357636110513,-0.013361607849377455,-0.013980377544525191,-0.07793904124366591,-,-
2022-09-26,97.702880859375,99.40474334217092,97.33464627113645,97.63321424053862,27072700,29.640902202878664,-3.8135488100842423,-3.1563769047048633,-0.657171905379379,-0.01535684613525401,0.0022074027296759002,0.003385637421128296,-0.005772771610472516,-0.14395707247971568,-,-
2022-09-27,97.03607940673828,99.52418400691106,96.40907978100809,98.95689646179537,30072800,28.695469411748647,-3.92199030106201,-3.309499583976293,-0.6124907170857172,0.013557704020637829,0.0012015590073906068,-0.009509116492292913,-0.00682478803871156,0.11081643131272467,-,v
2022-09-28,99.5739517211914,100.22085285955642,96.64793820563632,97.18536972439702,32466300,36.93975135604534,-3.759805184281248,-3.399560704037284,-0.36024448024396394,-0.017902003809125988,0.006999995625153632,0.0024775511307730813,0.026153904093912717,0.07959019446144033,-,v
2022-09-29,96.95645904541016,98.17065531531073,95.50340685796787,98.17065531531073,31047200,32.73578818342419,-3.79869312465172,-3.4793871881601715,-0.3193059364915487,0.010138209009317167,-0.020456796023465507,-0.011842273812745496,-0.026286921735418023,-0.043709939229293115,-,^
2022-09-30,95.19487762451172,98.4294134043774,95.10530191604596,96.58821763291844,32941500,30.24137497399076,-3.9263959476956956,-3.5687889400672765,-0.357607007628419,-0.01611925353161503,0.002635798734719419,-0.00416848942901038,-0.018168788735089758,0.061013553557164535,v,^
2022-10-03,98.170654296875,98.8175630102199,96.06073886671564,96.29960237487207,27982000,38.73409394865777,-3.744318869975274,-3.603894926048876,-0.14042394392639768,-0.002988100051118603,0.003943431058029967,0.010046095553254197,0.03125984030465356,-0.15055477133706718,-,^
2022-10-04,101.1563720703125,101.35541738545221,99.90236532427448,99.96208499329005,28850800,45.8565223275294,-3.3208186719431865,-3.5472796752277382,0.22646100328455177,0.038032167611251166,0.025682219819262775,0.0399916396946427,0.03041354664305773,0.031048531198627716,^,^
2022-10-05,100.94737243652344,101.4449933185741,98.32988933045003,99.3549871325797,22176900,45.45813792443849,-2.967844770517246,-3.43139269428564,0.46354792376839393,-0.006073281292112931,0.0008837804177870279,-0.01574012776094269,-0.0020661044827090524,-0.2313246079831408,-,^
2022-10-06,100.93741607666016,102.44023323947894,100.11136360497702,100.2009393105423,22324000,45.4378863367801,-2.658270913257894,-3.2767683380800907,0.6184974248221966,0.008514441019792596,0.009810636171855514,0.01811732207426897,-9.862921265768598e-05,0.006633028060729851,-,^
2022-10-07,98.21046447753906,100.0516603517211,97.83227531415282,99.37489560091394,27502800,40.16061615884758,-2.602968207776513,-3.1420083120193754,0.5390401042428623,-0.008243871916891687,-0.023316745893910418,-0.022765530392904187,-0.027016261215266568,0.23198351549901441,-,^
2022-10-10,97.39436340332031,98.62846111239529,96.54840938978579,98.52893845076046,18225100,38.711566859135516,-2.5950785019065563,-3.032622349996812,0.4375438480902556,-0.008512785296910574,-0.014224643892192357,-0.013123132629230594,-0.008309716062949613,-0.3373365620954958,-,-
2022-10-11,96.71759796142578,98.77774817376962,95.85173486608706,96.96640841022621,26507100,37.50311583758632,-2.6133105510552213,-2.9487599902084938,0.3354494391532725,-0.01585859002545864,0.0015136306466771998,-0.007215805295000877,-0.006948712617915853,0.4544282335899392,-,v
2022-10-12,97.09578704833984,98.28012721366622,96.27968908051714,96.83702964877843,21876400,38.65555770591216,-2.567644673214957,-2.8725369268097865,0.3048922535948293,-0.0013342637266756663,-0.005037784008074309,0.004464751890281171,0.003910240689237288,-0.1746965907247492,-,v
2022-10-13,98.58865356445312,99.30522889923341,93.93092148147386,94.69726194514989,34574500,43.11475761999359,-2.3835165890266268,-2.7747328592531546,0.39121627022652783,-0.02209658548376936,0.010430406579944318,-0.02439525533863174,0.01537519352276373,0.5804474227935126,-,^
2022-10-14,96.10054779052734,100.21090137017602,95.91145700787062,99.51422753973247,25410700,38.13875320387975,-2.4105754840751246,-2.7019013842175488,0.2913259001424242,0.05086699969606978,0.009120088448329344,0.021085021792183634,-0.025237242664026827,-0.26504504765072523,v,v
2022-10-17,99.49433135986328,100.44976264774354,98.35975623093717,98.38961227226265,28419200,47.10603678458141,-2.1335753537635327,-2.5882361781267456,0.45466082436321287,-0.01130105006362836,0.002383585760646678,0.025526660729026762,0.03531492428881311,0.11839500682783233,-,v
2022-10-18,100.29051971435547,102.9776773142655,99.49433077567657,102.63929113068001,24060700,48.97475448808605,-1.8287246096708714,-2.436333864435571,0.6076092547646996,0.043192352935162326,0.02516595957908674,0.011534946691770465,0.008002348913853652,-0.15336462673122397,^,v
2022-10-19,99.15594482421875,100.53933041676378,98.4493240073362,99.53414159458751,23811100,46.45602422337639,-1.659548666251112,-2.2809768247986795,0.6214281585475674,-0.03025302982791489,-0.02367840255379261,-0.010503179027320453,-0.011312882746726038,-0.01037376302435089,v,v
2022-10-20,99.49433135986328,101.83314824517264,98.91708925059409,99.52418740118877,25323200,47.32612439965584,-1.4810973782069965,-2.121000935480343,0.6399035572733465,-0.00010000782886421256,0.012868773076622153,0.0047513301688393295,0.0034126701756955757,0.06350399603546242,-,^
2022-10-21,100.6488037109375,100.82794754437543,97.25503301309253,97.38441171770614,32458700,50.293851093739654,-1.2323118524091683,-1.943263118866108,0.7109512664569397,-0.021500056813898327,-0.009871055919601801,-0.016802518655709253,0.011603398256917696,0.2817771845580337,-,^
2022-10-24,102.03219604492188,102.26110502242939,99.50428830585139,101.31562825653955,27176400,53.66287596065621,-0.9129948941311028,-1.737209473919107,0.8242145797880043,0.04036802676622475,0.014213891217246255,0.023127392208648567,0.013744746911820815,-0.16273911154790555,-,v
2022-10-25,103.98286437988281,104.3212429399577,102.23123672329918,102.41038054718946,40611400,57.98702169795417,-0.4968044198236896,-1.4891284631000237,0.9923240432763341,0.010805364478201795,0.020145860120291514,0.027405335628006622,0.01911816476146533,0.4943627559205781,^,^
2022-10-26,94.47830200195312,97.8422164678502,94.2394461020253,95.9711646644133,88114100,38.92605231595161,-0.9232663812715458,-1.3759560467343281,0.45268966546278233,-0.06287659364578824,-0.06210649230700316,-0.0781736666543964,-0.0914050832760912,1.1696888065912527,-,^
2022-10-27,91.78119659423828,94.97592174214003,91.36319687614095,94.0702480931704,60710900,35.372740155744225,-1.4620211541749342,-1.3931690682224493,-0.06885208595248482,-0.019807163723498666,-0.02929507148534405,-0.03052065079807953,-0.028547352678492066,-0.31099676442249313,v,^
2022-10-28,95.83183288574219,96.09059787724979,91.6916233939895,91.8309566371646,43697300,43.686801230998,-1.5443335808690222,-1.423401970751764,-0.12093161011725817,-0.023804459979609338,0.01173640765641748,0.003594735397600024,0.04413361823349993,-0.280239627480403,^,^
2022-10-31,94.060302734375,95.57306689870097,93.53282580597906,94.9659688055794,31675000,41.19100113085724,-1.7325427753296339,-1.485230131667338,-0.24731264366229588,0.034138947074259685,-0.0053858649023074134,0.02008037750709346,-0.018485821443896766,-0.27512683850031927,-,v
2022-11-01,90.0395278930664,95.57306993471083,89.940005230544,94.99582786175144,47161400,36.14391585697162,-2.1810016155917253,-1.6243844284522155,-0.5566171871395098,0.0003144184864072308,3.1766374641861717e-08,-0.03841240275246116,-0.04274677759291512,0.48891554853985797,-,v
2022-11-02,86.55618286132812,90.74615003951523,86.46660714853941,90.50729412723294,57038300,32.43594529042858,-2.785377215302205,-1.8565829858222136,-0.9287942294799914,-0.047249798602215565,-0.05050502090696707,-0.03861905581505365,-0.03868684247073362,0.20942762513411384,-,v
2022-11-03,83.03302764892578,86.10832131332283,82.94345193423364,85.90927598104008,61288000,29.17575368447993,-3.5081980899644236,-2.1869060066506556,-1.321292083313768,-0.05080273574115557,-0.05110771888584653,-0.04074584779594059,-0.04070368049902107,0.07450607749529703,v,^
2022-11-04,86.16803741455078,86.22774949314112,83.3116906968652,84.99365177935555,51124900,35.39809324278505,-3.784445026530676,-2.50641381062666,-1.2780312159040164,-0.010658036530148518,0.0013869528286787336,0.004439636331069696,0.03775617792573116,-0.16582528390549534,-,v
2022-11-07,88.06895446777344,88.47700729545595,86.43675834322974,86.86471266814627,34078900,38.90318406213886,-3.806110126129994,-2.766353073727327,-1.039757052402667,0.02201412516840695,0.026085080679204564,0.03751055368369971,0.022060581977484617,-0.33341874507334,-,v
2022-11-08,88.47699737548828,89.89023890654045,87.17322545658932,88.47699737548828,30429000,39.65999367604002,-3.747159301256147,-2.962514319233091,-0.7846449820230559,0.01856087078191937,0.015972868593590928,0.0085203000144356,0.004633220755041023,-0.10710146160820921,^,^
2022-11-09,86.90451049804688,89.01442577049444,86.8646999163299,88.02913095745633,31769100,37.72082696271066,-3.78371063607959,-3.126753582602391,-0.6569570534771989,-0.005061953177855294,-0.009743139485440588,-0.0035392236394082843,-0.017772832759772705,0.04404022478556646,v,v
2022-11-10,93.4930191040039,93.94087488626228,91.1741038384967,91.81105799655386,51620100,48.977477931784065,-3.243649478146054,-3.1501327617111237,-0.0935167164349302,0.0429622216868788,0.05534439022804771,0.049610531393278645,0.07581319505970985,0.6248524509665052,-,v
2022-11-11,95.95126342773438,96.46878581115081,93.47310593436431,94.23944635528495,33090500,52.43211787084651,-2.5874607105997285,-3.0375983514888447,0.45013764088911623,0.02644984614840462,0.02690959529543635,0.025215516238470403,0.026293346255038097,-0.3589609473828993,^,^
2022-11-14,95.24463653564453,96.32945403822642,94.0603039654914,94.6375384345769,30179500,51.3557038334006,-2.1002350668985343,-2.850125694570783,0.7498906276722486,0.004224261651444072,-0.0014443197533049457,0.006281999782262515,-0.007364435514932377,-0.08797086777171692,v,^
2022-11-15,97.97160339355469,99.66351138474529,96.2498317707238,97.79245956917397,41640800,55.17981070239994,-1.4770354534885257,-2.575507646354332,1.098472192865806,0.03333688921735933,0.03461098559943898,0.02327791547469049,0.028631185514468527,0.37977103663082556,-,^
2022-11-16,98.37965393066406,99.16589589196096,97.17541222075646,97.43417722407897,29105200,55.74050141648954,-0.9393902952527355,-2.2482841761340127,1.3088938808812771,-0.003663701134764663,-0.0049929556551877585,0.009616437068040495,0.004164987843163326,-0.3010412864306161,^,^
2022-11-17,97.89198303222656,98.80760365631383,96.32945372628268,96.50859755213386,26052600,54.857256131366974,-0.54635555297466,-1.9078984515021422,1.3615428985274822,-0.009499538029827614,-0.0036130590302686505,-0.008705478836065872,-0.004957030025549813,-0.10488160191306017,-,^
2022-11-18,96.9664077758789,98.4294144201493,95.91145390965606,98.30002812804044,28342300,53.13629406472234,-0.3060311394115871,-1.5875249890840313,1.2814938496724442,0.018562393624452334,-0.003827531709806431,-0.0043392731969014164,-0.009455066979723425,0.08788758127787633,-,^
2022-11-21,95.1451187133789,97.93179891222259,94.90626279702143,96.82707985856685,21647400,49.82400895357339,-0.2595432632364094,-1.321928643914507,1.0623853806780976,-0.0149842100508355,-0.0050555569273491585,-0.010480407413920312,-0.018782680562010712,-0.23621583287171477,-,^
2022-11-22,96.58821868896484,96.757407970804,93.60249332105981,95.49344664625919,23438500,52.35813065274723,-0.10504429367080093,-1.078551773865766,0.973507480194965,-0.013773349503627186,-0.011991926569951183,-0.013737444058354975,0.015167356929084441,0.08273972855862599,-,-
2022-11-23,97.99150848388672,98.2900840665078,96.62802445978609,96.62802445978609,18868100,54.75129902808082,0.1291423389874211,-0.8370129512951285,0.9661552902825497,0.011881211259760827,0.015840400521748954,0.03232318960082181,0.01452858137327051,-0.19499541352902272,-,v
2022-11-25,96.99626922607422,98.17065490597226,96.93655714521095,97.77255664966751,9701400,52.72831178909836,0.2317578814555361,-0.6232587847449956,0.8550166662005317,0.011844723063315188,-0.0012150682509818322,0.0031929938250292444,-0.01015638266224006,-0.48583058177558947,-,v
2022-11-28,95.59297943115234,97.11569819421372,95.1550706024734,96.5782667025875,26237500,49.92713870432456,0.19757021306551792,-0.45909298518289293,0.6566631982484108,-0.012214981258588886,-0.010746151309359964,-0.01837786068746894,-0.014467461543816285,1.70450656606263,-,v
2022-11-29,94.73706817626953,95.66264334231307,93.66220522349144,95.27449965265858,20061700,48.24367965404647,0.10025566948648645,-0.34722325424901707,0.4474789237355035,-0.013499590481820034,-0.01496210065848258,-0.015688763294797625,-0.008953704131580698,-0.2353806574559314,v,v
2022-11-30,100.50947570800781,100.5592408394296,93.97073683587386,94.36883510796933,43647500,58.42513117327795,0.48334652055912386,-0.1811092992873889,0.6644558198465127,-0.009505844144981235,0.05118609862780876,0.003294088705750875,0.060930822991039024,1.1756630794000507,-,v
2022-12-01,100.50947570800781,101.763482607526,99.77299884014163,100.5393317496237,28687100,58.425131173277954,0.7779807027891508,0.010708701127919043,0.7672720016612318,0.06538701717144835,0.011975446095692899,0.06174541351529239,0.0,-0.34275502606105734,-,v
2022-12-02,99.96208190917969,100.29050590971822,98.4294087319965,98.57869651029138,21480700,57.18786693979776,0.9562868308088355,0.19982432706410236,0.7564625037447331,-0.01950117635767612,-0.014474511485506492,-0.013466470124826602,-0.005446190968286135,-0.25120698850702927,-,v
2022-12-05,99.00665283203125,100.89760608639799,98.5289334501006,98.92703166952748,24405100,54.99860512545828,1.0088709439769872,0.36163365044667933,0.6472372935303079,0.0035335744087439114,0.006053416234895526,0.0010111278670288382,-0.00955791495035574,0.13614081477791684,-,-
2022-12-06,96.5185546875,99.30522721733549,95.96121410705892,98.82751539763453,24910700,49.66636258657845,0.8400914547988094,0.45732521131710535,0.38276624348170407,-0.0010059563115710768,-0.015782127354924125,-0.02606056163535031,-0.025130615704708315,0.0207169812866983,-,v
2022-12-07,94.4882583618164,96.41902227907117,94.26930395221923,95.95126501404084,31045400,45.767052537430025,0.5363221600343309,0.4731246010605505,0.06319755897378038,-0.029103740714527038,-0.02906397799128624,-0.017631187460301567,-0.02103529556837158,0.24626766811049072,-,v
2022-12-08,93.26410675048828,95.12521162173816,93.00534176035212,94.92615870890563,32213300,43.547093060332145,0.19456122038317858,0.4174119249250761,-0.22285070454189754,-0.01068361428049125,-0.013418624528137801,-0.013407993258417905,-0.012955595039550571,0.03761909977001432,-,^
2022-12-09,92.3883056640625,93.8115018580551,92.30868449121564,93.32382786918778,28225400,41.97827825522455,-0.1452818955869759,0.30487316082266575,-0.45015505640964165,-0.016879760663564336,-0.013810321588633934,-0.007490508135882812,-0.00939054816413809,-0.1237966926704187,v,^
2022-12-12,92.86600494384766,93.11481538049334,91.17409701189375,92.2688614145164,29420000,43.18066030049464,-0.3717780479387187,0.16954291907038888,-0.5413209670091076,-0.01130436329883655,-0.007426450528591921,-0.012291232245107642,0.005170560022197401,0.04232358088813615,-,^
2022-12-13,95.17497253417969,99.05641715165841,94.57782896066584,97.2948424708287,40593700,48.71298000875353,-0.36080436467852905,0.06347346232060529,-0.42427782699913436,0.05447104233499922,0.06380941364578785,0.037332225493037496,0.02486343190630591,0.3797994561522773,^,^
2022-12-14,94.61763763427734,96.4090759117415,93.154630973197,94.7470163347805,28733600,47.51048404367455,-0.39255478303181235,-0.02773218674987825,-0.3648225962819341,-0.026186651536150074,-0.02672559048712364,-0.015047902908204125,-0.005855897669969856,-0.2921660257626183,-,v
2022-12-15,90.42766571044922,93.19443655131441,89.58171174439282,92.6868611344438,40107000,39.59680197881512,-0.7471996826962339,-0.17162568593914937,-0.5755739967570845,-0.02174374750817809,-0.0333437420701963,-0.03835471400055468,-0.04428320161642052,0.39582231255394373,-,v
2022-12-16,89.83052825927734,90.89543669655227,89.09404384987789,90.32814916628604,58011800,38.60976331910068,-1.0641751736071967,-0.35013558347275886,-0.7140395901344379,-0.02544818045716768,-0.02466885298991295,-0.00544383317776298,-0.006603481871177763,0.44642581095569356,-,v
2022-12-19,88.01918029785156,90.12908788829876,87.79027136089782,89.83051992764071,29493000,35.70249646890744,-1.4448854363593568,-0.5690855540500784,-0.8757998823092784,-0.005509126924866381,-0.008431103211615665,-0.014633666097555453,-0.020164057771069777,-0.4916034324051314,v,v
2022-12-20,88.59642791748047,88.75567026134895,87.02395153379007,87.69076176428035,23453800,37.32223969947333,-1.6806485336864085,-0.7913981499773445,-0.8892503837090641,-0.023819946328752728,-0.015238339354459507,-0.008728983465120854,0.006558202628967225,-0.2047672329027227,-,^
2022-12-21,89.15376281738281,89.7907169658723,87.89975601556621,88.65614191430713,24745600,38.92207440196861,-1.801750757142031,-0.9934686714102818,-0.8082820857317492,0.011008915085283455,0.011661753006602993,0.010063947526401273,0.006290715246685341,0.0550784947428562,-,^
2022-12-22,87.34241485595703,88.1187021771758,85.90926435949673,87.74051305976175,27658300,35.73005407584486,-2.020593638457285,-1.1988936648196826,-0.8216999736376025,-0.010327867136722402,-0.018621243322202274,-0.022645019125160926,-0.020317122959084055,0.11770577395577386,-,v
2022-12-23,88.80542755126953,89.12390461779462,86.655701657406,86.69551223985816,23003000,40.0094586094461,-2.052317462785254,-1.369578424412797,-0.682739038372457,-0.011910128895551653,0.0114073677412736,0.008688670581390667,0.016750311950102015,-0.16831475542603846,^,v
2022-12-27,86.97418212890625,88.51680998867842,86.59599297044319,88.37747674118715,20097300,36.71417831351156,-2.199866333626332,-1.5356360062555041,-0.6642303273708279,0.019400825462286164,-0.006811804663627741,-0.000689033564102548,-0.020620872764855025,-0.12631830630787289,-,v
2022-12-28,85.61070251464844,87.62109534883498,85.5310889356147,86.56614139398224,19523200,34.43972934581541,-2.3991652035579847,-1.7083418457160002,-0.6908233578419845,-0.020495440852078217,-0.010119147311770438,-0.012297382341836083,-0.01567683168594758,-0.028566026282137447,v,^
2022-12-29,88.02914428710938,88.42724257146843,86.19790280938827,86.20785735459788,23333500,41.37690651221447,-2.335045997825972,-1.8336826761379947,-0.5013633216879774,-0.0041388472861892955,0.00920037828132636,0.007796157889156774,0.028249292453208508,0.19516780036059656,-,^
2022-12-30,87.81018829345703,87.87985491647791,86.15808324311536,86.56613603016086,23986300,40.95438546502699,-2.2756665170700217,-1.9220794443244003,-0.3535870727456214,0.00415598631676084,-0.006190260366290445,-0.0004619551633520125,-0.0024873125307024457,0.02797694302183551,-,v
2023-01-03,88.69595336914062,90.61677037760805,88.09880220510901,89.16371064442977,28131200,43.469288134605605,-2.1325512880235635,-1.964173813064233,-0.16837747495933053,0.030006821759537505,0.031143832266579574,0.022525094442009008,0.010087269972858026,0.1728028082697206,^,v
2023-01-04,87.66089630126953,90.2186673282775,86.85474530999315,89.92009176216149,34854800,41.25787049678866,-2.078690048025038,-1.987077060056394,-0.09161298796864403,0.008483060117899788,-0.00439326018430819,-0.014121155611395042,-0.011669721430957791,0.23900864520532372,-,v
2023-01-05,85.78984069824219,87.1533247069017,85.4912727120948,87.05380204485257,27194400,37.540036351518644,-2.1620602921648526,-2.022073706478086,-0.13998658568676658,-0.031875965216875524,-0.03397681114288664,-0.015698308630483937,-0.021344244491831033,-0.21978034589210094,v,v
2023-01-06,86.92440795898438,87.2727486345716,84.45621275179472,86.37702957023193,41381500,41.01124463236718,-2.112233205751764,-2.040105606332822,-0.07212759941894209,-0.007774186293115104,0.0013702739175072143,-0.012107200272778673,0.013224960572347122,0.5216919659929986,-,v
2023-01-09,87.6011734008789,89.62152048330157,87.44193867309151,87.93955953620126,29003900,43.044569150686385,-1.995136869684373,-2.0311118590031323,0.03597498931875931,0.018089646908948875,0.026913004179170974,0.035352353888652654,0.007785677898592747,-0.2991095054553363,-,v
2023-01-10,87.99927520751953,88.24808564924614,85.42160267591623,85.5708904595706,30467800,44.261685110530884,-1.8489007144615641,-1.9946696300948188,0.14576891563325467,-0.026935193775397104,-0.01532483299378229,-0.023104885685671483,0.0045444802984411226,0.050472522660745645,-,v
2023-01-11,91.08451843261719,91.16413959217385,88.58646719453307,88.75565646377223,26862000,52.698057370894354,-1.4671418658950302,-1.8891640772548612,0.4220222113598311,0.03721786681308781,0.03304382096760672,0.037049931392930224,0.03505987086623219,-0.11834789515488486,-,-
2023-01-12,90.69638061523438,91.432864998952,89.32294969329632,91.0447213124675,30258100,51.639139847383625,-1.1822860484230802,-1.747788471488505,0.5655024230654249,0.02579063622417821,0.0029477095706744727,0.00831371339310727,-0.004261292962425389,0.12642766733675814,-,-
2023-01-13,91.68167114257812,91.75133776013793,89.70113462763581,90.41770989001778,26329200,54.15739564850783,-0.8670363938244776,-1.5716380559556997,0.7046016621312221,-0.006886850916900555,0.003483132254354926,0.004233905571166652,0.010863614630044482,-0.1298462229948344,-,-
2023-01-17,90.85562133789062,91.81105251796343,89.6215236794331,91.62195415344863,32602400,51.72554173191541,-0.6760608779878368,-1.3925226203621273,0.7164617423742905,0.013318676893007586,0.000650832557685499,-0.0008875132798842333,-0.00900997761485911,0.2382601826109414,-,-
2023-01-18,90.68643188476562,92.35843834492154,90.2087124991102,91.70157513878183,29116700,51.218251850435216,-0.5322283831743704,-1.220463772924576,0.6882353897502056,0.0008690164499205455,0.005962090749923599,0.006551872759689159,-0.0018621792535630233,-0.10691544180796508,-,^
2023-01-19,92.60725402832031,93.16458701556465,90.19876306253057,90.28833877439054,37000400,56.44130625918551,-0.2602458486275623,-1.0284201880651733,0.768174339437611,-0.015411255065711726,0.00872847879510985,-0.00011029352159008798,0.02118092093418622,0.27076213994030907,-,^
2023-01-20,97.55359649658203,97.83227057478473,94.56787113938321,94.64749230458399,63191100,66.41390622342097,0.3503916713331563,-0.7526578161855074,1.1030494875186636,0.048280360336299344,0.0501014785633116,0.0484386695394452,0.053412041207366645,0.7078491043340072,-,v
2023-01-23,99.315185546875,99.56399601043773,97.03608078946915,97.48393658664499,40005100,69.12500620018517,0.9653439354701021,-0.40905746585438557,1.3744014013244876,0.02996850960332975,0.01770096334756177,0.026099875363040148,0.01805765357256406,-0.3669187591290546,^,v
2023-01-24,97.23512268066406,99.13603819966976,96.73750177115588,97.63322092688912,33078500,62.690109122765634,1.270212131031002,-0.0732035464773081,1.3434156775083101,0.001531373736753494,-0.0042983189497849406,-0.003076989671100594,-0.020944056588699467,-0.1731429242771546,-,v
2023-01-25,94.76692199707031,95.70245168515892,93.31386993258523,95.1152550959037,42330000,56.02541537821632,1.2977001256591905,0.20097718794999161,1.096722937709199,-0.025790051860226426,-0.03463509917145624,-0.035390947418402985,-0.02538383883876738,0.2796831778950073,v,v
2023-01-26,97.05597686767578,97.10574199484742,94.92616002591807,96.04083357396856,30114000,60.246437637889066,1.4870503661066863,0.4581918235813306,1.0288585425253558,0.009731125434417454,0.014663054968591993,0.017278139835992468,0.024154576537541494,-0.2885896527285613,-,v
2023-01-27,98.89718627929688,99.84266300827183,96.84698288610231,96.84698288610231,33879800,63.298097594353315,1.7653323552349605,0.7196199299120566,1.045712425322904,0.00839381835969677,0.028184955464009898,0.02023491585101289,0.018970592755265026,0.12505147107657577,-,v
2023-01-30,96.47874450683594,97.82231944586147,95.94131301260722,97.01617600106465,27226200,57.09800528076804,1.770317677059552,0.9297594793415557,0.8405581977179962,0.0017470148260718688,-0.020235273194215364,-0.009351554860105527,-0.024454100904660603,-0.1963884084321631,-,^
2023-01-31,98.36969757080078,98.40950815466127,96.35931244094722,96.40907756904596,29870700,60.36686109369898,1.9048942542234784,1.1247864343179403,0.780107819905538,-0.006257703169129547,0.006002604642029397,0.004356824137742077,0.019599685647141207,0.09713070498270038,-,^
2023-02-01,99.95214080810547,100.70852675158986,97.11570301140503,98.24032358536897,35531100,62.913493600934565,2.1148583349862093,1.3228008144515941,0.7920575205346152,0.018994539336936622,0.02336175274156882,0.007849688331071913,0.01608669413836239,0.18949673091022312,-,v
2023-02-02,107.22734832763672,107.33682553198318,105.10748604846768,105.29658441835562,69883800,71.86438284498557,2.8356175925835885,1.625364170077993,1.2102534225055954,0.07182652270943413,0.06581665916673418,0.08229135751737404,0.07278691042244567,0.966834688484173,^,^
2023-02-03,104.28143310546875,107.29701450167059,102.09190421385664,102.44023732028235,65309300,65.02110537096918,3.1329985021227316,1.926891036486941,1.2061074656357906,-0.027126683299855903,-0.0003708981527568156,-0.028690457245076573,-0.02747354353263154,-0.06545866137788725,-,^
2023-02-06,102.41039276123047,103.86344502026546,101.39524177374884,101.91277181252973,31999600,61.04508377737672,3.1810287769834247,2.1777185845862377,1.003310192397187,-0.005149007085013757,-0.032000605956763795,-0.006823875462724893,-0.017942219324373232,-0.5100299651045104,v,^
2023-02-07,107.12782287597656,107.66525433974004,102.62933344338565,102.72885610117324,49010200,66.5920028795363,3.558727505449667,2.453920368758924,1.1048071366907433,0.008007674348654792,0.03660392083791164,0.012171100418997272,0.04606397834783005,0.5315878948486856,^,v
2023-02-08,98.89718627929688,102.64924474740924,97.57351278425769,101.56443476559781,94743500,52.53606745081667,3.1575150142798236,2.594639297863104,0.5628757164167197,-0.01133490023901984,-0.04658893552141419,-0.04926292015641853,-0.07683005568225176,0.9331384079232485,-,v
2023-02-09,94.55792236328125,99.55403269025908,93.18448386590254,99.52417665215816,119455000,46.91386810844592,2.4610395590739387,2.567919350105271,-0.10687979103133216,-0.020088312588440904,-0.03015328622014324,-0.04498176598458259,-0.043876515392066384,0.2608252808899818,-,v
2023-02-10,94.1200180053711,96.28964546267231,93.80154092875313,94.99582806779736,54980700,46.3745116124564,1.852389329901868,2.42481334606459,-0.5724240161627221,-0.045499985397393417,-0.032790105426901195,0.006621886361881657,-0.0046310700041375386,-0.5397371395086016,v,^
2023-02-13,94.15982818603516,94.74701720884225,93.39348774073657,94.28920688773186,50076100,46.43480323067554,1.3575925057328249,2.2113691779982374,-0.8537766722654125,-0.007438444344747275,-0.016020707589250338,-0.004350175743130791,0.000422972514325215,-0.08920584859778069,-,^
2023-02-14,94.22949981689453,94.39868911112639,91.8210163327109,93.98068935134434,54726100,46.54806819616661,0.9600178874839429,1.9610989198953785,-1.0010810324114356,-0.00327203448380764,-0.0036764017272234994,-0.016837056266609363,0.0007399294603822604,0.09285866910562124,-,^
2023-02-15,96.47874450683594,96.65788833824551,93.70201891653383,94.04039749081163,50169000,50.20850936561074,0.8170143540081085,1.7322820067179245,-0.915267652709816,0.0006353234891061099,0.023932527542406712,0.02048553434659417,0.023869857043835596,-0.08327105348270747,^,^
2023-02-16,95.0555419921875,97.21521477469815,94.28920158994696,94.9162087541605,42462600,47.970022109773325,0.5821320191589905,1.5022520092061378,-0.9201199900471473,0.009313138679942767,0.005765969503723545,0.00626648902769289,-0.014751461805637356,-0.15360880224840046,-,^
2023-02-17,93.90106201171875,95.10530367470463,92.76648697078687,94.39868291013072,34284100,46.17173958820912,0.2993781456169131,1.2616772364882929,-0.9622990908713798,-0.005452449595518605,-0.021703507057854732,-0.016149406225563268,-0.01214532005470692,-0.19260478632961708,-,^
2023-02-21,91.3532485961914,92.65701296526197,91.28358197173173,92.55749030076139,33629300,42.39458875071534,-0.12880875877426945,0.9835800374357805,-1.11238879621005,-0.019504431127732813,-0.02574294613281214,-0.01598535255002298,-0.02713295633663204,-0.0190992325888677,-,v
2023-02-22,91.21391296386719,91.67172328308142,90.1788605753032,91.26367049827103,30884000,42.19131075743905,-0.4739300162601836,0.6920780266965877,-1.1660080429567712,-0.013978553202838029,-0.010633730255797724,-0.01210208202358487,-0.0015252400376052355,-0.08163417020276964,-,v
2023-02-23,90.45752716064453,91.50253409442122,89.33290665311979,91.48262500616492,41206400,41.04087490445044,-0.7992617206300423,0.3938100772312617,-1.193071797861304,0.002399142032075474,-0.001845598431020501,-0.00938084509813697,-0.008292438934423108,0.3342313171868929,-,v
2023-02-24,88.70590209960938,89.46228802095382,88.15852364572393,89.01443223203913,36585100,38.42771257778534,-1.1847736110237008,0.0780933395802692,-1.26286695060397,-0.026979907648687074,-0.022297153774583744,-0.013146141230532149,-0.019364060858356513,-0.11215005436048764,v,v
2023-02-27,89.4423828125,89.73100384409955,88.91489828317458,89.4423828125,27502300,40.153137537322216,-1.4145605496368745,-0.22043743826315956,-1.194123111373715,0.004807653879601359,0.0030036770698598225,0.00857971080017439,0.008302499557060194,-0.24826500405902951,-,v
2023-02-28,89.63147735595703,90.79591607528975,88.89500052309056,88.90495506752045,30142000,40.613290637205154,-1.563388238250198,-0.4890275982605673,-1.0743606399896306,-0.006008647445207016,0.011867829240386207,-0.0002237843203807266,0.002114149215517225,0.09598106340196999,-,v
2023-03-01,89.9300537109375,90.59686392466584,89.24333440817962,89.55186454339591,31111200,41.37971619753438,-1.6383566812023673,-0.7188934148489273,-0.91946326635344,0.007276416431279298,-0.0021923029055498366,0.003918486788225817,0.003331155123045937,0.03215446884745532,-,v
2023-03-02,91.56224060058594,91.84090707447562,89.16370434886473,89.23337856042907,32204400,45.518997710711254,-1.5482189666065835,-0.8847585252004586,-0.6634604414061249,-0.003556441673109978,0.013731635907885842,-0.0008922801892484733,0.018149515343277578,0.03513847103293988,-,-
2023-03-03,93.20439147949219,93.28401264189694,92.01009682269682,92.03996045341758,35160100,49.39097559401871,-1.328956938146078,-0.9735982077895825,-0.35535873035649546,0.03145215319946537,0.015713102291673442,0.03192321914638274,0.017934804436139373,0.09177938418352771,-,^
2023-03-06,94.6773452758789,95.51335229721735,93.55272482794965,93.57262632205895,32639300,52.642151680160325,-1.024525052453626,-0.9837835767223913,-0.040741475731234766,0.016652178695981457,0.023898410801414638,0.016765855688919196,0.01580348064083248,-0.07169490416693924,-,^
2023-03-07,93.41339874267578,95.21478402463518,93.08496711653402,94.52807232544816,27835500,49.69213516989577,-0.8751621867967856,-0.9620592987372701,0.08689711194048455,0.010210742617191793,-0.003125932295341194,-0.004999936797948634,-0.013350041971710636,-0.1471784014975811,-,v
2023-03-08,93.8015365600586,95.503399070826,93.55272611825472,93.67215786383373,34103300,50.60749904920528,-0.7172040794191901,-0.9130882548736542,0.19588417545446413,-0.009054606113913177,0.003031199924962813,0.005025075650884725,0.004155055084249737,0.2251728907330568,^,v
2023-03-09,91.8807144165039,95.07543939627669,91.46271472040466,93.60248591675793,28813500,46.13383543402076,-0.7385024388864707,-0.8781710916762175,0.13966865278974683,-0.000743785012159992,-0.0044810936439229065,-0.022340464939612725,-0.02047751256531749,-0.15511108895620074,-,v
2023-03-10,90.19876098632812,92.34848690437508,89.96985962601842,91.73143425906332,35941000,42.58401373635563,-0.8809461287521998,-0.8787260990914141,-0.002220029660785716,-0.01998933724216001,-0.028681986738295362,-0.016322007267658756,-0.018305837529204783,0.24736668575494125,v,v
2023-03-13,90.67648315429688,92.1295353055602,88.99452204264824,89.66133224210813,37335600,43.904283828892495,-0.9443991472563198,-0.8918607087243953,-0.052538438531924525,-0.02256698626458742,-0.002370927842506032,-0.010840714739629553,0.005296327385707178,0.03880248184524637,-,v
2023-03-14,93.52287292480469,93.91101661837747,92.00015418954344,92.11957834566286,36050200,51.116893246346585,-0.7562882353628453,-0.8647462140520853,0.10845797868924001,0.027417015140003054,0.01933670138364163,0.03377322646280212,0.03139060615820677,-0.0344282668552266,-,v
2023-03-15,95.6526870727539,96.46878502000881,92.1991969177425,92.77643896638652,50622100,55.70610991434585,-0.4303895178279902,-0.7778748748072664,0.3474853569792762,0.007130521356262687,0.027236084686690587,0.0021635042892318435,0.02277318993035693,0.404211349728989,-,v
2023-03-16,99.8426513671875,100.70851441722463,95.04558646901931,95.74225265197431,65492000,63.0545339613786,0.16409112501401069,-0.589481674843011,0.7535727998570216,0.031967315394184626,0.04394923597655409,0.03087217293027278,0.04380393716745967,0.2937432465267147,-,-
2023-03-17,101.13646697998047,102.3506555081078,99.62369530357599,99.78293762449931,61028500,64.98621828291814,0.7311926903692694,-0.3253468018005549,1.0565394921698243,0.04220378005114411,0.016305881388339882,0.04816750576891793,0.012958546223244438,-0.06815336224271662,-,-
2023-03-20,100.73837280273438,101.26584972399411,99.3947979368084,99.6436083783907,32960400,63.879506135813315,1.1354135529001184,-0.03319473086042026,1.1686082837605387,-0.0013963233537274133,-0.010598913888028472,-0.0022976197185827774,-0.003936208067510383,-0.4599179072072884,-,^
2023-03-21,104.42076873779297,104.59991256706779,100.73837708314564,100.76823312250937,42110300,69.11843037827322,1.73292400636457,0.32002901658457783,1.412894989779992,0.011286471479916571,0.032923861816800626,0.013517600259034035,0.03655405415639823,0.27760282035412187,-,^
2023-03-22,102.87814331054688,106.08281539474726,102.8383327290355,103.773854818731,43427400,64.87350107559465,2.058252116661933,0.6676736366000489,1.3905784800618841,0.02982707548883523,0.01417690312818043,0.02084563705207043,-0.014773166735821741,0.03127738344300557,-,^
2023-03-23,105.0975341796875,105.79420800627038,103.96295911766454,104.56010268824097,40797800,67.92556485016465,2.466728373645026,1.0274845840090443,1.4392437896359815,0.007576550672453886,-0.002720585680187071,0.010935867577630543,0.021573006643803794,-0.060551633300635066,^,v
2023-03-24,104.93830108642578,104.98805862211833,103.34590808241246,104.49043770663731,30393300,67.47259388511856,2.74594640944116,1.3711769490954675,1.3747694603456926,-0.0006662673411040876,-0.007619976550174323,-0.005935296960465464,-0.0015150982799413404,-0.25502600630426153,-,v
2023-03-27,101.97248077392578,104.26154010508955,101.44500379935059,104.12220685116753,31120900,59.51212334929674,2.6968244876638607,1.6363064568091463,1.0605180308547144,-0.003524062713792131,-0.006920010966615986,-0.01839360956164815,-0.02826251503783528,0.02393948666317902,-,v
2023-03-28,100.54928588867188,101.9625275354681,99.26542295271996,101.95258058369826,32057900,56.09218770253046,2.5140743930014224,1.8118600440476016,0.7022143489538208,-0.020837305826321373,-0.02205043746048818,-0.021485344423089137,-0.013956656486656893,0.030108383754968493,v,v
2023-03-29,100.9075698852539,102.00233439427095,100.1710930472741,101.793334518348,28779600,56.76576583227806,2.3708247585288262,1.9236529869438466,0.44717177158497967,-0.0015619620851041738,0.00039040674809665,0.009123721711088661,0.0035632674405934317,-0.10226184497424973,-,v
2023-03-30,100.40995025634766,100.6786698096316,99.3052311886087,100.42985934560198,33086200,55.49245368174456,2.1918780402283886,1.9772979976007552,0.21458004262763342,-0.013394542768419226,-0.012976806780940597,-0.008643829595198382,-0.004931440024490863,0.14964071773061471,-,v
2023-03-31,103.23643493652344,103.39566967562425,100.55923207299183,100.81799706625952,36863400,60.86247006878604,2.252173514163971,2.0322731009133985,0.2199004132505724,0.0038647641566624813,0.026986847076248432,0.012627742460026292,0.02814944806724573,0.11416240003385103,-,v
2023-04-03,103.86343383789062,104.0326231198909,101.44499598386052,101.90280629620425,25035400,61.95894655053365,2.323764769189353,2.0905714345685893,0.23319333462076353,0.01076007519998412,0.0061603493286026545,0.008808379823602275,0.006073426516062019,-0.3208602570571353,-,^
2023-04-04,104.22172546386719,105.07763404356551,103.54496071696833,103.83358175831708,24420100,62.6036933310279,2.381954802188119,2.1488481080924955,0.23310669409562346,0.018947225619092123,0.010045030994463078,0.02070052556798263,0.0034496416374580896,-0.02457719868665964,-,^
2023-04-05,103.97290802001953,105.59514935745837,103.1667646231396,105.27667229755957,28290500,61.82009203787991,2.3805518148324865,2.195188849440494,0.1853629653919926,0.01389810998335217,0.004925075812787005,-0.0036524818900892653,-0.0023873855737872596,0.1584923894660546,-,^
2023-04-06,107.90410614013672,108.6505374348412,103.8335711243657,104.75914623352293,48711500,68.52368787417323,2.6659236626420295,2.289335812080801,0.37658785056122834,-0.0049158664758501835,0.028934928317964737,0.006463384828068408,0.037809831377999537,0.7218324172425372,^,v
2023-04-10,105.93354034423828,107.07806234756984,104.61982146300264,106.47097183107455,27067400,62.59119929742789,2.7019285663796353,2.371854362940568,0.3300742034390671,0.016340583701739186,-0.014472777810366377,0.007572217059694575,-0.018262194705910728,-0.4443324471634008,-,v
2023-04-11,104.84872436523438,106.22216293833723,104.18191416724264,106.04301910676263,26311800,59.535423770422994,2.6128083009956384,2.4200451505515823,0.19276315044405612,-0.0040194309956229635,-0.007993228402419117,-0.004185701042463186,-0.010240533597562385,-0.027915499826359436,-,^
2023-04-12,104.14210510253906,106.24206598376391,103.84352951452797,106.07287669400085,24370300,57.564029699777386,2.456840649884384,2.427404250418143,0.029436399466241436,0.00028156108237697985,0.00018737187114359344,-0.003248017234272149,-0.0067394168786817366,-0.07378818628904138,v,^
2023-04-13,106.91883087158203,106.97854295202298,105.33639240206342,105.33639240206342,24843600,62.77969934060825,2.528150777742141,2.4475535558829424,0.0805972218591986,-0.00694319146318656,0.006932065575340207,0.014376079997614033,0.026662854244294154,0.019421180699457974,-,^
2023-04-14,108.35198211669922,108.42164874194421,106.3316347984089,106.38139992776647,26578000,65.15982550332183,2.669535156412195,2.491949875988793,0.17758528042340194,0.009920669408482352,0.013489675126426404,0.009448229369263927,0.01340410509013612,0.06981274855495978,^,v
2023-04-17,105.46577453613281,105.65487290751938,104.02266937335287,104.16201021070087,37571200,57.22357594348512,2.5196455588417166,2.497489012559378,0.022156546282338763,-0.020862572955164804,-0.025518665935527984,-0.021714755250716644,-0.026637330708522255,0.4136202874557906,-,v
2023-04-18,104.00276947021484,106.03306368013463,103.57481518685294,105.98329855224205,26596400,53.656127703524845,2.25678982262248,2.4493491745719984,-0.19255935194951856,0.017485149699559832,0.0035794920026668287,-0.004305351796852208,-0.013871846789659137,-0.29210672004088234,-,v
2023-04-19,103.68428802490234,104.48048447908047,102.57956905144894,103.0871444808148,20905700,52.883227137315586,1.999724388948593,2.3594242174473172,-0.3596998284987243,-0.027326513809151298,-0.014642406313352896,-0.009608958834331882,-0.0030622400435568187,-0.21396504790121973,v,v
2023-04-20,104.78900909423828,105.74444030250633,103.37576757324341,103.41557815605778,27820800,55.28909065267938,1.8636568622400347,2.260270746405861,-0.3966138841658262,0.003185980918349207,0.012097530268238232,0.007761765126885312,0.010654662248060331,0.33077581712164617,-,v
2023-04-21,104.908447265625,105.49563631362956,104.28144003927596,104.96815934695626,25800100,55.553337489171454,1.7453408266417938,2.1572847624530476,-0.41194393581125377,0.015013030131259208,-0.0023528800962491214,0.00876097452326885,0.001139796744134669,-0.07263270646422826,-,v
2023-04-24,105.46577453613281,106.12263017432495,104.20181320069477,104.98805513219027,23542800,56.835304378667054,1.6772123094854834,2.061270271859535,-0.38405796237405143,0.00018954114617031337,0.005943315596783405,-0.00076357632337265,0.005312510908646706,-0.08749190894608938,-,v
2023-04-25,103.3558578491211,106.1823484668057,103.34590330520571,105.32643992429568,46664100,50.855151313824656,1.4364092932682269,1.9362980761412734,-0.4998887828730465,0.0032230789653104885,0.000562729102950632,-0.00821396355014059,-0.020005700392299874,0.9820964371272747,-,-
2023-04-26,103.21652221679688,105.84395986079909,102.14165929158905,104.42076383754022,53347600,50.47742877174346,1.2202615316217873,1.7930907672373761,-0.5728292356155888,-0.008598753431772965,-0.003186863079341351,-0.011652556851336704,-0.001348115483958523,0.14322573455825793,-,-
2023-04-27,107.07806396484375,107.85435896406044,103.04733914233148,103.95300525177885,50089200,59.463458834263065,1.3450520967672475,1.7034830331433506,-0.3584309363761031,-0.004479555296962978,0.018993989887617024,0.008866899725575639,0.037412050562370736,-0.06107866145805996,-,-
2023-04-28,106.82925415039062,106.83920869473445,104.5899600378611,106.53068615790889,36139800,58.72407101224639,1.4076461771753515,1.6443156619497508,-0.2366694847743993,0.024796598230967692,-0.009412232190488035,0.01497002162665173,-0.002323630118441611,-0.2784911717495987,-,-
2023-05-01,106.6899185180664,107.47616045562452,106.31172936546945,106.33163086061985,26681700,58.28697882882464,1.4295304783105394,1.6013586252219085,-0.17182814691136916,-0.0018685254405850227,0.00596177909469553,0.016462089927035795,-0.0013042834889408494,-0.26170869788986106,-,-
2023-05-02,104.81886291503906,106.68991470916808,103.21652305785557,106.63020263275621,30997200,52.62276390407194,1.2811273558437932,1.5373123713462855,-0.2561850155024923,0.0028079299613839037,-0.007315536237276321,-0.02911443851104556,-0.0175373233855316,0.16174006903608085,-,-
2023-05-03,104.908447265625,106.97854454706649,104.46058387636243,105.0278714282875,21795400,52.858973400669704,1.1574036912132328,1.461330635319675,-0.3039269441064423,-0.015026992023894792,0.0027053151057923053,0.012052923133339277,0.0008546586758773067,-0.29685907114190957,-,-
2023-05-04,104.19186401367188,105.09753008189718,103.47528871968271,104.98805287903261,23419500,50.6822525912974,0.9901160741393085,1.3670877230836018,-0.37697164894429336,-0.0003791236432139078,-0.017583100173341193,-0.009432219504400874,-0.006830558173630763,0.07451572350128921,-,-
2023-05-05,105.06768035888672,105.37620289836305,103.61462818899871,104.32124898163032,26625100,53.217932845901686,0.9176325945784214,1.2771966973825657,-0.3595641028041443,-0.006351235965587287,0.0026515638973505506,0.0013465965743133523,0.008405803596141848,0.13687738850103548,-,-
2023-05-08,107.25720977783203,107.44630815726045,104.65963556054464,104.67953705638796,26511400,58.90631501440338,1.025049507606667,1.226767259427386,-0.20171775182071894,0.003434468799551338,0.019644902757542493,0.010085519678165289,0.020839228690177514,-0.004270406496125867,-,-
2023-05-09,106.8392105102539,109.62589071265951,106.67997576350962,107.87426293991619,36360100,57.4696441458055,1.0641819109119552,1.1942501897242999,-0.13006827881234462,0.030519105962489412,0.02028531824666313,0.019303910166935667,-0.003897167085028186,0.37148924613562473,-,-
2023-05-10,111.21826934814453,112.4026095007465,107.41644603746185,107.45625661998795,63153400,66.64704482231657,1.432040403009509,1.2418082323813417,0.19023217062816733,-0.0038749402177705727,0.025329041981196232,0.006903547443475766,0.04098737548673981,0.7368874123008462,-,-
2023-05-11,116.01533508300781,117.35890998003737,113.86561676637899,114.85090401178836,78900000,73.41474461548084,2.0866009850350338,1.4107667829120802,0.6758342021229535,0.0688154196358346,0.04409417629452772,0.060038950894614196,0.04313199407776347,0.24933891128585328,-,-
2023-05-12,116.95086669921875,117.46838909715726,115.55752665279486,116.12481417824908,41073800,74.5013969963324,2.6502837239831507,1.6586701711262943,0.9916135528568564,0.011091860159237132,0.0009328573104379068,0.014858830386763833,0.008063861691573582,-0.47941951837769325,-,-
2023-05-15,115.95562744140625,117.91625505636303,115.45800652768493,115.55752919181069,36266800,71.1687240799526,2.9823205305246034,1.9234002430059562,1.0589202875186472,-0.004885131489361316,0.0038126508982374574,-0.0008612171616388942,-0.008509892110266426,-0.11703324260234016,-,-
2023-05-16,118.94135284423828,120.1754505833764,115.87600619542154,115.93571827523857,45035600,74.80934004339812,3.4466542939322835,2.228051053191222,1.2186032407410616,0.0032727342482388178,0.019159322231981468,0.0036203610326182023,0.025748861600880524,0.24178587578722133,-,-
2023-05-17,120.2650146484375,121.09106715915512,118.3242961888887,119.04087149490434,33323600,76.2416566218336,3.8767616964364464,2.557793181840267,1.3189685145961794,0.026783404336995886,0.007618998483750028,0.021128532764049357,0.01112869302850994,-0.2600609295757135,-,^
2023-05-18,122.24554443359375,122.72325621543935,120.25506095868938,120.37448510760484,35234200,78.23569411025258,4.327551790132389,2.9117449034986915,1.415806886633698,0.011202989325876933,0.013479021158009807,0.016317568174827546,0.016468045931277597,0.057334741744589524,-,^
2023-05-19,122.17588806152344,125.37061339548771,121.56878994331822,122.96213001121694,41330300,77.98777622575608,4.625861448787319,3.2545682125564173,1.3712932362309016,0.021496622820849076,0.021571764486113088,0.010924521381101338,-0.0005698070419912771,0.17301655777625147,-,v
2023-05-22,124.45499420166016,125.82842519711046,122.15598040509195,122.35503332746399,35253000,80.19875144932207,4.988672509353663,3.6013890719158663,1.3872834374377963,-0.004937265511727684,0.003651667557680094,0.004830108632713381,0.01865430385894995,-0.14704224261619203,^,v
2023-05-23,121.97683715820312,124.03698745783406,121.62850403374236,123.56923017246825,34046300,71.75872813827633,5.018387479158605,3.8847887533644143,1.1335987257941906,0.009923554528032064,-0.01423714662621034,-0.004318056059149811,-0.01991207391357519,-0.03422971094658611,-,v
2023-05-24,120.3247299194336,121.32992621989823,119.28967758115877,120.54368432083105,34182600,66.71778551071151,4.852686807062241,4.07836836410398,0.7743184429582612,-0.02448462167656451,-0.02182462903540039,-0.01922926267295655,-0.013544434150450702,0.004003371878882556,v,v
2023-05-25,122.89246368408203,124.72370499429998,121.37969186050914,123.92750849840978,42317000,70.21938972628392,4.8723965317215345,4.237173997627491,0.6352225340940434,0.0280713518642135,0.027971489640988167,0.017520495668440716,0.0213400334774716,0.23796902517655183,-,v
2023-05-26,124.01708221435547,124.66399090771507,121.86735626591603,122.58393158206252,35635900,71.62736318074872,4.922025896399802,4.3741443773819535,0.5478815190178485,-0.010841635829098473,-0.00047877094885562244,0.0040176770753983515,0.00915124082111718,-0.1578821750124063,-,v
2023-05-30,123.08154296875,125.0620794791518,121.419491101425,125.04217039241361,35076700,68.71687568305394,4.830187927237333,4.465353087353029,0.36483483988430354,0.020053515812596068,0.0031932923736688323,-0.0036750215825950283,-0.007543632126326361,-0.015692040891348347,-,v
2023-05-31,122.28535461425781,123.4696871146494,121.91711243909198,122.16592287264116,37325800,66.2496501153847,4.639676624803116,4.500217794843047,0.13945882996006898,-0.023002220057010025,-0.012732815343661885,0.004098364547182154,-0.006468787563821299,0.06411948672480583,-,-
2023-06-01,123.13131713867188,123.82798336385527,122.03655267348697,122.23559799694154,30772700,67.5815090643797,4.50502601515916,4.501179438906269,0.0038465762528909764,0.0005703319114038763,0.0029018964701283956,0.0009796839180771233,0.006917938187141148,-0.1755648907726023,-,^
2023-06-02,124.07678985595703,125.54975101903904,123.17112379211459,123.40002514747484,26963100,69.0514594856406,4.4236135204903775,4.485666255223091,-0.06205273473271333,0.00952608871404581,0.013904511794595953,0.009296977780609783,0.007678572269476769,-0.12379804177079035,-,^
2023-06-05,125.41043090820312,126.82367254963857,123.25075026674988,123.41994715640348,32305500,71.04578620013523,4.4158045727610755,4.471693918730688,-0.05588934596961259,0.00016144250298855134,0.010146746769783332,0.0006464703104411829,0.0107485135116272,0.19813745452117892,-,v
2023-06-06,126.70423126220703,127.67956397510677,124.76351278739155,125.41042147669415,26638300,72.87213901512312,4.462573037135741,4.469869742411698,-0.007296705275957827,0.016127654938696834,0.006748672454136795,0.012273860543385195,0.010316529052921686,-0.17542523718871395,^,v
2023-06-07,121.91712188720703,128.42599665134557,121.53893273241714,126.36585399872072,52539000,58.23522754180153,4.066481792276747,4.389192152384708,-0.32271036010796106,0.007618445985400957,0.005846140549041312,-0.025845537552869224,-0.03778176409194545,0.9723105453426082,-,v
2023-06-08,121.558837890625,122.64365544606527,120.66311871482401,121.64841360475143,29389200,57.307462823025,3.681231161480085,4.247599954203784,-0.5663687927236989,-0.037331606954652874,-0.04502469403432674,-0.007206036764543122,-0.0029387504481405147,-0.4406212527836464,v,v
2023-06-09,121.64840698242188,123.17112570184304,121.3299299142625,121.66830847720398,23762500,57.48979391405072,3.3445903821504714,4.066998039793122,-0.7224076576426501,0.00016354403533114237,0.004300836059226265,0.005526222150899596,0.0007368373484901714,-0.19145468403359056,-,v
2023-06-12,123.05169677734375,123.45974956411615,121.0811222457333,122.20574275748704,28306400,60.347105116044744,3.15466883916919,3.8845321996683353,-0.7298633604991451,0.004417208449838617,0.002343275346624374,-0.002050670174333913,0.011535619986578594,0.1912214623882167,-,^
2023-06-13,123.24079132080078,124.56446470926541,122.59388264580667,124.38532088531461,22278300,60.73014146019521,2.9850037324463017,3.7046265062239288,-0.7196227737776271,0.01783531672609584,0.008947978179524307,0.012493775842308708,0.0015367081349491052,-0.21295890681965912,-,^
2023-06-14,123.08154296875,123.4597396858578,120.87210511250152,122.51425548618013,30592300,60.20271514253155,2.8053545212326156,3.5247721092256663,-0.7194175879930507,-0.015042493646494126,-0.008868701246266708,-0.014044563204508753,-0.001292172423952187,0.373188259427335,-,^
2023-06-15,124.49479675292969,124.86303896319669,121.8176013960505,122.55407822349193,35246300,63.252798237792014,2.7453720562421324,3.36889209862896,-0.6235200423868275,0.0003250457438912502,0.011366452585349407,0.007822286892984698,0.01148225599136743,0.15212978429212587,^,v
2023-06-16,122.94220733642578,125.50993277297005,122.693396908693,125.33078896127878,45514000,57.99426721209874,2.543237669463039,3.2037612127957757,-0.6605235433327366,0.02265702437680761,0.005180827049740655,0.007189400403601276,-0.012471118930256542,0.2913128470222406,-,^
2023-06-20,122.51426696777344,123.97727366337496,121.55883572827894,122.34507768010195,26097500,56.59759656741396,2.3217498137240966,3.02735893298144,-0.7056091192573435,-0.023822648097262644,-0.012211456700940593,-0.009247125020577895,-0.0034808254864117094,-0.42660500065913787,-,^
2023-06-21,119.97640228271484,122.07636309263388,119.52853891590576,121.81759809801702,30306300,49.05287381339587,1.9193100109755221,2.8057491485802566,-0.8864391376047345,-0.004311408289462637,-0.015332734093689293,-0.016702173891427474,-0.02071485017925434,0.16127215250502913,v,^
2023-06-22,122.56401824951172,122.65358635883324,118.26457436097019,119.4290053407,26952200,55.55798966482145,1.788555199780518,2.602310358820309,-0.8137551590397911,-0.01960794494893181,0.004728378627739227,-0.010574583830768924,0.021567707628866506,-0.11067335834463465,^,v
2023-06-23,121.75788116455078,122.20574454143095,120.48397284408658,120.80244992420262,34885300,53.275762956080435,1.6014223443484639,2.4021327559259404,-0.8007104115774766,0.011500092289846497,-0.003651273727064863,0.0187663845670496,-0.006577273627891622,0.29433960864048214,-,v
2023-06-26,117.77690887451172,121.41949744247009,117.70724225347334,120.1853997584649,33969900,43.723755451757725,1.1189880174473075,2.145503808230214,-1.0265157907829066,-0.005107927580317195,-0.006433798197549523,-0.023046472697298093,-0.03269580787677262,-0.02624027885671043,-,v
2023-06-27,117.76696014404297,118.51339146949954,115.54756766205826,116.52290793494869,39535900,43.702667416642605,0.7274667740833962,1.8618964014008506,-1.1344296273174543,-0.0304736834164272,-0.023934425970981277,-0.018347848017409074,-8.44709762195528e-05,0.16385093862507683,v,v
2023-06-28,119.60816192626953,119.81716179676539,116.2940048517799,116.53286076190481,27091400,48.63968571582749,0.5593056369920504,1.6013782485190906,-1.0420726115270402,8.541519545390841e-05,0.011001038035447497,0.006459999157271357,0.01563428129565847,-0.3147645557581843,-,v
2023-06-29,118.53329467773438,119.48872587696212,117.73710580825735,118.67262791972016,24090900,46.09813710349896,0.33543720905166197,1.3481900406256049,-1.012752831573943,0.01836192078204646,-0.0027411425448414795,0.012409074382782936,-0.008986571076961658,-0.11075470444495306,-,^
2023-06-30,119.13044738769531,120.50388601157216,119.12050043614025,119.59821227593784,29519700,47.732157580868105,0.20385518443369222,1.1193230693872225,-0.9154678849535303,0.007799476361506352,0.00849586542294678,0.011749861000794892,0.005037847902435111,0.22534650013075486,-,^
2023-07-03,119.32949829101562,119.61811933616502,118.25463528006463,118.67263503107024,14467900,48.2948242212371,0.11431942313824095,0.9183223401374262,-0.8040029169991852,-0.00773905585421375,-0.007350523744288906,-0.007268817314445397,0.0016708650700565375,-0.5098900056572391,-,^
2023-07-05,121.17069244384766,122.02660102256166,118.66268638063181,118.67263333187572,27584800,53.30243897256508,0.1897434237949227,0.7726065568689255,-0.5828631330740028,-1.4318334851104453e-08,0.020134756337608417,0.003450614004269603,0.015429497141953963,0.9066208641198792,^,v
2023-07-06,119.53849029541016,119.72758866259632,117.83662777001128,119.22996777471036,24745200,48.79118479802571,0.11646982359309277,0.641379210213759,-0.5249093866206662,0.004696402423935542,-0.01884025565491476,-0.006961401564522185,-0.013470271692916924,-0.10294074997824887,-,v
2023-07-07,118.9114990234375,120.47402841691407,118.83187785346722,119.52854410797548,21692600,47.14067449016123,0.007718043065708002,0.5146469767841488,-0.5069289337184408,0.00250420543457075,0.006234484154034714,0.008446016338811368,-0.005245099468992764,-0.12336129835281184,-,v
2023-07-10,115.89590454101562,117.74705489595593,115.58738201288969,117.73710794498514,35315200,40.112359546947175,-0.3181345419061046,0.3480906730460982,-0.6662252149522028,-0.014987517637394254,-0.022635364292137194,-0.027303244711645025,-0.025359990473482252,0.6279837363893679,v,v
2023-07-11,116.5826187133789,117.14990621068708,114.80113505861661,115.73666473923052,23078800,42.22480074078999,-0.5150260686110926,0.17546732471466006,-0.6904933933257527,-0.016990762221621436,-0.0050714532588225225,-0.006802186714337077,0.005925266946083196,-0.3464910293584632,-,^
2023-07-12,118.36410522460938,119.75744523552781,117.8465828398585,118.2347265266947,30404400,47.40757000257611,-0.5213036847221275,0.03611312282730256,-0.5574168075494301,0.021584013960421533,0.022258140097451085,0.02652802848758329,0.015280892905745302,0.31741685009619225,-,^
2023-07-13,123.94741821289062,124.23603925428093,119.87687518656348,120.3545946051284,44297900,59.63033986509406,-0.07488877309755537,0.013912743642330971,-0.08880151673988634,0.01792931857422686,0.03739720741324293,0.01722826659695298,0.047170660207216386,0.45695688781886834,-,^
2023-07-14,124.8232192993164,126.17674869583614,122.90240240521798,124.20617426975937,33266800,61.15536036874996,0.3455844069852674,0.08024707631091825,0.2653373306743491,0.0320019329321628,0.015621147077806041,0.025238622661342358,0.007065908262175569,-0.2490208339447243,^,^
2023-07-17,124.05689239501953,126.49523177773591,123.60902902733594,125.34075523343135,25716200,59.053239922700534,0.6099451863998695,0.18618669832870852,0.423758488071161,0.009134658323891598,0.0025241027779809855,0.0057494939748057305,-0.006139297709180869,-0.2269710341842317,-,v
2023-07-18,123.17112731933594,124.08674795318163,122.37493084193565,124.00712678682312,26226400,56.63020130885291,0.7394551906000686,0.2968403967829805,0.44261479381708807,-0.010640022426261275,-0.0190401155103318,-0.009983883823950768,-0.007139990842775279,0.019839634160567998,-,v
2023-07-19,121.44935607910156,124.5843692790778,121.22045471640399,124.00712721064436,37224000,52.15080771723178,0.6951470301046072,0.37650172344730587,0.31864530665730134,3.41771677625502e-09,0.004010269703287994,-0.009433926684075722,-0.013978691903748452,0.4193331909831315,-,v
2023-07-20,118.63282012939453,123.49955194883329,117.65748741253887,120.84225815158732,37906800,45.77256680345753,0.427829825408125,0.3867673438394697,0.041062481568655274,-0.025521670651083128,-0.008707491449544968,-0.029392459483844613,-0.023191032382852472,0.018343004513217354,v,v
2023-07-21,119.44892120361328,120.41430699448074,118.16506592367423,120.04607237662714,72937900,47.76602127681136,0.27861979545075144,0.36513783416172607,-0.08651803871097463,-0.006588637014391274,-0.024981831153774392,0.004314034935623434,0.006879218359039374,0.9241376217459665,-,v
2023-07-24,120.95173645019531,122.41474313178708,120.40435800830701,121.08112274560483,29686100,51.31519330401907,0.278424893696382,0.3477952460686573,-0.06937035237227529,0.008622109399217814,0.016612943986780815,0.018950542337776932,0.01258123749833051,-0.5929948627531092,-,v
2023-07-25,121.62850189208984,122.56403163253377,120.44416169668466,120.78254786384007,52509600,52.86831045397047,0.3290862464479716,0.34405344614452016,-0.014967199696548583,-0.002465907773188336,0.0012195304007294183,0.00033058345259306954,0.005595334649645123,0.7688278352494939,-,v
2023-07-26,128.6549072265625,130.35676214061976,127.70943058695467,129.45110367587904,61682100,65.25978472693936,0.9255388857246913,0.46035053406055443,0.4651883516641369,0.07176993667836151,0.06358089240610032,0.060320639771367146,0.057769398004314576,0.17468234379999092,-,^
2023-07-27,128.78428649902344,132.60602666094323,128.1771883763532,131.04348970124676,44952100,65.43996214915256,1.3926184865426592,0.6468041245569753,0.7458143619856838,0.012301061792062695,0.01725468233015115,0.003662672265068556,0.0010056302961931607,-0.27122941663789013,-,^
2023-07-28,131.9491729736328,133.10365722274878,129.94874222091258,130.15773451572636,36591200,69.59429303701825,1.9951633229182448,0.9164759642292293,1.0786873586890156,-0.006759246014737097,0.0037526994386003487,0.013821132036051065,0.024575098101222048,-0.18599575993112671,-,v
2023-07-31,132.0885009765625,132.89464445399818,131.15297119764708,132.0984479281434,28055500,69.76659053082915,2.4556201912761964,1.2243048096386229,1.2313153816375735,0.014910473201133811,-0.0015703007198428764,0.009266953693844338,0.0010559217597940762,-0.23327193423555392,^,v
2023-08-01,130.92405700683594,131.99891993360347,130.05818634611023,130.15771659691958,23166800,66.3810142313353,2.6955026040425594,1.5185443685194102,1.1769582355231492,-0.014691552865780055,-0.006740109987688481,-0.00834738886614328,-0.008815634677640682,-0.17425103812086762,-,v
2023-08-02,127.7691421508789,129.47099705811388,126.95303661740036,128.83404293845086,26273300,58.1477550237128,2.601052567369578,1.7350460082894439,0.8660065590801342,-0.010169767057053969,-0.01915108757527073,-0.023875080961427986,-0.02409728913145659,0.13409275342300186,v,v
2023-08-03,127.83879852294922,128.77432818875712,126.81370074518537,127.36108673966699,20089500,58.270817506568235,2.5029682598579512,1.8886304586031455,0.6143378012548057,-0.01143297349977257,-0.005380887497483666,-0.0010975387113811852,0.0005451736694612741,-0.23536441939154962,-,v
2023-08-04,127.50042724609375,130.88424328208276,127.30138192389168,128.6648583264697,26130000,57.38805127002522,2.370605144880514,1.9850253958586193,0.38557974902189485,0.010236812673149354,0.01638459406468762,0.003845650555425628,-0.0026468590190538155,0.30067945941909957,-,v
2023-08-07,130.90415954589844,130.98378071638075,128.4061079650305,128.5454412168282,22746300,63.39532887201398,2.5114092109665904,2.0903021588802138,0.42110705208637667,-0.0009281252953972086,0.0007604997500230137,0.008678036518089627,0.02669585014985887,-0.12949483352468427,-,v
2023-08-08,130.77474975585938,130.88422694733512,128.9235996366585,129.99846246582507,23535200,63.03149732772353,2.5827824508774597,2.188798217279663,0.3939842335977968,0.011303561100591164,-0.0007600465378320154,0.004030117257108667,-0.000988584247345381,0.03468256375762202,-,-
2023-08-09,129.0430450439453,131.411710010648,128.38618186414243,131.03352848369946,24912900,58.21665849661941,2.4711265512717233,2.245263884078075,0.22586266719364811,0.007962140461057254,0.004030149970058128,-0.004168498040937996,-0.01324188893610534,0.05853784968897657,-,-
2023-08-10,129.0729217529297,131.42169319546548,128.83405823487684,130.695170875727,20857800,58.27587666253847,2.3578691987215734,2.267784947006775,0.09008425171479839,-0.0025822216030345624,7.5968761206191e-05,0.0034885091544223368,0.00023152513933788477,-0.16277109449321436,-,-
2023-08-11,128.9435272216797,129.3117618339363,127.56014170520349,128.04781566195854,19569200,57.89318668557346,2.231942430570058,2.2606164437194316,-0.02867401314937368,-0.02025595281011361,-0.01605466578787007,-0.009888041618240972,-0.001002491688362639,-0.06178024527994319,-,-
2023-08-14,130.70510864257812,130.74491163303028,128.34639041402843,128.77433710267465,24695600,61.59113804618474,2.24837162949089,2.2581674808737233,-0.00979585138283312,0.005673829240743222,0.011082903664513255,0.006163749101517846,0.013661650637724065,0.26196267604194357,-,-
2023-08-15,129.1624755859375,130.79467147990303,128.6648547013604,130.47620201058947,19770700,56.88012850040205,2.1125619930217425,2.229046383303327,-0.11648439028158464,0.013215870073226554,0.0003805872538460431,0.002481287446453706,-0.011802392979596954,-0.19942418892434277,-,-
2023-08-16,128.08761596679688,129.66009982508598,127.26157104777742,128.08761596679688,25216100,53.79272697955569,1.896339863856383,2.1625050794139384,-0.26616521555755535,-0.01830667973918143,-0.008674448599317652,-0.01090650323151654,-0.008321763842513819,0.27542777949187425,-,-
2023-08-17,129.30181884765625,131.36197675884557,128.6748116249142,129.18239468568078,33446300,56.65490535022519,1.8021838401759425,2.0904408315663394,-0.28825699139039695,0.008547108247901836,0.013125679650528355,0.011105006527117434,0.009479471311060417,0.32638671325066126,-,-
2023-08-18,126.853515625,128.63499931194184,125.77865268655036,127.89851493202701,30491300,49.93790591150607,1.5125709281896036,1.9748668508909923,-0.46229592270138875,-0.009938504056823172,-0.020759260131338553,-0.022507582500343015,-0.018934793373176384,-0.08835057988477046,-,-
2023-08-21,127.7591781616211,128.11746579787294,125.95779302992129,126.57484564637545,25248700,52.19573131305997,1.3406755336493887,1.8480285874426718,-0.5073530537932831,-0.010349371815263408,-0.00402327140231773,0.0014242507734389953,0.007139435845817443,-0.17193756907708102,-,-
2023-08-22,128.4658203125,129.66010749983826,127.70944197062904,127.89852516645765,22067500,53.94119891110753,1.2470916151065268,1.727841192975443,-0.48074957786891614,0.010457682277411395,0.012040838400590115,0.01390663410791615,0.005531048031515828,-0.1259946056628658,-,-
2023-08-23,131.7401580810547,132.77521810347412,129.25205347010368,129.56057601207195,27819700,61.03982959328998,1.4207597446216909,1.6664249033046925,-0.24566515868300165,0.012995074364236636,0.0240252045421121,0.012079071646318829,0.02548800732046619,0.2606638722102639,-,-
2023-08-24,129.1624755859375,133.6112075089515,128.95348331867828,133.3126319409684,28500700,53.985874053583714,1.3350064305900702,1.6001412087617681,-0.26513477817169795,0.028959858348784007,0.006296275897102133,-0.0023099838138699313,-0.01956641416454985,0.02447905620837032,-,-
2023-08-25,129.2620086669922,130.13781111641472,126.64451789723837,128.92361491657198,26762900,54.205939202930416,1.2605469980785813,1.532222366625131,-0.2716753685465496,-0.03292273928205025,-0.025996295200790498,-0.017905413347647503,0.0007706036958734508,-0.060973940990923015,-,-
2023-08-28,130.38662719726562,131.90934598829682,129.52077166131835,130.68520278468424,20543300,56.724347762215174,1.2775577870093286,1.4812894507019705,-0.20373166369264184,0.013663810693271383,0.01361276063186101,0.022711237816182672,0.008700302137271576,-0.23239633970907492,-,-
2023-08-29,133.9296875,135.92017096898465,131.61077243629086,131.61077243629086,43075600,63.52922130290868,1.558963554201597,1.4968242714018958,0.06213928279970116,0.007082436510670531,0.030405919691571137,0.016136413859837218,0.027173494543838217,1.0968198877492905,-,-
2023-08-30,135.23345947265625,135.6315501147355,133.43207426004315,134.1386874276615,28315800,65.66854464996283,1.8656767935048322,1.5705947758224832,0.295082017682349,0.019207508204500012,-0.002123458587430904,0.013838546724083134,0.009734749606253201,-0.3426487384969681,-,-
2023-08-31,135.52207946777344,137.34337385647325,135.14388270916908,135.36283712876264,30053800,66.14202486264692,2.1077417322445626,1.6780241671068992,0.42971756513766346,0.00912600029548738,0.012621132327173656,0.012829062716883222,0.0021342350942041843,0.061379159338602385,-,-
2023-09-01,135.01449584960938,136.80593398907862,134.2083524833941,136.80593398907862,21524600,64.4583634430144,2.2328829000960013,1.7889959137047198,0.44388698639128155,0.010660953116277128,-0.003913111002764924,-0.006922475564715369,-0.003745394257212209,-0.28379772275053405,-,-
2023-09-05,135.12399291992188,135.77089406084173,133.93965266502593,134.79556128053332,19403100,64.66730920773631,2.3142168246758104,1.894040095898938,0.4201767287768723,-0.014695069504118141,-0.007565753166229761,-0.0020021095065704264,0.0008110023269980449,-0.0985616457448687,-,-
2023-09-06,133.82022094726562,135.88036360473524,133.03397141020704,135.37279574679286,18684500,60.13414825101405,2.2475625418449567,1.964744585088142,0.28281795675681476,0.004282295802442659,0.0008062813804883273,-0.0067618605603221305,-0.009648708156729024,-0.03703531909849456,-,-
2023-09-07,134.61639404296875,134.93487869329522,132.3173880233416,132.95434213781053,18844300,61.89099739796426,2.2332396607447436,2.0184436002194626,0.214796060525281,-0.017865137494138095,-0.006958215936118339,-0.005386469179784692,0.005949572419379434,0.008552543552142078,-,-
2023-09-08,135.7310791015625,136.00974558565406,134.2083603898534,134.2680724669895,23558300,64.26538644367578,2.2854887510441415,2.0718526303843983,0.21363612065974324,0.009881063740041496,0.007965819532857799,0.014291185722153266,0.008280455486260774,0.2501552193501484,-,-
2023-09-11,136.2685089111328,136.825841903566,135.143880788854,135.8903121579024,20763400,65.38518665944008,2.343251085790939,2.1261323214657066,0.21711876432523258,0.012082095624868172,0.006000278247693558,0.006970656643767059,0.003959519169284498,-0.11863759269556806,-,-
2023-09-12,134.69601440429688,136.21873306242523,134.54673421670935,135.6116349892628,18405500,59.509115815251626,2.236361602944214,2.1481781777614084,0.08818342518280575,-0.0020507508167012523,-0.004437091946188354,-0.004418598671719565,-0.011539676476987282,-0.11356039954920683,-,-
2023-09-13,136.05950927734375,136.24859245755295,133.51167758565322,134.44720728074662,20749500,62.6439705437331,2.235899501094309,2.1657224424279886,0.0701770586663204,-0.008586488236119072,0.00021920182677104272,-0.0076929153062088584,0.010122755889081292,0.12735323680421606,-,^
2023-09-14,137.44288635253906,138.04002226738112,135.59173616278034,136.94526549707902,24751000,65.5575443007821,2.32041198568794,2.196660351079979,0.12375163460796124,0.01858021647943997,0.013148244525067465,0.015579600337151556,0.010167441309636427,0.19284802043422733,-,^
2023-09-15,136.7462158203125,137.86089695130053,135.83059519619755,137.32345788063844,38908400,62.897021780688114,2.3046071720644363,2.2182497152768703,0.08635745678756601,0.0027616316795375795,-0.0012976332018668213,0.0017616046536232943,-0.005068800217419844,0.5719930507858269,-,^
2023-09-18,137.55238342285156,138.497860147599,135.95999038082445,135.95999038082445,21861300,64.6831350241711,2.3302708200313305,2.2406539362277624,0.08961688380356803,-0.00992887537829934,0.0046203325989055966,0.0009526217892221744,0.005895355843692052,-0.4381341818219202,^,^
2023-09-19,137.3831787109375,137.75142852316634,135.96993710197103,136.7661336216356,20353700,63.986888553309555,2.310324062131542,2.2545879614085185,0.05573610072302371,0.005929268151263711,-0.005389481278896158,7.315917806938188e-05,-0.0012301110871624221,-0.06896204708777609,-,v
2023-09-20,133.10365295410156,137.42299901850853,132.98421360328075,137.42299901850853,29927500,49.48012302030402,1.9269811109566888,2.1890665913181526,-0.26208548036146384,0.0048028366341785755,-0.0023842185026964335,-0.02195870324225513,-0.03115028926387209,0.4703714803696626,-,v
2023-09-21,129.81935119628906,131.6008274512888,129.45111656611377,130.81459306049098,31488700,41.67185784819828,1.3426857114248776,2.019790415339498,-0.6771047039146203,-0.04808806389916953,-0.04236679164915891,-0.026567792833718906,-0.024674768009147252,0.05216606799766099,-,v
2023-09-22,129.6302490234375,131.4017782750434,128.9833479050883,130.1378168923183,26397300,41.26804896378169,0.854518080208976,1.7867359483133936,-0.9322178681044175,-0.0051735525245238945,-0.001512522224216939,-0.003613477221624195,-0.0014566562774268599,-0.16168974902107736,v,v
2023-09-25,130.48614501953125,130.54585709408724,128.34638135496135,129.21223680839083,20094600,43.91699692526828,0.5305890687714054,1.535506572404996,-1.0049175036335907,-0.00711230683002273,-0.006513771671830759,-0.004938362668300833,0.006602594707189047,-0.2387630553124751,-,v
2023-09-26,127.958251953125,129.73972818283227,126.61466938105363,129.1525391359743,25718700,38.407217302079005,0.06909664632183876,1.2422245871883648,-1.173127940866526,-0.00046201252985844654,-0.00617506314791727,-0.013492487716645574,-0.019372884883892216,0.27988116210325154,-,v
2023-09-27,129.91885375976562,130.27714140382253,127.95824144738631,127.95824144738631,22746500,44.24929514135262,-0.1368576333732392,0.9664081430760441,-1.1032657764492833,-0.009247187059408968,0.004142240996781732,0.010611503966330593,0.015322199050975316,-0.11556571677417604,-,v
2023-09-28,131.68043518066406,132.6657299926707,129.17242168676438,129.22218681213153,22513100,48.935829459784124,-0.15613317923506997,0.7418998786138213,-0.8980330578488913,0.009877795681217716,0.01833467147889145,0.009488878759539077,0.013559089923590228,-0.010260919262304102,-,-
2023-09-29,130.23733520507812,133.41215879768615,129.739714333163,132.64581840280536,30848100,45.55722694211386,-0.28457489351274035,0.536604924188509,-0.8211798177012494,0.026494146826746112,0.005626387500801355,0.004391747394612233,-0.01095910697444169,0.37022888895798456,-,-
2023-10-02,133.53158569335938,133.78039613443357,130.545860400469,130.58567857530397,22288000,53.456918953377304,-0.11917363476754872,0.4054492123972975,-0.5246228471648462,-0.015531132849174067,0.002760148250849026,0.00621356437733378,0.02529420985997577,-0.27749196871120096,-,-
2023-10-03,131.79986572265625,133.62116005886995,131.21267669893393,133.3026905762113,22989400,49.39908254466406,-0.12637055353019377,0.29908525921179924,-0.425455812741993,0.020806355111449015,-0.001190279593757615,0.005107908411797757,-0.01296861683856454,0.031469849246231085,-,-
2023-10-04,134.5965118408203,134.9249434701971,131.8993997738575,132.15815718510046,26752300,55.30027759618817,0.09252523240422761,0.25777325385028493,-0.16524802144605732,-0.00858597366762437,0.00975731247021594,0.005233664095575685,0.021218884426248197,0.1636797828564469,-,-
2023-10-05,134.42730712890625,134.8453068312004,132.81500520727624,134.42730712890625,19832600,54.88323453666122,0.24947254940923358,0.2561131129620747,-0.0066405635528410945,0.017169957512555456,-0.0005902291818583594,0.006941695223697364,-0.0012571255346808252,-0.25865813406697746,-,-
2023-10-06,136.92535400390625,137.50259600843535,133.37233386900715,133.37233386900715,27583200,59.713648372971335,0.5688683741349791,0.3186641651966556,0.25020420893832357,-0.007847908899100808,0.019706204388420856,0.004196277829158879,0.018582882662408373,0.3908010044068857,-,-
2023-10-09,137.76136779785156,138.27889778472175,134.96474077645817,136.28841418957376,19278100,61.21043148685883,0.8793149967375768,0.43079433150483987,0.448520665232737,0.021864207035851013,0.005645724508639649,0.01193955943677949,0.006105617181179301,-0.30109269410365724,-,-
2023-10-10,137.403076171875,139.05518115278088,136.67655393277659,137.8409849799401,27786600,60.1785015690448,1.0839400557159706,0.561423476347066,0.5225165793689046,0.011391803181499682,0.005613896122224515,0.012683410100077008,-0.002600813506020927,0.44135573526436733,-,-
2023-10-11,139.88124084472656,140.43857383416284,137.9206132443408,137.9206132443408,25884300,64.62119285285263,1.4295945908613987,0.7350576992499326,0.6945368916114661,0.0005776820617779954,0.00994851590507806,0.00910221450400428,0.018035729198316197,-0.06846105676837033,-,-
2023-10-12,138.3087615966797,140.5480557670691,137.6021331987685,140.37886647431526,24765500,60.043624062195526,1.5586749323321385,0.8997811458663738,0.6588937864657647,0.01782368256744471,0.0007795716655136786,-0.002309154796231061,-0.011241530590884508,-0.04322311207952312,-,-
2023-10-13,136.7064208984375,139.33385877066547,135.96993646362293,138.71681368426044,23420500,55.71280945818986,1.5142215267034942,1.0226692220337978,0.49155230466969635,-0.011839765000231872,-0.00863901666783573,-0.011861710986615703,-0.011585243622632913,-0.054309422381942585,-,-
2023-10-16,138.43812561035156,138.96560249289772,137.3334067233584,137.51254293878173,28501900,59.14266908403825,1.6002789605465182,1.138191169736342,0.46208779081017615,-0.008681505244344856,-0.0026429776725976906,0.010027733300443487,0.012667325357018866,0.2169637710552721,-,-
2023-10-17,139.05519104003906,139.23432728179327,136.5272682632598,137.97038107958892,23515800,60.32187966261954,1.6986906713610495,1.2502910700612835,0.44839960129976597,0.0033294282181299817,0.0019337503963203773,-0.0058699371065807915,0.004457337362572256,-0.17493921457867723,-,-
2023-10-18,137.30355834960938,140.050420109336,136.72631631294968,138.78645883619868,23375000,55.43116951279179,1.6167041826331854,1.323573692575664,0.29313049005752134,0.005914876441045713,0.005861290412177311,0.0014579362219864223,-0.01259667242429896,-0.005987463747778143,-,-
2023-10-19,137.0945587158203,138.9954742091233,136.72632410734244,137.84099006998994,26066000,54.8596419307508,1.5173734393944471,1.3623336419394207,0.15503979745502638,-0.006812399236474587,-0.007532615035278689,5.700726068980089e-08,-0.0015221720128832938,0.11512299465240639,-,^
2023-10-20,134.9547882080078,137.213976060409,134.43725824267983,136.6765521940106,26315200,49.25972608086776,1.2515642588617482,1.3401797653238863,-0.08861550646213812,-0.008447689438301875,-0.012816950759374834,-0.016741954262337044,-0.01560799004611102,0.009560346811938958,-,^
2023-10-23,135.85049438476562,137.00497842129087,133.31262496891244,134.39743479587233,26317900,51.49188929826726,1.1004987069166816,1.2922435536424455,-0.19174484672576386,-0.016675262592980133,-0.0015231512497394517,-0.008365488023693968,0.006637083342142969,0.0001026022982915098,-,^
2023-10-24,138.14952087402344,138.69690693710234,136.7661352888889,137.1741880982919,44814300,56.75099985988235,1.1529993339441944,1.2643947097027954,-0.11139537575860103,0.02066076117179616,0.012349394418418758,0.025905350830664364,0.01692321032521482,0.7028068348918417,^,v
2023-10-25,125.0123291015625,127.69947905321253,124.47489759261396,127.5501988505263,84366200,34.040172967389324,0.1330116002344539,1.0381180878091272,-0.9051064875746733,-0.0701588934564682,-0.07929108245274019,-0.08987047612563126,-0.09509400893572806,0.8825731965020094,-,v
2023-10-26,121.69817352294922,123.73842237481327,120.69297711748168,122.68346083906891,57061100,30.70219205285551,-0.9320169734757542,0.644091075552151,-1.5761080490279051,-0.0381554717696726,-0.031018581342439844,-0.030382997281185875,-0.02651062981092689,-0.3236497554707928,-,v
2023-10-27,121.58869171142578,122.72326678236502,119.63801864923039,122.29531249468846,44566500,30.59545804520218,-1.7645533854388873,0.16236218335394334,-1.9269155687928305,-0.003163819652019839,-0.008204045057025766,-0.008740843862227399,-0.0008996175402976592,-0.2189687895957141,v,v
2023-10-30,123.8677978515625,124.80332760609076,122.16593522517718,122.6237455580271,28940100,35.613513100279576,-2.214907595764487,-0.31309177246974274,-1.901815823294744,0.0026855736057169732,0.01694919698816766,0.021129709472692326,0.01874439232840719,-0.3506310793982027,-,v
2023-10-31,123.48960876464844,124.77347164354663,122.10622322082405,124.46494151125496,26292300,35.15924091678421,-2.572677031348718,-0.7650088242455378,-1.80766820710318,0.015015003373523461,-0.0002392240905496612,-0.0004887778597452153,-0.0030531671142427497,-0.09149242746224096,-,v
2023-11-01,125.84832763671875,125.88813822149176,123.13132166552205,123.47965479092001,30082400,40.2760772430448,-2.6355025534065817,-1.1391075700777467,-1.496394983328835,-0.007916178711624311,0.008933522192357657,0.00839513677238335,0.019100545346820708,0.144152470495164,-,v
2023-11-02,126.88337707519531,128.36628525589762,126.32604408767605,127.80895226837836,27124600,42.42326520020932,-2.5721225650160875,-1.425710569065415,-1.1464119959506724,0.03506081617080059,0.01968531006508112,0.025945651999352837,0.008224578410484629,-0.09832327207935532,-,-
2023-11-03,128.4857177734375,128.91366444247774,127.25161251937237,127.41085484625512,26380100,45.67913385445921,-2.365331890890076,-1.6136348334303472,-0.7516970574597286,-0.003114785115265639,0.004264197452539253,0.007326821942226891,0.012628452482728258,-0.027447409362718722,-,-
2023-11-06,129.6302490234375,129.7198171439132,128.0577651016171,128.43596185853923,19052700,47.94352813671328,-2.0850594181031283,-1.7079197503649035,-0.3771396677382248,0.008045680358405027,0.006253430968097051,0.0063351070079524785,0.008907848045945244,-0.27776240423652676,-,-
2023-11-07,130.34683227539062,131.28236208699965,129.2620222539232,130.088074849574,29757300,49.366661527535186,-1.7845480256714836,-1.7232454054262196,-0.061302620245264006,0.012863320888696572,0.012045537663323724,0.009404015065783033,0.005527901530325341,0.5618416287455321,-,-
2023-11-08,131.21266174316406,131.580911497814,130.1577079736882,130.3468063259873,26425800,51.10597190555301,-1.4596988800331872,-1.6705361003476131,0.21083722031442598,0.001988894652430462,0.002274101456344102,0.006929225646845394,0.0066425048668934394,-0.11195572178927526,-,-
2023-11-09,129.62030029296875,131.91930647073386,129.45111100566407,131.33211744076144,23747800,47.850450663954135,-1.3155786807021457,-1.5995446164185196,0.28396593571637396,0.007559150412246751,0.0025717634044926108,-0.005428775437309907,-0.012135730112023846,-0.10134035677254805,-,-
2023-11-10,131.9591064453125,132.16811390496133,128.79424481480643,129.48096408570086,26913300,52.62403107371892,-1.0011002140227276,-1.4798557359393614,0.47875552191663373,-0.014095206801912341,0.0018860577794401756,-0.005074241431801241,0.01804351746645838,0.1332965579969514,-,-
2023-11-13,131.46148681640625,131.95910772056664,130.62548734210117,131.15296428561638,18324800,51.54296792363986,-0.783001554240542,-1.3404848995995975,0.5574833453590555,0.012913096621746334,-0.0015813661723658168,0.014218356805677734,-0.003771013932353906,-0.31911731374450547,-,-
2023-11-14,132.9842071533203,135.0543119616439,132.68564675621332,133.55150228019363,32395200,54.61540332180434,-0.48173287307056967,-1.168734494293792,0.6870016212232224,0.01828809594691183,0.023455783344879633,0.0157714964822806,0.011583014720049745,0.7678337553479437,-,-
2023-11-15,133.97946166992188,134.38751449955015,132.93446980864985,134.22827214854598,23861500,56.55437169005781,-0.16081280105098017,-0.9671501556452298,0.8063373545942496,0.005067482258136469,-0.0049372541491538025,0.0018752823573577881,0.007484005340980815,-0.263424828369635,-,-
2023-11-16,136.27845764160156,136.5670862789989,133.6808910221372,134.54674656195866,28013200,60.72817573906579,0.2758486183695936,-0.7185504008422652,0.9943990192118588,0.002372632891081361,0.016218558603195543,0.005614956110042479,0.01715931638345891,0.1739915763887434,-,-
2023-11-17,134.66616821289062,135.41259957777135,133.01406314727024,135.35288749837048,37240600,56.62003259054594,0.486203011142436,-0.47759971844532495,0.9638027295877609,0.005991530505277565,-0.008453623290087586,-0.004988206390369787,-0.011830845876984464,0.3293947139205804,-,-
2023-11-20,135.60169982910156,136.0097526255653,132.98420894713303,133.05388316485448,27815500,58.37942826805815,0.7200991114896453,-0.23805995245833092,0.9581590639479762,-0.016985262568141923,0.0044098780294887785,-0.00022444393796283713,0.006947042665771619,-0.2530866849621113,-,-
2023-11-21,136.31826782226562,136.52726009180356,135.31307909148632,135.6414955150459,22635300,59.72675985357172,0.9523069033931222,1.341871195970121e-05,0.9522934846811625,0.019447852919747932,0.0038049291043336098,0.017512381077358752,0.0052843584856765435,-0.18623429382898027,-,-
2023-11-22,137.83103942871094,138.75660699373168,136.81588856208788,136.81588856208788,17813900,62.48760403061903,1.2440605220265866,0.24882283937488509,0.9952376826517015,0.008658066195618597,0.01632895071965157,0.011106165647043698,0.011097350565059116,-0.2130035828992768,-,^
2023-11-24,136.03961181640625,137.47276251978383,135.3429455539826,137.37323225964377,12514300,57.46382597214805,1.3155591826863144,0.46217010803717096,0.8533890746491435,0.004073676700955486,-0.009252492560630654,-0.010765876855281076,-0.012997272745891575,-0.2974980212081577,-,^
2023-11-27,135.7609405517578,137.76137114648046,135.35288776014943,135.3827437999076,23436500,56.700168632055686,1.3343543380724157,0.63660695404422,0.6977473840281957,-0.01448963838875128,0.0020993876998369743,7.345936004377052e-05,-0.0020484567761375194,0.87277754249139,-,^
2023-11-28,136.54718017578125,136.59694530602604,134.7756508796034,135.43251415198907,18730000,58.38069837299113,1.3965935399286877,0.7886042712211135,0.6079892687075742,0.00036762700093473377,-0.008452484399391502,-0.004264680939566778,0.005791353690008494,-0.20081923495402465,^,^
2023-11-29,134.34768676757812,137.63197233173457,134.19839139618142,136.91541225652824,23967200,52.269066808741606,1.253982687851959,0.8816799545472827,0.37230273330467645,0.01094935078052961,0.007577234054463755,-0.004283114046599201,-0.016107937237309855,0.2796155899626267,-,v
2023-11-30,131.89939880371094,134.9050333890216,130.65534651348793,134.4074124729324,38988300,46.441125949652125,0.9326551150292062,0.8918749866436674,0.040780128385538794,-0.018317877748465494,-0.01981326647081838,-0.026401545099253076,-0.018223521541556043,0.6267357054641343,-,v
2023-12-01,131.2325897216797,131.48140018185381,130.04824950146127,131.2325897216797,31431200,44.97043581851856,0.617081447555563,0.8369162788260466,-0.21983483127048353,-0.023620890342577527,-0.025378098364166823,-0.004646553150918997,-0.005055436856263307,-0.19382994385495134,-,v
2023-12-04,128.6549072265625,129.41128550101195,127.29142327486284,129.26200531072064,36669900,39.73232144113838,0.1571777603511464,0.7009685751310666,-0.5437908147799202,-0.015015968328738305,-0.015744543927724064,-0.021198487770244467,-0.019642091195365308,0.1666719692534806,v,^
2023-12-05,130.36672973632812,131.51125173964408,127.63976171874135,128.33642794624606,27384800,44.366751127557286,-0.0683811990482468,0.547098620295204,-0.6154798193434508,-0.007160475054132642,0.01622707193195838,0.0027365429258052743,0.013305536078395352,-0.2532076716871331,-,^
2023-12-06,129.40133666992188,131.2126687592651,129.2620034322801,130.814578133484,23576200,42.38715660097189,-0.32133332126483083,0.373412231983197,-0.6947455532480278,0.019309795565417343,-0.0022703987410147564,0.012709532607193319,-0.007405210427221642,-0.13907715228886097,-,^
2023-12-07,136.27845764160156,137.90070669775926,134.05907259412004,134.39745117448874,56767100,57.0789831158786,0.03274897754579342,0.3052795810957163,-0.27253060354992287,0.027388943129478704,0.05097097712999532,0.03711120851034244,0.05314567181961882,1.4078138122343717,^,v
2023-12-08,134.34768676757812,135.7509660671318,133.39224802366363,133.56143729563297,32233900,52.99311199239585,0.15576906811583058,0.27537747849973915,-0.11960841038390857,-0.006220459328282746,-0.015589047236277853,-0.004974109976691454,-0.014167836262875544,-0.43217286068867355,-,v
2023-12-11,132.65576171875,132.70552684181484,130.73495249515162,131.75010329817715,31138000,49.63980316573967,0.1154088039195642,0.24338374358370418,-0.12797493966413998,-0.01356180372218141,-0.02243401512009069,-0.01992091420515385,-0.012593629927958205,-0.03399836817760182,-,v
2023-12-12,131.88943481445312,132.36714658005434,130.635420548748,131.1828065229698,29032800,48.15352582648993,0.02134082332139542,0.19897515953124245,-0.17763433620984703,-0.004305854500344819,-0.0025498580941836213,-0.0007613262138701504,-0.005776808292138891,-0.06760870961526111,v,v
2023-12-13,131.93922424316406,132.86479190866413,130.94398235620778,132.7453677418089,30104800,48.26191549917421,-0.048630555464598046,0.14945401653207435,-0.1980845719966724,0.011911326341120132,0.0037595834122541305,0.0023620072271643977,0.0003775088488398026,0.036923755201013986,-,v
2023-12-14,131.3122100830078,133.0837393336483,129.0729159552244,132.74536075457883,38722400,46.931289355027246,-0.15291546551776491,0.0889801201221065,-0.2418955856398714,-5.2636338288003515e-08,0.001647896495669654,-0.014289059850749797,-0.004752295337136947,0.28625335494671944,-,v
2023-12-15,131.96905517578125,132.87471357909496,130.55579860135293,130.99370737808474,50815200,48.532165336132465,-0.18047964160007268,0.03508816777767067,-0.21556780937774334,-0.013195590162526027,-0.001570633314031844,0.011488720427164978,0.00500216310698165,0.312294692477739,-,v
2023-12-18,135.15383911132812,136.4974064259798,131.79986392780293,131.99892443621175,32258000,55.53590936004062,0.054038080163678615,0.038878150254872255,0.015159929908806359,0.007673781269703861,0.027263974832415272,0.00952899327167156,0.024132808492906,-0.3651899431666116,-,-
2023-12-19,135.99978637695312,136.81589194521072,135.43250644576105,136.18888474941207,25476800,57.20187895457736,0.3046441901405217,0.09203135823200215,0.21261283190851954,0.031742382228463484,0.0023332715805384208,0.027561807802381377,0.006259143441187609,-0.21021762043524084,-,-
2023-12-20,137.68173217773438,141.02574487397254,137.4130278546512,138.30873930396123,49107200,60.38037317504576,0.631688594428141,0.1999628054712299,0.43172578895691105,0.015565547500074661,0.030770204169320525,0.014623678324105605,0.012367267961137518,0.9275262199334295,-,^
2023-12-21,139.75184631347656,140.02056584118617,138.51774106231403,138.82627876474274,27488300,63.93094620826854,1.0458585448616589,0.3691419533493157,0.6767165915123432,0.0037419143821715295,-0.0071276278929400805,0.008039362969509245,0.015035503279911211,-0.44023890590381853,-,^
2023-12-22,140.8167724609375,141.31439337758854,140.0404850458567,140.10019712606518,26514600,65.636986169159,1.4433834289604306,0.5839902484715387,0.8593931804888919,0.009176348834367687,0.0092402678751482,0.01099313323957296,0.007620122206272839,-0.03542234332425065,-,^
2023-12-26,140.84661865234375,142.00108755674717,140.51818704797742,140.91627767898768,16780300,65.68597310218796,1.7407666277373437,0.8153455243246998,0.9254211034126439,0.005824977906263573,0.004859336425298011,0.0034111707194122154,0.00021195054313949413,-0.3671298077285722,^,^
2023-12-27,139.70208740234375,141.40395757196106,139.2243755877538,140.91628362015615,19628600,62.03388375724748,1.8626197278875054,1.024800365037261,0.8378193628502444,4.2160980706640316e-08,-0.004205108531633472,-0.009207430635166602,-0.008126082549593017,0.16974070785385242,-,^
2023-12-28,139.562744140625,140.4684177634693,139.08503236032027,140.11013013169483,16045700,61.58494580674949,1.9257465435616439,1.2049896007421377,0.7207569428195062,-0.005720797254590737,-0.0066160793838861975,-0.0010008536712430294,-0.000997431493757417,-0.18253466879960878,-,^
2023-12-29,139.02532958984375,139.6921397740678,138.11965590639036,138.9656175115826,18727200,59.787821134886556,1.9103883689583938,1.346069354385389,0.5643190145730048,-0.008168664314539331,-0.005526352483791963,-0.006940908288599723,-0.0038507020916681567,0.16711642371476465,-,^
