Date,Close,High,Low,Open,Volume,RSI_14,MACD,MACD_Signal,MACD_Hist,Open_Growth,High_Growth,Low_Growth,Close_Growth,Volume_Growth,landmark,ground_truth
2014-02-20,31.72467803955078,31.825523800587447,31.43054323409844,31.57340779508131,27526100,62.751344202588946,0.2777034518744159,0.14689621957623358,0.13080723229818234,0.00940331428394292,0.003178589937927967,0.005106029917651744,0.006398148498302003,-0.07476538130579757,-,-
2014-02-21,31.917972564697266,32.22891558468683,31.817126786344065,31.884356236636368,38021300,64.73818847489949,0.3194612837407256,0.181409232409132,0.13805205133159357,0.009848428258779851,0.012675102745423938,0.012299614084500643,0.006092875864823766,0.381281765306382,-,-
2014-02-24,31.674251556396484,31.917965068858354,31.548195164516326,31.674251556396484,32085100,60.36595452362487,0.3290948176320363,0.21094634945371288,0.11814846817832342,-0.006589585145785892,-0.009648184252783909,-0.008452416952468678,-0.007635854934293307,-0.15612827546664632,-,-
2014-02-25,31.548202514648438,31.808721042060544,31.388526559571872,31.607029485730493,30736500,58.17754058112131,0.32283689563955065,0.23332445869088045,0.0895124369486702,-0.0021222938937105473,-0.0034226501145085964,-0.005061101090310216,-0.003979542863818408,-0.04203197122651947,-,-
2014-02-26,31.489368438720703,31.71627379276819,31.254057401655473,31.581811716943246,41041800,57.13636475122908,0.30956159576357223,0.2485718861054188,0.060989709658153424,-0.0007978531737261596,-0.002906349147773324,-0.004284022624037265,-0.0018648947083567124,0.335278902932995,-,-
2014-02-27,31.81712532043457,31.842335962403965,31.287679398271813,31.47256598825898,33903400,61.292342169066494,0.32177880043320073,0.2632132689709752,0.05856553146222554,-0.003459134316403212,0.00397468411514712,0.0010757642178822469,0.010408493341226954,-0.1739299933238796,-,-
2014-02-28,32.19530487060547,32.32136130151838,31.78351283563192,31.917974952103535,41215000,65.45439754875252,0.35785185880129333,0.2821409869370388,0.07571087186425451,0.01415229263513873,0.015043661987612866,0.01584756194438297,0.011886037671920313,0.2156597863341141,-,-
2014-03-03,31.749900817871094,32.04403894161556,31.50619040266931,31.867554785036813,29717500,57.599023195299054,0.346505334982087,0.29501385654604845,0.051491478436038574,-0.001579679385749988,-0.008580157169611247,-0.008725355010214875,-0.013834441218198656,-0.27896396942860613,-,-
2014-03-04,32.27933883666992,32.33816580560173,31.993606470788556,32.102857929874496,26802400,63.24557518195131,0.37590120146686345,0.31119132553021145,0.064709875936652,0.007383784116005376,0.009178832435014606,0.015470485701056136,0.016675265281484775,-0.09809371582400939,-,-
2014-03-05,32.027217864990234,32.16167994552982,31.875947623654586,32.14487178473376,20520100,59.20237599687228,0.37453616235123377,0.3238602928944159,0.050675869456817846,0.001308726311876507,-0.0054575099012369455,-0.003677573744035323,-0.007810599001280449,-0.2343931886696714,-,-
2014-03-06,32.06083679199219,32.136471918806464,31.842333889715768,32.05243110799664,23582200,59.57350139616823,0.3718803206129202,0.3334642984381168,0.03841602217480339,-0.0028757519195028447,-0.000783790733756673,-0.0010545171655971242,0.001049698638941221,0.14922441898431305,-,-
2014-03-07,31.850738525390625,32.23731662490478,31.67425443141327,32.170083978469776,26591600,56.13668841061925,0.34880160487123746,0.336531759724741,0.012269845146496483,0.0036706379643003384,0.0031380142273582656,-0.005278490542955483,-0.006553112383331117,0.1276131997862795,-,-
2014-03-10,31.783498764038086,31.94317145483402,31.699461180635662,31.926366502816183,19006600,55.04225987463397,0.32138118730337695,0.33350164524046816,-0.012120457937091211,-0.007575904241241771,-0.009124368926026527,0.000795811919645173,-0.002111089552882306,-0.28524045187201974,-,-
2014-03-11,31.95158576965332,32.128066665978686,31.69946974549864,31.82552615466139,25216400,57.284189277957275,0.30964414051377886,0.3287301442951303,-0.019086003781351446,-0.0031585288023896485,0.0057882546636327525,2.7018954451563104e-07,0.005288499131675728,0.32671808740121855,-,-
2014-03-12,32.16168212890625,32.296144218574135,31.7582958599026,31.766698337956612,30494100,59.97114028926467,0.31367956396075414,0.3257200282282551,-0.012040464267500939,-0.0018484475769197095,0.005231486673097363,0.0018557444296780634,0.006575459533294081,0.20929633095921707,-,-
2014-03-13,31.842327117919922,32.312945940882706,31.632229944319683,32.287732100087325,32169700,54.37240972689581,0.28779091120992106,0.3181342048245883,-0.030343293614667255,0.016401885918000847,0.0005202392643177678,-0.003969542828715977,-0.009929673756065682,0.054948334267940435,-,-
2014-03-14,31.682659149169922,32.05242907580153,31.522983221669623,31.64064034934366,27195600,51.770122657615666,0.2514910642688406,0.3048055767134388,-0.05331451244459817,-0.020041412284324434,-0.008062306221097937,-0.003453652266765861,-0.005014331024196572,-0.1546206523529905,-,-
2014-03-17,31.97678565979004,32.27932606939386,31.758286033869553,31.850729293007177,20479600,55.95228652541953,0.24364810168049544,0.2925740817068501,-0.048925980026354676,0.006639844874943401,0.007078932865142384,0.0074644842636015785,0.00928351718317888,-0.24695171277706685,-,-
2014-03-18,33.23738098144531,33.531519025496976,32.11966539037104,32.153278510575525,64063900,68.5425456151207,0.3352870244378465,0.30111667025304945,0.03417035418479708,0.009498972999490318,0.03879241324342275,0.011379057299127693,0.03942220256492002,2.1281812144768453,-,-
2014-03-19,33.00205993652344,33.23736771316702,32.69951953465139,33.17013829376658,35597200,64.81797252458063,0.38449091732305263,0.3177915196670501,0.06669939765600252,0.031625384106836796,-0.008772382548678737,0.018052932284100764,-0.007080011660763552,-0.44434853326132195,-,-
2014-03-20,33.89288330078125,34.16180747188336,32.97685934114313,32.98526181893989,59269800,71.19838344822101,0.48972214545227644,0.3521776448240954,0.13754450062818102,-0.0055735816712416675,0.027813266281917937,0.008481464267322103,0.026992962438442625,0.6650129785488745,-,-
2014-03-21,33.750003814697266,34.40550585346097,33.62394425070676,34.22062255365688,80721800,69.03583747957357,0.5551895914448011,0.3927800341482366,0.16240955729656448,0.037451900230413004,0.007133650108478218,0.019622393475060118,-0.00421561909667012,0.36193812025685923,-,-
2014-03-24,34.035743713378906,34.15339762315924,33.49789543676673,33.90128164422586,46098400,70.93700864077283,0.6229488690666045,0.4388138011319102,0.1841350679346943,-0.009331826413452982,-0.007327554821472515,-0.003748781314892091,0.008466366411407966,-0.42892254632577564,-,-
2014-03-25,33.90129089355469,34.447545001802666,33.5819421900022,34.170215105231684,43193100,68.79652413684849,0.6582119087094895,0.4826934226474261,0.17551848606206344,0.007932840528807272,0.008612536354039468,0.0025090159288998493,-0.0039503417629557225,-0.06302387935373033,-,-
2014-03-26,33.43907165527344,34.21222782481948,33.27939572899365,34.01893878243297,41977500,61.883374016634555,0.641466465960427,0.5144480313100263,0.12701843465040075,-0.0044271399033585235,-0.006831174092983172,-0.009009200816819551,-0.01363426660455358,-0.028143384012724204,-,-
2014-03-27,33.07768630981445,33.59032372152978,33.06087815794198,33.3970347837371,35369200,57.05592756911692,0.5922081973202964,0.5300000645120803,0.06220813280821613,-0.018281111079720525,-0.01817783122672112,-0.006566152006819426,-0.01080727806036419,-0.1574248109106069,-,^
2014-03-28,33.86766815185547,34.15340047337962,33.34662799113338,33.43907127248367,43472700,63.71873363624977,0.6098852198611269,0.5459770955818896,0.06390812427923731,0.0012586892524675264,0.016763064164485364,0.008643141051072112,0.023882620889557726,0.22911176956221802,-,^
2014-03-31,34.447532653808594,34.87612946071313,33.95170321517014,33.97691384915619,46886300,67.68231913835083,0.6630414773368329,0.5693899719328783,0.09365150540395462,0.016084255818285653,0.02116126000094276,0.01814501976624583,0.01712147701911859,0.07852284307162893,-,^
2014-04-01,34.80888748168945,34.951755182845346,34.51475281140889,34.58198542508872,32605000,69.88986871129696,0.7259581157332278,0.6007036006929483,0.1252545150402795,0.017808314746265763,0.0021684092616243156,0.016583839481348006,0.010490006106167682,-0.30459430579934865,^,^
2014-04-02,34.75006103515625,35.01058260807933,34.59879085808188,34.82569612369343,28666700,69.06280695431299,0.7622860433490288,0.6330200892241644,0.1292659541248644,0.007047331019574887,0.0016831036074222983,0.0024348442282688953,-0.001689983529756467,-0.12078822266523537,-,v
2014-04-03,34.4643440246582,34.69965507372361,34.212228020357834,34.69965507372361,30139600,65.0371795172381,0.7592688343091538,0.6582698382411624,0.10099899606799145,-0.003619196857462703,-0.008880958590045562,-0.011172726795848353,-0.008222057803265126,0.05138017281375262,-,v
2014-04-04,33.50629806518555,34.78368933083514,33.313009040267524,34.666035420522306,51409600,53.72813208670883,0.6718269690999321,0.6609812644129164,0.010845704687015734,-0.0009688757173487161,0.0024217605890601845,-0.02628355509484015,-0.02779817769887638,0.7057160678973842,-,^
2014-04-07,33.44746780395508,33.84245149738814,33.397046536421186,33.58192986042595,37559600,53.11733115707488,0.590969225158652,0.6469788565620636,-0.05600963140341153,-0.031272845219980416,-0.027059747012304625,0.0025226630248886828,-0.0017557971076367362,-0.2694049360430737,v,^
2014-04-08,33.46426773071289,33.55671097289164,32.94322779077425,33.405440795840505,35918600,53.280668640750555,0.5222246139470599,0.6220280080390629,-0.099803394092003,-0.005255477136631992,-0.00844325726576134,-0.013588589193119893,0.0005022779857739579,-0.04369056113483638,-,^
2014-04-09,34.01054382324219,34.077773276146296,33.51471418548461,33.55673299427838,27398700,58.360700525274964,0.5059911781973341,0.5988206420707172,-0.09282946387338309,0.004528968779741627,0.015527812117092976,0.017347613850710708,0.016324160950575095,-0.23720022495308835,^,v
2014-04-10,33.07768630981445,34.19540115980295,32.850781068276824,33.98530407013779,45960800,48.635267800529874,0.4130904091946519,0.5616745954955041,-0.14858418630085224,0.012771537560956503,0.003451747938560068,-0.019810197799488782,-0.027428479776034576,0.6774810483709082,-,v
2014-04-11,32.951637268066406,33.43906421012152,32.77515642594088,32.77515642594088,34330200,47.48382323251271,0.3255421291904881,0.514448102234501,-0.1889059730440129,-0.035607968717874416,-0.02211808968541973,-0.002302065274453202,-0.003810697053217016,-0.2530547771144105,-,v
2014-04-14,32.926422119140625,33.11971109198124,32.6911143619134,32.86759517983381,32006600,47.242868944375495,0.2512288252365593,0.46180424683491267,-0.21057542159835335,0.0028203909293862406,-0.009550300694228797,-0.0025642002416489396,-0.0007652168758915945,-0.0676838468753459,v,v
2014-04-15,33.40544891357422,33.58192976107733,32.81717621606889,33.060889694522686,33968700,52.20485682519562,0.2283561083017034,0.41511461912827086,-0.18675851082656747,0.005881005702768061,0.013955999429234422,0.00385615041322529,0.014548401059194527,0.06130298126011513,-,v
2014-04-16,33.95171356201172,33.9685185192382,33.53992158171803,33.665981201721834,30615800,57.15382395772391,0.2514102067802142,0.38237373665865954,-0.13096352987844534,0.01830233586543173,0.011511808907686438,0.02202338680484206,0.01635256121990114,-0.09870557307168071,-,v
2014-04-17,33.62396240234375,33.78363836370861,33.20376790330715,33.62396240234375,36688400,53.569755539801754,0.24046206941202541,0.35399140320933276,-0.11352933379730734,-0.0012481085617648269,-0.005442691161961721,-0.010022494465046994,-0.009653449716737872,0.1983485651199708,-,v
2014-04-21,33.565128326416016,33.74161241509708,33.43907192687689,33.724804253992744,22221200,52.92812227913531,0.22445084382832903,0.328083291333132,-0.103632447504803,0.0029991067216386114,-0.0012439734335031316,0.0070866663161532895,-0.0017497662894018218,-0.3943262720641947,-,-
2014-04-22,33.607147216796875,33.733203604650896,33.472685146255394,33.58193337456316,27056700,53.357803648307296,0.21270052622102043,0.30500673831070974,-0.09230621208968931,-0.004236373867542054,-0.0002492118735387683,0.0010052079032578654,0.0012518614549072993,0.21760750994545752,-,-
2014-04-23,33.355037689208984,33.607156949589246,33.17015429231424,33.607156949589246,24602800,50.38597328963114,0.18095919796075322,0.28019723024071846,-0.09923803227996525,0.0007511055049973514,-0.0037365752905921257,-0.00903814117747892,-0.007501664034782696,-0.09069472626003905,-,^
2014-04-24,33.497894287109375,33.590337557572276,33.02727545831119,33.3970485401628,42381600,52.01681158591976,0.16542439077498727,0.25724266234757226,-0.09181827157258499,-0.006251894789601198,-0.0005004705409088483,-0.004307451594705247,0.004282909203445762,0.7226331962215682,-,^
2014-04-25,33.5399169921875,34.18701675505594,33.405454911969954,33.85926563488999,56876800,52.511310109233214,0.15472030588325225,0.23673819105470828,-0.08201788517145603,0.013840058176737724,0.01776341772275991,0.011450519257518721,0.0012544879602864878,0.3420163467164996,-,^
2014-04-28,34.34669494628906,34.69965996674454,33.69119260150953,33.733211407179866,50610200,60.85260483069402,0.20892907553020734,0.23117636794980811,-0.022247292419600773,-0.003722887231796035,0.01499526019955466,0.008553623660942478,0.024054262098784696,-0.11017849105434907,^,^
2014-04-29,34.044151306152344,34.615615987387066,33.94330554059007,34.53998086175809,29636200,56.82192840362178,0.22488484027939393,0.2299180624157253,-0.005033222136331367,0.023916176993646898,-0.002422040430310246,0.007483051789304751,-0.008808522642712258,-0.41442238916265894,-,^
2014-04-30,33.95171356201172,34.035751171461385,33.75842128978474,33.95171356201172,35458700,55.60994350115694,0.22744905426506534,0.2294242607855933,-0.001975206520527961,-0.01703148887374417,-0.016751538269229926,-0.0054468546259950346,-0.0027152312686355984,0.19646580870691932,-,^
2014-05-01,33.61555099487305,33.918091466759506,33.57353219729521,33.81724571140694,28787400,51.322724753208654,0.20004965468989866,0.2235493395664544,-0.023499684876555738,-0.003960561529808393,-0.0034569445554218925,-0.005476828756369678,-0.00990119590060401,-0.18814282531508486,-,v
2014-05-02,33.355037689208984,33.90129181226013,33.32982704550278,33.87608116855393,43416600,48.220185347661314,0.15552143229524518,0.20994375811221255,-0.054422325816967376,0.0017398063002849184,-0.0004953007015691124,-0.007258847545747904,-0.007749785380694596,0.5081806623731215,-,v
2014-05-05,33.136539459228516,33.31302038479718,33.0272879885209,33.21217459959076,22460900,45.7235765757469,0.10143226612098744,0.18824145971396755,-0.08680919359298012,-0.019598092402123957,-0.01735247820999586,-0.009077126520004142,-0.006550681549706616,-0.4826656163771461,-,v
2014-05-06,32.82558059692383,33.06929085989072,32.73313733594445,33.018869594504274,27112400,42.36203755797013,0.03309295584481475,0.157211758940137,-0.12411880309532225,-0.0058203055782101165,-0.007316344242916051,-0.008906291448413373,-0.009384168274037652,0.20709321532084646,v,v
2014-05-07,33.12811279296875,33.203747885429635,32.3633593940099,32.96003765934695,41744500,46.48427250167095,0.003307255958581834,0.12643085834382597,-0.12312360238524414,-0.0017817670889349602,0.00406591801767342,-0.01129674611203535,0.009216354761849122,0.5396829494991222,-,v
2014-05-08,33.31301498413086,33.531517890122664,32.74995596836195,33.0608989590727,32120400,48.89020480184675,-0.005316775779334648,0.10008133151919385,-0.1053981072985285,0.003060108752550139,0.009871476130465906,0.01194550199951161,0.00558142844772469,-0.230547736827606,-,v
2014-05-09,33.22896957397461,33.4894880161599,33.08610182963533,33.22896957397461,29647600,47.837451456497206,-0.01871738292800984,0.07632158862975312,-0.09503897155776296,0.005083667419629734,-0.0012534438226293743,0.010264009563802468,-0.0025229001396687156,-0.07698534264828583,-,v
2014-05-12,33.590335845947266,33.63235463788153,33.32141173057399,33.397046838387,22782600,52.56684133416294,-0.00017619152897907497,0.06102203259800668,-0.06119822412698576,0.005058154573171825,0.004266013910176447,0.007112046688071638,0.010875036951361938,-0.23155331291571657,-,-
2014-05-13,34.20815658569336,34.27586354481845,33.72575580148637,33.78499777649807,27004800,59.35233526785891,0.06363723614549599,0.06154507330750455,0.0020921628379914417,0.011616324640571385,0.01913362635074356,0.012134662065994561,0.018392812223716914,0.1853256432540622,-,-
2014-05-14,34.055816650390625,34.23354254550105,33.89501426376646,34.10659363273934,18818700,57.18022799284942,0.1007558272492659,0.06938722409585682,0.031368603153409086,0.00951889529100347,-0.0012347172307434207,0.005018670694183047,-0.004453321970773638,-0.3031349982225382,-,-
2014-05-15,33.51416015625,34.19121650562389,33.437991478367636,33.92885700881931,37793200,50.152273295907705,0.08548006488060622,0.07260579225280671,0.012874272627799513,-0.005211210062016303,-0.0012363908824482017,-0.01348348113508191,-0.01590496271756303,1.0082789990807015,-,-
2014-05-16,33.708824157714844,33.717285911341285,33.234885243516054,33.573410272134,29867100,52.415832815718474,0.08806649545072531,0.07569793289239043,0.012368562558334878,-0.010476236691171592,-0.013861179645499044,-0.006074115874542874,0.005808410551160437,-0.20972291311664537,-,-
2014-05-19,33.64111328125,33.70035523504206,33.3956804850004,33.52262937366587,24537400,51.539152398048195,0.08368785694349867,0.07729591770261209,0.006391939240886588,-0.0015125332236586297,-0.0005021363921089428,0.004838146432767143,-0.0020086988542834527,-0.1784471877082141,-,-
2014-05-20,33.581878662109375,33.80191979161867,33.3956877789857,33.581878662109375,21320900,50.73963484825466,0.07457832317370361,0.07675239879683039,-0.002174075623126784,0.001767441562625427,0.003013753293348298,2.184110399205963e-07,-0.0017607805855116565,-0.13108560809213687,-,-
2014-05-21,34.14889907836914,34.14889907836914,33.63264827785704,33.68342524565991,22398700,57.53118149028738,0.11182372652380224,0.08376666434222477,0.02805706218157747,0.0030238505883564137,0.01026507632967344,0.0070955418088571864,0.0168847139841386,0.05055133695106684,-,-
2014-05-22,33.93732833862305,34.1489077004061,33.72574897684,34.09813071978287,20201800,54.51123878280622,0.1228528157041211,0.09158389461460403,0.031268921089517066,0.012311855789559178,2.5248359958318645e-07,0.0027681643804500222,-0.006195536179967487,-0.09808158509199194,-,-
2014-05-23,33.95425796508789,34.16583734488009,33.85270076675227,34.16583734488009,18020000,54.71607931085564,0.1314443194157633,0.09955597957483589,0.0318883398409274,0.0019856403758207186,0.0004957594726753278,0.0037642393056844803,0.0004988497119138291,-0.10800027720302152,-,-
2014-05-27,34.01349639892578,34.072738360836354,33.69189809953833,34.072738360836354,26160600,55.47167421212604,0.14140318662516194,0.1079254209849011,0.03347776564026084,-0.0027249144548681103,-0.0027249144548681103,-0.0047500690808064405,0.0017446540548404776,0.45175360710321866,-,-
2014-05-28,33.86116409301758,34.01350151181397,33.70036491915262,33.97118627958059,25711500,53.02164465387591,0.13544242072959634,0.11342882093384016,0.022013599795756178,-0.0029804496539229675,-0.0017385408943376701,0.0002513013540903497,-0.004478584151466847,-0.017167037453269418,-,-
2014-05-29,34.140445709228516,34.148907463125305,33.77652895121473,33.97964655763084,19888200,56.78974049918047,0.15150767699656598,0.12104459214638533,0.03046308485018065,0.0002490427617283242,0.00398094713254693,0.0022600358258679787,0.00824784450539684,-0.22648620267195618,-,-
2014-05-30,34.648250579833984,34.673642309917625,34.06429244305092,34.23355665367459,34567600,62.65509992373962,0.20287648367002475,0.13741097045111322,0.06546551321891153,0.007472417219322791,0.015366080082032996,0.00851962888939295,0.014873996518100618,0.738095956396255,-,-
2014-06-02,34.52128982543945,34.77518441670031,34.42819438867333,34.65670048934157,18504300,60.44591521147587,0.23068279357735832,0.15606533507636225,0.07461745850099608,0.01236049879209844,0.00292850995794125,0.010682797719365311,-0.003664276039045511,-0.4646923708906606,-,-
2014-06-03,34.09813690185547,34.428200249527116,34.064283423005705,34.360493291827574,18068900,53.65541599487538,0.21608371149716987,0.1680690103605238,0.048014701136646076,-0.008546895501638674,-0.009977924574472219,-0.010570143805954335,-0.012257737927050316,-0.02352966607761442,-,-
2014-06-04,34.12351608276367,34.16583130555323,33.73421086758843,34.03042065555991,23209000,53.98927169277001,0.20420774183161683,0.1752967566547424,0.028910985176874432,-0.00960616698556449,-0.0076207568816347715,-0.009689696134760228,0.0007442981703442708,0.28447221468932815,-,-
2014-06-05,34.87674331665039,34.91059679139613,34.19122820949689,34.35202737187159,31865200,62.60039673518778,0.25266255642841173,0.1907699166094763,0.061892639818935447,0.009450565409309553,0.021798547185411188,0.013547592493042826,0.02207355279742651,0.37296738334266877,-,-
2014-06-06,35.105255126953125,35.25759255959198,34.90214070239836,35.105255126953125,24060500,64.75545967598205,0.30597524724574043,0.21381098273672913,0.0921642645090113,0.02192673366633069,0.009939554178041599,0.020792247898951066,0.006551982455129002,-0.24492863688286903,-,-
2014-06-09,34.927520751953125,35.10524663757109,34.71594139428085,35.029077939671275,15019200,61.773887282442445,0.33007931130779156,0.23706464845094163,0.09301466285684992,-0.0021699653515225847,-0.004320939433496207,-0.005334896495466812,-0.005062899396607423,-0.3757735707902995,-,-
2014-06-10,34.7921028137207,34.83441803071392,34.58052350031053,34.724395883776275,15117700,59.525049233824674,0.33440010361926653,0.2565317394846066,0.07786836413465992,-0.008697975334085006,-0.0077147615469911335,-0.003900740942967218,-0.0038771128129627686,0.006558272078406313,-,-
2014-06-11,34.58052444458008,34.75825029787109,34.50435576053476,34.639766395677086,18040000,56.08936289815426,0.31709646582792317,0.2686446847532699,0.048451781074653255,-0.002437176686455489,-0.002186565389887374,-0.0022026196270592546,-0.006081218208437433,0.19330321411325802,-,-
2014-06-12,34.34355926513672,34.59745382187871,34.09812646129353,34.538211866253725,29818900,52.43876380674362,0.2810226445163977,0.2711202767058955,0.009902367810502188,-0.0029317325141093864,-0.004626138387703427,-0.011773275874516154,-0.0068525617598174104,0.6529323725055431,-,-
2014-06-13,34.89366912841797,35.181417199233735,34.58053256643888,34.78364695263534,26310000,59.094748082528994,0.29344054973902445,0.2755843313125213,0.017856218426503145,0.007106189727830614,0.016878796351936787,0.014147583905906203,0.016017846578868955,-0.11767369017636464,-,-
2014-06-16,35.1221809387207,35.21527639269991,34.732875611576254,34.732875611576254,24205300,61.504712462250964,0.31805448827390137,0.2840783627047973,0.033976125569104065,-0.0014596324855820075,0.0009624169849222763,0.004405456880823833,0.006548804296325317,-0.07999619916381606,-,-
2014-06-17,35.2745246887207,35.469177387175755,34.14045875495723,34.944461277060135,22518600,63.0669511431161,0.3458671382567928,0.2964361178151964,0.04943102044159642,0.006091798094983059,0.007209967391551553,-0.017056372275193188,0.004337536734003056,-0.06968308593572481,-,-
2014-06-18,35.2491340637207,35.32530278708449,34.85136370521584,35.215280580348825,27097000,62.61088994003192,0.36169070718063523,0.3094870356882842,0.052203671492351056,0.007749992227422675,-0.004056327512779734,0.020822946620639105,-0.0007198006273382296,0.20331636957892596,-,-
2014-06-19,35.13064956665039,35.350693997000434,34.97831533668374,35.18142979560335,19828200,60.41534967033897,0.3605145040677229,0.3196925293641719,0.04082197470355098,-0.0009612527342566235,0.0007187825131742542,0.003642658937013321,-0.003361344901583241,-0.26825109790751744,-,-
2014-06-20,35.2745246887207,35.40147364479603,35.020630005016116,35.07987199026565,47764900,62.15097158484797,0.3669617677305297,0.3291463770374435,0.037815390693086204,-0.002886687832976853,0.0014364540565994233,0.001209740032505069,0.004095430168387537,1.4089377754914718,-,-
2014-06-23,35.53687286376953,35.545334618162805,35.282975033740925,35.316828508204075,18743900,65.15144709523292,0.38875920174111656,0.3410689419781781,0.04769025976293845,0.006754771454245301,0.004063700138876136,0.00749115674638734,0.007437327004797822,-0.6075800430860319,-,-
2014-06-24,35.33374786376953,35.494546991209,35.17294873633006,35.40145479855099,26509100,61.11191329962146,0.38520295543327165,0.3498957446691968,0.03530721076407484,0.0023962029978785715,-0.0014288127401071993,-0.0031183962606793347,-0.005715894045564385,0.4142787786960025,-,-
2014-06-25,35.570716857910156,35.58764359216671,35.08831623115414,35.29143381378825,20049100,63.92225660106882,0.39693045480520084,0.35930268669639764,0.037627768108803195,-0.003107809704115394,0.002622842347608012,-0.0024061816883867992,0.00670659096380799,-0.24368990271265334,-,-
2014-06-26,35.30836868286133,35.49455634569086,35.06293582226195,35.48609459083528,23604400,58.85151315408788,0.38066718302939506,0.36357558596299716,0.0170915970663979,0.005515808115763576,-0.0026157181841715005,-0.0007233293477233449,-0.007375397468001532,0.17732965569526815,-,-
2014-06-27,35.756919860839844,35.79077334086047,35.13064339424045,35.21527709429202,74640000,64.09576832309102,0.3993690762286377,0.3707342840161253,0.028634792212512417,-0.007631651204954015,0.008345420415589055,0.001931029743821755,0.012703820502368401,2.1621223161783396,-,-
2014-06-30,35.291439056396484,35.72305954450088,35.291439056396484,35.68920607095879,30793100,56.10471926229061,0.3723379702470524,0.3710550212623107,0.001282948984741683,0.013458050476155003,-0.0018919344299913599,0.00457707706493049,-0.013017922300213036,-0.5874450696677385,-,-
2014-07-01,35.435306549072266,35.6722776024716,35.28296916776001,35.426844796085796,26917000,57.85367853546295,0.3583931946601524,0.36852265594187905,-0.010129461281726648,-0.007351277984479543,-0.0014215451497376907,-0.00023999839232802245,0.004076555009442373,-0.1258756020017472,-,-
2014-07-02,35.46071243286133,35.46071243286133,35.14757256369425,35.316836747051575,20208100,58.17063488348002,0.34541022793951015,0.36390017034140526,-0.01848994240189511,-0.003105217234766977,-0.005930800717799278,-0.003837449264034176,0.0007169652604495091,-0.24924397221087047,-,-
2014-07-03,35.376075744628906,35.53687815806274,35.172961324480006,35.46917119904944,15969300,56.642398785568155,0.324550444376996,0.35603022514852345,-0.031479780771527466,0.004313366258958284,0.002147890439190059,0.0007223474889979098,-0.0023867734860845147,-0.20975747348835372,-,-
2014-07-07,35.53687286376953,35.64689181310724,35.2999017709725,35.33375524543565,21952400,58.85405672418873,0.31733584915972557,0.3482913499507639,-0.030955500791038315,-0.0038178493896531274,0.0030957602565755415,0.0036090349436725955,0.0045453633778200775,0.374662633928851,-,-
2014-07-08,35.3591423034668,35.54533317702022,35.215269885499076,35.43531100369821,31218200,55.48508403823242,0.2938890891316177,0.33741089778693467,-0.04352180865531696,0.0028741852530855816,-0.0028490179906702773,-0.0023975105093072546,-0.005001299945103899,0.42208596782128605,-,-
2014-07-09,35.26603698730469,35.536861467716164,35.1475530931244,35.528396487592445,18445900,53.749318347335716,0.26474275233164235,0.32287726869587624,-0.05813451636423389,0.002626913134317288,-0.0002383353466364202,-0.0019229383331393901,-0.002633132765581303,-0.4091299306173962,-,-
2014-07-10,35.282958984375,35.5453184494559,34.74131655312473,35.01213776874987,21854700,54.03079582887743,0.2402401947494397,0.3063498539065889,-0.06610965915714923,-0.014530875859338876,0.00023797773327327576,-0.011558031904051247,0.0004798383520212557,0.1847998742267929,-,-
2014-07-11,35.62150192260742,35.62150192260742,35.10524775687552,35.291438630666015,24083000,59.35960606361847,0.24531152852836868,0.2941421888309449,-0.04883066030257621,0.007977258165750678,0.002143277271797528,0.010475458038393004,0.009595083518430192,0.10195976151582964,-,-
2014-07-14,35.66380310058594,35.92616257135228,35.57917267953544,35.73151002018123,21881100,59.98380418162066,0.24986367570355839,0.2852864862054676,-0.03542281050190921,0.012469635883101127,0.008552717664930931,0.013500116163319253,0.0011875180914724393,-0.09142963916455593,-,-
2014-07-15,35.92617416381836,35.943100899179015,35.570719178133984,35.82461698009911,28748700,63.707153126339236,0.2715126088684343,0.28253171073806094,-0.011019101869626624,0.002605738180818218,0.00047147612253595206,-0.00023759690753899498,0.007356788688307692,0.3138599064946461,-,-
2014-07-16,37.30565643310547,37.500308963641324,35.95154724074176,35.97693571867675,63318000,76.23016850041523,0.3954240325861065,0.3051101751076701,0.0903138574784364,0.004251789730571387,0.04332425487801683,0.010706223304078666,0.03839769475583066,1.2024648071043211,-,-
2014-07-17,37.686519622802734,38.685174594169936,37.44955174093433,38.465133450784315,82180300,78.4419162451847,0.51838162433409,0.34776446495295404,0.17061715938113592,0.06916091330190377,0.03159615649240144,0.041667316573651414,0.010209261171431505,0.2978979121260936,-,-
2014-07-18,37.82192611694336,37.94887502729374,37.44954759686442,37.78807587216883,43407500,79.18352006666746,0.6196100946169807,0.4021335908857594,0.2174765037312213,-0.017601851803836,-0.019033119912225005,-1.1065739691229481e-07,0.003592968931487528,-0.4718016361585441,-,-
2014-07-21,37.94886016845703,38.21968139128283,37.42414445278748,37.71189240559536,37604400,79.88218033579386,0.7019848592657283,0.4621038445617532,0.2398810147039751,-0.002016071599707625,0.007136084107745688,-0.0006783297985438752,0.003356096966643074,-0.1336888786500029,-,-
2014-07-22,37.940406799316406,38.211228081970866,37.73728922310339,38.084279193282185,43095800,79.69035723650548,0.7578493222440841,0.5212529400982194,0.23659638214586465,0.009874518724273251,-0.00022117686501421652,0.008367453014482606,-0.0002227568655053247,0.14603078363170274,-,^
2014-07-23,37.97426986694336,38.46513562535863,37.76269046661514,38.46513562535863,52362900,79.89859455564562,0.795682643963822,0.57613888087134,0.21954376309248202,0.010000358156801337,0.006644841219001885,0.0006731072643182401,0.0008925330665554565,0.21503487578835978,-,^
2014-07-24,37.57649612426758,38.08428530360436,37.50878917851875,38.02504334029656,30725300,70.72529558794001,0.784525288129494,0.6178161623229709,0.16670912580652308,-0.011441329346878137,-0.00990118234506332,-0.006723601654412326,-0.010474822664649719,-0.4132238665161785,-,^
2014-07-25,37.6611213684082,37.79653201272987,37.49185725589501,37.49185725589501,26737700,71.47562345279373,0.7735940426280052,0.6489717383839778,0.12462230424402743,-0.01402197177344211,-0.007555696229574749,-0.0004514121355170264,0.0022520791683386943,-0.12978229667407637,^,^
2014-07-28,37.21257781982422,37.66958677091011,37.17872434835275,37.542641095559205,29684200,62.35326526101564,0.7204325382298009,0.6632638983531425,0.057168639876658434,0.001354529846776531,-0.0033586478721647772,-0.00835202442506433,-0.011909989195389215,0.11020020420604615,-,^
2014-07-29,37.144874572753906,37.314138718508104,36.93329519767242,37.161801310173836,27763100,61.08596314105763,0.6651709006788167,0.6636452988182774,0.001525601860539294,-0.010144192690546117,-0.009435942437162392,-0.006601333288919209,-0.0018193646083353165,-0.06471793075103927,-,v
2014-07-30,36.88251495361328,37.32259717384988,36.63708212538708,37.29720868418674,31921400,56.30982058586263,0.5933654782709183,0.6495893347088056,-0.0562238564378873,0.0036437247183664923,0.00022668231486155932,-0.008020217819719733,-0.007063144569966262,0.14977794266490418,-,v
2014-07-31,36.52705764770508,36.975604821779065,36.4593539367338,36.71324850265408,31537500,50.54376790538928,0.5019901003772276,0.62006948784249,-0.11807938746526248,-0.01565694061658418,-0.009297111625284571,-0.004851046490138677,-0.009637556071088405,-0.01202641488155276,-,v
2014-08-01,36.27316665649414,36.603229947562596,36.05312231015191,36.56937647451843,31170300,46.85331777180222,0.40442560728269683,0.5769407117305314,-0.17251510444783458,-0.003918804083088756,-0.010070825778545123,-0.011142041279360027,-0.006950764927732611,-0.011643281807372174,v,v
2014-08-04,36.70479202270508,36.78942571657805,36.23085625079767,36.36626693254912,34277400,53.120076486186505,0.35780900393164217,0.5331143701707536,-0.17530536623911142,-0.005554088189358097,0.00508686717762874,0.004929779427057079,0.011899302046011417,0.09968142751272846,-,^
2014-08-05,36.459354400634766,36.780952681618274,36.24777505493501,36.654007011265186,26266400,49.54269464668243,0.29762935904492593,0.4860173679455881,-0.18838800890066215,0.007912279785267984,-0.00023031169404630347,0.00046697224101532875,-0.0066868005114560924,-0.2337108415457415,-,^
2014-08-06,36.17161560058594,36.535529197974164,35.7230650777878,36.17161560058594,24634000,45.660401632587906,0.22413475453953424,0.43364084526437735,-0.2095060907248431,-0.013160673280031565,-0.006672570060067051,-0.01447564647352817,-0.00789204320205461,-0.06214783906435595,-,^
2014-08-07,36.58631134033203,36.77250225500076,36.09544878590393,36.25624797592518,30314900,51.55281326657952,0.1970804111086224,0.3863287584332264,-0.189248347324604,0.002339745514100544,0.006486098935162943,0.01042418133229206,0.011464672861871694,0.23061216205244794,^,^
2014-08-08,36.5609130859375,36.662470272084775,36.31548026000724,36.58630157536313,28942700,51.18671900173195,0.1716119860061056,0.34338540394780226,-0.17177341794169665,0.009103357844891136,-0.0029922353978786287,0.006095823199439909,-0.0006942010130037701,-0.04526486975051869,-,^
2014-08-11,36.5609130859375,36.77249244033709,36.40857569249422,36.61169006478877,20351600,51.18671900173195,0.1497023995468041,0.3046488030676026,-0.15494640352079853,0.0006939342959642048,0.0030009480385746468,0.002563519243596435,0.0,-0.2968313253428325,-,^
2014-08-12,36.83173370361328,36.890975663447406,36.39164826738503,36.42550173827444,21431100,55.1273810810992,0.15243468279588512,0.2742059790132591,-0.12177129621737398,-0.005085488437841623,0.0032220612541440374,-0.0004649296158178995,0.007407381129656443,0.05304251262799986,-,^
2014-08-13,37.30565643310547,37.390286845184264,36.83171773151168,36.96712832790372,22889500,61.05278665435162,0.19064401495570138,0.25749358620174756,-0.06684957124604618,0.014869433879620697,0.013534778431777417,0.012092595006779394,0.012867239248248952,0.06805063669153699,-,-
2014-08-14,37.466468811035156,37.59341447422925,37.246424495987654,37.30566967961153,19313200,62.84563331467374,0.23123585787921996,0.25224204053724203,-0.021006182658022066,0.00915790235868208,0.005432630936639926,0.011259501050127962,0.004310670104895387,-0.15624194499661415,-,^
2014-08-15,37.90656280517578,37.99965824968723,37.57649948623167,37.728836899351286,41611300,67.28412984056312,0.2955106305526911,0.26089575854033187,0.034614872012359243,0.01134324147975363,0.010806248411845187,0.008861924190322501,0.011746343013009142,1.1545523269059506,-,^
2014-08-18,38.17738342285156,38.17738342285156,37.81346663498808,38.033507767246306,26891100,69.6841594581468,0.36410463983450825,0.28153753479916716,0.08256710503534109,0.00807527856498158,0.00467702030361794,0.0063062592842966225,0.007144425599010074,-0.35375486947055246,-,^
2014-08-19,38.603179931640625,38.611694535425535,38.17737827300056,38.296602217642366,28139500,73.03369522215166,0.4476637174392266,0.31476277132717906,0.13290094611204756,0.006917438486245375,0.011376136173701479,0.009623863411553968,0.01115310874171116,0.04642428163965029,^,^
2014-08-20,38.279571533203125,38.66279369343808,38.23699201509013,38.61169632253709,24770500,66.97690603210646,0.4822137354315075,0.34825296414804474,0.13396077128346273,0.008227730050410775,0.0013234114334366165,0.0015614938685228896,-0.008382946664252877,-0.11972494180777915,-,^
2014-08-21,38.50951385498047,38.53506092211404,38.177388987805,38.18590359397961,22285500,68.94751030891169,0.5221305018586122,0.38302847169015825,0.13910203016845396,-0.01102755820414325,-0.0033037646564511025,-0.0015587791859151823,0.006006919946266676,-0.1003209462869139,-,^
2014-08-22,38.44989776611328,38.72241061517988,38.38176792954192,38.620215860322844,18294500,67.81757605224416,0.5426984171627183,0.4149624607846703,0.12773595637804797,0.011373628105312283,0.004861798284022667,0.0053534028165782566,-0.0015480872880320184,-0.17908505530501895,-,^
2014-08-25,38.466922760009766,38.69685606031933,38.35621666063073,38.66279439437681,16910000,67.97896660101739,0.5539864025447088,0.44276724913667803,0.11121915340803074,0.001102493424893325,-0.0006599422519045772,-0.0006657137044363548,0.0004427838534200035,-0.07567848260406129,-,-
2014-08-26,38.33067321777344,38.66280132124212,38.27106123093256,38.58615687407391,14873100,65.16259169505744,0.5456481210269075,0.46334342351472396,0.08230469751218356,-0.001982203343120159,-0.0008800389112780804,-0.002220120676958537,-0.0035419922484148936,-0.1204553518628031,-,-
2014-08-27,38.211448669433594,38.32215803559154,38.11777176334684,38.236998983845176,21287900,62.71411202354461,0.5233862769955095,0.4753519942108811,0.04803428278462846,-0.009048786365747907,-0.008810620907167,-0.004005362345735675,-0.003110421454443957,0.43130214951825785,-,-
2014-08-28,38.2199592590332,38.30511829459278,37.99002596469157,38.10924991391857,17657600,62.82150320635785,0.5006590527566885,0.4804134059200426,0.020245646836645925,-0.0033409805508162194,-0.00044464460959992014,-0.0033513448647621846,0.00022272355265129384,-0.17053349555381225,-,v
2014-08-29,38.688331604003906,38.69684620616903,38.202918065386164,38.398786401266285,21607600,68.242580724185,0.5145103427352566,0.48723279328308544,0.0272775494521712,0.007597538340474497,0.01022651616850756,0.005603894582553393,0.012254653172085739,0.22369971003986944,-,v
2014-09-02,38.39879608154297,38.71388841881847,38.19440984336404,38.6883413572745,22976800,62.204348265653415,0.4964022764795857,0.4890666899223855,0.00733558655720018,0.007540731964348346,0.00044040314186455376,-0.00022271131245943376,-0.007483794479030248,0.06336659323571325,-,v
2014-09-03,38.2880973815918,38.41583922205421,37.921907570783496,37.921907570783496,33684500,60.01779640618241,0.4677273735597538,0.4847988266498592,-0.017071453090105382,-0.019810458644717643,-0.0076987667459252895,-0.007134611418217585,-0.0028828690283959624,0.4660222485289509,v,v
2014-09-04,38.54357147216797,38.552089326055956,38.08370806910847,38.100740528275026,26475500,63.23012671840112,0.46031075458237325,0.479901212236362,-0.019590457653988758,0.004715821775519213,0.003546716842867337,0.0042666761428855615,0.00667241539923058,-0.21401534830560054,-,v
2014-09-05,39.09710693359375,39.114139389235355,38.415824950973295,38.415824950973295,36939400,69.0351697465166,0.4934109815989345,0.48260316610887655,0.010807815490057937,0.008269771619384692,0.014578978026997147,0.008720707586093113,0.014361291397853027,0.39522955184982345,-,v
2014-09-08,39.57400894165039,39.85503635948996,39.16523972113258,39.190786782224635,45736700,72.99141755343707,0.5517647557549026,0.4964354840380818,0.05532927171682078,0.02017298423866598,0.018941921817114293,0.019507970247045092,0.012197884842647166,0.23815492401067684,-,^
2014-09-09,39.82096481323242,39.99980395691715,39.53141959084816,39.57400235038785,40302400,74.7878062263845,0.6108957907240438,0.5193275453752743,0.0915682453487695,0.009778205533169437,0.0036323539168650054,0.009349613900562881,0.006240355177211221,-0.11881705501271411,-,^
2014-09-10,39.88909912109375,39.97425815254508,39.4122000985834,39.872066665081725,27302400,75.27639279945944,0.6556969647232904,0.5466014292448775,0.10909553547841289,0.007531821321857146,-0.0006386482393658799,-0.0030158161153505114,0.0017110159982534068,-0.3225614355472627,-,^
2014-09-11,40.02536392211914,40.02536392211914,39.574015113190704,39.803948444704105,29216400,76.26696621899649,0.6941953961181895,0.57612022261954,0.11807517349864949,-0.0017084196048777756,0.001278466991908589,0.004105708745072656,0.003416091213584993,0.07010372714486635,^,^
2014-09-12,39.76988983154297,40.04240273093003,39.68472752010326,39.948725812651354,38244700,70.55907639875196,0.6960672266395349,0.600109623423539,0.09595760321599589,0.0036372614678761295,0.00042570028455068964,0.002797603594072884,-0.0063828049402191445,0.3090147999069015,-,^
2014-09-15,39.378135681152344,39.77838699931151,39.258908497406615,39.633616006247436,37667600,62.7977710970105,0.6583503271405959,0.6117577641669504,0.04659256297364556,-0.007887856245570757,-0.006593403832247713,-0.010730047786794872,-0.009850521388166111,-0.015089672555935851,-,^
2014-09-16,39.82096481323242,39.89760923235203,39.42071351214862,39.505872534011104,27910600,67.19098485421208,0.6566228827744212,0.6207307878884446,0.035892094885976555,-0.003223109196400231,0.0029971610724837117,0.004121485312122086,0.011245558592862137,-0.25902897981288964,-,^
2014-09-17,39.6165885925293,39.761359604015084,39.3696228391146,39.39516990029232,38311900,63.46592826769629,0.6314830739097914,0.622881245092714,0.008601828817077384,-0.0028021817167428464,-0.0034149822748392733,-0.0012960362327860686,-0.005132377421332879,0.3726648656782727,-,-
2014-09-18,39.75285339355469,39.88059522363373,39.56549957573467,39.6762089452292,35556600,64.86456586173914,0.6154603807340067,0.6213970722209726,-0.0059366914869659615,0.0071338452314884115,0.0029987812490850363,0.004975326723868578,0.0034395894716459097,-0.07191760262477198,-,-
2014-09-19,40.46818923950195,40.51076875481562,39.68471251357355,39.863551675665015,202522400,71.11595008662442,0.6529570232988107,0.6277090624365402,0.025247960862270435,0.00472179009578344,0.015801507666777237,0.003013052763574775,0.017994578624719537,4.6957751866038935,-,-
2014-09-22,40.07645797729492,40.348970810871855,40.00832814459607,40.28084097817301,38686100,64.36248584617564,0.6436444115333728,0.6308961322559068,0.012748279277466024,0.010467940887533445,-0.003993948989786444,0.008154667390165127,-0.009679979993388321,-0.8089786611258805,-,-
2014-09-23,39.65065002441406,40.00832184392776,39.57400559900274,39.89761250753169,33430300,57.92340481316163,0.5950456407006257,0.6237260339448506,-0.02868039324422489,-0.009513914340789964,-0.008442568920551174,-0.010855803422318067,-0.010624889882286936,-0.1358575819221891,-,-
2014-09-24,40.09349060058594,40.1190376636486,39.46330263996322,39.71026841159977,26582700,62.163014991006115,0.5855148475126057,0.6160837966584016,-0.030568949145795887,-0.004695621721639398,0.0027673197629418667,-0.0027973655272922615,0.011168557789070332,-0.20483214329515442,-,-
2014-09-25,39.207820892333984,40.10200380295753,39.19930303920482,39.92316787055465,33077400,51.07816772294666,0.5007234533592992,0.5930117279985812,-0.09228827463928191,0.005361320068355102,-0.00042458298311820464,-0.006689749288521285,-0.022090112259744443,0.24432055434549538,-,-
2014-09-26,39.522911071777344,39.70174699438143,38.96936759864018,39.11414185642131,27078800,54.20674520835224,0.4537205981422545,0.5651535020273158,-0.11143290388506133,-0.020264574613830577,-0.009980967797588836,-0.005865804306129374,0.008036411416707079,-0.1813504084359714,-,-
2014-09-29,39.548465728759766,39.65066048868439,38.96937508362517,39.15672889487741,26091000,54.46110389373671,0.41376294235379873,0.5348753900926124,-0.12111244773881369,0.0010887887713968425,-0.0012867571219038476,1.9207355528294556e-07,0.0006465783083642318,-0.03647872136136021,-,-
2014-09-30,39.4803352355957,39.58252673681122,39.18227208818735,39.48884984044314,33033100,53.6062020409756,0.37230692833717427,0.5023616977415248,-0.13005476940435057,0.008481835815687289,-0.001718350994244222,0.005463187544201498,-0.0017227088815867653,0.26607259208156075,-,-
2014-10-01,39.08858871459961,39.625096398946816,39.0460059551299,39.40368099330314,38088400,48.85715679475144,0.30433389655423326,0.4627561375040665,-0.15842224094983326,-0.002156782167222593,0.0010754660110166014,-0.003477749650422357,-0.009922573318042471,0.15303740793325482,-,-
2014-10-02,38.96937561035156,39.258920936832475,38.86718409765525,39.028990845418164,25119400,47.47869857767941,0.23810060240759157,0.41782503048477154,-0.17972442807717998,-0.009509013839307467,-0.009240998644588161,-0.00457977334942139,-0.0030498185830771796,-0.3404973692777854,-,-
2014-10-03,39.250396728515625,39.42923264413482,38.84162752912511,39.15671984454114,32453200,50.98910721361898,0.20591266226126237,0.3754425568400697,-0.16952989457880735,0.003272669786130944,0.0043381657783303496,-0.0006575358910982931,0.007211332328594278,0.29195761045247903,-,^
2014-10-06,39.250396728515625,39.42923264413482,39.10562247638902,39.27594378828727,20604000,50.98910721361898,0.17834760759093626,0.33602356699024305,-0.1576759593993068,0.0030447888438935866,0.0,0.006796701478740896,0.0,-0.36511653704411273,-,^
2014-10-07,38.77350616455078,39.11414886266893,38.679829260137815,39.05453687778968,25723700,45.06152942606328,0.11667605130683256,0.29215406385356096,-0.1754780125467284,-0.005637214262528278,-0.007991121316249239,-0.010888286371308675,-0.012149955254296296,0.24848087749951464,-,^
2014-10-08,39.8380012512207,39.93167813380241,38.61169367128171,38.73091761325524,33031000,57.060985106831694,0.15194522578945424,0.2641122962407396,-0.11216707045128538,-0.008286342392104684,0.02090111366103997,-0.0017615276530272839,0.027454186942813763,0.2840687770421828,^,v
2014-10-09,39.046016693115234,39.855040616401574,38.95234304290277,39.59956023236624,34422800,48.56246276838306,0.1146679450276622,0.23422342599812415,-0.11955548097046195,0.022427628175112346,-0.001919216045567551,0.00882244054148873,-0.019880127848562745,0.042136175108231644,-,v
2014-10-10,37.49610137939453,39.27595283924136,37.42797478810108,38.83311862570043,51978100,36.960775210534685,-0.03948462697741917,0.1794818154030155,-0.21896644238043467,-0.019354800966687624,-0.014529850382887344,-0.03913418643707056,-0.0396945820594804,0.5099904714317254,-,v
2014-10-13,37.1724967956543,37.94745590744075,37.03624035562403,37.31726784191967,37100200,35.07656687365831,-0.18562407751363708,0.106460636819685,-0.29208471433332206,-0.03903499995433124,-0.03382469006514566,-0.010466353969052822,-0.008630352805640396,-0.2862340100927121,v,v
2014-10-14,37.240631103515625,37.79417483311477,37.09586002726965,37.359855107155944,38115700,35.81844733959886,-0.29257020847457227,0.026654467760833547,-0.3192246762354058,0.0011412214156909517,-0.0040392977779550865,0.001609765761134252,0.0018329225565847374,0.027371820098004873,-,v
2014-10-15,36.80629348754883,36.95106448064981,35.85249550899133,36.618939733080644,60218700,33.21297472915833,-0.40767379373790646,-0.06021118453891446,-0.347462609198992,-0.019831858874992947,-0.022307944443497596,-0.03351760863245401,-0.011663003635988156,0.5798922753615965,-,v
2014-10-16,36.39753723144531,36.68708256898678,35.954702994698955,36.21869801663312,49040400,30.93254319977727,-0.5258161468529039,-0.15333217700171237,-0.37248396985119153,-0.010929910023745326,-0.007144094909668164,0.002850777449563857,-0.011105607692928787,-0.18562838453835773,-,v
2014-10-17,37.15546798706055,37.41946303822763,36.440120794428594,36.7892781593674,40683300,39.26036191867832,-0.5519239000209524,-0.2330505216055604,-0.318873378415392,0.015753745274671216,0.019962897509325783,0.013500815172947211,0.02082368240454535,-0.1704125578094795,-,-
2014-10-20,37.538665771484375,37.58975987778201,36.45712945720873,36.67003022973682,34527900,43.00227311461452,-0.5355204771071698,-0.2935445127058823,-0.2419759644012875,-0.0032413772598095525,0.004551023070010318,0.00046675648733685016,0.010313361806054466,-0.15130041073364253,-,-
2014-10-21,38.2199592590332,38.30511829459278,37.63235086840159,37.77712512718364,36433800,49.016091819154944,-0.46221779659125417,-0.32727916948295666,-0.13493862710829752,0.030190727700819986,0.01903067269215497,0.03223570886381122,0.018149113015795137,0.05519883919960389,-,-
2014-10-22,37.79415512084961,38.38176022457612,37.666413327226614,38.32214825384772,33570900,45.76599689144547,-0.433486763944245,-0.3485206883752143,-0.08496607556903069,0.014427332011876626,0.002000827393193516,0.000905137681781909,-0.011140884146362717,-0.07857813349142828,-,-
2014-10-23,38.339195251464844,38.70538506689566,37.921908049482056,37.998552505005016,45451900,50.30799712548214,-0.3625576907507053,-0.3513280888503125,-0.011229601900392794,-0.008444092087405819,0.0084317352936909,0.006783091345486936,0.014421280985708718,0.353907699823359,-,-
2014-10-24,39.28446960449219,39.94020467663746,38.47544564542415,39.880592692679656,61076700,57.02941417610615,-0.22744826688748532,-0.3265521244577471,0.0991038575702618,0.04952926002712199,0.031903044178674955,0.014596775964432318,0.024655560629985418,0.3437656071583366,-,-
2014-10-27,39.09710693359375,39.258910389275876,38.92678562578645,38.92678562578645,30371300,55.42903985344516,-0.13394761205905326,-0.28803122197800834,0.1540836099189551,-0.02391657200892816,-0.017057856685449013,0.011730597860299952,-0.00476938273024341,-0.5027350855563578,-,-
2014-10-28,39.59104537963867,39.599559984655876,38.97788986290192,39.05453430249401,29049800,58.71799458848241,-0.019763147627962496,-0.23437760710799918,0.21461445948003668,0.0032817679305874314,0.008677000762432163,0.0013128296183184673,0.012633631610744933,-0.04351147300247271,-,-
2014-10-29,39.70176315307617,39.76989300766896,39.46331515922193,39.54847422885265,30276100,59.44047808263276,0.07875502321338246,-0.17175108104372286,0.2505061042571053,0.012647441204467036,0.004301386759829828,0.012453862895795753,0.0027965357412471636,0.04221371575707922,-,-
2014-10-30,39.21632385253906,39.446257089616566,38.97787601346972,39.446257089616566,30073900,54.90347330913624,0.11631962855092581,-0.11413693912479313,0.23045656767571893,-0.0025846038622018286,-0.008137711559595862,-0.012301022957488916,-0.012227147158815677,-0.006678535214244885,-,-
2014-10-31,39.98277282714844,39.99980528180678,39.5825182641988,39.97425497551499,35849700,60.083926496893035,0.20556623607993885,-0.05019630408384673,0.2557625401637856,0.013385246785236893,0.014032971263474359,0.015512447382205474,0.019544131099370032,0.19205357469433637,-,-
2014-11-03,40.40006637573242,40.41709883451379,39.79542870773604,39.93168512937761,23130400,62.60280268951576,0.3064345309133003,0.021129862915582675,0.28530466799771764,-0.0010649315706684481,0.010432389602076597,0.005378900910653295,0.010436833643029386,-0.3547951586763627,-,-
2014-11-04,40.51076126098633,40.647017633950135,40.238248515058714,40.28082802249587,21530800,63.265033261565634,0.39080062704614704,0.09506401574169555,0.2957366113044515,0.008743505113471661,0.005688651735686001,0.011127403867786212,0.0027399679056072657,-0.06915574309134298,-,-
2014-11-05,40.75773620605469,40.79180111918199,40.246772254971944,40.70663883636374,22449600,64.7642476640849,0.4721475569329314,0.17048072397994274,0.3016668329529887,0.01057105414094428,0.003561970684681226,0.0002118317826393934,0.006096526882752196,0.042673751091459655,-,-
2014-11-06,41.473087310791016,41.60934372839841,40.69812832653471,40.757740306199864,33037800,68.7432886690287,0.5875653530120033,0.2538976497863549,0.3336677032256484,0.001255359599733774,0.020041836515818146,0.011214714777705082,0.017551296301634656,0.471643147316656,-,-
2014-11-07,41.4560432434082,41.66042618828048,41.1239185215345,41.66042618828048,28000600,68.54467585414214,0.669936859060364,0.3371054916411567,0.3328313674192073,0.022147593936735266,0.0012276680020602004,0.010462156676678935,-0.00041096693031528186,-0.15246777933155353,-,-
2014-11-10,41.6348876953125,41.856306387839396,41.34534242335278,41.43050470840505,36370100,69.5391774875198,0.7411051251013347,0.41790541833319234,0.3231997067681424,-0.005518942097143209,0.004701828989306378,0.005384309418430933,0.004314074328179762,0.2989043091933745,-,-
2014-11-11,41.617862701416016,41.685992541675205,41.430512137922435,41.60083024135122,23445200,69.31451441340384,0.7870599764738699,0.4917363299613279,0.29532364651254206,0.00411111412098264,-0.004069012793103788,0.002059959104886877,-0.0004089117285742683,-0.35537158270117486,-,-
2014-11-12,41.54121398925781,41.66043794885782,41.31979852837341,41.35386344500463,22722100,68.24551166303766,0.8079807180155285,0.5549852075721681,0.25299551044336044,-0.005936583354557823,-0.0006130258933342292,-0.002672272290056621,-0.0018417262969055992,-0.030842133997577292,-,-
2014-11-13,42.2480354309082,42.28210033870253,41.48159124857796,41.56675351806378,26210400,72.4630581779008,0.8715484713434591,0.6182978603264263,0.25325061101703283,0.00514800928678083,0.014922128053667105,0.0039156221948528636,0.017014944287212508,0.1535201411841336,-,-
2014-11-14,42.222496032714844,42.62274740176661,42.06068931564739,42.358752439998014,29081700,72.0904792388722,0.9093827594642363,0.6765148401539883,0.23286791931024797,0.01905366320201196,0.008056531258743505,0.01396036288962943,-0.0006045109064332088,0.10954811830418465,-,-
2014-11-17,42.12030029296875,42.333201127343166,41.84778748485821,42.07772077581565,30318600,70.52780368504673,0.9205093049983333,0.7253137331228574,0.19519557187547587,-0.006634559518258976,-0.006793233474467253,-0.005061777023943725,-0.0024204097187174867,0.042531901505070246,-,-
2014-11-18,41.768951416015625,42.27456665730055,41.734671640888,42.10317105076172,23995500,65.28800317332642,0.890708718808007,0.7583927302598874,0.13231598854811955,0.0006048396746978213,-0.0013850705470215274,-0.0027030304531903138,-0.008341556791127025,-0.20855514436682432,-,-
2014-11-19,41.323307037353516,41.777502427894156,41.07478367422459,41.70037460034028,26177500,59.272874412128495,0.8216601755598276,0.7710462193198755,0.05061395623995213,-0.00956689105283326,-0.011757997034856693,-0.015811504936267706,-0.010669273791997447,0.0909337167385551,-,-
2014-11-20,41.73466110229492,41.73466110229492,41.02337065895447,41.134778265437596,21510600,62.68991274689784,0.7910132345993475,0.77503962237577,0.015973612223577516,-0.013563339426165943,-0.0010254640203343213,-0.0012516929042862834,0.009954529161220638,-0.17827905644160058,-,-
2014-11-21,41.117637634277344,42.03460012157041,40.766278207081854,42.00889193173366,42884800,55.207604937967545,0.708766457371361,0.7617849893748883,-0.05301853200352724,0.021249990960338083,0.0071868085508186574,-0.006266975329987878,-0.014784437005615159,0.9936589402434148,-,-
2014-11-24,40.78343200683594,41.13479155392842,40.612036388208,41.12622324409181,35434200,51.614217757930525,0.6095907105464633,0.7313461336092033,-0.12175542306274001,-0.021011472739538628,-0.02140637867470152,-0.003783563907657883,-0.008128035720680549,-0.17373521620714094,-,-
2014-11-25,40.68059158325195,41.109078949347804,40.663451696316216,40.84341560549267,28008000,50.52443150607693,0.5167382174427999,0.6884245503759227,-0.17168633293312274,-0.006876576945094692,-0.0006250816792618963,0.0012660115739271394,-0.0025216225933792913,-0.20957718814027126,-,-
2014-11-26,40.92053985595703,41.12621521196116,40.51776072121084,40.697727883626534,27163600,53.01702219681035,0.4572429557973976,0.6421882314602176,-0.18494527566282004,-0.00356698184288351,0.00041684861474200474,-0.0035828482095772163,0.0058983476730920525,-0.030148528991716605,-,-
2014-11-28,40.971961975097656,41.306181588233116,40.800566379641275,41.09193791118741,21534400,53.557026497713686,0.4095211625217914,0.5956548176725325,-0.1861336551507411,0.009686290809356679,0.004375952791775939,0.006979794870114464,0.0012566334491586062,-0.20723320914753562,-,-
2014-12-01,41.66611099243164,41.80322682022886,40.88626410887888,41.031951514781724,31191600,60.20609313101548,0.4228390960957853,0.5610916733571831,-0.13825257726139784,-0.0014598093800135548,0.012033192439587115,0.002100405382616799,0.016942049730395592,0.44845456571810693,-,^
2014-12-02,41.528987884521484,42.03460302384449,41.306175929322585,41.85463914436477,25773500,58.426609605913306,0.41751609987635874,0.5323765586610183,-0.11486045878465956,0.020049926927961703,0.005534888601079757,0.010270241842724737,-0.003290998479197227,-0.1737038176945075,-,^
2014-12-03,41.20335006713867,41.56327791496653,40.97196647820672,41.5118582499485,23534800,54.3205385285811,0.38261083706562715,0.50242341434194,-0.11981257727631289,-0.008189794522751592,-0.01121278839271067,-0.008091028607628115,-0.007841217279079937,-0.08686053504568647,-,^
2014-12-04,41.854637145996094,42.04317259307712,41.30617395714053,41.46899794473875,30320400,60.32597227367917,0.4028576962872634,0.4825102707310048,-0.07965257444374135,-0.0010324834159839424,0.011546122014062465,0.008156979214350768,0.01580665353171984,0.28832197426789263,^,^
2014-12-05,41.494712829589844,41.9660515233349,41.46043632658029,41.83750401247734,27313400,55.94838914993703,0.38541773800072576,0.463091764184949,-0.07767402618422325,0.008886302683987157,-0.001834330403384432,0.0037346080418831917,-0.008599389242123223,-0.09917415337528523,-,v
2014-12-08,40.87769317626953,41.43472476071354,40.663449504768224,41.35759690820911,26663100,49.33857611249907,0.3181407870783133,0.4341015687636219,-0.1159607816853086,-0.0114707393664093,-0.012660870950080061,-0.01922282765029948,-0.014869837896078097,-0.02380882643684057,-,^
2014-12-09,40.78343200683594,41.066231998837445,40.320664817270355,40.372084483588594,24330500,48.397886189401014,0.2542859796819599,0.3981384509472895,-0.14385247126532963,-0.023829054352645485,-0.008893331957775752,-0.00842979854568593,-0.0023059317223975695,-0.08748420101188537,-,^
2014-12-10,40.19211196899414,40.84341125772562,40.020716386980965,40.774854986379644,30431800,42.875311206039584,0.15418860927656652,0.34934848261314494,-0.19515987333657842,0.0099764604167214,-0.0054258871648641405,-0.0074390745204407915,-0.014499025921670405,0.2507675551262818,v,^
2014-12-11,40.423492431640625,40.91197098681513,40.003576686325886,40.34636785193284,29060400,45.49609744227107,0.09246530914981577,0.29797184792047915,-0.20550653877066338,-0.010508612099048187,0.0016785994846730823,-0.00042827071083251234,0.005756862511354877,-0.04506470205508706,^,v
2014-12-12,40.23495101928711,40.90339004314515,39.99499595067036,40.089263663080715,34248400,43.735318638995615,0.028012521920892652,0.24397998272056187,-0.21596746079966922,-0.00637242464540233,-0.00020974163461207063,-0.00021449921147831397,-0.004664154456034519,0.17852472780828887,-,v
2014-12-15,39.9950065612793,40.85198123731201,39.89217051550308,40.44920536256392,29247800,41.532362054987246,-0.04194477551459386,0.18679503107353074,-0.2287398065881246,0.008978506128429764,-0.0012568348437358434,-0.0025709575091369397,-0.005963582704320736,-0.1460097406010208,-,v
2014-12-16,38.70096206665039,39.71219207558629,38.675253881895365,39.33512453308898,47801400,32.132167626702184,-0.19950524144710613,0.10953497656940336,-0.3090402180165095,-0.027542712384308943,-0.02790046228369214,-0.030505149704371015,-0.03235515145237455,0.634358823569636,v,v
2014-12-17,39.19802474975586,39.377988654620786,38.478165861197056,38.60671010648668,34970900,37.94237935982662,-0.2810247629248792,0.031423028670546846,-0.31244779159542607,-0.018518167547418085,-0.008415637704647372,-0.005095972253993941,0.012843677690736355,-0.2684126406339563,-,v
2014-12-18,40.72343444824219,40.72343444824219,39.712204132294644,39.917879480071576,40105600,51.628431187707626,-0.22000566832964097,-0.018862710729490723,-0.20114295760015025,0.033962214598663554,0.03416745851145753,0.03207113030151065,0.038915473629722364,0.14682779110631983,-,^
2014-12-19,40.843406677246094,41.22047430010889,40.423487711861554,40.81769848701181,64551200,52.51541283640386,-0.16012106405865012,-0.047114381395322605,-0.11300668266332752,0.022541753686827315,0.012205253770980917,0.01791095697426881,0.0029460243378143236,0.6095308385861327,-,^
2014-12-22,41.117637634277344,41.23761354564677,40.886254118451276,40.94624207413599,26566000,54.56621521729888,-0.0895022115582762,-0.055591947427913325,-0.033910264130362876,0.003149212030293169,0.0004157944766256527,0.011447958421804572,0.006714203817479891,-0.5884507181895922,-,^
2014-12-23,41.52042007446289,41.82035987718926,41.246188463656296,41.45186053721191,23648100,57.471507733569666,-0.0010232895952171361,-0.04467821586137409,0.043654926266156954,0.012348348406685528,0.014131427147146658,0.008803309399835424,0.009795855583146995,-0.10983588044869386,^,^
2014-12-24,41.2547492980957,41.68323652099923,41.20333292357005,41.68323652099923,11437800,54.974443411233715,0.047116354165297025,-0.026319301856039867,0.07343565602133689,0.005581799725964398,-0.0032788660019357208,-0.001039018190105101,-0.006398557044720032,-0.5163332360739341,-,^
2014-12-26,41.031944274902344,41.48613976138402,40.980524622638924,41.48613976138402,13197800,52.89863401855811,0.06652204068400636,-0.0077510333480306235,0.07427307403203698,-0.0047284418405446615,-0.0047284418405446615,-0.005407531020474088,-0.00540071208731463,0.1538757453356414,-,v
2014-12-29,40.6634521484375,40.94625211327354,40.5006248552872,40.87769583386752,14439500,49.56520323863555,0.051572456891676666,0.0041136646999108345,0.04745879219176583,-0.014666197699185424,-0.01301368725110974,-0.011710434938810299,-0.008980615785497581,0.09408386246192557,-,v
2014-12-30,40.29496383666992,40.80914751555959,40.140708079183,40.654891758072665,16384700,46.41536031246653,0.009877020709488704,0.005266335901826409,0.004610684807662295,-0.005450504761823183,-0.003348404081884304,-0.008886696869251254,-0.009061904297314793,0.13471380587970505,-,v
2014-12-31,39.806480407714844,40.65488363528301,39.806480407714844,40.046432307374616,21552500,42.55462868482632,-0.06187024152322351,-0.008160979583183577,-0.053709261940039936,-0.014966451130133174,-0.003780129938214527,-0.008326401985955134,-0.01212269183154202,0.31540400495584286,v,v
2015-01-02,40.07212448120117,40.637727496436796,39.88359232218806,39.98642834247686,27913900,45.22296980613095,-0.09618642981463665,-0.025766069629474194,-0.07042036018516246,-0.0014983598148567978,-0.00042199453822377997,0.001937169869915767,0.006673387618435278,0.2951583342999653,-,v
2015-01-05,39.70362854003906,40.04641636464425,39.635069013659134,39.737905034130875,39673900,42.288523982471034,-0.15137187828592147,-0.05088723136076365,-0.10048464692515782,-0.00621519146990146,-0.014550792286413983,-0.006231216750018365,-0.009195817440000753,0.4212954836121072,-,^
2015-01-06,39.120887756347656,40.063558411327804,39.02662003702997,39.7464787574306,36447900,38.08033560715784,-0.23936974939651634,-0.08858373496791419,-0.15078601442860215,0.00021575680178309575,0.00042805444880422705,-0.015351278344424624,-0.014677267673500971,-0.08131290344533815,-,^
2015-01-07,39.61793518066406,39.81503894545161,38.98377581032129,39.403691531664734,29114100,43.266205032288156,-0.26593558323403244,-0.12405410462113785,-0.14188147861289457,-0.008624341991598006,-0.006203130119513456,-0.0010978205816447595,0.012705422929359722,-0.20121323862280127,-,^
2015-01-08,40.78343200683594,40.920547847918385,40.03786482526885,40.063573023878206,29645200,53.170253208005256,-0.19074455998494244,-0.13739219569389877,-0.053352364291043675,0.016746692164189447,0.02776611380391647,0.027039171887205393,0.029418414181784813,0.01824202018953014,^,^
2015-01-09,40.44065475463867,40.980549995836704,40.192134454240154,40.800586005137575,23944200,50.384434326477276,-0.15700454126153573,-0.14131466480742616,-0.015689876454109575,0.018396087159278096,0.0014663085191655156,0.003853093306662725,-0.008404816253321012,-0.1923076923076923,-,^
2015-01-12,39.93502426147461,40.74058266346149,39.72935214074136,40.637743333995445,23651900,46.51306129429477,-0.1691160241521601,-0.14687493667637294,-0.022241087475787152,-0.003991184614888232,-0.005855639624153253,-0.011514250730467745,-0.012503024400366991,-0.0122075492185999,-,v
2015-01-13,39.72935104370117,41.05766128951461,39.472259265333946,40.25210617887082,35270600,44.99846968412686,-0.1930848098956588,-0.15611691132023012,-0.036967898575428676,-0.009489630168563634,0.007782869201266918,-0.006471106664328818,-0.005150196389685169,0.4912374904341723,-,v
2015-01-14,39.386558532714844,39.62651368452833,39.09518698837643,39.386558532714844,29719600,42.51369106616126,-0.23700864792271403,-0.1722952586407269,-0.06471338928198714,-0.021503164140273423,-0.03485701718114609,-0.009552842527275174,-0.00862819306082463,-0.1573832030076041,-,v
2015-01-15,38.97520065307617,39.74647902625709,38.91521269839525,39.60936323425808,32750800,39.68193416375779,-0.3015358316709609,-0.1981433732467737,-0.10339245842418718,0.005656871527838003,0.003027400863064189,-0.004603489683645434,-0.010444118373454603,0.10199329735258877,v,v
2015-01-16,39.62651443481445,39.66079094078032,38.70954843186769,38.82952764459572,35695300,45.833848330834556,-0.2966983567860879,-0.21785436995463656,-0.07884398683145136,-0.019688162747031557,-0.002155866068543122,-0.005284932350788418,0.016710979567128303,0.08990620076456146,-,v
2015-01-20,39.75505065917969,39.97786588300665,39.05233175775364,39.67792281540861,36161900,46.983053383297325,-0.27927353256183807,-0.23013820247607686,-0.04913533008576121,0.021849227180361197,0.007994670169330975,0.008855265426030101,0.003243692416517563,0.013071748941737349,-,^
2015-01-21,39.35226821899414,39.54080365869001,38.97520060870075,39.369408101611796,39081100,43.843927920926895,-0.2945697933404148,-0.24302452064894445,-0.05154527269147033,-0.007775475425770062,-0.010932605196977807,-0.0019750715407044206,-0.010131604249196013,0.08072584681667716,-,^
2015-01-22,40.38920974731445,40.39777805404846,39.48938716172047,39.74647886201899,35898000,52.62052400312984,-0.22047814020018563,-0.2385152445591927,0.018037104359007072,0.009577760464012597,0.02167316584548251,0.013192659562730524,0.02635023532950531,-0.0814485774453636,-,^
2015-01-23,40.432064056396484,40.61202794745758,40.10641277559628,40.58631975419138,26211600,52.94781502919608,-0.15649797544616462,-0.2221117907365871,0.06561381529042248,0.021129944493647468,0.0053035068691766885,0.01562509976032067,0.0010610336114555974,-0.2698311883670399,^,v
2015-01-26,40.286376953125,40.389216265118755,39.626509347875476,40.277808645008285,42525500,51.64177555264192,-0.11620937625090022,-0.20093130783944974,0.08472193158854952,-0.0076013570841498845,-0.005486347114384116,-0.011965752968383536,-0.003603256639786556,0.6223923758946421,-,^
2015-01-27,36.55853271484375,37.02129973797935,36.08719738495305,36.807056109020095,169164000,30.744289183425295,-0.3806977990092264,-0.23688460607340509,-0.14381319293582132,-0.08617034175264959,-0.08338652835034166,-0.08931677357324896,-0.09253361856338593,2.9779426461769996,-,v
2015-01-28,35.298797607421875,36.66995951194762,35.27308940460141,36.62711141754682,84507100,26.79790084528163,-0.684071326275081,-0.3263219501137403,-0.3577493761613407,-0.004888863997715265,-0.009490218563863562,-0.02255946815895138,-0.034458032472139855,-0.5004427656002459,v,v
2015-01-29,36.00151443481445,36.095782197719366,34.95600727038681,35.07598323441131,63585300,32.038535623445455,-0.8579042707936537,-0.43263841424972305,-0.4252658565439307,-0.04234918133326826,-0.01565797513469236,-0.008989349659098256,0.019907670374721853,-0.24757446415744955,^,v
2015-01-30,34.62177276611328,35.63300298608173,34.57892142378196,35.60729152686325,78004900,27.826255554217113,-1.0943863488080794,-0.5649880011613944,-0.529398347646685,0.01514735278840873,-0.012820866690260502,-0.010787440444444019,-0.03832454524098916,0.22677568557512506,v,v
2015-02-02,35.37592315673828,35.45305102922361,34.476100157142724,34.78461164708403,50352500,33.0106186659129,-1.2070325457346769,-0.6933969100760509,-0.513635635658626,-0.023104253216186588,-0.005050148507786734,-0.002973524401733485,0.021782546945809278,-0.35449567911759394,-,v
2015-02-03,35.650142669677734,35.932945861742105,35.178807285335836,35.67585413111004,52082400,34.84335490333871,-1.2596576956194951,-0.8066490671847397,-0.4530086284347554,0.02562174599125444,0.013536065827534083,0.020382442474356388,0.00775158606390236,0.03435579166873537,-,v
2015-02-04,35.85581970214844,36.17289940920544,35.44447225996935,35.94151586002367,41614800,36.25209870234855,-1.2701258680601413,-0.8993444273598201,-0.37078144070032115,0.007446541516211713,0.0066778145155868,0.007551847124284361,0.005769318635732823,-0.20098152158886684,-,v
2015-02-05,36.378570556640625,36.54139454540795,35.872955437828054,36.18146680104908,36548200,39.81384931875097,-1.222152135932383,-0.9639059690743328,-0.25824616685805024,0.006676149719447411,0.01018705003527387,0.012088857600021985,0.01457924707438396,-0.12174995434316638,-,-
2015-02-06,36.34429168701172,36.669942941683885,36.12147973535092,36.57567521513942,34616600,39.657376817545924,-1.1733727156211131,-1.0057993183836889,-0.16757339723742426,0.010895313234755566,0.003517884248128489,0.0069279013811276435,-0.0009422819287397965,-0.052850755987982945,-,-
2015-02-09,36.301448822021484,36.6271001234317,36.1729013093572,36.19861277334948,31381100,39.44870045702737,-1.125201116679932,-1.0296796780429376,-0.09552143863699447,-0.01030910405814911,-0.0011683361035035311,0.0014235732971914494,-0.0011788058867452378,-0.09346671827966924,-,-
2015-02-10,36.507110595703125,36.652797953464386,36.14718289258375,36.627089765841035,29670700,41.05222798520678,-1.0582309632935178,-1.0353899350930538,-0.022841028200464075,0.011836834609502356,0.000701607005361593,-0.0007109857335882985,0.005665387480537243,-0.054504144214192585,-,-
2015-02-11,36.31859588623047,36.54997949329681,36.17290845847772,36.54997949329681,38262500,40.00640348458957,-1.0087400682245544,-1.030059961719354,0.02131989349479957,-0.0021052798089390423,-0.00280520085528313,0.000711689372043578,-0.005163780600452195,0.2895718671955836,-,-
2015-02-12,36.927024841308594,36.927024841308594,36.42997814955836,36.55852560958968,33268800,44.8865100601305,-0.9099338939822559,-1.0060347481719345,0.09610085418967862,0.00023382000240079748,0.01031588398239558,0.007106691223784933,0.016752546188295803,-0.13051159751715125,-,-
2015-02-13,37.59547805786133,37.59547805786133,36.978458515161115,37.175562298019415,40264900,49.7251267575839,-0.76882812886533,-0.9585934243106137,0.18976529544528364,0.016878051785214288,0.018102005764758067,0.015055742371050673,0.018102005764758067,0.21029012167556393,-,-
2015-02-17,37.61273193359375,37.97522110012433,37.276130617348635,37.94932995747586,33695700,49.847519609822605,-0.6481372273179744,-0.8965021849120859,0.24836495759411148,0.02081387910836452,0.010100763758837061,0.008049878608797911,0.0004589348672696669,-0.1631495421570648,-,-
2015-02-18,37.569580078125,37.71630425264847,37.44875034167237,37.65588938442215,27111700,49.52280056561785,-0.5496349626978301,-0.8271287404692348,0.2774937777714047,-0.007732430938372947,-0.006818047136399996,0.004630838058159448,-0.0011472672483597846,-0.19539585169621054,-,-
2015-02-19,37.54368209838867,37.56957323938319,37.15529852165692,37.267498953237826,27603400,49.31516783371156,-0.4682631131573345,-0.7553556150068548,0.2870925018495203,-0.010314201510932874,-0.00389038682799836,-0.007836091120213107,-0.0006893337557266621,0.018136081470361498,-,-
2015-02-20,37.854400634765625,37.87166249820678,37.36244904996611,37.55232296309117,29721100,51.91977978488331,-0.37438724394132805,-0.6791619407937495,0.3047746968524214,0.007642691832117077,0.008040795590057881,0.005575262117419211,0.008276187070907604,0.07671881000166647,-,-
2015-02-23,38.10469055175781,38.13921098431554,37.673153867331855,37.716306877301726,32518800,53.971656381277846,-0.2766051052349212,-0.5986505736819838,0.3220454684470626,0.004366811458554221,0.0070646089571966275,0.008315964966596034,0.006611910710384361,0.0941317784335034,-,-
2015-02-24,38.05289840698242,38.23414299304143,37.906174247532476,38.10468398544059,25271700,53.46321013329227,-0.2009745396751157,-0.5191153668806102,0.3181408272054945,0.010297326018751773,0.002489092099071666,0.00618531649941545,-0.0013592065445339196,-0.22285877707664492,-,-
2015-02-25,37.96660232543945,38.05290835306492,37.802616263641575,37.9320785974437,29759800,52.57448755866364,-0.14631353282484838,-0.44455500006945786,0.2982414672446095,-0.004529768257961142,-0.0047401255995065394,-0.0027319555704738985,-0.0022677926033390916,0.1775939093927199,-,-
2015-02-26,38.02701950073242,38.17374041503296,37.88029529406777,37.96660461927171,28957300,53.16152786892204,-0.09700096324272067,-0.37504419270411044,0.27804322946138976,0.0009102064296140355,0.003175369957190366,0.002054858581333363,0.001591324258491511,-0.02696590702894508,-,-
2015-02-27,37.84577178955078,38.14784949101883,37.6817890092321,38.08743460919805,33807700,51.117339416166686,-0.07171884194651312,-0.314379122552591,0.24266028060607786,0.003182533469558768,-0.0006782391175880198,-0.005240357375639548,-0.004766287591330909,0.16750180438093332,-,-
2015-03-02,37.87165451049805,38.13920510649589,37.586838762336725,37.69040662877579,31924000,51.40470830742166,-0.049028884935779615,-0.26130907502922873,0.21228019009344912,-0.010424119778504992,-0.00022660214502978615,-0.0025197913738147504,0.0006838999371234777,-0.05571807605959589,-,-
2015-03-03,37.35381317138672,37.82850614316382,37.18983042173141,37.59547594584511,31748600,45.62555107830284,-0.07200239997116853,-0.2234477400176167,0.15144534004644816,-0.00251869617289302,-0.00814644569713785,-0.010562429660967765,-0.013673586374943869,-0.005494298960030064,-,-
2015-03-04,37.1639518737793,37.29341094349009,37.00859835623465,37.12079555817774,25748700,43.686311782113776,-0.10432668307047521,-0.1996235286281884,0.0952968455577132,-0.01262599756287508,-0.014145290264665489,-0.004873161921998381,-0.005082782224569704,-0.18898156139168343,-,^
2015-03-05,37.207096099853516,37.31929656763281,36.95680401494734,37.17257237248083,23193500,44.26602634397667,-0.12502136338371628,-0.18470309557929399,0.05968173219557771,0.0013948196293891435,0.0006941071757138317,-0.0013995218297313539,0.0011609159924852452,-0.09923607793791533,-,^
2015-03-06,36.55979537963867,37.2071005292998,36.37855072790097,37.11216191390455,36248800,37.95328867917528,-0.19144692406355546,-0.18605186127614629,-0.005395062787409172,-0.0016251352736890157,-0.003006381380465717,-0.015646734138928475,-0.017397238378336954,0.5628861534481644,-,^
2015-03-09,36.98268508911133,37.22434782252014,36.413056912101126,36.413056912101126,32108000,43.61107722731017,-0.20757321929280437,-0.19035613287947792,-0.01721708641332645,-0.018837625343014475,0.0004635484349755359,0.0009485310302284056,0.01156706992151757,-0.11423274701507358,^,v
2015-03-10,36.27497482299805,36.8618650125365,36.27497482299805,36.551158054267454,39159700,37.45564825295755,-0.2742977941134441,-0.20714446512627116,-0.06715332898717297,0.0037926269826698,-0.009737788065808495,-0.0037921037345587383,-0.019136259695801572,0.21962439267472278,-,v
2015-03-11,36.23182678222656,36.56842493575202,36.110997013511195,36.51664263051073,32215300,37.11172391717168,-0.3268909908109521,-0.23109377026320735,-0.09579722054774473,-0.0009443045198589406,-0.007960532563522804,-0.0045204113934461665,-0.0011894712810146535,-0.1773353728450422,-,v
2015-03-12,35.403263092041016,35.947000130408824,35.26517151160698,35.67081696954076,59992500,31.18928593533134,-0.4304674821322223,-0.2709685126370104,-0.15949896949521192,-0.023162744437607685,-0.016993480206899614,-0.023422934060439937,-0.022868393999719516,0.8622362666186563,v,v
2015-03-13,35.71397018432617,35.79164690455674,35.0494034206564,35.12708014088697,58007700,35.355403980024775,-0.48192579153631243,-0.3131599684168708,-0.1687658231194416,-0.015243184060462878,-0.0043217299159453715,-0.006118447229997659,0.008776227532399483,-0.03308413551693967,-,v
2015-03-16,35.86933135986328,35.93837551920011,35.62766857127512,35.791654622882035,35273500,37.396439468487436,-0.5043566149122114,-0.351399297715939,-0.15295731719627242,0.018919149537325763,0.004099521182544086,0.01649857327608384,0.0043501513479253795,-0.39191693516550385,-,v
2015-03-17,35.99016571044922,36.10236618762909,35.515475942577034,35.70534987430743,31673400,39.00936415260299,-0.5065437606453074,-0.3824281903018127,-0.12411557034349469,-0.0024113092698271332,0.004563107432092206,-0.0031490308851852555,0.0033687371914923325,-0.10206245481735576,-,v
2015-03-18,36.68061447143555,36.9654302347246,35.67082031220335,35.757126323426114,44194800,47.35563827553336,-0.44740622425329235,-0.3954237970921086,-0.05198242716118373,0.001450103396296365,0.02390602440322187,0.004373990929404492,0.019184372935128424,0.39532857224042894,-,-
2015-03-19,36.49938201904297,36.75830343124076,36.438967132608965,36.47348757316812,33879100,45.59200857066577,-0.41043203981504917,-0.39842544563669674,-0.012006594178352425,0.020034083367395317,-0.005603256939486823,0.02153431891059787,-0.004940823784010173,-0.23341433833844705,-,^
2015-03-20,37.008583068847656,37.0948890796705,36.671985017329966,36.73239988337861,71904500,51.10215837922188,-0.33616634672584667,-0.38597362585452677,0.049807279128680104,0.007098644177941482,0.00915672425032743,0.006394744501758254,0.01395094989660417,1.1223851873278807,-,^
2015-03-23,36.9913330078125,37.22436326220278,36.922285543238644,37.008594873955964,26246100,50.91404298931269,-0.27552609237414316,-0.3638841191584501,0.08835802678430693,0.007519110960738873,0.003490350982158219,0.006825387984598974,-0.00046610974008554074,-0.6349866837263314,-,^
2015-03-24,37.025840759277344,37.25886762072596,36.896378465261094,36.92226960711918,25513300,51.30025209177255,-0.2221232679945615,-0.3355319489256724,0.1134086809311109,-0.0023325734773446127,0.000926929448870295,-0.0007016650674891434,0.0009328604475420388,-0.027920338640788578,^,^
2015-03-25,35.78303146362305,37.05175073746606,35.76576959615445,37.04311815754947,43469900,39.30550409776394,-0.2768936113049847,-0.3238042814015349,0.0469106700965502,0.003273053138829418,-0.005558861459994735,-0.03064281417676651,-0.033565997967052064,0.7038133052172788,-,^
2015-03-26,35.56725311279297,35.91248378089553,35.31696104303679,35.57588569029554,37495600,37.65912474545689,-0.3338624540069475,-0.32581591592261744,-0.008046538084330035,-0.0396087732413235,-0.030747992575112626,-0.012548550141247783,-0.006030186432064544,-0.13743532881373088,-,v
2015-03-27,35.36012268066406,35.757135704225476,35.23929291630747,35.48958173146149,34401400,36.096128656398854,-0.39121468770102297,-0.3388956702782986,-0.05231901742272438,-0.00242591174216622,-0.004325740252827948,-0.0021991735538818835,-0.005823627466311265,-0.0825216825440852,-,v
2015-03-30,35.351478576660156,35.85206262849736,35.30832557379631,35.472308301624146,35049700,36.02892394562121,-0.4323800450434092,-0.3575925452313207,-0.07478749981208849,-0.00048671832674862525,0.0026547686888875877,0.0019589682929448404,-0.0002444591067166657,0.018845163278238708,-,v
2015-03-31,35.092567443847656,35.4119037084823,34.988999548467454,35.19613533922786,34887200,33.98776368198838,-0.4803585772591745,-0.3821457516368915,-0.098212825622283,-0.007785593202674135,-0.012277087780863005,-0.009043930011958468,-0.007323912414329392,-0.004636273634296417,v,v
2015-04-01,35.14434814453125,35.17886857660898,34.79048819991686,35.04077697120735,36865300,34.78352896781652,-0.5083437693707324,-0.4073853551836597,-0.10095841418707274,-0.004414074628453668,-0.00658070048398729,-0.005673536000239565,0.0014755460901072492,0.056699878465454434,-,v
2015-04-02,34.77322769165039,35.16161137582846,34.626503503243704,35.09256392425738,37487500,31.822600842246118,-0.5540814486694714,-0.4367245738808221,-0.11735687478864931,0.001477905386988887,-0.0004905558785365249,-0.0047134922548613956,-0.010559890066949795,0.016877660021754837,-,v
2015-04-06,35.860694885253906,36.05920134877577,34.678285388465696,34.816376984496706,39223700,46.258660524159836,-0.4968519745714062,-0.4487500540189389,-0.04810192055246726,-0.007870241124495303,0.025527555132594193,0.0014954407746408105,0.031273116296438364,0.04631410470156716,-,v
2015-04-07,35.843441009521484,36.171409857797336,35.65356708040522,35.91248846910128,28809400,46.09190199574238,-0.44772831430147164,-0.44854570607544547,0.0008173917739738301,0.03148264062893902,0.003111785752996754,0.028123699918102263,-0.0004811361237597733,-0.2655103929512004,-,-
2015-04-08,35.74848937988281,35.981519532553484,35.42052394340963,35.783013097099854,24753400,45.12776387275062,-0.41171328808621155,-0.4411792224775987,0.029465934391387172,-0.0036053021531164964,-0.005249735246438458,-0.006536320376304472,-0.0026490656857819372,-0.14078738189618667,-,-
2015-04-09,35.800289154052734,35.92111891987039,35.60178263987169,35.60178263987169,25723900,45.79391504147793,-0.37467232216513935,-0.42787784241510685,0.0532055202499675,-0.005064706449855905,-0.0016786565289008681,0.005117335270129253,0.0014490059599294725,0.03920673523637164,-,-
2015-04-10,36.00743103027344,36.20593755979768,35.73987703359409,35.92975427590617,28022000,48.48706863479209,-0.3248577140422455,-0.4072738167405346,0.08241610269828908,0.009212225111086658,0.007929002450136391,0.003878861772717457,0.005786039194525694,0.08933715338653947,-,-
2015-04-13,36.041954040527344,36.30087876845047,35.72261771308409,35.73125029327602,30276700,48.94237022362632,-0.279373120375368,-0.38169367746750127,0.10232055709213328,-0.005524779855320738,0.0026222552170063196,-0.000482914938229273,0.0009587745991899155,0.0804617800299765,-,-
2015-04-14,35.94701385498047,36.27497942600171,35.72261289337201,36.07647290911067,24244400,47.69391778350617,-0.24812687950761614,-0.35498031787552425,0.10685343836790812,0.00966164388318691,-0.0007134632363574589,-1.3492046191387885e-07,-0.002634157555389982,-0.19923901878342087,-,-
2015-04-15,36.473487854003906,36.64610322758632,35.972906892215754,36.04195106623008,27343600,54.60859850107686,-0.17882062386853192,-0.3197483790741258,0.14092775520559386,-0.0009569073719475352,0.010230848024095573,0.0070065983020570766,0.014645834036378425,0.12783158172608933,-,-
2015-04-16,36.38716506958008,36.542518505080814,36.09372005723012,36.20592049228352,22509700,53.36295712985993,-0.12936915710968577,-0.2816725346812378,0.15230337757155205,0.0045494048241765395,-0.0028266231163026623,0.003358448773026712,-0.002366726888565207,-0.17678359835573954,-,-
2015-04-17,35.92111587524414,36.024687059192885,35.52410288053237,35.96426888904083,42387600,47.11443915733237,-0.12632855156633127,-0.25060373805825653,0.12427518649192526,-0.006674367063646103,-0.014170655638196639,-0.01578161452448157,-0.012808065521036083,0.8830815159686713,-,-
2015-04-20,37.034481048583984,37.258878693555445,35.972901116197534,36.016054129573135,46057700,59.35789204192532,-0.03369121371959949,-0.20722123319052513,0.17353001947092564,0.0014399080568570088,0.03425960737242861,0.012633626165718281,0.030994726812124007,0.08658428408308083,-,-
2015-04-21,36.801448822021484,37.241618094635584,36.70651022234536,37.112155769192924,26013800,56.414033174592774,0.02068237721766053,-0.161640511108888,0.18232288832654853,0.0304336959200584,-0.00046326136279695174,0.020393381778638364,-0.006292304359734269,-0.4351910755422004,-,-
2015-04-22,37.10352325439453,37.224352991696534,36.72376888874433,36.82733676466556,25064300,59.23627999523137,0.08714417808752017,-0.11188357326960637,0.19902775135712653,-0.007674547560608036,-0.00046359701383480445,0.00047017998427056895,0.008208221198951593,-0.03649985776780018,-,-
2015-04-23,37.40559768676758,37.638627877418095,36.939537305466544,37.01721403568338,46309500,61.89352596791305,0.16231939926503003,-0.05704297876267909,0.2193623780277091,0.005155878423443339,0.011129135966821746,0.005875443159875315,0.008141394829324522,0.8476279010385288,-,-
2015-04-24,41.31531524658203,41.548345417422446,39.399294884721634,39.40792416851729,130933700,80.03436074042321,0.5312538719190485,0.06061639137366642,0.47063748054538207,0.06458374016286972,0.10387513468178389,0.0665887490391246,0.10452225874197252,1.8273615564840906,-,-
2015-04-27,41.45341491699219,41.53972423359419,40.75432756051674,40.76295684599505,59248200,80.38948427756513,0.8252674196787737,0.2135465970346879,0.6117208226440858,0.03438477682009666,-0.00020749764501182266,0.034392307775045206,0.0033425781598406257,-0.5474946480547025,-,-
2015-04-28,42.42868423461914,42.471837242100804,41.16859797891944,41.23764213241741,60730800,82.72617557639573,1.1240144192478994,0.3956401614773302,0.7283742577705692,0.01164501604277035,0.022439075504328665,0.01016506572921716,0.02352687515805063,0.02502354501908921,-,^
2015-04-29,42.342376708984375,42.558145031058025,41.8590544822886,42.04893165926967,47804600,81.79729463042254,1.338381246845458,0.5841883785509557,0.7541928682945022,0.019673518777992616,0.0020321180942854955,0.016771435930917677,-0.002034178697541189,-0.21284422401812586,-,^
2015-04-30,41.97987747192383,42.75664462354887,41.94535375577099,42.03166304615309,64725500,77.84377317722954,1.4621629390513036,0.7597832906510253,0.7023796484002782,-0.00041067899789959394,0.004664197472563414,0.002061663230326971,-0.008561145245860269,0.3539596607857822,-,^
2015-05-01,41.997154235839844,42.18703144970986,41.772756585927596,41.928110071391444,38937300,77.89860149237157,1.5438582752052952,0.9165982875618794,0.6272599876434157,-0.0024636896866997438,-0.013322214099215968,-0.004114810208738495,0.00041154869800585914,-0.3984241141435756,^,v
2015-05-04,41.6346549987793,42.17838877538785,41.5828694185657,41.74685215069735,34039500,73.7734619579248,1.5613534481506903,1.0455493196796417,0.5158041284710486,-0.004323064416341782,-0.00020486566665189887,-0.004545717900404589,-0.00863151905543147,-0.12578684192278355,-,v
2015-05-05,41.082279205322266,41.56560133789362,40.831990502655344,41.272156345325776,50369200,67.8750966273349,1.5132031249329714,1.1390800807303076,0.37412304420266373,-0.011370816742254486,-0.014528469561924329,-0.018057409851930717,-0.013267211976975113,0.47972796310169064,-,v
2015-05-06,39.943031311035156,41.22901197798189,39.718633701447,41.0563966593338,52433000,57.639363382575546,1.3673538587659024,1.1847348363374266,0.18261902242847583,-0.005227729905525336,-0.008097786368481352,-0.027266777531601005,-0.027730883396058448,0.04097345203020897,v,v
2015-05-07,40.305538177490234,40.642136358044176,39.83947763870884,39.934416262427035,32971700,59.72084024056929,1.2664200371981948,1.2010718765095802,0.0653481606886146,-0.027327785392771253,-0.01423453029267674,0.003042499854607028,0.00907559728334717,-0.3711651059447295,-,v
2015-05-08,41.21175765991211,41.41026416036309,41.01325115946113,41.039142309670055,35364900,64.42666290468736,1.2451997079329544,1.2098974427942553,0.03530226513869916,0.027663508087444333,0.018899789015812463,0.02946257306375477,0.022483745991214166,0.07258345793513832,-,v
2015-05-11,40.8837890625,41.34984952316673,40.8837890625,41.03914254938891,24609400,61.62080252892375,1.188221046658846,1.2055621635671734,-0.017341116908327292,5.841224837155323e-09,-0.0014589290462481141,-0.0031565919136177234,-0.00795813175741189,-0.30412923548490167,-,^
2015-05-12,40.86652374267578,41.15133954201089,40.06386522573974,40.43498704722043,29928300,61.46903325705882,1.1286613743166996,1.1901820057170787,-0.06152063140037911,-0.014721445542908329,-0.004800742528570212,-0.02005498647659154,-0.0004223023408574944,0.2161328598015393,-,^
2015-05-13,41.10818099975586,41.70370037410507,41.056395418018134,41.591499926521614,34184600,62.84829027583015,1.0884130774702143,1.169828220067706,-0.08141514259749161,0.028601786812756824,0.013422669547130672,0.024773700357815898,0.005913330397312899,0.14221656425523665,-,^
2015-05-14,42.048927307128906,42.13523331008022,41.453404692730786,41.453404692730786,32980900,67.6961199234214,1.1195212332074789,1.1597668226956606,-0.04024558948818169,-0.003320275393645211,0.010347593429457458,0.009669852179434502,0.022884649344582675,-0.03521176202149501,^,^
2015-05-15,41.68644332885742,42.212918614067725,41.4706749852377,42.1783948889213,28642700,64.21889828984305,1.1022195423337422,1.148257366623277,-0.046037824289534734,0.017489279868913687,0.0018437136307234425,0.00041661939797044134,-0.00862052854818085,-0.13153673793013532,-,^
2015-05-18,41.43616485595703,41.61741282626431,41.09093736830902,41.41027369978373,24136500,61.8563942480821,1.0561379457502014,1.1298334824486618,-0.0736955366984604,-0.01821124751571146,-0.014107192948391911,-0.009156774445167715,-0.006003833690631399,-0.15732455390029576,-,^
2015-05-19,41.33191680908203,41.53171339546287,40.984442467869584,41.31454276064532,28574800,60.85220596434648,0.9996822871861681,1.103803243396163,-0.10412095620999495,-0.002311767843710566,-0.002059220527695804,-0.002591688271428194,-0.0025158710328861966,0.18388333022600634,-,^
2015-05-20,41.33191680908203,41.635954372322246,41.06262402895434,41.16686500581371,25047900,60.85220596434648,0.9440582551239061,1.0718542457417117,-0.12779599061780567,-0.003574473901046704,0.002509912747080678,0.0019075911828261294,0.0,-0.12342693562159668,-,v
2015-05-21,41.192909240722656,41.349272305267526,40.836749663428165,41.071294260245466,22410700,59.36189066348908,0.8786307515578713,1.0332095469049436,-0.1545787953470723,-0.0023215453874068093,-0.0068854448367177135,-0.005500728968682145,-0.0033632015907094637,-0.10528627150379877,-,v
2015-05-22,40.741207122802734,41.132111563666086,40.67171093808717,41.0886781050991,25720600,54.67595248073486,0.7813237834990403,0.982832394223763,-0.2015086107247227,0.0004232602153582121,-0.005251863684521796,-0.004041426575357332,-0.010965530870380436,0.14769284315081643,-,v
2015-05-26,40.4719123840332,40.723831070576935,40.124438105092864,40.68039761414947,29581900,52.03856137437442,0.6746999543374343,0.9212059062464973,-0.246505951909063,-0.009936569142120044,-0.009926076672655104,-0.013455859622610866,-0.006609886102731832,0.15012480268734008,v,v
2015-05-27,41.357967376708984,41.49695642070639,40.497970388764934,40.67170752220173,27335600,59.03956402769248,0.6541563274375264,0.8677959904847032,-0.21363966304717685,-0.00021361865806146518,0.018984592799964783,0.009309346156916254,0.021893084375853356,-0.07593494670727707,-,^
2015-05-28,41.2189826965332,41.71413142530497,41.16686055685597,41.26241615605062,19283700,57.61879605498691,0.6195190233003558,0.8181405970478338,-0.19862157374747802,0.014523821836750717,0.00523351646315473,0.016516634331793734,-0.0033605297598365835,-0.2945572806157538,-,^
2015-05-29,40.70646667480469,41.32323051805661,40.47192197798471,41.2016154857265,36519600,52.592701083891164,0.5444370194846258,0.7633998815351922,-0.21896286205056648,-0.0014735121204288992,-0.009370946820463466,-0.016881019574263578,-0.012433980370205044,0.8938066864761431,-,^
2015-06-01,41.02787399291992,41.49696333725719,40.49797713880864,40.88019955882897,28837300,55.23015626108816,0.5050470074617266,0.7117293067204992,-0.20668229925877257,-0.007801051563351424,0.004204240980740126,0.0006437836295027921,0.007895731179099696,-0.21036101162115683,^,^
2015-06-02,40.758567810058594,41.132101426444216,40.49796380912342,40.767256487886904,21498300,52.590065632460636,0.44694725117608414,0.6587728956116162,-0.2118256444355321,-0.002762781790718427,-0.008792496642408332,-3.2914447001264335e-07,-0.006563980939100156,-0.2544967802117396,-,^
2015-06-03,40.69776153564453,41.470891511228814,40.671702128900705,41.14947669717611,28002200,51.985819042051595,0.39148344015941916,0.6053150045211768,-0.21383156436175765,0.009375666704547037,0.008236634478558047,0.004290050744184537,-0.0014918648441581972,0.30253089779191833,-,^
2015-06-04,40.27212142944336,40.96706677012937,40.13313236130615,40.645655171392235,27745500,47.84201868795741,0.3096133411170996,0.5461746718403614,-0.2365613307232618,-0.012243692173573906,-0.012148876543033205,-0.013241879228158782,-0.010458563079160488,-0.00916713686781756,-,v
2015-06-05,40.08100509643555,40.41110533374059,39.820401041199084,40.228682826451106,25438100,46.06644549293498,0.22669599660050466,0.4822789367923901,-0.25558294019188543,-0.010258718753157314,-0.013570935881456636,-0.00779234766156911,-0.0047456236777256855,-0.08316303544718961,-,v
2015-06-08,39.72484588623047,40.33292423100129,39.672723749103696,40.219994590773474,22121600,42.87310601107193,0.1307372740529047,0.41197060424449305,-0.28123333019158836,-0.0002159711695038924,-0.0019346440067310455,-0.0037085837468737726,-0.008885985003323937,-0.1303753031869519,-,v
2015-06-09,39.65535354614258,39.90726892788148,39.490301766586256,39.75090582817572,24406100,42.25758553239547,0.04852250676155734,0.3392809847479059,-0.2907584779863486,-0.011663073736597807,-0.010553544312381868,-0.004598171370110649,-0.001749341968170559,0.10327010704469841,v,v
2015-06-10,40.48929214477539,40.68040335654563,39.69010251590411,39.776972754781845,28417400,51.294451130499944,0.050081280919826554,0.28144104398229003,-0.23135976306246347,0.0006557567950475907,0.019373273326754648,0.005059489048698795,0.021029659908653908,0.16435645187063885,-,v
2015-06-11,40.341609954833984,40.75857711426581,40.07232052835783,40.53272114556706,27347800,49.807833540844236,0.03895090043972971,0.23294301527377798,-0.19399211483404827,0.018999645735845005,0.001921656406280503,0.009630058584519041,-0.003647438177317275,-0.03763891137120212,-,v
2015-06-12,39.933326721191406,40.3676678747784,39.872519224790025,40.1504972979849,23931000,45.85143596806342,-0.0027829707163391504,0.18579781807575457,-0.18858078879209372,-0.009430007085126646,-0.00959084607864269,-0.004986017803146892,-0.010120647988508313,-0.12493875192885717,-,v
2015-06-15,39.50767135620117,39.65534907315928,39.108078285919326,39.48161194710977,33254500,42.09707961064151,-0.06940414708323317,0.13475742504395702,-0.2041615721271902,-0.0166594537026743,-0.01764577542177448,-0.019172125407000196,-0.010659151138649126,0.38959926455225435,-,-
2015-06-16,39.81170654296875,40.16786610997039,39.35130272677669,39.39473617372624,27070300,45.52796768593473,-0.09655577580993224,0.08849478487317917,-0.18505056068311143,-0.002200411003986158,0.012924285091163279,0.00621928899392965,0.007695598761729094,-0.18596580913861283,-,-
2015-06-17,39.933326721191406,40.02019362640479,39.40342998361367,39.724841509415235,28704100,46.88378042444441,-0.10702617411867266,0.04939059307480881,-0.15641676719348147,0.008379427501006065,-0.0036763835838654613,0.0013246640701811696,0.0030548848261853223,0.06035396726301512,-,-
2015-06-18,40.584842681884766,40.65433555054698,40.10706471213044,40.15050148302473,32658300,53.55317309973531,-0.06203702294777713,0.027105069870291622,-0.08914209281806876,0.010715208857626557,0.015845548626326256,0.01785719488910953,0.016315093536838132,0.13775732386662543,-,-
2015-06-19,40.0462532043457,40.68039420736972,39.95070093371143,40.64564611963361,63837000,48.1687185915173,-0.06904654063240656,0.007874747769751986,-0.07692128840215855,0.012332215497189214,0.0006409810041130282,-0.0038986592397451947,-0.013270705069887145,0.9546945186981564,-,-
2015-06-22,40.1591911315918,40.58484700992186,40.09838362236761,40.246061368884014,20318100,49.31942535571438,-0.06474217948669292,-0.006648637681536996,-0.05809354180515593,-0.009830936124707867,-0.0023487284061409763,0.0036966232182313874,0.0028201871138806567,-0.6817190657455707,-,^
2015-06-23,39.881202697753906,40.202614208307,39.62928404532263,40.07231385666865,25896500,46.5783056376573,-0.08280772967029293,-0.021880456079288183,-0.06092727359100475,-0.004317130827358295,-0.009418116114159991,-0.011698715376230462,-0.006922162175203916,0.274553230863122,-,^
2015-06-24,39.646671295166016,40.1765681841205,39.56848973263567,39.672730711422474,34890900,44.339287246267276,-0.1147270306796031,-0.040449770999351174,-0.07427725968025192,-0.009971551597330097,-0.0006478689184624686,-0.001534075473516805,-0.0058807504970530555,0.34732106655339523,-,^
2015-06-25,39.65535354614258,40.01151320352561,39.52504985846763,39.98545047773436,20616000,44.44575234555404,-0.13773499827931346,-0.05990681645534363,-0.07782818182396983,0.00788248655194912,-0.004108239903380384,-0.0010978400859259496,0.00021899066662922628,-0.4091296011280878,^,v
2015-06-26,39.316566467285156,40.20262296930776,39.11676990022524,39.655355408397796,49835300,41.13907226235581,-0.1812173039910263,-0.08416891396248018,-0.09704839002854614,-0.008255379529120921,0.004776369361739308,-0.010329650682399327,-0.008543287313356407,1.4173117966627862,-,v
2015-06-29,38.54344177246094,39.29050925606068,38.534756405476166,39.12546077326383,34081700,34.7799365490513,-0.2748932478936865,-0.12231378074872146,-0.15257946714496506,-0.013362498701039227,-0.022687915510971157,-0.014878874105239581,-0.019664094917025032,-0.31611327713488235,-,v
2015-06-30,38.35232925415039,38.84747795664477,38.16990343184164,38.83878927694606,35945400,33.40531409814734,-0.3603988379060894,-0.16993079218019505,-0.19046804572589435,-0.007326980709034037,-0.011275784096577368,-0.009468153108207478,-0.004958366703180506,0.05468330511682229,v,v
2015-07-01,38.612937927246094,39.29050921929046,38.308897062891255,38.621623294222736,28343900,37.05853479177884,-0.40249399190924606,-0.21644343212600525,-0.1860505597832408,-0.005591471484211019,0.011404376447298192,0.0036414457086015872,0.006795119831411567,-0.21147351260522906,-,v
2015-07-02,38.56949996948242,38.87353748464026,38.27414782028893,38.63899283847834,21752000,36.69717964962641,-0.43435283578563144,-0.2600253128579305,-0.17432752292770093,0.00044973625586064436,-0.010612530683249188,-0.0009070802154725888,-0.0011249586303304637,-0.23256855972537305,-,v
2015-07-06,38.56080627441406,38.63898781296616,38.17858726024823,38.187272625082926,23034000,36.62021583543761,-0.45505709272232053,-0.2990316688308085,-0.15602542389151203,-0.011690786436482137,-0.006033659060917129,-0.0024967390649530685,-0.00022540336471144062,0.058937109231335105,-,v
2015-07-07,38.48263168334961,38.64768346884619,37.631323284179665,38.517379776481576,36435800,35.89128092380197,-0.4723286905471227,-0.3336910731740714,-0.1386376173730513,0.008644428593777675,0.00022504874926143614,-0.014334317096074911,-0.002027306963141018,0.5818268646348876,-,-
2015-07-08,38.430511474609375,39.003841735615154,38.24808564911084,38.60424530649685,39785900,35.3855505706407,-0.4846356434940091,-0.3638799872380589,-0.1207556562559502,0.0022552294709390353,0.009215513966213784,0.016389600766191004,-0.001354382651610253,0.09194528458274553,-,-
2015-07-09,38.673744201660156,39.281822597179726,38.65637015450123,38.87354077334675,32424700,39.65867418290596,-0.4693517492746295,-0.3849743396453731,-0.08437740962925644,0.006975799286110584,0.007127012345318429,0.010674638964574656,0.006329156644492739,-0.18502032126959556,-,-
2015-07-10,38.751914978027344,39.21231550151455,38.71716689337479,39.099385883273634,25465800,41.00890910161032,-0.4457926049848595,-0.3971379927132704,-0.048654612271589126,0.0058097385891262565,-0.001769446809480879,0.0015727482593570485,0.0020212880335448435,-0.21461725166308399,-,-
2015-07-13,39.5598030090332,39.629295887921884,39.04728018640589,39.073339601769035,28178300,52.771219823546815,-0.3578074198914365,-0.3892718781489036,0.03146445825746713,-0.0006661557698720566,0.01063391388838597,0.00852627708892606,0.020847693113074328,0.10651540497451495,-,-
2015-07-14,39.629295349121094,39.92464753634428,39.36000589066756,39.48162091238991,22880300,53.62773483068969,-0.2792520321344085,-0.36726790894600464,0.08801587681159612,0.010449101990821053,0.0074528613694702095,0.008008898514026086,0.001756640195403003,-0.18801702018929456,-,-
2015-07-15,39.750911712646484,39.863841371098125,39.464248196590376,39.68141883235688,26629600,55.160340112931365,-0.20482183857192382,-0.3347786948711885,0.12995685629926468,0.005060529819946646,-0.0015230232199495708,0.002648432172809523,0.003068850012446278,0.16386585840220635,-,-
2015-07-16,40.532718658447266,40.5587780687626,39.93332902487312,39.96807380070682,26271700,63.5095193726392,-0.08180706630299994,-0.2841843691575508,0.20237730285455086,0.007223909244802318,0.017432757952130284,0.011886222333338914,0.019667648164961582,-0.013439931504791613,-,^
2015-07-17,40.49797439575195,40.63696345350133,40.18524818737571,40.43716689009663,29467100,62.94855471807539,0.01273268094399782,-0.22480095913724107,0.2375336400812389,0.011736694936284708,0.001927705627772447,0.006308493898559808,-0.000857190532618568,0.12162897718838139,-,v
2015-07-20,40.758567810058594,40.940993593096906,40.34160074581038,40.5240265288487,30631900,65.41594369870039,0.10744526034495294,-0.15835171524080227,0.2657969755857552,0.0021480149434838225,0.00748161559717575,0.0038907948933306624,0.006434727123882489,0.03952883045837563,-,v
2015-07-21,41.071311950683594,41.11474873135734,40.37636653879813,40.63697065403504,42781900,68.15664505281754,0.20537407581898037,-0.08560655702884575,0.2909806328478261,0.0027870903970002026,0.004244038139067818,0.0008617851633305751,0.00767308954726853,0.3966453272568793,^,v
2015-07-22,39.5598030090332,40.76727118935157,39.2644508177944,39.472932768221284,59152400,48.25352859294273,0.15918227406932317,-0.03664879080921196,0.19583106487853513,-0.02864479972495615,-0.008451408624096879,-0.027538776178269497,-0.03680206133822406,0.38265013942812254,v,v
2015-07-23,40.05495071411133,40.159191686541746,39.17757953101973,39.32525727957686,33934000,53.08655268464233,0.16067703522247,0.0028163743971244323,0.15786066082534558,-0.0037411835981773223,-0.014915874550088914,-0.002212466619685882,0.012516435053153918,-0.4263292782710423,-,v
2015-07-24,39.907264709472656,40.23736491993153,39.78564971450361,39.881205300196456,32333200,51.54032091488791,0.1482358473203078,0.03190026898176111,0.1163355783385467,0.014137174403390906,0.0019465838356498288,0.015520871650644752,-0.0036870849172370157,-0.047173925856073606,-,v
2015-07-27,39.39474868774414,39.9680789853755,39.30788176625116,39.907271477578284,39701400,46.480725877832185,0.09591471150613984,0.044703157486636856,0.05121155401950298,0.0006535955266553373,-0.006692434633626787,-0.01200854960722908,-0.01284267477261758,0.22788341395222256,-,v
2015-07-28,39.38605880737305,39.64666285574686,38.908284166394346,39.59454403432826,34328900,46.39755815717252,0.05313611365625093,0.046389748720559676,0.006746364935691251,-0.007836352415767855,-0.008041820817714207,-0.010165839060803705,-0.00022058473935127054,-0.13532268383482693,-,-
2015-07-29,40.21131896972656,40.636971594587756,39.31657362456389,39.43819197399971,40945900,54.689278428574546,0.08484729793703139,0.05408125856385402,0.030766039373177366,-0.003948828409110927,0.024978363057796438,0.010493638229418067,0.020953103390965122,0.1927530448106407,-,-
2015-07-30,40.72382736206055,41.175542558043404,39.898578510048786,40.185241947373285,39777900,58.93743864614704,0.1496091824692698,0.07318684334493718,0.07642233912433262,0.018942297706397992,0.013253225875901053,0.014803041868360456,0.012745376313565648,-0.02852544455000383,-,-
2015-07-31,40.567481994628906,41.14949780214668,40.393744795123396,41.08000491060136,31201500,57.17633489706687,0.18617160762141793,0.09578379620023333,0.0903878114211846,0.022265959338999552,-0.0006325297562261856,0.012410624728144137,-0.0038391619245812247,-0.21560715874895353,-,-
2015-08-03,40.66302490234375,40.828073367684894,40.35029870379386,40.81069932179208,24125900,58.00221721284963,0.22031742500708873,0.12069052196160442,0.09962690304548431,-0.006555636723884151,-0.007811138692560671,-0.0010755648318790945,0.002355159921621386,-0.22677114882297322,-,-
2015-08-04,41.297157287597656,41.44483168781512,40.55008998029522,40.61089747612123,33403900,63.090164516128894,0.29514516537216196,0.15558145064371592,0.13956371472844603,-0.004895820189098288,0.015106231307460583,0.00495142001222848,0.015594815849948152,0.38456596437853086,-,-
2015-08-05,41.33191680908203,42.05292159352064,41.29716871220861,41.67938783653357,26959700,63.352249478468565,0.3531802495330467,0.1951012104215821,0.15807903911146462,0.0263104345586207,0.014672273500492938,0.018423602321879562,0.0008416928371681731,-0.19291759345465653,-,-
2015-08-06,40.49797439575195,41.49696052653599,40.24605900679156,41.444838387219775,27368000,53.53127585878733,0.3280991656950647,0.22170080147627863,0.10639836421878607,-0.005627468671893565,-0.013220509917444168,-0.025452343058721794,-0.020176717600158156,0.015144827279235384,-,-
2015-08-07,40.60222625732422,40.63697104293016,40.18525569244142,40.29818535850389,19163000,54.481257473281126,0.31302610987112445,0.23996586315524782,0.07306024671587663,-0.027666968272446524,-0.02072415600308586,-0.001510789276035207,0.0025742487896678323,-0.2998026892721426,-,-
2015-08-10,41.11475372314453,41.25374282239644,40.6890977426947,40.784653369760676,23079900,58.92685755245671,0.33853486842355096,0.2596796642089085,0.07885520421464248,0.012071710101311695,0.015177602159735182,0.012537982938554348,0.012623137031257281,0.204399102436988,-,-
2015-08-11,40.3155632019043,40.7759639636782,39.87253649144885,40.67172296952894,29237400,50.624215650046715,0.2909093257839359,0.26592559652391395,0.02498372926002196,-0.0027689434848908734,-0.01158146694168205,-0.02006830567759288,-0.01943804714535724,0.26679058401466205,-,-
2015-08-12,40.60222625732422,40.741215341031435,39.707480924307944,40.12444817542959,30181400,53.17284612755935,0.27314836858373326,0.26737015093587785,0.00577821764785541,-0.013455903860020046,-0.0008521839649877627,-0.0041395803142922905,0.007110481229898324,0.032287412697435514,-,-
2015-08-13,40.59353256225586,40.91494415730389,40.38505061932336,40.880199375988965,22627200,53.08335734321515,0.25542677266832925,0.26498147528236815,-0.009554702614038901,0.018835179919612255,0.0042642030881561155,0.01706403124154421,-0.00021411867943554874,-0.2502932269543494,-,^
2015-08-14,40.82807922363281,40.91494615179575,40.41111200368106,40.419797370992995,21473400,55.270524821443246,0.2573417599935368,0.2634535322246019,-0.006111772231065071,-0.01126222503861829,4.874727066450646e-08,0.0006453225626323889,0.005777931768250033,-0.05099172677131947,-,^
2015-08-17,41.10603713989258,41.218966741934715,40.454525558029836,40.66301072227999,21099700,57.78231852356784,0.2780827176280951,0.26637936930530054,0.011703348322794571,0.006017183833324724,0.007430550904577338,0.00107429744434695,0.006808008643690355,-0.01740292641128094,-,^
2015-08-18,41.33340835571289,41.47331398223908,40.83499435273753,40.95741135899628,23574100,59.77233254399606,0.30930159660803724,0.2749638147658479,0.03433778184218933,0.007240010798191587,0.006170636005914165,0.009404851236283429,0.005531333877953681,0.11727180955179461,^,^
2015-08-19,40.75629425048828,41.167268457701894,40.485225659575235,40.90494250847694,31485500,52.94992032457066,0.2841984353167675,0.27681073887603186,0.007387696440735614,-0.0012810587578263588,-0.007379336135719616,-0.008565415489982797,-0.01396241268704479,0.335597117175205,-,^
2015-08-20,39.925601959228516,40.63387599612119,39.925601959228516,40.284110298383666,36238200,44.9898723046923,0.1950259360243507,0.26045377830569566,-0.06542784228134496,-0.01517743754228762,-0.012956712494265887,-0.013822911722226272,-0.020381938705082647,0.15094884947039122,-,v
2015-08-21,37.6608772277832,39.76820736512868,37.6608772277832,39.610813136147456,70053100,31.21310603817993,-0.057722877451382715,0.19681844715427999,-0.2545413246056627,-0.016713715587836298,-0.02130411164997259,-0.056723621443654615,-0.056723621443654615,0.9331285770264528,-,v
2015-08-24,36.44544219970703,37.3285956349211,34.731597842182964,35.36991732221144,88753700,26.519571286861208,-0.352045421560085,0.087045673411407,-0.439091094971492,-0.10706409382103588,-0.06134578075919983,-0.07778043426559511,-0.03227314703066764,0.2669489287411977,-,v
2015-08-25,35.38740921020508,37.80952773638869,35.31745473904856,37.22367071509757,70616600,23.243080965813107,-0.6630295858042601,-0.06296937843172641,-0.6000602073725336,0.05241045309772363,0.012883744841921452,0.01686812393508852,-0.029030598221427506,-0.20435317062837943,v,^
2015-08-26,37.34608840942383,37.45976275939393,35.903312438502795,36.73400011769392,63408000,38.41291486374349,-0.7428743414903209,-0.19895037104344532,-0.5439239704468757,-0.013154817566260246,-0.009250710017679853,0.01658833298670559,0.05534960718892923,-0.10208081385963075,-,^
2015-08-27,38.38664245605469,38.430362336906796,37.538462757948814,37.80078537867455,50943200,44.66919639685595,-0.7139578091314647,-0.3019518586610492,-0.4120059504704155,0.02904081389346924,0.025910457141628873,0.045543160460383536,0.0278624640745051,-0.1965808730759525,-,v
2015-08-28,38.41286849975586,38.60523995211069,37.94068584521908,37.94943182156938,28246700,44.82133891968319,-0.681074028906842,-0.37777629271020774,-0.30329773619663425,0.003932363875664091,0.004550506541437294,0.010714958943945918,0.0006832075436447038,-0.4455256049875155,^,v
2015-08-31,38.054351806640625,38.41286003894709,37.687097599910246,38.08932903311245,34441700,43.077542274858445,-0.6761484782795648,-0.4374507298240792,-0.23869774845548564,0.003686411227468156,-0.004983259096491888,-0.00668380762391485,-0.009333244485959513,0.2193176548056941,-,v
2015-09-01,36.5678596496582,37.24115637072823,36.42795405408602,36.87390209759344,49688900,36.701730625999566,-0.7831646038063127,-0.5065935046205259,-0.2765710991857868,-0.03190990669492755,-0.030502901034467622,-0.03341046740163989,-0.0390623433697016,0.44269591802959773,v,v
2015-09-02,37.91445541381836,37.931944031287514,36.620327741615455,37.04004455403699,37671500,44.68830972292298,-0.7506634491286661,-0.555407493522154,-0.1952559556065121,0.00450569229163289,0.018549038963308062,0.005280935823181565,0.036824571551667074,-0.24185280817244903,-,v
2015-09-03,38.036861419677734,38.4565781109318,37.84449001866521,37.95816433159186,28285200,45.36315580982648,-0.7068804306188952,-0.5857020809415022,-0.12117834967739294,0.024787221198274922,0.013830930447739531,0.03342849047357421,0.0032284785452769693,-0.24916183321609175,-,v
2015-09-04,37.25864791870117,37.634644861812845,36.900139593363626,37.43353076082961,37138800,41.86588846268712,-0.7266015879256855,-0.6138819823383389,-0.11271960558734662,-0.013821363071701676,-0.021373020936704457,-0.024953445662388996,-0.020459456220380146,0.31301175172881934,-,v
2015-09-08,38.377891540527344,38.47407726739385,37.77454925692741,37.86198900738096,32469800,48.06712745392732,-0.6444878856366003,-0.6200031629979912,-0.024484722638609124,0.011445841144102964,0.0223047781814667,0.023696649205116938,0.03003983462492732,-0.12571757838163866,-,-
2015-09-09,37.6608772277832,38.82384532685418,37.52097161709021,38.6577051209224,33469500,44.7722149261244,-0.6300069200662008,-0.6220039144116332,-0.008003005654567685,0.02101622588782437,0.009091005796693974,-0.006712922981885527,-0.01868300430175973,0.03078860972349684,-,-
2015-09-10,37.853248596191406,38.29045404543655,37.38106591045957,37.70459700892937,31366600,45.84480345914416,-0.5961360040332835,-0.6168303323359633,0.02069432830267981,-0.024655061882532414,-0.01373875454445761,-0.003728733574876797,0.0051079895788057605,-0.06283033806898819,-,-
2015-09-11,38.019378662109375,38.1155643774279,37.54719606087966,37.72207887640314,27132500,46.805605419432496,-0.5495528479908671,-0.603374835466944,0.053821987476076916,0.00046365347624921505,-0.0045674482679447514,0.004444232564636774,0.004388792827009436,-0.1349875345112317,-,-
2015-09-14,37.63463592529297,37.98439819088439,37.477241738312635,37.9756555518797,23656000,44.82227743610394,-0.5374850910883922,-0.5901968865912337,0.05271179550284155,0.006722234909359193,-0.0034412762525218854,-0.0018631037708808362,-0.010119648199297004,-0.12813047083755646,-,-
2015-09-15,38.45659255981445,38.727661150758536,37.66962471888851,37.765807119920595,28882200,49.723710225373424,-0.45633591935295925,-0.5634246931435788,0.10708877379061954,-0.0055258672670553954,0.019567585516005792,0.005133328165375595,0.021840430080235507,0.22092492390936758,-,-
2015-09-16,38.73640060424805,38.80635507445524,38.33417240739487,38.447846753675194,23372200,51.30933690260793,-0.36523622947034795,-0.5237870004089327,0.15855077093858472,0.0180597128929052,0.0020319823443601948,0.01764147356034429,0.007275944794078892,-0.1907749409671008,-,-
2015-09-17,38.69267654418945,39.348484621209614,38.54402831449216,38.72765377551083,32768200,51.03845486308136,-0.2931875515388427,-0.4776671106349147,0.184479559096072,0.007277573270312976,0.01397012282432164,0.005474382096137598,-0.0011287589806110443,0.4020160703742053,-,-
2015-09-18,38.019378662109375,38.46533000847486,37.88821905217596,38.036867277222946,63143700,46.9297625897618,-0.2871083608292224,-0.43955536067377626,0.15244699984455384,-0.01783703454622132,-0.022444437727055955,-0.01701454910123179,-0.0174011710280918,0.9269810364926971,-,-
2015-09-21,38.57027816772461,38.88506673017482,38.124326592382154,38.141815216475386,26177200,50.44491485158855,-0.2351271726648676,-0.39866972307199455,0.16354255040712695,0.002759111008999504,0.010912079049042012,0.00623168747734093,0.014489966038405244,-0.5854344930689839,-,-
2015-09-22,38.38664245605469,38.51780209861101,37.870739856528395,37.93194835684397,28085900,49.27332810160388,-0.20637066124292858,-0.36020991070618136,0.15383924946325278,-0.005502277708607006,-0.009444875949738751,-0.0066515728543892205,-0.004761067858296886,0.07291459743593665,-,-
2015-09-23,38.36040496826172,38.62272756921916,38.04561651286765,38.412870822698345,17145200,49.0978715804312,-0.18358184748851158,-0.3248842980626474,0.14130245057413582,0.012678559543794377,0.0027240773068910595,0.004617724845138227,-0.0006835056705729592,-0.38954421969742825,-,-
2015-09-24,38.3953857421875,38.58775722390014,37.83576325241961,37.99315749461847,27905600,49.35679459261976,-0.16084477386360874,-0.2920763932228397,0.13123161935923094,-0.010926372309352672,-0.0009054343781480512,-0.005515832826025191,0.0009118979310756004,0.6276042274222522,-,-
2015-09-25,38.42161178588867,39.112397162209504,38.26421756506588,38.89379444835704,29384600,49.56393458597927,-0.13910573236521628,-0.261482261051315,0.12237652868609872,0.023705240973092012,0.01359602050114539,0.011324056284733874,0.0006830519656000344,0.053000114672323795,-,-
2015-09-28,37.853248596191406,38.55277664786106,37.78329412321801,38.32543128192325,27613800,45.24486760403135,-0.1658279829920133,-0.24235140543945466,0.07652342244744137,-0.014613209497686297,-0.0143080085842745,-0.012568490157418899,-0.014792799241858279,-0.060262858776365835,-,-
2015-09-29,37.98442077636719,38.09809516469072,37.643400947010555,37.92321226010389,32763600,46.405631259599346,-0.17441056403326627,-0.228763237158217,0.054352673124950734,-0.010494833544353988,-0.011793741533155377,-0.0037025140198533313,0.0034652819781755273,0.1864937096669057,-,-
2015-09-30,38.701419830322266,38.736397062227574,38.17677469419229,38.36914613405908,34958900,52.35167543727863,-0.12195071793488665,-0.20740073331355094,0.08545001537866428,0.011758863434264688,0.016754168280004533,0.014169116864136466,0.01887613498640417,0.06700423640869735,-,-
2015-10-01,39.007469177246094,39.12988616450966,38.25547530049826,39.12988616450966,28657900,54.663802115068016,-0.055045754223606025,-0.17692973749556196,0.12188398327195593,0.019826868906402284,0.010158123422009613,0.0020614786591164336,0.007907961730232005,-0.1802402249498697,-,-
2015-10-02,39.84690475463867,39.84690475463867,38.40412542422378,38.710171242960854,41839000,60.347318886059064,0.06496348852422784,-0.128551092291604,0.19351458081583184,-0.010726198379014895,0.018324065322207428,0.003885721522419061,0.021519867735542375,0.4599464720024844,-,-
2015-10-05,40.77378463745117,41.00113002294254,39.96058216506414,40.00430204662635,34369300,65.49152731502437,0.23218663530573735,-0.05640354677213573,0.28859018207787307,0.03343128594143896,0.028966497533776447,0.04052837354443728,0.02326102588193124,-0.17853438179688808,-,-
2015-10-06,40.87870407104492,41.254700974269305,40.41526742383868,40.51145314358618,27017200,66.02877477927677,0.3689255611299984,0.028662274808291106,0.3402632863217073,0.01267741395334765,0.0061844868954801235,0.01137834421171302,0.0025732081170943832,-0.21391474368113406,-,-
2015-10-07,40.922420501708984,41.4033457243912,40.17917273352848,41.18474304720727,27711500,66.2644478176171,0.4753402688671642,0.11799787362006572,0.35734239524709843,0.016619742106873447,0.0036030984739074956,-0.005841720353703228,0.0010694182131627539,0.025698443954221828,-,-
2015-10-08,41.49078369140625,41.55199216663739,40.66009295319708,40.71255879008594,33772700,69.25115990037155,0.5986361459719376,0.2141255280904401,0.3845106178814975,-0.011465028604891292,0.003590203633196287,0.0119693907800964,0.013888796965798589,0.21872507803619445,-,-
2015-10-09,41.193485260009766,41.569482097275056,41.0273451057319,41.490785007251816,28600600,65.96152585594058,0.6646973013589061,0.3042398827441333,0.3604574186147728,0.019115138922572106,0.00042091677740807576,0.009032250687610377,-0.007165408916054328,-0.15314440361593828,-,-
2015-10-12,41.097312927246094,41.158521424331255,40.660107470573266,41.07982430870563,19769100,64.88772122101193,0.7012078518107501,0.38363347655745667,0.3175743752532934,-0.009904866790887534,-0.009886114818128622,-0.008951045557839987,-0.0023346490872681036,-0.30878722823996696,-,-
2015-10-13,41.001121520996094,41.21098157883675,40.7125676940292,40.7125676940292,19987800,63.76952360974733,0.7141486227281675,0.44973650579159885,0.26441211693656863,-0.008940072672087962,0.0012745879271183203,0.0012902135955714655,-0.00234057653404951,0.01106271909191614,-,-
2015-10-14,40.817501068115234,41.18475204492448,40.68633809890458,40.79126980851825,24697800,61.58770072789193,0.7015011721034199,0.5000894390539631,0.2014117330494568,0.0019331159626316818,-0.0006364695260192565,-0.0006442628556799779,-0.004478425127635299,0.23564374268303667,-,-
2015-10-15,41.10603713989258,41.12352575059248,40.6863204899292,41.10603713989258,27189400,63.690008110694755,0.7066150079995666,0.5413945528430838,0.16522045515648276,0.007716536721016576,-0.0014866252992179474,-4.3279823647157656e-07,0.0070689303418121074,0.10088347950019849,-,-
2015-10-16,41.54325866699219,41.569493261120016,41.009870842046354,41.11479921171948,26450300,66.66705517419632,0.7374470524389665,0.5806050527622604,0.1568419996767061,0.00021315778500086147,0.010844583541602448,0.007952312920438187,0.010636430984861223,-0.027183387643714085,-,-
2015-10-19,41.639434814453125,41.86678345464678,41.114789751195715,41.464552014830005,29387600,67.30213665105113,0.7608714289061567,0.6166583279910397,0.14421310091511697,0.008506737472059323,0.007151643433787491,0.002558381847957314,0.0023150843373140884,0.11104978015372224,-,-
2015-10-20,41.7706184387207,41.80559568309334,41.11481011699503,41.48206117606687,30802200,68.19233041174328,0.781017751676373,0.6495302127281064,0.1314875389482666,0.0004222681877910084,-0.0014614872819098679,4.953399843632411e-07,0.0031504660150201147,0.04813594849528369,-,-
2015-10-21,41.272178649902344,41.96296378533039,41.19348156693445,41.90175197803399,25144300,61.357176485412,0.7481398418991319,0.6692521385623115,0.07888770333682038,0.010117404730343171,0.0037642832177293695,0.0019134576984680685,-0.011932784513343786,-0.18368493159579513,-,-
2015-10-22,41.997947692871094,42.8024073257748,41.17600278012395,41.56074231331387,56637100,66.60589199915708,0.7717510916050827,0.6897519291708658,0.0819991624342169,-0.00813831519261754,0.02000439112782293,-0.00042430953018868234,0.017584946244907362,1.252482670028595,-,-
2015-10-23,46.230098724365234,47.279392366520916,45.6879649545696,45.731684828073476,135227100,81.97802182157697,1.1190625394243199,0.7756140512215567,0.3434484882027632,0.10035774826436294,0.10459657109169562,0.10957746915209587,0.10077042484179577,1.3876063569638983,-,-
2015-10-26,47.43678665161133,47.49799514173215,45.906567727365804,45.93279898438543,64633300,84.20988686945073,1.4746798042547553,0.9154272018281965,0.5592526024265588,0.004397698380631088,0.004623637578007989,0.004784690519999524,0.02610178131871721,-0.5220388516798777,-,-
2015-10-27,46.94712829589844,47.541728079561985,46.85094588185846,47.20945428063088,50999900,79.88652217423459,1.6974307861675513,1.0718279186960675,0.6256028674714837,0.027793979998463447,0.0009207322898439063,0.020571743897326744,-0.010322334000173239,-0.21093461110603973,-,-
2015-10-28,47.20069885253906,47.20069885253906,46.221359601939504,46.81595926656386,47000800,80.44637817419125,1.8728346963307558,1.2320292742230052,0.6408054221077506,-0.008335089232930692,-0.007173261065567593,-0.013438069777855666,0.005401194191099856,-0.07841387924290044,-,-
2015-10-29,46.658565521240234,47.069539706030355,46.53614853060815,46.81595974794229,30202100,75.60119925258947,1.9456694633768876,1.3747573120537817,0.5709121513231059,1.0282357409963083e-08,-0.0027787543340929144,0.006810464499089175,-0.011485705603481056,-0.35741306530952666,-,-
2015-10-30,46.02898025512695,47.209436741010116,46.01149164026806,46.6235798178802,46619800,70.305472320027,1.930337542103402,1.4858733580637058,0.4444641840396961,-0.004109280918256575,0.0029721351824019138,-0.011274179469214274,-0.013493455254784403,0.5435946507030969,-,-
2015-11-02,46.55363464355469,46.6585630105055,46.01149752048141,46.21261161364241,30285000,72.0617741719036,1.9381799761699412,1.576334681684953,0.36184529448498814,-0.008814599947989943,-0.011668720673934208,1.2779879865476573e-07,0.011398349160022914,-0.35038331352772856,-,-
2015-11-03,47.349342346191406,47.55919905337076,46.256328934096615,46.28256018859098,36596900,74.52291987917805,1.9857120705786144,1.6582101594636856,0.3275019111149289,0.0015136252314273957,0.019302695684444426,0.005321092048921505,0.017092278803345407,0.20841670794122513,-,-
2015-11-04,47.567955017089844,47.987671855194336,47.270655173147546,47.375583548770436,37087800,75.17009238362485,2.0177623055222895,1.7301205886754065,0.287641716846883,0.023616311537772328,0.00900925184511081,0.021928377422602674,0.0046170159935921,0.013413704439447116,-,-
2015-11-05,47.55046844482422,47.83027968226853,47.218191349504195,47.64665418312315,31468500,75.00596530112406,2.0184835059894795,1.7877931721382212,0.23069033385125826,0.005721737106914038,-0.0032798459862929397,-0.0011098603023627085,-0.0003676124453814156,-0.15151343568505005,-,-
2015-11-06,48.022640228271484,48.0751060778495,47.18320664869848,47.296880988311244,32851200,76.49813274845144,2.0337120132289144,1.8369769403563598,0.19673507287255454,-0.007340981246397704,0.005118648630267675,-0.000740915731963554,0.009929908135293264,0.04393917727251062,-,-
2015-11-09,47.358089447021484,47.97892032302759,46.833444294038514,47.69910913002167,32513100,70.15032579076757,1.969454376656067,1.8634724276163013,0.10598194903976577,0.008504326993778566,-0.0020007393153985698,-0.0074128568086546665,-0.013838280821110938,-0.010291861484512,-,-
2015-11-10,46.78972244262695,47.331859563467894,46.57986570958944,47.2793937124022,55283700,65.16948634597856,1.8513263319631719,1.8610432084856756,-0.009716876522503748,-0.008799229697883493,-0.013486355157707353,-0.005414476519322586,-0.01200147664382345,0.7003515506057558,-,-
2015-11-11,46.91213607788086,47.39306130281807,46.7459959076503,46.95585594640021,36516300,65.73380493182285,1.7474433238968246,1.8383232315679054,-0.0908799076710809,-0.00684310310682168,0.0012930347532218445,0.0035665667028028647,0.002616250511082052,-0.33947438395042295,-,-
2015-11-12,46.623592376708984,47.20070348005768,46.50991801731229,46.76349799765373,35361100,63.137140265680685,1.6231218875815898,1.7952829627706424,-0.17216107518905255,-0.004096569956387519,-0.004058776062835778,-0.005050226992797335,-0.0061507261296490645,-0.031635187573768375,-,-
2015-11-13,46.20386505126953,46.59735056345313,45.9327965127403,46.404979127360626,36848200,59.45774967019259,1.4737394156462074,1.7309742533457555,-0.25723483769954814,-0.007666639273030684,-0.012782710258957608,-0.012408568519883478,-0.009002466434764211,0.042054687212784714,-,-
2015-11-16,47.01707077026367,47.1219991359834,46.212611071445494,46.41372849785949,32165200,63.852977391947434,1.4047782267203388,1.6657350480206723,-0.2609568213003335,0.00018854378696842033,0.011259193198459583,0.0060918250128223494,0.01760038295696198,-0.1270889758522804,-,-
2015-11-17,46.62974166870117,47.12271015823415,46.52410268543327,46.80579992462239,31551300,60.48928429448432,1.3038418885287584,1.5933564161222895,-0.28951452759353113,0.008447315900962149,1.508896616830846e-05,0.006740402820048619,-0.008238052588496636,-0.019085844328653345,-,-
2015-11-18,47.40439987182617,47.51884040648395,46.638535834245054,46.65614232866129,29710000,64.51542957768906,1.2716982108384443,1.5290247750655206,-0.25732656422707634,-0.0031974156237499773,0.008406355384052322,0.0024596530014884266,0.016612963645152856,-0.058358926573548464,-,-
2015-11-19,47.48361587524414,48.11743608777647,47.342767312247474,47.52763377963249,28149200,64.9092109485174,1.2383413558171128,1.470888091215839,-0.23254673539872628,0.0186790293297745,0.012597017860116688,0.015099776727667491,0.0016710685850291895,-0.05253450016829353,-,-
2015-11-20,47.70370864868164,47.800542699251295,46.89382996772783,47.75652813756395,37147600,66.03692792927676,1.2156521737718649,1.4198409077270444,-0.20418873395517956,0.004816026798067696,-0.00658583279348246,-0.009482701793891657,0.0046351308631540356,0.31966805450954205,-,-
2015-11-23,47.70370864868164,47.9413913115083,47.31637580449884,47.75652813756395,28235900,66.03692792927674,1.1840221630666434,1.3726771587949642,-0.18865499572832078,0.0,0.0029465902331524685,0.009010691535790594,0.0,-0.23989975126253105,-,-
2015-11-24,47.756534576416016,47.923791276616925,47.16673198247367,47.466032385539634,24600000,66.33805988565946,1.1499617197058498,1.3281340709771414,-0.1781723512712916,-0.006082849054427353,-0.0003671156470410608,-0.003162622231327794,0.0011073756995167994,-0.1287686951717495,-,-
2015-11-25,47.26356887817383,47.738934330178274,47.26356887817383,47.61569218145787,21005100,60.91059557366542,1.0708463112903956,1.2766765190397924,-0.20583020774939675,0.0031529872710369666,-0.0038573105656781737,0.002053076217706673,-0.010322476339931774,-0.14613414634146338,-,-
2015-11-27,47.47484588623047,47.606892971034895,47.351603731397994,47.36040530327308,9009100,62.33297591270817,1.0135119342709515,1.2240436020860244,-0.21053166781507282,-0.0053614022287424845,-0.0027659050415775877,0.0018626365996838867,0.00447018735722704,-0.5710993996696041,-,-
2015-11-30,47.84455108642578,48.38153740076051,47.53644583628063,48.01181110058632,56241400,64.75011893152409,0.9865339974847345,1.1765416811657665,-0.19000768368103205,0.013754227674825703,0.01627168633325682,0.0039036081213035256,0.007787391265708932,5.2427323484032815,-,-
2015-12-01,48.61042785644531,48.619229426109044,47.80054576544534,47.89737982222647,39952800,69.16459099160836,1.015250467440282,1.1442834384206697,-0.12903297098038768,-0.0023833984958433474,0.004912866314678244,0.005555735699599662,0.016007606981954137,-0.2896193906979556,-,-
2015-12-02,48.60160827636719,49.261836619271236,48.46956462264338,48.698442303954984,47274900,69.05733917640369,1.025475764095063,1.1205219035555485,-0.09504613946048557,0.01672455747478674,0.013217140640594094,0.013996050599105692,-0.00018143391175595713,0.1832687571334175,-,-
2015-12-03,47.712493896484375,49.09457138361245,47.47481133169176,48.848087253350954,38627800,59.106680734272274,0.9508741996704586,1.0865923627785306,-0.13571816310807194,0.003072889856762684,-0.003395432390219777,-0.020523256164898696,-0.018293929180840496,-0.18291101620521677,-,-
2015-12-04,49.217838287353516,49.4995355378426,47.624485485821566,47.64209198373915,43963700,67.61507788173824,1.0016739601516207,1.0696086822531485,-0.06793472210152784,-0.02468868971996596,0.00824865444013878,0.0031527066655216984,0.03155031875162706,0.13813626455557904,-,-
2015-12-07,49.12980651855469,49.27065513623842,48.67204767155858,49.11220002158223,30709800,66.74055048894036,1.0230367771469133,1.0602943012319015,-0.03725752408498817,0.03085733595293938,-0.004623889883354604,0.021996294029231755,-0.00178861510098971,-0.3014737158155478,-,-
2015-12-08,49.112205505371094,49.38509784367508,48.40796233831779,48.83050823854977,32878000,66.5551995551842,1.0267114187308906,1.0535777247316993,-0.02686630600080875,-0.005735678363190333,0.00232273565513208,-0.005425811032707228,-0.0003582552920688986,0.07060286944232796,-,-
2015-12-09,48.399147033691406,49.182617598953954,47.98540279258151,48.74246529414618,36373200,59.36253817586433,0.9610078391116303,1.0350637476076856,-0.07405590849605526,-0.001803031497716101,-0.004100027205819479,-0.008729133087301943,-0.014518966606003936,0.10630816959669076,-,-
2015-12-10,48.65443420410156,48.997752450639126,48.42555313434622,48.760069812706476,31775800,60.98806322240602,0.918943807828839,1.0118397596519164,-0.09289595182307742,0.00036117415182146395,-0.003758749683114848,0.009172588248707036,0.005274621270338731,-0.12639525804713359,-,-
2015-12-11,47.58927917480469,48.50479362384505,47.545261247885605,48.16147528569287,39549500,51.69635560849375,0.790545731890397,0.9675809540996125,-0.17703522220921553,-0.012276326291428163,-0.010060845694722098,-0.018178251552820268,-0.021892249837468736,0.24464214905682935,-,^
2015-12-14,48.54000473022461,48.60162579579393,47.254760565355596,47.82696001203783,46768900,57.866623084833336,0.7567812354263594,0.9254210103649619,-0.1686397749386025,-0.006945702382883945,0.0019963423141187153,-0.006109981834265921,0.019977725485770037,0.1825408665090582,-,^
2015-12-15,48.592838287353516,49.209052479462336,48.49600419683821,48.997777794874644,39843000,58.18627865743151,0.7259179252562618,0.885520393343222,-0.15960246808696021,0.024480288576612885,0.01249807334060371,0.026267060009031562,0.0010884538932895982,-0.14808772496252853,-,v
2015-12-16,49.4115104675293,49.51714610562097,48.20549044677188,48.892130489608704,37503300,62.88510228640666,0.7587718826554593,0.8601706912056695,-0.10139880855021022,-0.0021561652389262553,0.0062609136050164604,-0.005990467768997476,0.016847589254502138,-0.058722987726827824,^,v
2015-12-17,49.03296661376953,49.992498756656076,48.88331308640787,49.613967512153415,41280900,59.55266217169486,0.7456679591480082,0.8372701447941373,-0.0916021856461291,0.014763869263134888,0.009599758637567124,0.014061108669445765,-0.007661045982565673,0.10072713601203098,-,v
2015-12-18,47.65089797973633,49.29706695382018,47.56286548817536,49.09459726037424,84684200,49.28390686400251,0.6166532225267218,0.7931467603406542,-0.1764935378139324,-0.010468226546323844,-0.013910723011085868,-0.02701223617757731,-0.02818651877459699,1.051413607745955,v,v
2015-12-21,48.26710510253906,48.72486056096836,47.73892030281219,48.311119662992375,37246300,53.161822852684736,0.5577020372774797,0.7460578157280193,-0.18835577845053963,-0.015958529881132888,-0.011607311108140395,0.0037015182502113664,0.012931700113286038,-0.5601741529116411,-,v
2015-12-22,48.72487258911133,48.83931316101712,47.976614802404185,48.407965660758926,28322200,55.861858867306175,0.5416766969110185,0.7051815919646192,-0.16350489505360066,0.002004631613635288,0.0023489569540284805,0.004979050596123136,0.009484046859652873,-0.2395969532544172,-,v
2015-12-23,49.138607025146484,49.191426514921396,48.8040903060971,49.03297140369252,27279800,58.20682383842717,0.5559527334368397,0.6753358202590632,-0.11938308682222354,0.012911216871074771,0.007209629520042782,0.017247475819228697,0.008491236899152321,-0.03680505045512006,-,^
2015-12-24,49.006553649902344,49.261842780363274,48.79528243428293,49.17381366687109,9558500,57.16294655299735,0.5502678462687953,0.6503222254610097,-0.10005437919221438,0.002872399105063428,0.0014314743529650897,-0.00018047404959153912,-0.002687365052423285,-0.6496125338162303,-,^
2015-12-28,49.2530403137207,49.2530403137207,48.39914382442351,48.724855568117086,22458300,58.653484591479746,0.5592057700027766,0.6320989343693632,-0.07289316436658655,-0.009130023996013037,-0.00017868731955106298,-0.00811837927965553,0.005029667370189506,1.3495632159857718,-,^
2015-12-29,49.78123474121094,50.04532550414251,49.349887278645156,49.552356975495904,27731400,61.72677502086929,0.6019708694801551,0.6260733213915216,-0.024102451911366507,0.01698314746612173,0.016086015916485286,0.019643807288629578,0.010724097926257281,0.23479515368482917,^,v
2015-12-30,49.569950103759766,49.98369095612028,49.55234360990044,49.710798696539044,21704500,59.811598163195676,0.6117616074565788,0.6232109786045331,-0.011449371147954301,0.0031974608417011385,-0.0012315745257193145,0.004102467957264988,-0.004244262693553935,-0.2173312562654608,-,^
2015-12-31,48.83930206298828,49.46431756473873,48.78648257455042,49.332273880787724,27334100,53.6163650556624,0.5541754575195128,0.6094038743875291,-0.05522841686801627,-0.007614539007148813,-0.01039085712652743,-0.015455596638965119,-0.014739737265058617,0.25937478403096126,-,^
2016-01-04,48.240692138671875,48.240692138671875,46.99946276820537,47.81814632724664,53778000,49.12673535880723,0.45499035511600994,0.5785211705332253,-0.12353081541721533,-0.03069243386591103,-0.024737537811279298,-0.03662940454078267,-0.012256725608903563,0.9674326207923436,v,v
2016-01-05,48.46076583862305,48.76006952632529,48.0118119861174,48.35513023063856,34079700,50.7592123231072,0.38965189077756435,0.5407473145820931,-0.15109542380452878,0.011229709736488624,0.010766375120830007,0.02153959126947469,0.004561993002060394,-0.3662891888876493,^,v
2016-01-06,47.580467224121094,47.888575876601344,47.21954244008686,47.818149890401564,39518900,44.594843011519146,0.2637970575518125,0.48535726317603706,-0.22156020562422457,-0.011104930080340414,-0.01787310104743456,-0.016501554789467687,-0.018165181652997298,0.15960234391734662,-,v
2016-01-07,45.92549133300781,47.08749654412079,45.837462212483594,46.39205507445411,56564900,35.79390123939879,0.030165740405202257,0.3943189586218701,-0.36415321821666785,-0.029823295531425598,-0.016727984029944132,-0.029269242270970386,-0.03478267422885428,0.4313379167942428,v,v
2016-01-08,46.06632995605469,46.90261643309813,45.90787489852978,46.101539579208776,48754000,36.93454705005076,-0.14198751808945786,0.2870576632796045,-0.4290451813690624,-0.006262182064991295,-0.003926310052381421,0.001536138403993359,0.003066676456995321,-0.13808740049041013,-,v
2016-01-11,46.0399284362793,46.524095279179214,45.30047246159918,46.22479159042547,36943800,36.80255604062291,-0.2773534399338615,0.17417544263691132,-0.45152888257077284,0.0026734901337714945,-0.00807036329111488,-0.013230898582719197,-0.0005731196689767737,-0.2422406366657095,-,^
2016-01-12,46.46247100830078,46.74416818312655,45.82865404399041,46.444864515112265,36095500,40.46928572073042,-0.34654153888222083,0.0700320463330849,-0.41657358521530574,0.004760928435043166,0.004730299485175005,0.011659515976107482,0.009177741720565402,-0.022961904297879476,-,^
2016-01-13,45.45893478393555,47.59807550243975,45.159631047574166,47.360392827261954,66883600,35.23978847146566,-0.4768537193309257,-0.03934510679971723,-0.43750861253120843,0.01971215379155211,0.018267676001162414,-0.014598355774840255,-0.021598856078617668,0.8529622806166974,-,v
2016-01-14,46.75298309326172,47.025875400724075,45.39731305108845,45.775844340241974,52381900,45.09273893620146,-0.4702870016241931,-0.1255334857646124,-0.3447535158595807,-0.03345724966427788,-0.012021496576817392,0.005263152023184059,0.028466313948550148,-0.21681996782469848,^,v
2016-01-15,44.88673782348633,45.74943602061298,44.31453842916244,45.16843505691153,71820700,36.47399001295581,-0.6086570078289313,-0.2221581901774762,-0.3864988176514551,-0.013269209822012407,-0.0271433411761951,-0.023851072875337387,-0.03991713782311279,0.37109765014251095,-,v
2016-01-19,44.50820541381836,45.494145705938635,44.06805307793125,45.31808409996463,43564500,35.012228894289805,-0.7403266122326073,-0.32579187458850245,-0.41453473764410487,0.0033131332282057002,-0.005580184957019396,-0.005562178011290775,-0.008433056800797534,-0.39342696464946736,v,v
2016-01-20,44.71067810058594,45.23005802628287,43.22296095577646,43.99763005944728,63273000,36.47865728628878,-0.8188981208724613,-0.4244131238452942,-0.39448499702716705,-0.02913746392289296,-0.0058048717160831265,-0.019176978857230464,0.004549109200990609,0.45239816823330914,-,v
2016-01-21,44.43777847290039,45.40611560589293,44.27932336673972,44.89553729535392,40191200,35.321765334156964,-0.8928945937148143,-0.5181094178191983,-0.374785175895616,0.02040808186016907,0.0038924906863428976,0.024439843722045662,-0.006103679015370789,-0.36479699081756833,-,v
2016-01-22,46.031131744384766,46.06634473693204,45.124415655819476,45.25646269882384,37555800,46.07497527967759,-0.8135884970060516,-0.577205233656569,-0.23638326334948268,0.008039226729719351,0.014540533190939176,0.019085483354846167,0.03585582642156737,-0.06557156790541208,-,v
2016-01-25,45.59097671508789,46.34803921959432,45.46773460655812,45.72302039218596,34707700,43.90348810386528,-0.7772945090783523,-0.6172230887409257,-0.1600714203374266,0.010309194876033656,0.006114973616225372,0.00760827471666925,-0.009562116172617596,-0.07583648863823966,-,-
2016-01-26,45.92549133300781,46.163173988138034,45.37970339794714,45.59097798853923,28900800,45.98694728854781,-0.7133160645820951,-0.6364416839091596,-0.0768743806729355,-0.0028878757902287555,-0.003988631117282093,-0.0019361248008665788,0.007337298781958657,-0.16730869518867575,-,^
2016-01-27,45.089210510253906,45.9519087649737,44.91314888808543,45.78464871277039,36775200,41.80657071836053,-0.7217734051584728,-0.6535080281590222,-0.06826537699945057,0.004248005477747174,-0.0045764882462072665,-0.010281127352692487,-0.01820951281043459,0.27246304600564697,-,^
2016-01-28,45.82866668701172,45.960710385210405,45.11561862759272,45.652605064650665,62513800,46.44259140950577,-0.6611862316218691,-0.6550436688515916,-0.006142562770277471,-0.002884015752705693,0.00019153981789354901,0.004508028150326249,0.016399847510961685,0.69989014335748,-,^
2016-01-29,48.49598693847656,48.49598693847656,47.53645466371841,48.17907670342308,83611700,59.099940532976824,-0.39340507865870933,-0.6027159508130152,0.20931087215430588,0.055341237048675884,0.05516182260929492,0.05365849144413826,0.05820200421018984,0.3374918817925001,^,^
2016-02-01,48.16146469116211,48.495981385201496,47.97660152791492,48.31111822195431,44208500,57.271844929089106,-0.20580731667951113,-0.5233342239863145,0.31752690730680333,0.0027406402854923684,-1.1450999182205379e-07,0.009259143688989724,-0.006897936683685546,-0.4712641891027213,-,^
2016-02-02,46.656150817871094,47.765333303148786,46.34804550476508,47.686105742907806,56313800,49.80598054393582,-0.17656564899048277,-0.45398050898714815,0.2774148599966654,-0.012937238922415939,-0.015066157260520296,-0.03394479749054913,-0.03125556672630114,0.2738229073594445,-,^
2016-02-03,45.916683197021484,46.99945734346637,45.12440779323488,46.87621524912072,57559800,46.59280424711218,-0.21063223637892747,-0.405310854465504,0.19467861808657655,-0.01698378345578233,-0.016034138290665467,-0.026401063911193345,-0.015849306209083314,0.02212601529287661,-,^
2016-02-04,45.77584457397461,46.488892592599136,45.221251670599976,45.8638737010708,46987100,45.9843189203179,-0.24615720512998251,-0.37348012459839974,0.12732291946841723,-0.021596059807087453,-0.010863205230989936,0.0021461528716086864,-0.003067264733442432,-0.18368201418351005,-,v
2016-02-05,44.15608596801758,45.775846836558095,43.62790446314189,45.72302734283208,62009000,39.581937825207625,-0.400396460266208,-0.37886339173196143,-0.02153306853424658,-0.003070965160001937,-0.015337981102061193,-0.03523447822860648,-0.03538457064051481,0.3197026417889166,-,v
2016-02-08,43.495849609375,43.63669820929509,42.42187693617459,43.619091714543146,59290500,37.3021251592863,-0.5693446863727303,-0.4169596506601152,-0.15238503571261508,-0.04601479277637477,-0.0467309460139711,-0.027643489684135214,-0.014952329767651706,-0.04384041026302632,-,v
2016-02-09,43.38141632080078,44.22651141961727,42.84442989447967,43.15253856697503,46740500,36.9053639296783,-0.7043518530789399,-0.47443809114388014,-0.22991376193505975,-0.01069607663133798,0.013516449101929062,0.009960732264176375,-0.0026309013297111106,-0.2116696604009074,v,v
2016-02-10,43.75994873046875,44.35855623477848,43.592692035301326,43.91840385561522,38237000,39.208777410387555,-0.7719035794640945,-0.533931188807923,-0.23797239065617148,0.01774786174981391,0.0029856484475654366,0.017464630587092245,0.00872568121955175,-0.18193001786459284,-,v
2016-02-11,43.742332458496094,44.11206212059044,42.70357280712469,42.85322632881145,48878600,39.13716892434427,-0.8174373858837427,-0.590632428223087,-0.22680495766065567,-0.024253557353896782,-0.005556856108738462,-0.02039606151087503,-0.0004025661017375004,0.27830635248581226,-,v
2016-02-12,44.455387115478516,44.61384222929027,43.79515859396151,44.23531094163951,34243300,43.62523682861949,-0.7869146417992994,-0.6298888709383296,-0.1570257708609698,0.032251588298705114,0.011375122462606857,0.025561931123821546,0.016301249085402203,-0.29942142369053126,-,v
2016-02-16,45.29767990112305,45.29767990112305,44.446520552836944,45.12922233704765,37291200,48.46001447088286,-0.6868416754503954,-0.6412794318407428,-0.045562243609652664,0.02020809566790427,0.015327925990284097,0.014872921569126119,0.01894692275328902,0.0890071926479048,-,-
2016-02-17,46.47689437866211,46.78721524813779,45.61687017871434,45.65233600074704,40789000,54.36121356844013,-0.5065412828041147,-0.6143318020334172,0.1077905192293025,0.011591461953244231,0.03288325914850687,0.026331636567278993,0.02603255796131454,0.0937969279615567,-,-
2016-02-18,46.2729606628418,46.94679760246323,46.19316427215521,46.397091012292414,27176000,53.226196682125014,-0.3757759578298234,-0.5666206331926985,0.19084467536287508,0.01631362328388164,0.003410811126054014,0.012633354528337915,-0.004387851609851556,-0.3337419402289833,-,-
2016-02-19,45.94491958618164,46.35276638414147,45.68779745529993,46.077914724832695,33559100,51.36825585177305,-0.2952106642322079,-0.5123386394006004,0.21712797516839255,-0.006879230583123341,-0.01265328517936215,-0.010940294409749085,-0.007089260595412483,0.2348800412128349,-,-
2016-02-22,46.680809020996094,46.99112642754083,46.352755325841876,46.352755325841876,25008300,55.150367586002886,-0.17002205291859696,-0.4438753221041998,0.2738532691856028,0.005964692687385531,0.013771778756612951,0.014554386676060016,0.016016774900086572,-0.25479825144297674,-,-
2016-02-23,45.377471923828125,46.43255455280224,45.20014623115689,46.40595688267375,28895300,48.026378847667864,-0.1739721452199774,-0.38989468672735533,0.21592254150737794,0.0011477539243975876,-0.011886752185008675,-0.02486603194529835,-0.027920190855770133,0.15542839777193973,-,-
2016-02-24,45.53705978393555,45.661186740718534,44.50857493632604,44.943019285066505,33014500,48.89684187764316,-0.16235370282394257,-0.3443864899466728,0.18203278712273024,-0.031524780348909265,-0.016612650747150237,-0.015300200386390461,0.0035168962337812637,0.14255605582914876,-,-
2016-02-25,46.19315719604492,46.19315719604492,44.87208795307623,45.86510692112195,26939500,52.42463145049335,-0.09906249482033047,-0.29532169092140437,0.1962591961010739,0.020516815530500665,0.011650386100280574,0.008167258045673975,0.014407988026069907,-0.18401005618743282,-,-
2016-02-26,45.48387145996094,46.70741516620367,45.306545745950785,46.63648352771693,35975900,48.524713276182474,-0.10492764704277135,-0.25724288214567775,0.1523152351029064,0.016818375849893652,0.01113277379972577,0.009682139002064716,-0.015354779346944403,0.33543310009465666,-,^
2016-02-29,45.11149215698242,45.79419398249489,44.91643352620548,45.52820371063296,31654000,46.56614209487944,-0.13803256657667617,-0.23340081903187745,0.09536825245520128,-0.023764223484502245,-0.01955195294920886,-0.008610504582114875,-0.00818706260099955,-0.12013320028129948,-,^
2016-03-01,46.61875534057617,46.62762010453853,45.14695423952274,45.191288205954876,33024500,54.56072820578149,-0.04215892972451485,-0.19515244117040495,0.1529935114458901,-0.007400149296893921,0.018199384017157705,0.005132213206170189,0.03341195583486045,0.04329626587477087,-,^
2016-03-02,46.94679641723633,46.95566117944162,46.246361825804726,46.468018085204136,29289900,56.10017972502041,0.05960470560234654,-0.14420101181585465,0.2038057174182012,0.028251681461937794,0.007035338157247217,0.024351755390833008,0.007036675995822472,-0.1130857393753123,^,v
2016-03-03,46.41483688354492,46.964547049519055,45.909460691948375,46.964547049519055,24427800,52.96638845436734,0.09621927525795115,-0.0961169544010935,0.19233622965904465,0.01068539147515346,0.00018923959016303726,-0.007284921895593599,-0.011331114672099352,-0.1659992010897955,-,v
2016-03-04,46.1311149597168,46.50349935805037,45.847395123942285,46.45916876787445,33034200,51.31978278592554,0.10117630000744526,-0.05665830351938575,0.157834603526831,-0.01076084649792819,-0.009816930438668159,-0.001351912374282671,-0.006112742021263218,0.35231989782133466,-,v
2016-03-07,45.24447250366211,45.92717415705172,44.84549396087336,45.71438605185851,38407800,46.459068909761335,0.03317768985516523,-0.038691104844475556,0.07186879469964078,-0.016030909199799215,-0.012393157696827917,-0.02185295719332403,-0.01922005260069981,0.16266778066367582,v,v
2016-03-08,45.79418182373047,46.219761410624855,44.863222883805236,45.04054855722937,33835100,49.64355648041476,0.023375787891112054,-0.026277726297358035,0.04965351418847009,-0.014740162842058924,0.006370678338985414,0.00039533342964936935,0.012149756415523738,-0.11905654580579983,-,v
2016-03-09,46.84926986694336,46.85813462966805,45.98037768505221,46.006975355432594,28251600,55.15661170655645,0.09959641187481338,-0.0011028986629237506,0.10069931053773713,0.02145681678310951,0.013811694382664053,0.024901349689931518,0.023039783684182913,-0.16502093979329158,-,v
2016-03-10,46.14885711669922,46.93795327940561,45.359760953992826,46.92908851247755,38387800,51.15294462497528,0.10230504133687646,0.01957868933703629,0.08272635199984016,0.02004289892828326,0.0017034107389972686,-0.013497425691245346,-0.014950345058383663,0.3587832193574878,-,v
2016-03-11,47.05319595336914,47.05319595336914,46.44142582378951,46.99113246408743,32275700,55.631115956747024,0.17540230732969064,0.05074341293556716,0.12465889439412348,0.0013220787698313696,0.002455213018716984,0.023846352957939576,0.019596126386902002,-0.15921985630851465,-,-
2016-03-14,47.1418571472168,47.514241465371434,46.66308214131298,46.73401039388126,24083600,56.056463955682766,0.23774604620843576,0.08814393959014089,0.14960210661829487,-0.00547171469856933,0.009798388880092324,0.004772814649672608,0.0018842757022397016,-0.25381633860768316,-,-
2016-03-15,47.514244079589844,47.514244079589844,46.76061402077899,46.76947878451032,21104800,57.88276062270019,0.3135875792946621,0.13323266753104512,0.18035491176361695,0.0007589417285212008,5.5019681033385837e-08,0.0020901293911672614,0.00789928430715281,-0.12368582770017766,-,-
2016-03-16,48.18806838989258,48.40972464445916,47.34577732830439,47.390107902776506,31691700,61.0381490788794,0.42318630285594594,0.1912233945960253,0.23196290825992064,0.013269960119199231,0.01884657079610319,0.012514021036280187,0.014181522264650415,0.5016346992153444,-,-
2016-03-17,48.46293258666992,48.764385285541536,47.877760098531695,48.063950576074156,28223900,62.27958851745528,0.5261581013678978,0.2582103359503998,0.26794776541749793,0.014219057586449813,0.007326227192721024,0.011236118620219004,0.005703988683534611,-0.10942297194533579,-,-
2016-03-18,47.425575256347656,48.737779920157664,47.39010944273508,48.69344596203887,67625500,55.138916642155245,0.5180857564570474,0.31018542005172933,0.20790033640531802,0.01309703797586037,-0.000545590090556547,-0.010185327274981892,-0.021405170404557805,1.3960366923068745,-,-
2016-03-21,47.753631591796875,47.81569508233333,46.92906992357648,47.212789703802144,23925700,56.824818342057966,0.5320268946800297,0.3545537149773894,0.17747317970264032,-0.03040771153043964,-0.018919303245549912,-0.009728602119303265,0.006917287427215868,-0.6462029855601807,-,-
2016-03-22,47.9398193359375,48.09941212601045,47.398977478713206,47.531972597842795,23124100,57.79425929470118,0.5517390378952385,0.39399077956095924,0.15774825833427925,0.006760517564056379,0.0059335547290193524,0.010013144430562226,0.0038989232427844023,-0.03350372193917006,-,-
2016-03-23,47.85116195678711,48.09055116080106,47.64723857163596,47.97528894060028,20129000,57.13637674490297,0.5538230168593046,0.4259572270206283,0.12786578983867625,0.009326697768432313,-0.00018422190246680792,0.00523768878841846,-0.0018493473771589164,-0.1295228787282532,-,-
2016-03-24,48.0639533996582,48.17035086353866,47.638373690757,47.73590300821065,19950000,58.36150797769091,0.5661192064549567,0.453989622907494,0.11212958354746272,-0.004989775729876689,0.0016593634469017626,-0.00018605235360347194,0.004446944111059503,-0.008892642456157729,-,-
2016-03-28,47.46992111206055,48.134890111411465,47.283730603972025,48.06395846135456,17025100,53.743445412116934,0.5219142812704831,0.46757455458009184,0.05433972669039128,0.0068723001445576415,-0.0007361530794668392,-0.007444483497424326,-0.01235920571614657,-0.1466115288220552,-,-
2016-03-29,48.50726318359375,48.640258314566324,47.390116935809516,47.57630741340578,23924300,59.73521754657963,0.5640839862622684,0.4868764409165272,0.0772075453457412,-0.010145877775357914,0.010498999831206612,0.0022499563904663233,0.021852618399857526,0.40523697364479494,-,-
2016-03-30,48.808712005615234,49.33182095983925,48.67572026741304,48.7023179386122,23008300,61.30386684273694,0.6147418208613971,0.5124495169055012,0.10229230395589584,0.023667463626845908,0.014217906508646516,0.02712808945681422,0.006214508967049781,-0.03828743160719439,-,-
2016-03-31,48.96830749511719,49.28749309591814,48.64025713083024,48.72005353103049,26360500,62.14471717971826,0.6601566668368051,0.5419909468917621,0.11816571994504299,0.0003641632096575975,-0.0008985653288006157,-0.0007285590513703699,0.003269815632168216,0.14569524910575748,-,-
2016-04-01,49.2697639465332,49.30522976759674,48.3831387131859,48.80871841932778,24399200,63.74715745311339,0.7122627540605677,0.5760453083255233,0.13621744573504446,0.0018198848702171144,0.0003598615097766267,-0.005286123733942438,0.006156154191077068,-0.07440298932114342,-,-
2016-04-04,49.1456298828125,49.34955325127237,48.764380816759505,49.1456298828125,18928800,62.572556552804045,0.7350672246762713,0.6078496915956729,0.12721753308059836,0.006902690224115826,0.0008989611017846677,0.007879648028491948,-0.0025194775411429005,-0.22420407226466443,-,-
2016-04-05,48.37427520751953,49.03037600322969,48.285610652554006,48.932846683871084,19272300,55.704024837936196,0.6830245739993757,0.6228846680764135,0.060139905922962145,-0.0043296463886778325,-0.00646768262353925,-0.009818030213580742,-0.015695285158258465,0.018146950678331386,-,-
2016-04-06,48.870784759521484,48.94171640577701,48.063955885503695,48.196951031129274,21188700,58.83625094825015,0.6740742612469859,0.633122586710528,0.04095167453645787,-0.015038889061493532,-0.0018082585670328166,-0.004590493193619483,0.010263917130995504,0.09943805357948965,-,-
2016-04-07,48.285606384277344,48.68458839083625,48.081682999193156,48.64912257198509,19225100,53.9905978542088,0.6126992539571532,0.629037920159853,-0.01633866620269986,0.009381745757397919,-0.005253759651764334,0.0003688234429077841,-0.011973991785145799,-0.09267203745392594,-,-
2016-04-08,48.25014114379883,49.01263934720552,48.16147997781481,48.47179744096558,22167200,53.70193124197586,0.5548019583619066,0.6141907278002637,-0.059388769438357136,-0.0036449810735460497,0.006738291669135643,0.0016596128430652612,-0.0007344888701670271,0.1530343145159192,-,-
2016-04-11,48.15261459350586,48.89737987767583,48.14374644769774,48.31220739598561,21414200,52.86488329865376,0.49533840414440533,0.5904202630690921,-0.09508185892468679,-0.003292430926959966,-0.0023516274794587178,-0.0003682098250560317,-0.0020212697410005864,-0.03396910751019522,-,-
2016-04-12,48.454063415527344,48.569322244165726,47.66496422981244,48.20580608584585,24944300,55.18982710702755,0.46715246679457323,0.5657667038141884,-0.09861423701961514,-0.002202369046557018,-0.006709104543654365,-0.00994484752875302,0.006260279417145798,0.16484855843318913,-,-
2016-04-13,49.07471466064453,49.15451108213369,48.66686778734773,48.87079122399613,20818000,59.60744292869685,0.4892564332472844,0.5504646497008076,-0.061208216453523145,0.013794710474627436,0.012048527978754331,0.021019706480942535,0.012809064944557358,-0.16542055700099823,-,-
2016-04-14,49.08357238769531,49.278631017079505,48.82645026390829,48.959445398889656,20877100,59.66855323664313,0.501705383101779,0.5407127963810019,-0.03900741327922286,0.0018140523751126736,0.002525097538625065,0.003279078432946836,0.00018049472344427997,0.0028388894226150097,-,-
2016-04-15,49.34069061279297,49.58007642531334,48.86191222333921,49.03036978309227,28793800,61.48986149547235,0.5262522491425585,0.5378206869333132,-0.011568437790754671,0.0014486353680023267,0.006117162794748721,0.0007262858397292238,0.005238376356691443,0.3792049662069923,-,-
2016-04-18,50.058860778808594,50.17412300827021,48.950579216850166,49.19883658662956,23786000,66.09537241010297,0.5967768753906526,0.5496119246247811,0.04716495076587146,0.003435968447363935,0.011981558436113593,0.0018146443615565389,0.014555332669571985,-0.1739193854232508,-,^
2016-04-19,49.99678421020508,50.3337026639707,49.36728125932654,50.209575702637586,29596800,65.36767504926391,0.6402783591392733,0.5677452115276796,0.07253314761159368,0.020543963762807982,0.003180517089938606,0.008512709127105333,-0.0012400715405371798,0.2442949634238627,-,v
2016-04-20,49.28749465942383,50.09432345050655,49.198833492925075,49.90813297153516,36195700,57.568554811240055,0.6104825960977891,0.5762926884417016,0.03418990765608754,-0.006003690070748635,-0.004755843516266789,-0.003412133747382362,-0.014186703444748261,0.22295991458536069,-,^
2016-04-21,49.45594787597656,49.85492985451944,49.136762293142255,49.473680784156954,38909100,58.825036685015846,0.5936191341111083,0.5797579775755829,0.013861156535525443,-0.008705037866793996,-0.004778856754570904,-0.0012616396645206418,0.0034177678885232154,0.07496470575234082,^,^
2016-04-22,45.90943908691406,46.48574666053784,45.01394937054788,46.024701278079974,126834100,35.195280176130225,0.2907297475682853,0.5219523315741234,-0.23122258400583806,-0.06971342037646522,-0.06757973993370636,-0.0839048551469126,-0.07171046034657502,2.259754144917256,v,^
2016-04-25,46.20204544067383,46.21977835273693,45.77646569778087,45.9094574649434,33226900,37.428547301550566,0.07345190601764529,0.4322522464628278,-0.3588003404451825,-0.0025039557006633073,-0.005721502329372963,0.01693955624635546,0.006373555407763076,-0.738028653177655,^,^
2016-04-26,45.608001708984375,46.414830552373914,45.29768422391414,46.33503414446915,33532600,34.80608889195902,-0.14500518383364636,0.316800760403533,-0.46180594423717936,0.009269913064224644,0.004220102445070095,-0.010459118382526,-0.012857520181703608,0.009200376803132349,-,v
2016-04-27,45.16468048095703,45.66119174470733,44.81889723996565,45.64345883719415,43369300,32.950618606697134,-0.3498731991001307,0.18346596850280025,-0.533339167602931,-0.014925537879581952,-0.01623702593971954,-0.010569789430774468,-0.009720251083485065,0.29334736942557393,-,v
2016-04-28,44.24259948730469,45.01396247569655,43.94114677955743,44.880967340846645,43134800,29.43574988684692,-0.5799514874880103,0.030782477304638147,-0.6107339647926484,-0.016705383767414372,-0.014174603077148129,-0.019584383250409787,-0.020415975134400077,-0.005407050609532504,-,v
2016-04-29,44.21598815917969,44.55290660891152,43.75494274960086,43.75494274960086,48411700,29.338482924616542,-0.7557259619729564,-0.12651921055088078,-0.6292067514220756,-0.025089133723305013,-0.010242507911494392,-0.0042375778422605315,-0.0006014865408764392,0.12233509834286926,v,v
2016-05-02,44.872100830078125,44.996227813929,44.136200308381284,44.33125892997932,33114500,35.03809814817343,-0.8324892720878125,-0.26771322285826715,-0.5647760492295454,0.013171453192764693,0.009950444062134745,0.008713474063085203,0.014838810534696156,-0.3159814672899319,-,v
2016-05-03,44.13619613647461,44.69477089321178,43.97660334883542,44.6327074071528,26460200,31.927425490848407,-0.9418490573132559,-0.4025403897492649,-0.5393086675639909,0.006799907885530976,-0.00669960428602645,-0.003616010404854819,-0.016400049919441995,-0.20094822509776689,-,v
2016-05-04,44.21598815917969,44.384449075148595,43.85247204153949,44.189390491271325,24257600,32.625866234994035,-1.0104313025326306,-0.5241185723059381,-0.4863127302266925,-0.00993255712312957,-0.006943134775310389,-0.002822667005709323,0.0018078590746324341,-0.0832420011942464,-,v
2016-05-05,44.2780647277832,44.597250365859345,44.09187423297445,44.216001229513616,25390700,33.200096576701384,-1.0476969672172487,-0.6288342512882003,-0.41886271592904845,0.0006021974493526372,0.004794501117957983,0.005459263304658846,0.0014039394162137508,0.046711133830222185,-,-
2016-05-06,44.67704391479492,44.67704391479492,44.02980791556265,44.26032898263173,24787300,36.921295844119385,-1.0331267469411003,-0.7096927504187803,-0.32343399652231997,0.0010025274083020896,0.0017892033316175837,-0.001407658859858163,0.00901076389549993,-0.023764606726084714,-,-
2016-05-09,44.39332580566406,44.854371339542574,44.331262309008004,44.76571016780732,17951600,35.41065056773263,-1.0325705916475343,-0.7742683186645312,-0.2583022729830031,0.011418378416796493,0.003969094846244525,0.006846597968890977,-0.006350422594474825,-0.2757742876392346,-,-
2016-05-10,45.2356071472168,45.30653538728016,44.49970678609975,44.62383712507096,22891000,42.88221773700049,-0.953177136844694,-0.8100500823005637,-0.14312705454413022,-0.0031692347156905276,0.010080713077321946,0.003799676984553635,0.01897315252387033,0.27515096147418605,-,-
2016-05-11,45.26220703125,45.90944289622983,45.217876456263504,45.33313865699325,24039100,43.10605074056995,-0.8779899420552653,-0.823638054251504,-0.05435188780376121,0.015895126408207894,0.013307296702253169,0.016138750612803676,0.0005880297781044597,0.05015508278362679,-,-
2016-05-12,45.67005920410156,45.936049450299315,45.14695023929591,45.39520757693338,24102800,46.563819263576555,-0.7765417962570922,-0.8142188026526217,0.03767700639552951,0.0013691732313036997,0.0005795442591107758,-0.001568543738142969,0.009010876835280568,0.002649849619994038,-,-
2016-05-13,45.288818359375,46.01585077719804,45.25335253845514,45.60800060103327,22592300,43.8792747921674,-0.7186225266639852,-0.7950995474548944,0.07647702079090923,0.004687565834769147,0.0017372265977086965,0.002356799265404552,-0.008347719520633401,-0.06266906749423307,-,-
2016-05-16,45.95378875732422,46.069047605704625,44.996231854980564,45.04056244145049,20032000,49.363021243261635,-0.612008679406614,-0.7584813738452384,0.14647269443862443,-0.012441636381883447,0.0011560544379405346,-0.0056818040885717735,0.014682882487075721,-0.11332622176582285,-,-
2016-05-17,45.0966682434082,46.18591774122786,44.96274630234282,46.176990974168724,27803500,43.46725128348365,-0.5898791400226955,-0.7247609270807298,0.13488178705803433,0.02523122428134661,0.0025368472238345152,-0.0007441857074980129,-0.018651792095802033,0.3879542731629393,-,-
2016-05-18,45.36452102661133,45.659152035215385,44.90917755077341,45.06988661214406,24907500,45.65180573243139,-0.5444517388250958,-0.688699089429603,0.14424735060450722,-0.023975238287916478,-0.01140533157669088,-0.0011914030163816536,0.005939524883687541,-0.10415954825831275,-,-
2016-05-19,44.92702865600586,45.1948759215452,44.480615411486035,45.06095399170691,23842400,42.746308969373956,-0.5375555681479298,-0.6584703851732684,0.12091481702533857,-0.0001981948726434979,-0.010168303461091543,-0.009542863233307886,-0.009643932322107696,-0.0427622202147947,-,-
2016-05-20,45.19487380981445,45.73057172172541,44.99845430739011,45.06987865212734,23905800,45.05205710540656,-0.5046600310668623,-0.6277083143519872,0.12304828328512485,0.00019805751165580254,0.011853020707704554,0.011641900434910868,0.005961782067970933,0.0026591282756769363,-,-
2016-05-23,44.66809844970703,45.24843690381137,44.623457816128706,45.17700916539642,26118700,41.511263053461626,-0.5151580289627233,-0.6051982572741345,0.09004022831141112,0.0023769869472241023,-0.010542943150763096,-0.008333541607890793,-0.011655644007861565,0.09256749408093423,-,-
2016-05-24,46.0609130859375,46.16805129790884,44.99845091972101,45.26629815258054,34757900,52.20684248433392,-0.4064044890512051,-0.5654395036295486,0.15903501457834357,0.001976425372853363,0.020323672087333655,0.008403497217482903,0.031181417713554094,0.3307668452105197,-,-
2016-05-25,46.53411865234375,46.86446692678717,46.23948766303227,46.35555266186192,24040200,55.204019073246755,-0.2788187417826933,-0.5081153512601776,0.22929660947748431,0.02406325574955992,0.015084362655563899,0.027579543694189024,0.010273473422538926,-0.308352921206402,-,-
2016-05-26,46.32876205444336,46.409116567897826,45.855565145135074,46.364475928392565,24335200,53.63215370775586,-0.19206269983180846,-0.4449048209745038,0.25284212114269533,0.00019249617399097474,-0.009716324301750956,-0.008302914614777168,-0.004413032928260896,0.012271112553140062,-,-
2016-05-27,46.71268844604492,46.71268844604492,46.221634486636866,46.355556436004555,17721400,56.14621422678011,-0.09127608643959917,-0.3741790740675229,0.2829029876279237,-0.0001923777247431202,0.006541212171168098,0.007983095189060707,0.008286998714759353,-0.271779151188402,-,-
2016-05-31,47.3198127746582,47.3198127746582,46.49841388583706,46.65911955054534,37653100,59.85322478223611,0.037159538146681825,-0.29191135162468196,0.3290708897713638,0.006548580965905604,0.012996989657628744,0.005988091989265643,0.012996989657628744,1.124724908867245,-,-
2016-06-01,47.185882568359375,47.2751672683213,46.8198238131731,46.8198238131731,25324800,58.674927493226754,0.12667837812467297,-0.20819340567481098,0.33487178379948396,0.0034442197833088883,-0.0009434844247907526,0.006912277225738617,-0.002830319869113085,-0.3274179284043014,-,^
2016-06-02,46.85552978515625,47.08766656001552,46.284121425291076,46.99838187512254,22840800,55.75906574774807,0.1690176645969217,-0.13275119162046445,0.30176885621738614,0.0038137277633070177,-0.003966156422917977,-0.011441785642330893,-0.007001093658140944,-0.09808567096285059,-,^
2016-06-03,46.23948669433594,46.801964954655,46.069847474293724,46.76625448199714,23368300,50.69926055625596,0.1511203044217453,-0.0759768924120225,0.22709719683376778,-0.004939050747367779,-0.006067440292382709,-0.004629534803706314,-0.013147713698788976,0.023094637665931117,-,^
2016-06-06,46.54304122924805,46.739460721445624,46.32876139446782,46.418046078068926,18243300,52.96420281321432,0.15959116399918116,-0.02886328112978177,0.18845444512896292,-0.007445719307332066,-0.0013355044658901472,0.005620029897398071,0.006564833578684537,-0.21931419915013073,^,^
2016-06-07,46.51626205444336,47.07874373654138,46.51626205444336,46.64126063280304,20866800,52.73403750062319,0.16227294415093496,0.009363963926361577,0.1529089802245734,0.004808788253574781,0.007259027165884113,0.004047176188870294,-0.0005753636654894922,0.14380621926953996,-,^
2016-06-08,46.46268844604492,46.81981697615258,46.31090618120568,46.44483150866015,21149400,52.24489021681937,0.15825111147279358,0.03914139343564798,0.1191097180371456,-0.004211488314806333,-0.005499865540970705,-0.004414711418499806,-0.001151717830115695,0.013543044453390163,-,^
2016-06-09,46.087711334228516,46.426986419396634,45.97164632040169,46.426986419396634,20305700,48.83075581818955,0.12338396741797908,0.0559899082321142,0.06739405918586489,-0.0003842212079118168,-0.0083902625453669,-0.00732570119609699,-0.008070499670974729,-0.039892384653938184,-,^
2016-06-10,45.96271514892578,46.471626062700864,45.569872652321806,45.57879942016727,25833200,47.71148190692104,0.0846891136481176,0.061729749315314886,0.022959364332802712,-0.018269266748595192,0.0009615020647899541,-0.00873959712644834,-0.002712136959812539,0.2722142058633783,-,v
2016-06-13,44.76632308959961,45.28416412824378,43.80207217765475,44.266342396688586,83217800,38.59316338904267,-0.042031168125213014,0.04097756582720931,-0.08300873395242232,-0.02879533994258665,-0.02555240767462974,-0.038793184439083195,-0.02602962108416984,2.2213508198751994,-,v
2016-06-14,44.48955535888672,44.73061556673384,44.25741851344825,44.55205295438242,42577100,36.83916864316197,-0.16291278999166536,0.0001994946634343746,-0.16311228465509975,0.00645435204773559,-0.012223888243631964,0.010395543250709238,-0.006182498619753507,-0.488365469887452,-,v
2016-06-15,44.36454391479492,44.748459550729194,44.36454391479492,44.44489842942913,33757600,36.042367007097155,-0.2657364802705189,-0.05298770032335628,-0.2127487799471626,-0.0024051534743640968,0.00039892104701166886,0.002420507226695179,-0.0028099054504672205,-0.20714186734183404,v,v
2016-06-16,44.989524841308594,45.0609525930288,44.203836601699656,44.21276677359601,31188600,42.71342792929687,-0.2934119872882377,-0.10107255771633257,-0.19233942957190514,-0.005222908905995305,0.006983325134250595,-0.003622426805602097,0.014087396631733418,-0.07610138161480673,-,v
2016-06-17,44.75739669799805,45.02524398657024,44.48061923648438,45.00738704655035,45710500,41.00277656394351,-0.3302686952466871,-0.14691178522240347,-0.18335691002428364,0.017972642992993837,-0.0007924512111643356,0.0062615070560205766,-0.005159604244084237,0.46561564161264046,-,v
2016-06-20,44.703819274902344,45.38236927197971,44.66810540013773,45.21273006977909,35607900,40.598622373736745,-0.35965527004517384,-0.18946048218695755,-0.1701947878582163,0.0045624293411292705,0.00793166796644118,0.0042150079488905146,-0.0011970629895482476,-0.22101267761236476,-,^
2016-06-21,45.703792572021484,45.91807245527704,44.7841822609976,44.8198961425174,34097800,50.421117416545684,-0.2988103545752736,-0.21133045666462077,-0.08747989791065283,-0.008688569052463957,0.011804213660305374,0.002598651987140599,0.022368856024803874,-0.04240912831141408,-,^
2016-06-22,45.52522277832031,45.94484889931111,45.489508902447106,45.60557729610368,28816800,48.86713376595588,-0.2619794743790038,-0.2214602602074974,-0.04051921417150642,0.017529740610910505,0.0005831351927969575,0.015749458979488207,-0.003907111065668656,-0.15487802732141076,-,v
2016-06-23,46.346622467041016,46.48054780146261,45.668075840433,45.78414083067813,29028800,55.6397867625799,-0.16461308909219952,-0.21009082598443785,0.04547773689223833,0.0039153880985891565,0.011659607442076725,0.003925453193368789,0.018042738477533904,0.00735681963299184,^,v
2016-06-24,44.48955535888672,45.480590118545756,44.21277786036039,44.47169841647887,133503000,42.07198623117624,-0.23459505694997773,-0.21499167217754583,-0.019603384772431898,-0.0286658740425646,-0.021513465959740463,-0.0318668556380064,-0.04006909261780478,3.598984456815301,-,v
2016-06-27,43.239601135253906,43.88243750535345,42.891399236737946,43.837793441757974,50216300,35.75250209744051,-0.38646223414315983,-0.24928578457066863,-0.1371764495724912,-0.014254121099319339,-0.035139223326405844,-0.029886803941517215,-0.028095453270991944,-0.6238563927402381,v,v
2016-06-28,44.141334533691406,44.16812164079416,43.45385781966739,43.67706441230393,38140700,42.46645758248844,-0.4291092131611123,-0.2852504702887574,-0.1438587428723549,-0.0036664488979717413,0.006510215741909464,0.013113551736211093,0.020854341269635368,-0.24047171934212597,-,v
2016-06-29,45.12346267700195,45.284171757043794,44.462769413956195,44.560980896855504,31304000,48.74853400201106,-0.3792855503821855,-0.304057486307443,-0.07522806407474247,0.020237543352445986,0.025268226829434193,0.023217998237941684,0.02224962506652184,-0.17924946317188728,-,v
2016-06-30,45.68593978881836,45.80200821138866,45.08774754530894,45.28417050567968,28527800,51.98227381201884,-0.29105760566255157,-0.3014575101784647,0.010399904515913161,0.016229212065554277,0.011435263895807513,0.014056212412998592,0.012465291412644186,-0.08868515205724503,-,v
2016-07-01,45.677005767822266,46.17698985762081,45.596651242780766,45.650222061429425,21400400,51.926231971860545,-0.21932893719343838,-0.28503179558145947,0.06570285838802109,0.00808343294493663,0.008187013209148164,0.011286962094533948,-0.00019555296525342047,-0.24984050645335432,-,-
2016-07-05,45.68593978881836,45.78415126900373,45.302027448064614,45.38238198586505,24806400,51.98198212015533,-0.15991910196360948,-0.2600092568578895,0.10009015489428003,-0.005867223936040222,-0.008507236825707643,-0.006461522648832707,0.00019559121369527865,0.1591559036279695,-,-
2016-07-06,45.8734245300293,46.01627662758658,44.98952483486304,45.3377266097925,28167500,53.208320002053966,-0.09659444712040255,-0.22732629491039213,0.13073184778998959,-0.0009839804373085181,0.005069993701947162,-0.00689820369650862,0.004103773328896887,0.13549325980392157,-,-
2016-07-07,45.8734245300293,46.07877420740147,45.59664710094715,45.90913500002162,19585200,53.208320002053966,-0.045880322133612594,-0.19103710035503624,0.14515677822142364,0.01260337544374579,0.001358162467613111,0.013494747239776173,0.0,-0.30468802698145026,-,-
2016-07-08,46.694828033447266,46.74839885272959,46.025208118801665,46.18591717078565,28391000,58.58291161078801,0.0599008851473144,-0.1408495032545661,0.2007503884018805,0.006028912780950968,0.014532171413981887,0.009398959026651887,0.017905868415824644,0.44961501541980686,-,-
2016-07-11,46.95375061035156,47.16803049101517,46.84661237295134,46.873396080835604,22269200,60.13723817504326,0.16275006068858033,-0.08012959046593682,0.24287965115451715,0.014885033191130548,0.008976385257761121,0.017846834109461085,0.005544994762992417,-0.21562466978972206,-,-
2016-07-12,47.50729751586914,47.676936731579296,47.13231201856573,47.266233950804306,27317600,63.30759451651589,0.2856327854338403,-0.006977115285981398,0.2926099007198217,0.008380827992305662,0.010789219631738955,0.006098619113371395,0.011789194650523749,0.2266987588238465,-,-
2016-07-13,47.775150299072266,48.08764165541356,47.48051928945911,47.81979435416618,25356800,64.7677770817382,0.40002052359024987,0.07442241248926486,0.325598111100985,0.011711540291913902,0.008614331204761072,0.007387867388220171,0.0056381397639730935,-0.07177790142618679,-,-
2016-07-14,47.980499267578125,48.20370590029583,47.83764715887331,48.06978055832004,24545500,65.88853643870597,0.5014630222136489,0.1598305344341417,0.3416324877795072,0.005227672087052548,0.0024135981904449544,0.007521566207753905,0.004298238042588665,-0.03199536219081267,-,-
2016-07-15,47.94478988647461,48.21263718968912,47.50730334672908,48.167996540130574,32024400,65.49834553632397,0.5723774733865383,0.24233992222462103,0.3300375511619173,0.0020431959678155476,0.00018528221485225593,-0.006905519643286895,-0.0007442478016823628,0.3046953616752561,-,-
2016-07-18,48.176918029785156,48.516193059815436,47.81085929412662,47.94478463399362,31433900,66.87174233752623,0.6399317531349524,0.32185828840668734,0.3180734647282651,-0.004634029276077256,0.006296188879525433,0.006389669082710547,0.004841571813333445,-0.018439065212775274,-,-
2016-07-19,47.40015411376953,48.12334473000628,47.2573020247939,47.95370553281728,53336500,58.482411680329584,0.6236021527641213,0.38220706127817416,0.24139509148594718,0.00018606609439930644,-0.008097262069280964,-0.011578065684352268,-0.01612315498337591,0.6967827727389857,-,-
2016-07-20,49.91792678833008,50.74825566104672,49.57865178297446,50.13220663536064,89893300,71.12667697636584,0.8045496917232597,0.4666755873671913,0.33787410435606846,0.04542925470175585,0.05454547986569458,0.04912150416379357,0.05311739427085849,0.6853993044163003,-,-
2016-07-21,49.81971740722656,50.20363306998253,49.78400353025792,49.98042644772268,32776700,70.22822613061186,0.9293146825379992,0.5592034064013529,0.3701112761366463,-0.003027598380856089,-0.0107318484935085,0.004141938917225252,-0.0019674170668176894,-0.6353821697501372,-,-
2016-07-22,50.5071907043457,50.560761516077726,49.801857009588794,50.06970766238638,32157200,72.81674211514171,1.0713157254532035,0.661625870211723,0.4096898552414805,0.0017863235872364047,0.007113597647352865,0.0003586187944892849,0.013799221129652928,-0.018900621478062152,-,-
2016-07-25,50.650054931640625,50.65898510533347,50.23042532052406,50.417921503576935,25610600,73.33557876574524,1.1817579541259278,0.765652286994564,0.41610566713136377,0.006954581072023069,0.0019426841350977941,0.00860546848389121,0.0028285918361843354,-0.2035811575634695,-,-
2016-07-26,50.676841735839844,51.150042200421886,50.45363506197435,50.46256523621257,28079000,73.43794879827323,1.256956277732975,0.8639130851422463,0.39304319259072873,0.0008854734845122891,0.00969338596237912,0.004443715935630088,0.0005288603188164931,0.09638196684185463,-,^
2016-07-27,50.16791915893555,50.71254386181768,50.096494810909554,50.54290805512601,32327500,68.08940317202882,1.2609502427691126,0.9433205166676196,0.317629726101493,0.0015921271250749491,-0.008553235144752258,-0.007078583151166606,-0.010042507770257836,0.15130524591331596,-,^
2016-07-28,50.18577194213867,50.3286240322256,49.7482889063123,49.9982792124988,37550400,68.17696114784074,1.2511337679644114,1.004883166926978,0.24625060103743346,-0.01077557393478823,-0.007570510180640699,-0.006950703954669235,0.00035586054798408817,0.16156213749903325,-,^
2016-07-29,50.60540771484375,50.67683206580263,50.042926050392396,50.23041880325521,30558700,70.24372387955358,1.262660081333621,1.0564385498083066,0.20622153152531442,0.00464295160578998,0.006918687730347539,0.005922558354418461,0.008361648261361765,-0.18619508713622224,^,^
2016-08-01,50.51613235473633,50.667911247005485,50.12328645782641,50.533985890174684,26003400,69.2138459639956,1.2501796989068055,1.0951867796280066,0.15499291927879888,0.006043491058844275,-0.00017603347394645752,0.0016058295103107412,-0.0017641466423999885,-0.14906720508398585,-,^
2016-08-02,50.51613235473633,50.80183660383628,50.27506875595887,50.757192547650476,35122000,69.2138459639956,1.2261545594110856,1.1213803355846224,0.10477422382646329,0.004416961249818829,0.002643198693901283,0.0030281792926760698,0.0,0.35066952783097594,-,^
2016-08-03,50.86432647705078,50.9893216413317,50.43577016843215,50.605405976261565,22075600,71.1285679986775,1.2211343423906769,1.1413311369458332,0.07980320544484365,-0.002990444580763918,0.003690516918856135,0.00319644341519143,0.006892731214443559,-0.37145948408404983,-,^
2016-08-04,51.23933410644531,51.355402554505844,50.59649766286608,50.71256611092661,26587700,73.07111702004583,1.2332002015726502,1.1597049498711967,0.07349525170145355,0.002117562987545396,0.00717956037440981,0.003186775851685697,0.007372704120317541,0.204393085578648,-,^
2016-08-05,51.74821472167969,51.971421310443866,51.29287477918016,51.471440731363955,29335200,75.4818638390125,1.2691944115308047,1.1816028422031184,0.0875915693276863,0.014964232312311143,0.01199520839670587,0.013763346248868213,0.009931444740816087,0.10333725745363465,-,^
2016-08-08,51.837520599365234,51.86430431109406,51.58752680172947,51.837520599365234,19473500,75.88979140109602,1.2900553649996525,1.2032933467624252,0.08676201823722729,0.00711229106470701,-0.0020610750417995316,0.0057445020154907045,0.0017257769792806688,-0.3361729253592953,-,^
2016-08-09,51.96250915527344,52.23035645592606,51.80180009370922,51.93572204110392,16920700,76.4796054206139,1.3016685282741918,1.2229683830647786,0.07870014520941315,0.0018944085404402067,0.007057882096255019,0.004153587218927557,0.0024111599949812046,-0.1310909697794439,^,^
2016-08-10,51.80179977416992,52.06964707317033,51.623233772881925,51.926794953312566,15756900,73.973797938232,1.2831132095177935,1.2349973483553816,0.048115861162411955,-0.00017188723754124613,-0.00307693444312096,-0.0034471064809382668,-0.0030927948576018327,-0.06877966041594019,-,^
2016-08-11,52.051788330078125,52.18571367787254,51.81072474756601,51.81072474756601,18162300,75.32796018824284,1.27389530088346,1.2427769388609973,0.031118362022462653,-0.0022352661251462402,0.002229064555385074,0.0036319106917819255,0.004825866224687836,0.15265693124916702,-,^
2016-08-12,51.730369567871094,51.953576207472324,51.444665341650555,51.81072409436206,21655200,70.26575871949811,1.2265157241889497,1.2395246959265878,-0.013008971737638042,-1.2607504706885209e-08,-0.004448295405772074,-0.007065321083597698,-0.006174980197967583,0.1923159511735848,-,^
2016-08-15,51.89108657836914,52.23036167623261,51.748234443352445,51.79287509694574,19283900,71.30418826720508,1.188238316229402,1.2292674199871507,-0.04102910375774882,-0.0003445039174477804,0.005327553730949397,0.005900885926380273,0.0031068212317173494,-0.10950256751265286,-,-
2016-08-16,51.603580474853516,51.76529113738333,51.45085564195862,51.75630873483828,20523500,66.80922141683241,1.1217727568213434,1.2077684873539893,-0.08599573053264598,-0.0007060114357239078,-0.008904218234830119,-0.005746646327023153,-0.005540568187590633,0.06428160278781792,-,-
2016-08-17,51.711387634277344,51.81919359561062,51.414916956748684,51.69341940287351,18856400,67.63316394307068,1.0655148667910481,1.1793177632414011,-0.11380289645035302,-0.0012151046607085103,0.0010412857156398836,-0.000698505102811664,0.0020891410718364423,-0.08122883523765445,-,-
2016-08-18,51.74734115600586,51.83718234859183,51.45087378819985,51.585630436442194,14214300,67.91918851286695,1.012163639961706,1.1458869385854622,-0.1337232986237562,-0.0020851583756001935,0.0003471445951397367,0.0006993462905213743,0.0006952728088209792,-0.24618166776266948,-,-
2016-08-19,51.76530075073242,51.864124332529855,51.38797808615007,51.5946076539581,17271000,68.07097340637577,0.9602622915697623,1.1087620091823223,-0.14849971761255998,0.00017402554626078093,0.0005197424458152078,-0.0012224418638387968,0.00034706314035370944,0.21504400498089948,-,-
2016-08-22,51.81023025512695,51.88210321193948,51.44188991919077,51.74734313146159,15221900,68.47284541758096,0.9122398019657254,1.069457567739003,-0.15721776577327762,0.002960299233746966,0.00034665348429196996,0.0010491137236479098,0.0008679463606495741,-0.11864396966012392,-,-
2016-08-23,52.00787353515625,52.26840784330694,51.971937059461474,52.01685936762542,18732400,70.24690938345306,0.8799858646205578,1.0315632271153141,-0.15157736249475628,0.005208310607930811,0.007445816716207476,0.010303803789156074,0.003814753940603044,0.23062167009374646,-,-
2016-08-24,52.06175994873047,52.142615277077184,51.85513042675325,51.92699992578936,18151500,70.73050421458218,0.8489859881296127,0.9950477793181739,-0.14606179118856122,-0.0017275060995317615,-0.0024066653533213467,-0.002247494307833553,0.0010361203008577569,-0.031010441801370914,-,-
2016-08-25,52.25941467285156,52.36722408479787,51.90904265175225,51.99888382837417,18552600,72.49634895745034,0.8307906100323521,0.9621963454610096,-0.13140573542865752,0.0013843261248973615,0.00430758615629756,0.0010396700298567207,0.003796543265455199,0.022097347326667238,-,-
2016-08-26,52.133644104003906,52.735568034711626,51.82819093627701,52.35824192065336,20971200,69.61817894260722,0.7970342928112402,0.9291639349310558,-0.1321296421198156,0.006910880884775983,0.0070338643369238785,-0.0015575651436621207,-0.0024066585826686415,0.13036447721613142,-,-
2016-08-29,52.196529388427734,52.64572500597733,52.196529388427734,52.26840233223915,16417200,70.25406975751463,0.7665205137708284,0.8966352506990104,-0.13011473692818198,-0.0017158633506136889,-0.0017036514838554284,0.007106913158585693,0.001206232280605013,-0.21715495536736096,-,-
2016-08-30,52.00787353515625,52.27739024868515,51.75632505947473,52.08872889192401,16930200,65.80438232196602,0.7188289605434832,0.861073992667905,-0.14224503212442174,-0.0034375154452408463,-0.006996479908869313,-0.008433593844471177,-0.0036143371117182133,0.031247715810247767,-,-
2016-08-31,51.62155532836914,51.92700846042832,51.4778128795819,51.79225184242858,20860300,57.7396209448116,0.6424545936781527,0.8173501128699545,-0.1748955191918018,-0.0056917697129945655,-0.006702358067035452,-0.005381220161454481,-0.0074280715693166854,0.23213547388690037,-,-
2016-09-01,51.73835372924805,51.944983311506405,51.217285144090724,51.217285144090724,26075400,59.36125693909259,0.5846129582420545,0.7708026819443745,-0.18618972370232,-0.011101403740604199,0.00034615610663935037,-0.005060971337313869,0.002262589728959874,0.25000119844872803,-,-
2016-09-02,51.81023025512695,52.277394193134754,51.58563240572462,51.81023025512695,18900500,60.36909066832107,0.5383669216230089,0.7243155298801014,-0.18594860825709247,0.011577050782135112,0.006399287485278959,0.00719185448033044,0.0013892310191205848,-0.27515972909332165,-,-
2016-09-06,51.75631332397461,51.9270064041845,51.39695550269146,51.90903817041133,16278400,59.18340026223506,0.4916979705432496,0.677792018012731,-0.18609404746948144,0.001907112066436012,-0.006702472346953092,-0.0036575475424862613,-0.0010406618709634108,-0.13873177958255067,-,-
2016-09-07,51.801239013671875,51.962949711826916,51.57664120257772,51.63054591099294,17493400,59.89030405672683,0.45311439755867866,0.6328564939219206,-0.1797420963632419,-0.005365005194358008,0.0006921890964142197,0.0034960378125286073,0.000868023373613358,0.07463878513858857,-,-
2016-09-08,51.594608306884766,51.91802969609994,51.37001050071761,51.77428723723659,20146100,55.15856044003334,0.40123804442183797,0.5865328040219041,-0.18529475960006614,0.0027840365370424003,-0.0008644623905318394,-0.00400628457073271,-0.003988914371962693,0.15164004710347911,-,-
2016-09-09,50.49856948852539,51.67546321662855,50.49856948852539,51.019638039424514,35113900,38.00590065357927,0.26858836862588475,0.5229439169427003,-0.2543555483168155,-0.014575752522756669,-0.004672104871684124,-0.016964002998988037,-0.021243282085603554,0.7429626577848814,-,-
2016-09-12,51.25322341918945,51.39696589133872,49.95954116984602,50.30991323151669,29303000,49.6221247816343,0.22180003740138687,0.4627151410344376,-0.24091510363305074,-0.013910816210797039,-0.005389353243382411,-0.010674130458326214,0.014944065511311999,-0.16548717174680116,-,-
2016-09-13,50.786048889160156,50.89385829100611,50.35482156304678,50.75909825224374,30130200,44.11170736678338,0.14534739330690627,0.39924159148893135,-0.2538941981820251,0.00892836007607456,-0.00978866342803697,0.007912010077453235,-0.009115027287325383,0.028229191550353194,-,-
2016-09-14,50.54349136352539,50.87589860107043,50.33686178258942,50.66028318825988,24062500,41.532884483374055,0.06444289924142765,0.33228185303943064,-0.267838953798003,-0.0019467458521977843,-0.0003528852112761882,-0.0003566645635882937,-0.004776066083899244,-0.20138266589667508,-,-
2016-09-15,51.37899398803711,51.52273644993034,50.29194140577639,50.444669699276425,26847000,51.95258867256526,0.06697157736495285,0.2792197979045351,-0.21224822053958226,-0.00425606560828351,0.012714032904497907,-0.0008923952591054496,0.016530370221212287,0.11571948051948056,-,-
2016-09-16,51.432899475097656,51.774289112421684,50.98370384649419,51.774289112421684,44607000,52.54026589906145,0.07248967939402462,0.23787377420243302,-0.1653840948084084,0.02635797639417059,0.004882362231202642,0.013754936106688875,0.0010491736578785993,0.6615264275338026,-,-
2016-09-19,51.14540481567383,51.88208523225027,51.0735318837688,51.45085792209016,20937100,49.091552349994835,0.05305283858647414,0.20090958707924125,-0.14785674849276711,-0.006246946039746404,0.0020820395929439517,0.0017618970474384543,-0.005589703523578793,-0.530631963593158,-,-
2016-09-20,51.037601470947266,51.52273007790748,50.983696769244936,51.52273007790748,17384000,47.82390904792766,0.028620256738136618,0.16645172101102035,-0.13783146427288373,0.0013969087925833623,-0.006926382251872365,-0.0017589367958399382,-0.0021077816299447383,-0.16970354060495485,-,-
2016-09-21,51.89107894897461,51.971934301451604,51.28017603003717,51.666481128437496,33707300,57.23825641541254,0.07723543722110549,0.1486084642530374,-0.07137302703193191,0.002790051115549419,0.008718564075794966,0.005815177783873082,0.01672252326577639,0.9389841233317993,-,-
2016-09-22,51.944976806640625,52.106687490260384,51.77428371930436,52.03481455216702,19822200,57.75662822670671,0.1187436221173428,0.1426354958258985,-0.023891873708555694,0.007129059608566912,0.00259280687971275,0.00963545228428564,0.001038672904046134,-0.4119315400521548,-,-
2016-09-23,51.594608306884766,52.025835683474824,51.549689431069446,51.98989921198635,19955300,53.23858185520671,0.12196145221658128,0.13850068710403504,-0.016539234887453763,-0.0008631786346743331,-0.0015516589267101644,-0.004337950660072032,-0.00674499290008479,0.006714693626338253,-,-
2016-09-26,51.118465423583984,51.33407741254425,51.05557830787967,51.28017612884957,21688700,47.769702799588785,0.08510976200576437,0.12782250208438092,-0.04271274007861656,-0.013651172514163146,-0.013296437468861333,-0.009585142580742056,-0.009228539549494874,0.08686414135593057,-,-
2016-09-27,52.06175994873047,52.160583508608646,50.920802949655595,51.14540070316428,28065100,57.15887682433762,0.1305160094362563,0.128361203554756,0.002154805881500299,-0.002628216902895275,0.016100534727101712,-0.0026397773307226258,0.018453107254492895,0.2939964128785957,-,-
2016-09-28,52.133644104003906,52.16059817242352,51.810222699694165,51.99888747026865,20536400,57.78171612794805,0.17033769135448296,0.1367565011147014,0.033581190239781566,0.01668745880118938,2.811282751036259e-07,0.017466726730879012,0.0013807476993521473,-0.2682584419795404,-,-
2016-09-29,51.56765365600586,52.25941182935771,51.39695714325723,51.93599389238774,25463500,51.44039081611204,0.1544456093549087,0.14029432276274287,0.01415128659216583,-0.0012095177597187812,0.0018944118816957012,-0.007976525382497046,-0.010856529554483574,0.2399203365731093,-,-
2016-09-30,51.74734115600586,51.90006946985647,51.513760909464494,51.720390511775605,29910800,53.1965384353656,0.1545685296190058,0.14314916413399545,0.011419365485010352,-0.004151328673113852,-0.0068761271304507154,0.00227258134915842,0.003484500210124919,0.17465391639012706,-,-
2016-10-03,51.58562088012695,51.70241269530731,51.26220292800436,51.576638476077896,19189500,51.39502218146173,0.1400026071960454,0.14251985274640544,-0.0025172455503600366,-0.002779407391848232,-0.0038084105969059534,-0.004883316166766516,-0.003125190053559601,-0.3584424355082445,-,-
2016-10-04,51.42392349243164,51.74734150665947,51.18135741144245,51.45087413684452,20085900,49.58683086889464,0.11409615149641894,0.13683511249640815,-0.022738960999989205,-0.0024383973626297406,0.0008689886798307622,-0.0015770979775383553,-0.0031345437921753705,0.04671304619713901,-,-
2016-10-05,51.78326416015625,52.070749047451855,51.4418745713339,51.46882863564236,16726400,53.50195938986191,0.12116418218845837,0.1337009264348182,-0.012536744246359838,0.0003489639213920537,0.006249742138942027,0.005090079143410975,0.006987811184370196,-0.16725663276228597,-,-
2016-10-06,51.87311935424805,51.98092535935875,51.459856718323316,51.87311935424805,16212600,54.45446884285907,0.13248896038255253,0.13345853322436507,-0.0009695728418125382,0.007855059641394657,-0.0017250316105736907,0.0003495624360361216,0.0017352168803783652,-0.03071790702123589,-,-
2016-10-07,51.92700958251953,52.08872026928587,51.585619974113875,51.97192845615677,20089000,55.04920391425675,0.1441507397371069,0.13559697452691344,0.008553765210193465,0.00190482282806137,0.00207373972629199,0.0024439099486606164,0.0010388854370499967,0.2390979855174371,-,-
2016-10-10,52.14263153076172,52.45706711285253,51.989903228681314,52.02583970294621,18196500,57.44367460326842,0.16884532923663897,0.14224664546885857,0.026598683767780407,0.0010373147272169092,0.007071527994206628,0.007837130866515052,0.004152404499618401,-0.09420578426004278,-,-
2016-10-11,51.37899398803711,52.12466036523305,51.109477300373634,52.00786854397898,26497400,47.743763077847575,0.12535182382106314,0.13886768113929948,-0.013515857318236346,-0.0003454275619545477,-0.006336739088069199,-0.016934556012444646,-0.014645166925917441,0.4561811337345094,-,-
2016-10-12,51.307125091552734,51.45086755518553,50.66926812337537,51.307125091552734,22177500,46.940402062058595,0.08411407343323418,0.12791695959808644,-0.043802886164852256,-0.013473796793531001,-0.012926564994885426,-0.008613063569621882,-0.0013987992155142237,-0.16303108984277703,-,-
2016-10-13,51.13643264770508,51.47782231128262,50.59739922276448,50.938788886342024,25313700,45.00353959636029,0.03723023845283535,0.10977961536903623,-0.07254937691620088,-0.0071790458840452764,0.0005238931310183048,-0.0014183923169344137,-0.0033268760146485388,0.1414135948596551,-,-
2016-10-14,51.58562088012695,51.87310921605332,51.31610420647957,51.31610420647957,27402500,50.76134421155971,0.03590629239697307,0.0950049507746236,-0.059098658377650534,0.007407229900566303,0.007678780628683768,0.014204385892461868,0.008784113579382247,0.08251658192994316,-,-
2016-10-17,51.405948638916016,51.62156062065645,51.09150964383278,51.53172286611305,23830000,48.570883413153254,0.020126995847519424,0.08002935978920277,-0.05990236394168334,0.004201773750514892,-0.0048493063014434235,-0.004376687710803129,-0.0034829907665249182,-0.1303713164857221,-,v
2016-10-18,51.801239013671875,52.06177329704284,51.57664120257772,51.68444719231754,19149500,53.341286414600184,0.03906806695485443,0.0718371012223331,-0.03276903426747867,0.002963695326106075,0.008527690195600846,0.00949534594156387,0.007689584283959938,-0.19641208560637846,-,v
2016-10-19,51.684444427490234,51.96294693210129,51.567656039474045,51.63054314904905,22878400,51.812072893986,0.04414577029847777,0.06629883503756204,-0.022153064739084266,-0.0010429451449468496,-0.0018982519934096498,-0.00017420993097205795,-0.0022546678111466933,0.1947257108540692,-,^
2016-10-20,51.432899475097656,51.675465525794415,50.90284849626193,51.657497289399394,49455600,48.581684150597525,0.02755467819394397,0.058550003668838425,-0.030995325474894454,0.0005220580436764433,-0.0055324307661480665,-0.01289194805952043,-0.00486693733828325,1.1616721449052383,v,^
2016-10-21,53.598026275634766,54.30775624439954,53.445301395493225,54.15502793716706,80032200,67.41409773351671,0.1869586137310364,0.08423172568127803,0.10272688804975837,0.04834788324675943,0.050938887377631525,0.04994716355447171,0.04209614512565829,0.6182636546720695,-,^
2016-10-24,54.801856994628906,54.801856994628906,53.840578793644426,53.84956119670752,54067000,73.27509008161769,0.40574923467010393,0.1485352274790432,0.2572140071910607,-0.005640597966526051,0.009098161743338773,0.007395924203442483,0.022460355401956233,-0.32443441514790294,^,^
2016-10-25,54.792884826660156,55.134271040268494,54.62218829276528,54.66710717065157,35137200,73.16945992815857,0.5718267364263312,0.23319352926850082,0.3386332071578304,0.015182035949329764,0.006065744189511113,0.014517108036979698,-0.00016372014491461417,-0.3501174468714743,-,^
2016-10-26,54.469459533691406,54.98154224463452,54.32571707846335,54.63117022420928,29911600,69.29175820970009,0.6696275849566291,0.3204803404061265,0.3491472445505026,-0.0006573778694766164,-0.0027701245115298034,-0.005427670028760101,-0.005902687803205131,-0.14871987523194796,-,^
2016-10-27,53.993309020996094,54.649137603991015,53.98432661703703,54.451490445987595,28479900,63.92091479555415,0.7006375811120051,0.39651178854730224,0.3041257925647029,-0.0032889608164032857,-0.006045749665669731,-0.006284140914941783,-0.008741605236615158,-0.047864373687800055,-,^
2016-10-28,53.78668212890625,54.37063780085355,53.526151276076305,53.912456353118756,33574700,61.68642794896065,0.7004656313677415,0.4573025571113901,0.24316307425635142,-0.009899345058396958,-0.0050961426904040374,-0.008487191925371285,-0.0038268981071245545,0.17889107756698586,-,-
2016-10-31,53.83159255981445,54.28078810558229,53.83159255981445,54.04720792970263,26434700,61.99737999721933,0.6959309970665615,0.5050282451024244,0.19090275196413709,0.0024994516239673636,-0.0016525407629087718,0.005706393537669996,0.0008349730663916866,-0.21266012801305745,-,-
2016-11-01,53.723793029785156,53.921440190289296,53.22967855561526,53.87652131574484,24533000,60.72343281730202,0.6758479906223727,0.5391921942064141,0.1366557964159586,-0.00315810234230407,-0.006620167610573713,-0.01118142666001165,-0.002002532804681878,-0.07193953402157016,-,-
2016-11-02,53.391387939453125,53.84058352808921,53.27459612682244,53.74175995025482,22147000,56.84458561705134,0.6258948246282472,0.5565327202907807,0.06936210433746648,-0.002501300421759778,-0.0014995271252907783,0.0008438444947633794,-0.006187297500527267,-0.09725675620592666,-,-
2016-11-03,53.19374465942383,53.580053167964124,53.10390690598727,53.481229582929544,21600400,54.6108865945352,0.56385860870882,0.5579978979743886,0.005860710734431396,-0.004847819787934582,-0.004838921554205844,-0.003203951474898714,-0.0037017820224757303,-0.024680543640222097,-,-
2016-11-04,52.74454116821289,53.25662382599437,52.57384809131577,52.69063989502965,28697000,49.81930420021159,0.47299509997211686,0.5409973383739343,-0.0680022384018174,-0.014782563790422643,-0.006036375905709934,-0.009981540823538637,-0.008444667584261878,0.3285402122182923,-,-
2016-11-07,54.28079605102539,54.370637229583636,53.70582621661478,53.70582621661478,31664800,62.07483336076506,0.5189657307876914,0.5365910168566858,-0.017625286068994384,0.019266919582066055,0.02091783751123777,0.02153120166005107,0.029126329451100386,0.1034184757988641,-,-
2016-11-08,54.325721740722656,54.60422084388956,54.038236805594444,54.39759126095933,22935400,62.364308617369346,0.5526522831029581,0.5398032701059403,0.012849012997017795,0.012880633128227403,0.004296135307732429,0.006189469791209046,0.0008276534790505607,-0.27568151385765893,-,-
2016-11-09,54.05620193481445,54.433528056331994,53.18476471940897,53.903477061477176,49632500,59.43344590024628,0.5512466938974185,0.542091954864236,0.009154739033182535,-0.009083383804840972,-0.003125999875459473,-0.015793855178063865,-0.004961182240606488,1.164012836052565,-,v
2016-11-10,52.73556137084961,54.34368235735336,51.774283111227874,54.33469652665207,57822400,47.62325166197833,0.43851319076884465,0.5213762020451578,-0.08286301127631313,0.007999845069049716,-0.001650558069387964,-0.02652040703051861,-0.02443087965294688,0.16501082959754187,-,v
2016-11-11,53.023048400878906,53.112886148967895,52.11567138056418,52.31331853886846,38767800,49.954607348852186,0.36812535805484714,0.4907260332470957,-0.12260067519224854,-0.037202342462556826,-0.02264837705130085,0.006593780711610986,0.0054514832601784136,-0.3295366501563408,-,v
2016-11-14,52.214500427246094,53.076958663826794,51.459851612169714,53.02305395307463,41328400,44.01999671625978,0.24428348144434864,0.4414375228865463,-0.19715404144219767,0.013567011882047675,-0.0006764363179273536,-0.012583926312787486,-0.015248990731725032,0.06604965976918997,v,^
2016-11-15,53.245582580566406,53.806350510620355,52.74813005249621,52.75717658859786,35904100,51.87209610648944,0.22672408058765825,0.3984948344267687,-0.17177075383911045,-0.005014372893573316,0.013742156015632112,0.025034631853112943,0.01974704622056067,-0.13124872968709167,-,^
2016-11-16,53.95106506347656,53.960108149507825,53.191318177871906,53.30889554749164,27332500,56.38039070860904,0.266660769942483,0.3721280215299116,-0.10546725158742859,0.010457704421828806,0.002857611367957702,0.008401968466647647,0.013249596468264402,-0.23873596608743852,-,^
2016-11-17,54.846473693847656,55.12685763738979,54.240486930690494,54.63844823260375,32132700,61.33139770246847,0.3663399384416266,0.3709704049122546,-0.004630466470627981,0.02494054081326147,0.02162244531922064,0.019724436031274273,0.0165966812576841,0.17562242751303403,^,^
2016-11-18,54.58417510986328,55.298699540689704,54.53895278707825,54.97309329625021,27686300,59.21120647935191,0.41933723539870726,0.38064377100954516,0.0386934643891621,0.006124717565583637,0.003117208392871662,0.005502639693650613,-0.004782414735512885,-0.1383761713145798,-,^
2016-11-21,55.045467376708984,55.14495858518418,54.647502542808205,54.71986103996945,19652600,61.71763780376823,0.4928788057499389,0.40309077795762394,0.08978802779231498,-0.0046064763886596305,-0.002780191157884304,0.001990316098545941,0.008451025703278381,-0.2901687838389384,-,^
2016-11-22,55.28062057495117,55.40724448324844,55.00024004950515,55.15399666665391,23206700,62.96693010552243,0.563638652400563,0.4352003528462118,0.1284382995543512,0.007933785255180847,0.004756298758645361,0.006454778174366238,0.004271981135756331,0.1808463002350833,-,^
2016-11-23,54.6294059753418,55.26252545383449,54.49373554409771,55.18112388513652,21848900,57.382220354745,0.5607053031990219,0.4603013429167738,0.10040396028224807,0.0004918450179878242,-0.0026119152967027937,-0.009209132631994743,-0.011780160802038031,-0.058508965083359565,-,-
2016-11-25,54.74699401855469,54.74699401855469,54.38521188171138,54.538968513565095,8409600,58.104784215647776,0.561397533873496,0.4805205811081183,0.08087695276537771,-0.011637228935534538,-0.009328770826995125,-0.001991488770273664,0.002152467908326905,-0.615101904443702,-,-
2016-11-28,54.8193359375,55.19016449950747,54.45755045982549,54.57513125760601,20732600,58.57016682066778,0.5613130524787806,0.4966790753822508,0.0646339770965298,0.0006630624858978695,0.008094882447839735,0.0013301148531230655,0.0013213861371237368,1.4653491248097414,-,-
2016-11-29,55.25349044799805,55.54291752341414,54.73794825427295,54.85552908186164,22366700,61.34531888665979,0.5894835416539479,0.5152399686365903,0.07424357301735762,0.005137831422376227,0.006391592181426153,0.0051489241084083925,0.007919733121047434,0.07881790031158653,-,-
2016-11-30,54.50277328491211,55.33487851114513,54.46659749700445,55.04545150643157,34655400,54.54199243493133,0.5449504071529461,0.5211820563398615,0.023768350813084593,0.0034622293823198813,-0.00374555427667822,-0.004957269425006627,-0.013586782608647652,0.5494194494494047,-,-
2016-12-01,53.54405212402344,54.403290125934674,53.3088905065358,54.36711088474545,34542100,47.32391986236297,0.4273703327333678,0.5024197116185628,-0.07504937888519503,-0.0123232819991832,-0.016835464543810685,-0.021255357295493216,-0.0175903188609684,-0.0032693317635924535,-,-
2016-12-02,53.58927536010742,53.7882577397837,53.18226751542521,53.435518757806584,25515700,47.67568098352089,0.33398642622064756,0.4687330545389798,-0.13474662831833223,-0.017135214871244142,-0.011305058659637601,-0.0023752696765479975,0.0008445986863159227,-0.2613159014651686,-,-
2016-12-05,54.46659851074219,54.80124784425038,53.86965487112984,53.996278756768504,23552700,54.081889009239006,0.32700217614056726,0.4403868788592973,-0.11338470271873002,0.010494143446113657,0.01883292277967641,0.012925123125020033,0.01637124489441888,-0.07693302554897574,-,v
2016-12-06,54.22240447998047,54.68367778977798,54.08673403285267,54.65654508044954,19907000,52.1673833974487,0.2983237991094825,0.41197426290933437,-0.11365046379985189,0.012227996796876806,-0.002145390097804789,0.004029711388390034,-0.004483372148043285,-0.15478904754019707,-,v
2016-12-07,55.506736755371094,55.515783291991575,54.086734127322416,54.27666999343886,30809000,60.15635518457205,0.37490914050820123,0.40456123842910774,-0.029652097920906506,-0.0069502213586961625,0.015216706992760898,1.7466343926741956e-09,0.023686376281317756,0.5476465564876676,-,v
2016-12-08,55.18113327026367,55.69667892652903,55.02737664226257,55.443427641816946,21220800,57.532867092264766,0.40466536483756244,0.4045820637107987,8.330112676374624e-05,0.021496485479288507,0.0032584541514260046,0.017391372027119267,-0.005866017426720993,-0.31121425557466975,v,^
2016-12-09,56.04940414428711,56.06749376375112,55.289657378009295,55.33487970154826,27349400,62.25954090644062,0.49263084832440995,0.42219182063352095,0.070439027690889,-0.0019578143864037445,0.006657754903326429,0.00476636815619691,0.015734922836232013,0.28880155319309364,-,^
2016-12-12,56.23030471801758,56.34788554299883,55.823300274281316,55.91374493950208,20198100,63.17907281946048,0.5703664626549951,0.45182674903781583,0.1185397136171793,0.01046112761202278,0.005000968661613037,0.009651767103991293,0.0032275200154632255,-0.2614792280635041,-,^
2016-12-13,56.96291732788086,57.360878674018956,56.29361854345576,56.52877673657311,35718900,66.71591277145214,0.6832125628443535,0.4981039117991234,0.1851086510452301,0.010999653085953742,0.017977482584454973,0.008425124757289293,0.01302878605295077,0.7684287135918726,^,^
2016-12-14,56.69157409667969,57.3880089689396,56.555903666278034,56.981001127977,30352700,64.2541229394404,0.7421932375653313,0.546921776952365,0.1952714606129663,0.007999896999563383,0.00047297558105463544,0.0046592336681965385,-0.004763506574624876,-0.1502341897426852,-,^
2016-12-15,56.60113525390625,57.116677421970245,56.347883987840575,56.70966953922427,27669900,63.41422041453343,0.7727306307287236,0.5920835477076367,0.1806470830210869,-0.004761790480713568,-0.004728018132084233,-0.003678124916276282,-0.0015952783850948782,-0.0883875240093962,-,^
2016-12-16,56.34789276123047,56.93579351120468,56.185089582783554,56.93579351120468,42453100,61.00935601051092,0.7676482113614753,0.6271964804384045,0.14045173092307084,0.0039873971020762955,-0.003166919347027508,-0.002889095269170139,-0.0044741592468025,0.5342700913266762,-,^
2016-12-19,57.54176330566406,57.677433730727316,56.45641025588474,56.58303759605682,34338200,67.30439780705734,0.8501556674090551,0.6717883178325347,0.17836734957652045,-0.006195679262438691,0.013025904686419842,0.004829051179164212,0.021187492307698452,-0.1911497629148401,-,-
2016-12-20,57.46941375732422,57.70457193958906,57.008137028305704,57.60508074508535,26028400,66.60263093143237,0.8993384035627159,0.717298334978571,0.1820400685841449,0.018062712651180757,0.00047051692674893175,0.009772615189671097,-0.0012573397856356916,-0.24199870697939907,-,-
2016-12-21,57.46941375732422,57.61412728108163,57.08953860105941,57.36992256282052,17096300,66.60263093143237,0.9276230156083187,0.7593632711045205,0.16825974450379821,-0.004082247246652737,-0.0015673742212681807,0.001427893928778845,0.0,-0.34316746323246916,-,-
2016-12-22,57.47846221923828,57.975914788042694,57.35183830538729,57.7407565837827,22176600,66.65306379941876,0.9399339363596013,0.7954774041555367,0.14445653220406462,0.0064639100838268515,0.006279492965258537,0.004594531866176421,0.00015744830723818382,0.29715786456718707,-,-
2016-12-23,57.19807052612305,57.46940792434793,56.80010578850049,57.38800635985624,12403800,63.45531406317318,0.9165003182796525,0.8196819869803599,0.09681833129929263,-0.006109206820222535,-0.008736504901156517,-0.00962013656735694,-0.0048782045011180886,-0.44068071751305427,-,-
2016-12-27,57.2342414855957,57.948765885806765,57.170929546360995,57.170929546360995,11763200,63.69727383357346,0.8905816305877181,0.8338619157018315,0.05671971488588656,-0.00378261639085431,0.008341097964500666,0.006528575126977687,0.0006323807628465516,-0.051645463486995946,-,-
2016-12-28,56.971946716308594,57.34277524207513,56.827233229429986,57.34277524207513,14653300,60.56571851508988,0.839202088770989,0.8349299503156631,0.0042721384553259245,0.0030058230131588815,-0.010457352015499244,-0.006011732180291052,-0.004582829482472017,0.2456899483133841,-,-
2016-12-29,56.89054870605469,57.161886079564134,56.7367886759128,56.854369469522254,10250600,59.58668555359723,0.7828906168570455,0.8245220836239396,-0.04163146676689411,-0.008517302667878313,-0.0031545240310982825,-0.0015915705970064309,-0.0014287384396258762,-0.30045791732920235,-,-
2016-12-30,56.203163146972656,56.971956481105146,56.10367196077085,56.944820325623205,25579900,51.949656870049914,0.6750159362357948,0.7946208541463107,-0.11960491791051586,0.0015909218050416118,-0.003322661505511304,-0.011158839439404655,-0.012082596753173469,1.4954539246483134,-,-
2017-01-03,56.60113525390625,56.836293447135745,56.19412737116027,56.79107111577346,20694100,55.505316859879926,0.6145533096783922,0.758607345252727,-0.14405403557433483,-0.0026999683021312615,-0.0023812247700215616,0.0016122903765134478,0.007080955673133271,-0.19100152854389574,-,-
2017-01-04,56.34789276123047,56.75490070734775,56.185089582783554,56.510695939677376,21340000,52.8264931067174,0.539977169117364,0.7148813100256545,-0.17490414090829043,-0.0049369587610791354,-0.0014320557314966287,-0.00016083154591972626,-0.0044741592468025,0.03121179466611257,-,-
2017-01-05,56.34789276123047,56.67349911812429,56.1036879935601,56.248401546596995,24876000,52.8264931067174,0.4753949829898616,0.6669840446184959,-0.19158906162863432,-0.004641499962420692,-0.0014342653798867788,-0.0014488112384962726,0.0,0.16569821930646667,-,-
2017-01-06,56.836280822753906,57.11666473530999,56.11271333094686,56.347871471943414,19922900,57.422565596321355,0.4583385288748616,0.6252549414697691,-0.16691641259490753,0.001768404481041319,0.007819626881728547,0.00016086887884791956,0.008667370465705648,-0.19911159350377872,-,-
2017-01-09,56.65538787841797,57.05335258512646,56.564943236116186,56.76392213922849,20382700,55.27446542528503,0.4253217726397267,0.5852683077037607,-0.159946535064034,0.007383609290232629,-0.0011084707147542838,0.008059312735460233,-0.0031827019945245283,0.023078969427141605,-,-
2017-01-10,56.637298583984375,57.044306377155145,56.329781968060004,56.73678976123078,18593000,55.0526789404399,0.39316395127402615,0.5468474364178139,-0.1536834851437877,-0.00047798631551854154,-0.00015855699203337625,-0.004157367701662085,-0.0003192863928919154,-0.08780485411648109,-,-
2017-01-11,57.15285110473633,57.18903034858618,56.465462722802144,56.628265869883876,21517300,59.98113879147274,0.4046152729275576,0.5184010037197626,-0.113785730792205,-0.0019127605175339735,0.0025370449852466503,0.002408685956197587,0.009102703229877163,0.15727962136287843,-,-
2017-01-12,56.6282844543457,57.34280922878373,56.03134053588648,57.03529245562329,20968200,53.54746850585756,0.367130333189877,0.4881468696137855,-0.12101653642390853,0.007187692921316824,0.002688957642055012,-0.007688278214363353,-0.009178311147230778,-0.02551900098990112,-,-
2017-01-13,56.70966720581055,56.86342381616427,56.39310399881465,56.637308718414026,19422300,54.36528490034046,0.3400700405414341,0.45853150379931523,-0.11846146325788115,-0.006977850381304163,-0.008359991759504304,0.006456448470949505,0.001437139624641981,-0.07372592783357657,-,v
2017-01-17,56.555908203125,56.70966826659748,56.103677999165285,56.69157864440998,20664000,52.48520547913705,0.3027278390722472,0.4273707708539016,-0.12464293178165442,0.000958201002554171,-0.00270394463168222,-0.00513229418361949,-0.0027113367131484933,0.0639316661775382,-,v
2017-01-18,56.528770446777344,56.7096632022555,56.18507455639308,56.682527046276256,19670100,52.14246597601258,0.2678564033513027,0.39546789735338184,-0.12761149400207916,-0.00015966389277144444,-8.930297312748081e-08,0.0014508239055024408,-0.00047983945815510687,-0.0480981416957027,-,v
2017-01-19,56.34789276123047,56.96292622419808,56.25744808442363,56.29362733524367,18451700,49.80782257886174,0.22305399414339178,0.36098511671138384,-0.13793112256799206,-0.0068610157538510075,0.004465958844426909,0.0012881272936267063,-0.0031997456183338047,-0.061941728816833685,v,v
2017-01-20,56.745849609375,56.818204650557995,56.411196761894985,56.682534204256065,30213500,54.62187894168346,0.2171563110644712,0.33221935558200133,-0.11506304451753013,0.00690854164888588,-0.002540627443725074,0.0027329479510096455,0.007062497435899484,0.6374372009083173,-,v
2017-01-23,56.944828033447266,57.089541564717116,56.59208901661719,56.70966983897479,23097600,56.85035049311308,0.22593382611592716,0.3109622496887865,-0.08502842357285934,0.00047873009031218494,0.004775527770155552,0.0032066728788919807,0.003506484182402625,-0.23552054545153656,-,v
2017-01-24,57.451324462890625,57.650306853031694,56.92673577987967,57.161897413726855,24672900,61.970018336847254,0.2706403257145098,0.30289786489393117,-0.03225753917942137,0.007974434977952694,0.009822557213546634,0.005913313487406757,0.008894511528700466,0.06820189110556951,-,^
2017-01-25,57.596038818359375,57.975910532025935,57.388013339412076,57.84024354153472,23672700,63.30950381022465,0.31412673038651917,0.30514363799244876,0.008983092394070413,0.011867103061644846,0.005647908862381312,0.0081030038559744,0.0025189037297517203,-0.04053840448427226,-,^
2017-01-26,58.129669189453125,58.37387737146158,57.47846002165398,57.99400564443231,43554600,67.81169203424437,0.3871862880898931,0.32155216801193764,0.06563412007795544,0.002658393075180898,0.006864348240219753,0.0015760552941077588,0.009265053327307093,0.839866174961031,-,^
2017-01-27,59.49539566040039,59.612979912213234,58.69042656938067,59.142656705930364,44818000,75.94662468649834,0.5489611439377242,0.36703396319709497,0.18192718074062925,0.019806375654417785,0.021227004210575773,0.021085577923801502,0.02349448207757998,0.029007269037024885,^,^
2017-01-30,58.90749740600586,59.504444521823864,58.60903074858139,59.413999871074495,31651400,67.98187585268923,0.6225539919700793,0.41813796895169186,0.20441602301838746,0.004587943461743738,-0.001820667085409955,-0.0013868670847545506,-0.009881407592450597,-0.2937792851086617,-,^
2017-01-31,58.473365783691406,58.92559598016159,58.12062678248348,58.663301638150664,25270500,62.74862274835439,0.6384859914464727,0.46220757345064806,0.1762784179958246,-0.012635039461285413,-0.00972782027147534,-0.008333254446623584,-0.007369717632414452,-0.20159929734545712,-,^
2017-02-01,57.50558090209961,58.4462203337409,57.40608972852807,58.21105875070966,39671500,52.961006726110675,0.5664899208072995,0.4830640429219784,0.08342587788532113,-0.007709127764927826,-0.008135270224200797,-0.012294035586188024,-0.01655086668299366,0.5698739637126293,-,^
2017-02-02,57.134761810302734,57.35183382440348,56.7548900984297,57.20712029841719,45827000,49.75837605137112,0.47404600719102064,0.48126043577578687,-0.00721442858476623,-0.017246524523662488,-0.018724675489505183,-0.011343737801649323,-0.006448401806916415,0.15516176600330223,-,-
2017-02-03,57.596038818359375,57.614128440473394,57.04431741973093,57.433235669575815,30301800,53.523413146843566,0.433013232126477,0.4716109950459249,-0.03859776291944789,0.003952573910015245,0.004573430326098915,0.005099601475736737,0.008073491398951749,-0.3387784493857333,-,-
2017-02-06,57.559852600097656,57.5688991351799,57.10762245276786,57.43322871088407,19796400,53.186688723706744,0.39304377291684034,0.455897550620108,-0.06285377770326767,-1.2116140868378977e-07,-0.0007850384361923757,0.0011097517842335591,-0.0006282761628076949,-0.3466922757063937,-,-
2017-02-07,57.369911193847656,57.68647088613369,57.18901846243769,57.6502951000452,20277200,51.36019324926238,0.34209751722077897,0.43313754394024223,-0.09104002671946326,0.0037794564929272134,0.002042278951308818,0.0014253090248528277,-0.003299893896004824,0.024287244145400066,-,-
2017-02-08,57.28852462768555,57.713622140196264,57.179990340536584,57.49655011565555,18096400,50.55900980431921,0.2917914367710992,0.40486832250641364,-0.11307688573531444,-0.002666855115361355,0.000470669355318476,-0.00015786460659461543,-0.0014186280659753692,-0.10754936579014851,-,-
2017-02-09,57.939735412597656,58.28343480698981,57.27043659794383,57.45132938171938,22644400,56.41732510095785,0.30100102112093197,0.3840948622293173,-0.08309384110838536,-0.0007864947348180662,0.009873105268100701,0.0015817816139629404,0.011367211656161169,0.2513207046705421,-,-
2017-02-10,57.88546371459961,58.1568045859558,57.8673740931597,58.111578807234764,18170700,55.82366151778786,0.300456930145927,0.3673672758126393,-0.06691034566671228,0.011492326332930292,-0.002172662291667571,0.010423135053196031,-0.0009366921959785834,-0.1975631944321775,-,-
2017-02-13,58.53666305541992,58.663286926638165,58.003027969157216,58.10251913946919,22920100,61.111458785366764,0.3485541632064937,0.3636046532914102,-0.01505049008491649,-0.00015590124982889364,0.008708909375063634,0.002344220350816828,0.011249790517892544,0.26137683193272676,-,-
2017-02-14,58.75505828857422,58.89155121776803,58.254586528969824,58.60947092180125,23108400,62.72299467161867,0.3996868953066368,0.37082110169445553,0.02886579361218128,0.008725125688873625,0.0038910927615651847,0.004336990130004548,0.0037309136147294364,0.008215496441987602,-,-
2017-02-15,58.71864318847656,58.755041755507314,58.38196859249654,58.6913459987827,17005200,62.25970944144534,0.43228840796640355,0.38311456294884516,0.04917384501755839,0.0013969598376122327,-0.0023179804137937188,0.0021866443677078795,-0.0006197781290387949,-0.2641117515708573,-,-
2017-02-16,58.70955276489258,59.36471320904923,58.63676255956703,58.90974144975357,20546300,62.13632666450337,0.4521793780211567,0.3969275259633075,0.055251852057849216,0.003721084382276585,0.010376495962319154,0.004364257890119072,-0.00015481324312627276,0.20823630418930672,-,-
2017-02-17,58.800567626953125,58.864263411763275,58.50938590463246,58.66407467598284,21248800,62.928464762019004,0.4698708748606677,0.41151619574277953,0.058354679117888164,-0.004170223255525074,-0.008430088687932269,-0.002172300266495397,0.0015502564365466043,0.03419107089840989,-,-
2017-02-21,58.68227005004883,59.10084333880629,58.6458714672456,58.79146579845853,20655900,61.13811285659237,0.4689402366216484,0.42300100391855333,0.04593923270309508,0.002171535529696955,0.004019075638271641,0.002332712273473536,-0.0020118441314174174,-0.027902752155415822,-,-
2017-02-22,58.5639762878418,58.591273487698004,58.28189596623513,58.53667908798559,19292700,59.32064065284798,0.4534305163822907,0.4290869064113008,0.024343609970989888,-0.0043337363172125665,-0.008622040267464381,-0.006206327775583498,-0.0020158348016554584,-0.0659956719387681,-,-
2017-02-23,58.800567626953125,58.90066199484334,58.409291536742245,58.61857471155279,20273100,61.768565197249416,0.4549851100112505,0.43426654713129076,0.020718562879959768,0.0013990479959429258,0.005280453704599841,0.0021858515134942635,0.0040398783366157875,0.0508171484551152,-,-
2017-02-24,58.800567626953125,58.96435777965349,58.363791572312195,58.71866907944301,21796800,61.768565197249416,0.4510180809739808,0.4376168538998288,0.013401227074151978,0.0017075537640203198,0.001081410338235722,-0.0007789850421560107,0.0,0.07515870784438494,-,-
2017-02-27,58.44568634033203,58.7277666630615,58.281896198223436,58.7277666630615,15871500,55.9151779513511,0.4144605842943889,0.43298559997874086,-0.018525015684351942,0.00015493511282049788,-0.0040124428638079745,-0.001403188036323666,-0.006035337768719451,-0.27184265580268663,-,-
2017-02-28,58.218204498291016,58.418389775933726,58.01801574948815,58.30920096191058,23239800,52.481984222277326,0.362948773749622,0.4189782347329171,-0.05602946098329514,-0.007127219796256856,-0.005267983182516756,-0.004527657230605553,-0.003892192157969987,0.4642472356110008,-,-
2017-03-01,59.09173583984375,59.13722885155341,58.25458250503021,58.354676850037066,26937500,62.10421812797151,0.38813776112474585,0.4128101400112829,-0.02467237888653706,0.0007799093003555413,0.012305013513327356,0.004077470635388769,0.015004436311297997,0.1591106636029569,-,-
2017-03-02,58.245487213134766,58.91884348049129,58.127193582484914,58.864249090313734,24539600,51.27231622601121,0.3359424874375918,0.3974366094965447,-0.06149412205895288,0.008732329057124177,-0.0036928577023842557,-0.002186762260879549,-0.014320930239764329,-0.08901716937354986,-,-
2017-03-03,58.46388244628906,58.49117964638781,57.890616946097225,58.227298612727196,18135900,53.52516152497658,0.30864219203759546,0.37967772600475486,-0.07103553396715939,-0.010820667679108276,-0.007258523909164705,-0.004069982082516632,0.0037495648779644064,-0.2609537237770787,-,-
2017-03-06,58.48207092285156,58.74595539453982,58.063501179638685,58.20909201381854,18750300,53.71707886548786,0.2851867143754916,0.3607795236789022,-0.07559280930341061,-0.0003126814972088665,0.0043557977406554205,0.0029863947330606155,0.0003111062044025559,0.03387755777215351,-,-
2017-03-07,58.600379943847656,58.94615607583987,58.40929258598459,58.40929258598459,18521000,55.01826302820466,0.2729976812510202,0.3432231551933258,-0.0702254739423056,0.0034393350804806655,0.0034079057861176043,0.0059554005411435185,0.0020229964351323737,-0.01222913766713063,-,-
2017-03-08,59.13723373413086,59.21913226967934,58.46387740129595,58.47297878131664,21510900,60.45163444058392,0.3031627276718041,0.3352110696890215,-0.0320483420172174,0.0010903435483027302,0.00463094138807385,0.0009345227941428558,0.009161268080473794,0.16143296798229034,-,-
2017-03-09,58.900638580322266,59.32830614128447,58.673152733243235,59.31921170586963,19846800,57.17395903576881,0.3044677776672131,0.32906241128465985,-0.024594633617446737,0.014472204806220246,0.0018435574352553274,0.0035795664134763427,-0.004000781552824684,-0.07736077988368684,-,-
2017-03-10,59.0826416015625,59.3829246728766,58.91885146651109,59.24643173661391,19538200,59.01490595602235,0.31653929399995917,0.3265577878277197,-0.010018493827760544,-0.00122692070853192,0.0009206150511369415,0.004187583619120083,0.003090000815390903,-0.015549106153132985,-,-
2017-03-13,58.882450103759766,59.319226090688524,58.75505855388863,59.15543596338009,20100000,56.15549038530456,0.30642005718237186,0.3225302416986502,-0.016110184516278325,-0.0015358861380605493,-0.0010726750583432976,-0.002779974635377269,-0.0033883301825394785,0.028753928202188472,-,-
2017-03-14,58.609474182128906,58.736865738511334,58.37288688785334,58.718662977702905,14280200,52.425389166759764,0.2732240567287363,0.3126690047046674,-0.03944494797593112,-0.007383480124253827,-0.00981739632420131,-0.006504489578284978,-0.004635947063171386,-0.289542288557214,-,-
2017-03-15,58.918861389160156,59.07355016989374,58.463889486541156,58.73687540504067,24833800,55.99326882354427,0.26878259076066513,0.303891721915867,-0.03510913115520187,0.0003101642035800989,0.0057320803067919535,0.001558987460439587,0.005278791720086495,0.7390372683855968,-,-
2017-03-16,58.81875228881836,58.92794801734302,58.50937480480965,58.91884663771966,20674300,54.567257513242524,0.25425384912582416,0.2939641473578585,-0.03971029823203431,0.003098074785629068,-0.0024647604914885823,0.0007780070513263571,-0.001699101068511344,-0.1674934967665037,-,-
2017-03-17,59.028045654296875,59.36472035361098,58.855154143415184,59.064444232499284,49219700,57.031073337003036,0.2566692191751443,0.2865051617213157,-0.02983594254617139,0.0024711548695932617,0.0074119726032104705,0.00590981085952591,0.0035582761846224553,1.3807190569934655,-,-
2017-03-20,59.0826416015625,59.31012751456061,58.89155426772238,59.064445783143064,14598100,57.67586147821121,0.2599918300306996,0.2812024953831925,-0.021210665352492886,2.6253422102939794e-08,-0.0009196175561037023,0.0006184696113189503,0.0009249153798072118,-0.7034094072089021,-,-
2017-03-21,58.42748260498047,59.60131078014095,58.354685444741214,59.31923046211299,26640500,48.307781023676846,0.20736874957730578,0.26643574622201516,-0.05906699664470938,0.004313672558706072,0.004909503280175143,-0.009116227779293218,-0.011088857553124498,0.8249292716175394,-,-
2017-03-22,59.17362594604492,59.27372028854786,58.345580953533,58.345580953533,20680000,56.894866040058204,0.22329806988161494,0.25780821095393514,-0.0345101410723202,-0.016413724537472807,-0.00549636387698782,-0.00015601988321634064,0.01277041740971474,-0.22373829320020266,-,-
2017-03-23,59.028045654296875,59.36472035361098,58.937045737631394,59.091741430571346,19269200,54.975939931560696,0.22162035659162171,0.25057064008147245,-0.028950283489850737,0.012788637371399014,0.0015352514507294135,0.010137267886139334,-0.0024602225978308523,-0.06822050290135395,-,-
2017-03-24,59.128143310546875,59.5558110080889,58.92795459041438,59.47391940929979,22617100,56.072981062352,0.22576531896736185,0.24560957585865034,-0.019844256891288492,0.006467536232241056,0.00321892621307196,-0.00015425183097039774,0.001695764363201624,0.17374359080812907,-,-
2017-03-27,59.23733139038086,59.34652712976112,58.55487363947251,58.809656755707216,18614700,57.2953147579234,0.23515013267907392,0.24351768722273506,-0.008367554543661143,-0.011168973899653656,-0.003514079898926381,-0.006331136954184302,0.001846634677170833,-0.17696344801057606,-,-
2017-03-28,59.410221099853516,59.57401123277709,58.8278577255295,59.10993803244047,20080400,59.22985984645883,0.2536149050586758,0.24553713078992323,0.008077774268752558,0.005105985875425212,0.00383314936893564,0.004662021606224753,0.0029185938227582753,0.07873884618070659,-,-
2017-03-29,59.57401657104492,59.60131377192504,59.10084194805735,59.25553765691078,13618400,61.03097032030227,0.27825771411142597,0.2520812474542238,0.02617646665720219,0.002463200424781542,0.00045829613589853935,0.0046403903368621435,0.0027570251071125096,-0.32180633851915297,-,-
2017-03-30,59.79240417480469,60.03809287991568,59.47392524440156,59.52851964895067,15122800,63.35541256920829,0.31181496350838955,0.26402799066505694,0.04778697284333261,0.004606860435904858,0.007328346983458189,0.006312656199925382,0.003665819703449591,0.1104681900957527,-,-
2017-03-31,59.928897857666016,60.229180970979726,59.55581757585442,59.73781049709913,21040300,64.76984740851444,0.3454411938509736,0.28031063130224027,0.06513056254873334,0.003515808042643842,0.0031827808296016613,0.0013769451253859977,0.0022827930193656254,0.3912965852884387,-,-
2017-04-03,59.646820068359375,60.001697602121844,59.319239738375494,59.883400462654095,20400900,59.646007956247125,0.3453479473216916,0.29331809450613056,0.05202985281556105,0.002437149342157996,-0.0037769626813868307,-0.00397237158532171,-0.00470687430255412,-0.0303893005327871,-,-
2017-04-04,59.81059265136719,59.88338285927248,59.401113888097946,59.50120823407587,12997400,61.54795771857147,0.35440378133701245,0.30553523187230697,0.04886854946470548,-0.006382273311559494,-0.001971856590357257,0.0013802292491198465,0.002745705182943814,-0.3629006563435927,-,-
2017-04-05,59.65589904785156,60.37475531111315,59.54671026103419,60.329262297378776,21448600,58.732142065233276,0.3451197879764152,0.31345214309312863,0.03166764488328655,0.013916592416835849,0.008205489208841232,0.002451071426211371,-0.0025863914176093017,0.6502223521627402,-,-
2017-04-06,59.81059265136719,60.11086874698261,59.58310676365706,59.692295546674174,18103500,60.669903326196206,0.3462532454475422,0.32001236356401136,0.026240881883530853,-0.010558172376861297,-0.004370809666568776,0.0006112260855941631,0.002593098184498821,-0.15595889708419197,-,-
2017-04-07,59.76509475708008,60.019877849327194,59.546710241199484,59.91978349989889,14108500,59.78079706574196,0.3395659143442131,0.32392307372005175,0.01564284062416138,0.003811010301100648,-0.0015137178941534435,-0.0006108530493709186,-0.0007606996063777016,-0.22067555997459054,-,-
2017-04-10,59.62861633300781,59.892500869103124,59.47392755256858,59.701413503445195,17952700,57.07863537874655,0.3195696876068439,0.3230523964974102,-0.0034827088905662884,-0.0036443722540162593,-0.0021222465754401343,-0.0012222789191222994,-0.0022835808196572938,0.2724740404720558,-,-
2017-04-11,59.583106994628906,59.70139715746211,59.00983811229338,59.69229577806929,18791500,56.166936183902955,0.2966309338238986,0.3177681039627079,-0.02113717013880928,-0.0001527221022226133,-0.003190778626170121,-0.007803241846857989,-0.0007632130540268234,0.04672277707531447,-,-
2017-04-12,59.355628967285156,59.61041208548151,59.24643322706416,59.52851354473594,17108500,51.72000731771958,0.25713217088591733,0.30564091734734977,-0.04850874646143244,-0.002743775075133237,-0.001524002390440371,0.0040094181299150655,-0.00381782754907789,-0.08956176994917919,-,-
2017-04-13,59.10084533691406,59.92889750346319,59.10084533691406,59.410229830041445,17896500,47.21139367944672,0.20293094541047907,0.28509892295997563,-0.08216797754949656,-0.001987009378381366,0.005342781685940601,-0.0024573275085122415,-0.004292493143514986,0.04605897653213309,-,-
2017-04-17,59.583106994628906,59.59220143170335,59.15543241330506,59.18272960916516,16689300,55.17641476906431,0.1966240098795069,0.2674039403438819,-0.07077993046437497,-0.00382931056700353,-0.0056182590667612775,0.0009236259833478311,0.008159979014946916,-0.06745453021540526,-,-
2017-04-18,59.50121307373047,59.792394755990564,59.29192992771295,59.44661867778136,15155600,53.694809037723644,0.18290910077497813,0.2505049724301011,-0.06759587165512299,0.004458886407553209,0.003359387964827043,0.002307438367692427,-0.0013744486487725638,-0.09189720359751452,-,-
2017-04-19,59.182735443115234,59.828794597323636,59.04624250804156,59.73780162138087,26992800,48.266810463050504,0.14467374446707737,0.22933872683749637,-0.084664982370419,0.004898225501736464,0.0006087704210815392,-0.00414369071762255,-0.0053524560956529355,0.7810446303676528,-,-
2017-04-20,59.6013069152832,59.82879281954001,59.273726657767895,59.56490833752385,22299500,54.74233484685838,0.14645888195471457,0.21276275786094,-0.06630387590622544,-0.00289420231686488,-2.9714515181744616e-08,0.0038526439628288056,0.007072526625104825,-0.17387229187042474,-,-
2017-04-21,60.420265197753906,60.693244151982356,59.55581448689783,59.75600321872386,32522600,64.1876309377964,0.21151845229791633,0.2125138967483353,-0.0009954444504189641,0.0032081788847415638,0.014448751039483065,0.004759070249769293,0.013740609474130583,0.4584452566201036,-,-
2017-04-24,61.44849395751953,61.566791075842616,61.057217907882965,61.40300094012686,29770000,72.06929585611259,0.342104530100265,0.23843202341872125,0.10367250668154374,0.027562046199350432,0.014392819762160114,0.02521002246246562,0.017017945161284187,-0.08463652967474922,-,-
2017-04-25,61.803382873535156,61.91257863167456,61.51220112748385,61.785187051672146,30242700,74.1813534641066,0.4688271595124647,0.28451105063746995,0.18431610887499472,0.006224225293450347,0.005616462215904283,0.007451751573209764,0.005775388348182586,0.015878401074907567,-,-
2017-04-26,61.72146224975586,62.1582311923712,61.530374969572,61.94894809887719,26190800,72.81262882704313,0.5562335326876351,0.338855547047503,0.2173779856401321,0.0026504904333799484,0.0039677326663787316,0.0002954510122388232,-0.0013255038797298502,-0.1339794396664319,-,-
2017-04-27,62.121849060058594,62.221943415541006,61.49399267113685,62.01266026667343,34971000,75.21924616137757,0.6503151542856358,0.40114746849512956,0.24916768579050624,0.0010284624638750017,0.001025000582346447,-0.0005912900490715467,0.006486994891381048,0.3352398552163356,-,-
2017-04-28,62.29473876953125,62.913500702639936,61.59408524375408,62.70421755983014,39548800,76.19898292656842,0.7304065992643842,0.4669992946489805,0.26340730461540374,0.011151872701200105,0.011114363344141509,0.0016276804980368542,0.0027830741049821306,0.13090274799119261,-,-
2017-05-01,63.159202575683594,63.28659415247016,62.33115038425063,62.49494054616483,31954400,80.3766227823455,0.8537926606443449,0.5443579678480533,0.30943469279629154,-0.0033375269130123675,0.005930260526967768,0.011966492197743817,0.013876995445001539,-0.19202605388785499,-,-
2017-05-02,63.05909729003906,63.43217057397797,62.904401594436045,63.43217057397797,23906100,78.65492747902917,0.9327472140314228,0.6220358170847273,0.3107113969466955,0.014996894462533605,0.002300272647902224,0.009196865558416922,-0.0015849675354050463,-0.2518682873094159,-,-
2017-05-03,62.85890579223633,63.13188470787901,62.5222241597264,63.13188470787901,28928000,75.1864458451612,0.9680069045922295,0.6912300345862278,0.2767768700060017,-0.004733968006797928,-0.004733968006797928,-0.00607552770589348,-0.003174664820873585,0.21006772330074752,-,-
2017-05-04,62.61323165893555,62.85892037656852,62.45854287661574,62.81342040891194,21749400,71.04595969381717,0.9650026640037197,0.7459845604697262,0.21901810353399354,-0.005044428824525937,-0.004323715862017075,-0.00101853835122645,-0.003908342504605367,-0.2481540376106195,-,-
2017-05-05,62.786102294921875,62.81339948949661,62.32202916019732,62.69510933223343,19128800,72.20583651321382,0.965441983062874,0.7898760449883557,0.17556593807451826,-0.001883531829795504,-0.0007241754519359267,-0.002185669247649513,0.002760928184125433,-0.12049068020267228,-,-
2017-05-08,62.73152160644531,62.831615969958804,62.258346989414335,62.7588188069818,18566100,71.23554571416756,0.9504299760305912,0.8219868311968028,0.12844314483378838,0.0010161793388183682,0.0002900094662960928,-0.0010218244117066178,-0.0008693116228203346,-0.029416377399523186,-,-
2017-05-09,62.822509765625,63.04089429546934,62.49492949969897,62.658719632661985,22858400,71.9131302751409,0.9350956359138749,0.8446085921402173,0.09048704377365757,-0.0015949818084957101,0.0033307805677096347,0.0038000127167665543,0.0014504376244930395,0.23119017995163227,-,-
2017-05-10,63.06818389892578,63.295669781628376,62.713306477295184,62.77700224675918,17977800,73.7136461306234,0.932023127813217,0.8620914992748173,0.06993162853839963,0.0018877279138582725,0.004041431978501375,0.003494315128353964,0.003910606790739957,-0.21351450670213135,-,-
2017-05-11,62.29473876953125,62.54042743217435,61.98536127413632,62.203745796904435,28789400,60.55283016235483,0.857295219374528,0.8611322432947596,-0.0038370239202315526,-0.009131631478697111,-0.01193197500017984,-0.011607507944464968,-0.012263634079491936,0.6013861540344203,-,-
2017-05-12,62.22193145751953,62.43122150848405,61.91255401262674,62.43122150848405,18714100,59.47634178949308,0.7831699759714965,0.845539789830107,-0.06236981385861051,0.0036569455531234585,-0.0017461652913826065,-0.0011745879996984954,-0.001168755394915122,-0.34996561234343193,-,-
2017-05-15,62.26742935180664,62.31292930034995,61.48487744462031,62.003544923353815,31530300,59.955434394155915,0.7197990905023133,0.8203916499645483,-0.100592559462235,-0.0068503638851935555,-0.0018947604303726218,-0.006907751987088262,0.000731219575177855,0.6848419106449148,-,-
2017-05-16,63.521209716796875,63.54866337837916,62.37726060345975,62.441321474522184,34956000,70.35609786754074,0.7619633650142532,0.8087059929744893,-0.046742627960236094,0.007060508422696232,0.01983110233949903,0.014513864155348166,0.020135412334215008,0.1086478720468882,-,-
2017-05-17,61.754966735839844,63.23752067178089,61.709205967547334,63.04533801275568,30548800,50.46951195470026,0.6454178338573584,0.7760483611510631,-0.13063052729370472,0.00967334649507623,-0.004896132979944401,-0.010709906614196019,-0.027805562721989308,-0.12607849868405996,-,-
2017-05-18,61.96544647216797,62.349811771356954,61.44380585695074,61.681749272592185,25201300,52.20331895659526,0.5635424498505586,0.7335471788909622,-0.17000472904040365,-0.02162870060094857,-0.014037692986595407,-0.0043008187584874236,0.0034083045859041317,-0.17504779238464363,-,-
2017-05-19,61.94712829589844,62.32233993607205,61.709184949623356,61.77324581414619,26961100,52.03260840366874,0.4915116540191633,0.6851400739166025,-0.19362841989743917,0.0014833648953380685,-0.0004406081510822668,0.004319053629107117,-0.00029561920896925553,0.06982973100594014,-,-
2017-05-22,62.64263916015625,62.68839990913831,61.773240786377166,62.13015228568521,16237600,57.689947214055245,0.4849583455562225,0.6451037282445266,-0.16014538268830403,0.0057776868745544885,0.0058736557940821665,0.0010380275935599759,0.011227491626982555,-0.39773970646598245,-,-
2017-05-23,62.85313415527344,62.91719502000938,62.57858360234188,62.88974136113835,15425800,59.25615936795562,0.49108901978343056,0.6143007865523074,-0.1232117667688768,0.012225771988460865,0.003649720063084949,0.0130370821687944,0.0033602510676318254,-0.0499950731635217,-,-
2017-05-24,62.935508728027344,63.03617682037583,62.64265799995324,63.027030253516585,14593900,59.882026428006135,0.49686698949982855,0.5908140271418116,-0.09394703764198309,0.0021830093335870604,0.0018910855820670758,0.0010239029700402913,0.0013105881490398374,-0.0539291317144005,-,-
2017-05-25,63.71339797973633,63.95133438928921,63.06363566359687,63.11854299163032,21854100,65.30239596735636,0.5577854304168142,0.5842083077968122,-0.026422877379998044,0.001451960178761924,0.01451797388539533,0.006720303337766298,0.012360101116693833,0.49748182459794843,-,-
2017-05-26,64.02454376220703,64.26248713509437,63.62187143610712,63.878121904968836,19827900,67.21072207605502,0.6239777707008116,0.5921622003776121,0.03181557032319948,0.012034164246143009,0.004865461350831213,0.00885194401870626,0.004883522027339771,-0.09271486814831087,-,-
2017-05-30,64.43635559082031,64.43635559082031,63.850647343202844,63.86895443518674,17072800,69.59429154620169,0.70157809462237,0.6140453792265638,0.0875327153958062,-0.0001435150174849964,0.0027055979853445322,0.0035958688723181087,0.006432093138262429,-0.13895067051982313,-,-
2017-05-31,63.91471862792969,64.73836334882795,63.887264967584905,64.54618074430351,30436400,63.315708323189796,0.7127688118275088,0.6337900657467528,0.07897874608075606,0.01060337240691811,0.004686915565576433,0.0005734886944095408,-0.008095382771227677,0.7827421395436016,-,-
2017-06-01,64.15267181396484,64.61940505764805,63.55781681430774,64.28079356993874,21603600,64.87254334736343,0.732395766793573,0.6535112059561169,0.0788845608374561,-0.004111586019567848,-0.001837523919764772,-0.00515671086317937,0.0037229794817741357,-0.2902051490977908,-,^
2017-06-02,65.67183685302734,65.76335139152422,64.28079073227255,64.46382679137804,34770300,72.80700711309629,0.8606135748911328,0.6949316797431201,0.16568189514801268,0.002847401397435334,0.01770282986752414,0.011375059028176926,0.023680464057177497,0.6094678664666999,-,^
2017-06-05,66.14771270751953,66.70596043588701,65.71758672184839,65.8640155604221,33316800,74.73235427630269,0.9892231670650489,0.7537899772075058,0.23543318985754302,0.021720534425848648,0.014333348657232126,0.02235187173661335,0.007246269897356328,-0.041802918007609935,-,^
2017-06-06,66.36737823486328,66.45889979036588,66.13858831033559,66.166048966255,31511100,75.59146028995052,1.0962356455413698,0.8222791108742786,0.27395653466709113,0.004585711989512964,-0.0037037266820943993,0.006406224109675618,0.0033208333040180005,-0.05419788214954613,^,^
2017-06-07,66.2483901977539,66.5961482655915,65.84571781659605,66.47718005393682,22301800,74.12134515549103,1.1580926938597855,0.88944182747138,0.2686508663884055,0.004702276961414009,0.0020651632160408884,-0.004428133427422654,-0.001792869332404523,-0.29225574480103833,-,v
2017-06-08,65.8457260131836,66.36736667093085,65.43390701363536,66.35822010266581,24588300,69.21557886850513,1.1612371962647856,0.9438009012300612,0.2174362950347244,-0.0017894855223173911,-0.003435357758953872,-0.0062541774410862505,-0.006078097646876279,0.1025253566976656,-,v
2017-06-09,64.35397338867188,65.96465500315598,62.770745423973636,65.9280478094054,49187400,54.756576185495106,1.0314671560653181,0.9613341521971127,0.07013300386820542,-0.006482577329453232,-0.006067916929288875,-0.04070002405796691,-0.022655268835718223,1.0004392332938838,-,v
2017-06-12,63.859840393066406,64.00626929107955,62.34982554734811,63.37480688709764,47761700,50.95915777096629,0.8786228439397732,0.9447918905456448,-0.06616904660587164,-0.03872768885390099,-0.0296884098307304,-0.006705669556455018,-0.007678360318501332,-0.02898506528094591,v,v
2017-06-13,64.65599060058594,64.81156596896606,64.0245285991364,64.079435909833,25258600,56.22658384905352,0.8123707886698668,0.9183076701704893,-0.10593688150062253,0.011118440549896302,0.012581528134756548,0.026859787290287374,0.012467149974367597,-0.47115366496586175,-,v
2017-06-14,64.30824279785156,65.06782671451585,63.539512315043055,64.89395119032528,25510700,53.52243580294551,0.7234655555346308,0.8793392472433177,-0.15587369170868692,0.012711024510865032,0.003953935408264719,-0.0075754760668380605,-0.005378431286941265,0.009980759028608066,-,v
2017-06-15,63.96965026855469,64.25334747848974,62.96297621777632,63.39309531660555,26068700,50.952896278281194,0.6185556063761126,0.8271825190698767,-0.2086269126937641,-0.023127823875570774,-0.012517388041860089,-0.009073662611827071,-0.005265149762546217,0.02187317478548212,-,v
2017-06-16,64.06116485595703,64.08861852375723,63.34734156470014,63.81407486364228,48345100,51.628829307613245,0.5366124439919702,0.7690685040542955,-0.23245606006232533,0.006640779172151445,-0.002563741208777559,0.006104624813070725,0.001430593836579508,0.8545266929306026,-,-
2017-06-19,64.85736083984375,64.92142173006451,64.3814739563924,64.51874928746926,23798300,57.16041784352981,0.5298109286564241,0.7212169889747213,-0.1914060603182972,0.011042617562547541,0.012994556997644846,0.016324795423909633,0.012428684143926949,-0.5077412188618908,-,-
2017-06-20,63.97878646850586,64.85733850996036,63.942179260681385,64.81157775465202,21512200,50.32187856094585,0.4483586698833193,0.6666453251564409,-0.21828665527312163,0.004538656908521732,-0.0009870889822869433,-0.006823309078145101,-0.013546255351145287,-0.09606148338326692,-,-
2017-06-21,64.30824279785156,64.6285541478,64.00624552652626,64.25333547253997,19891100,52.611405649585215,0.4057147136996804,0.6144592028650888,-0.20874448916540844,-0.008613311100453491,-0.0035275015505796814,0.0010019406061168024,0.0051494619940608555,-0.07535723914801828,-,-
2017-06-22,64.29907989501953,64.60107708961537,63.79573960051015,64.55532332418439,22965700,52.53888171538514,0.36694973340168247,0.5649573089724076,-0.19800757557072513,0.004699956032219843,-0.000425153533866629,-0.0032888341486748685,-0.00014248411141992712,0.15457164259392386,-,-
2017-06-23,65.16848754882812,65.20509475566706,63.987931311188014,64.14350670367038,27617300,58.3986913063286,0.4017510034617544,0.532316047870277,-0.13056504440852257,-0.006379282130552388,0.009349962775601739,0.003012610432630236,0.013521307851186437,0.20254553529829278,-,-
2017-06-26,64.54618835449219,65.62607667541177,64.46382736374724,65.342379508919,19607000,53.32379630676192,0.3747964958015473,0.5008121374565311,-0.1260156416549838,0.018690478067985294,0.006456273414250591,0.00743727829307117,-0.009549081430955009,-0.2900464563878439,-,-
2017-06-27,63.33818435668945,64.22589013556285,63.310730690474806,64.16182925369118,25215100,45.12588053771698,0.25304211537920196,0.45125813304106527,-0.1982160176618633,-0.018067145152965702,-0.021335825799465025,-0.017887499399716233,-0.018715342123198586,0.28602539909216107,-,-
2017-06-28,63.87813186645508,63.914732099888745,62.95381887472511,63.33818416479056,25806200,48.90692907058766,0.19783957177743616,0.4005744207883395,-0.20273484901090333,-0.012836995118140848,-0.004844744619612706,-0.005637461641291641,0.008524834035736006,0.02344230242989309,-,-
2017-06-29,62.67926025390625,63.59441957948513,62.313195127252385,63.49375149510253,28918700,41.988864168761246,0.05669865175188704,0.331799266981049,-0.27510061522916196,0.0024561381473648947,-0.005011560087633926,-0.010176090329762744,-0.018768106979947574,0.12061055095287188,-,-
2017-06-30,63.08195495605469,63.49377400572389,62.90807238827194,62.94467961212694,24161100,44.81271152520782,-0.022404185723544856,0.26095857644013026,-0.2833627621636751,-0.008647652249968885,-0.00158261643752311,0.009546569708144936,0.006424688174639703,-0.1645163855913302,-,-
2017-07-03,62.38640213012695,63.69508008936359,62.249126851192344,63.44799017296987,16165500,41.091999882534225,-0.1396097204495419,0.18084491706219585,-0.32045463751173775,0.007996077888463127,0.003170485402577361,-0.010474737375714693,-0.011026177397518544,-0.3309286414939717,-,-
2017-07-05,63.21921157836914,63.54866951338509,62.432173953843474,62.46878116685769,21176300,46.78876527354546,-0.163411482891334,0.11199363707148989,-0.2754051199628239,-0.015433254913870265,-0.002298616718482638,0.002940556950922435,0.013349214248725039,0.30996876063221057,-,-
2017-07-06,62.752498626708984,62.94468132057847,62.34067956586214,62.47794793140161,21117600,44.20858773875271,-0.21742801105774845,0.04610930744564223,-0.2635373185033907,0.00014674153029226034,-0.009504340491021779,-0.0014655005934757215,-0.007382454478756073,-0.002771966774176793,-,-
2017-07-07,63.56697463989258,63.914732717773816,62.871451502017585,62.871451502017585,16878300,49.44774753927467,-0.1922983951956212,-0.0015722330826104588,-0.19072616211301074,0.006298279371275584,0.01541117338023934,0.008514054383938596,0.012979180606474516,-0.20074724400500055,-,-
2017-07-10,64.04286193847656,64.2899519199897,63.329031696312086,63.56697511036691,15014500,52.26816208513466,-0.13245599547134645,-0.02774898556035766,-0.1047070099109888,0.011062630044846422,0.0058706214711516935,0.007278028156862515,0.00748639212861546,-0.11042581302619336,-,-
2017-07-11,64.05199432373047,64.6834564441657,63.83235805744861,64.06114787127458,17460000,52.32313451367552,-0.08333294506345368,-0.038865777460976865,-0.04446716760247681,0.0077740487108231004,0.006120778013113393,0.007947798152830865,0.00014259801916227666,0.16287588664291186,-,-
2017-07-12,65.11358642578125,65.23255462274561,64.56449223516748,64.69261398024031,17750900,58.330852280436694,0.04078884838340002,-0.02293485229210149,0.06372370067550151,0.009857239995677336,0.008489004898089902,0.011469640163691786,0.01657391176120604,0.016660939289805166,-,-
2017-07-13,65.6810073852539,65.92810440967979,65.26003476887331,65.43391734294231,20269800,61.14883455172593,0.18283478761298255,0.01821907568891532,0.16461571192406724,0.011458856229374481,0.010662617629444426,0.010772833636984336,0.008714325083589491,0.1419026640902714,-,-
2017-07-14,66.60530090332031,67.05372706031055,65.8548704645947,66.11111398287483,25868100,65.26913135467325,0.3657735700732303,0.08772997456577832,0.278043595507452,0.0103493213830268,0.01707348725872815,0.009114854103710934,0.014072462571180333,0.2761892075896162,-,-
2017-07-17,67.12694549560547,67.21846004586601,66.55039754506271,66.62361197811619,21803900,67.37223766191201,0.5465459902449084,0.17949317770160433,0.367052812543304,0.007752070179517956,0.0024567312329601965,0.01056151315098175,0.007831878021876015,-0.15711242804844572,-,-
2017-07-18,67.0811767578125,67.1635377400533,66.4954753881743,66.88898716836181,26435300,66.98894752450722,0.6782972920341592,0.27925400056811533,0.3990432914660439,0.0039832002854001125,-0.0008170717653339654,-0.0008252716574866925,-0.0006818236321503024,0.21241154105458193,-,-
2017-07-19,67.59365844726562,67.75838738103103,67.21843982731255,67.26420057973482,22416200,69.10820588380422,0.8146730929703239,0.3863378190485571,0.4283352739217668,0.005609494585836483,0.008856734784876918,0.01087238545055702,0.007639724200178666,-0.1520353466766029,-,-
2017-07-20,67.92314147949219,67.99635591764864,67.0628892864365,67.88653426041395,42361000,70.4228848961545,0.9385197533347309,0.49677420590579185,0.44174554742893907,0.009252078747913117,0.003512015940984936,-0.002314105196069227,0.004874466625942597,0.8897493776822121,-,-
2017-07-21,67.52961730957031,67.98719703901683,66.9622159314961,67.21845946284814,46717100,66.76804546326997,0.9934629893149776,0.596111962587629,0.39735102672734857,-0.009841050288457276,-0.00013469660996101585,-0.0015011783120527644,-0.005793668569359256,0.10283279431552605,-,-
2017-07-24,67.35572814941406,67.49300345116083,66.9256021289264,67.29166727288049,21394800,65.15883234328928,1.0113166686680444,0.6791529038037121,0.3321637648643323,0.001089102764588068,-0.007268921346652801,-0.0005467830187573242,-0.00257500585793502,-0.5420349293941619,-,-
2017-07-25,67.89566802978516,68.00548267291302,67.26420590335566,67.53875647539746,22018700,67.7573917377915,1.056851745015095,0.7546926720459887,0.30215907296910627,0.0036719138123741946,0.007593071808147167,0.005059405723043975,0.008016242941852658,0.029161291528782662,-,-
2017-07-26,67.76753234863281,68.06952953721138,67.5478891433452,68.03292233633012,16252200,66.49001498547989,1.070261830323119,0.8178065037014148,0.2524553266217042,0.007316774644979818,0.00094178971725567,0.0042174472467144675,-0.0018872438385337809,-0.26189102898899574,-,-
2017-07-27,66.95307159423828,68.10616752373214,66.18433399246291,67.50216589144195,36844200,58.94314104464019,1.003600363130417,0.8549652755872152,0.14863508754320165,-0.0078014647417952165,0.0005382435690366449,-0.020186495361663392,-0.012018450815126425,1.267028463838742,-,-
2017-07-28,66.8432388305664,67.09032877949468,66.38565916194159,66.50462736222386,18306700,57.98729066813331,0.931174088733485,0.8702070382164693,0.060967050517015675,-0.01477787439920586,-0.014915517656803656,0.003041885554089019,-0.0016404439864612375,-0.5031321076315947,-,-
2017-07-31,66.53211212158203,67.20933537479385,66.26672193399743,67.0812135662651,23600100,55.253852400359634,0.838998961480911,0.8639654228693576,-0.024966461388446604,0.008669865946332012,0.001773826383983046,-0.001791610258083387,-0.004654572615384711,0.2891509665860039,-,-
2017-08-01,66.42224884033203,67.19097912929251,66.33988089102353,66.89812849795855,22132300,54.280829894831285,0.7484567172775485,0.8408636817509958,-0.09240696447344732,-0.0027293046528696907,-0.000273120473502253,0.0011040074850685588,-0.0016512820312879484,-0.06219465171757743,-,-
2017-08-02,66.12942504882812,66.40396869969548,65.37899456507712,66.39482213214542,26499200,51.66909177972767,0.6456304774281278,0.8018170408864222,-0.1561865634582944,-0.007523474529313456,-0.011713037074256971,-0.014484293806991455,-0.00440851968453837,0.1973089105063639,-,-
2017-08-03,66.02873992919922,66.29413694410734,65.75418936698783,66.06534713630145,18214400,50.76463456677661,0.5496791349269472,0.7513894596945273,-0.2017103247675801,-0.004962359793482252,-0.0016539938461336279,0.005738766776800963,-0.0015225464239945197,-0.31264340055548845,-,-
2017-08-04,66.5137939453125,66.84325192985526,66.11112152373512,66.25755039780435,22579000,54.863767499290105,0.5069331996666762,0.7024982076889571,-0.19556500802228094,0.002909290117046659,0.008283009796339558,0.005428280086538395,0.007346104387777164,0.2396235945186227,-,-
2017-08-07,66.25755310058594,66.71513287754838,66.12943132160551,66.62361831857855,18705700,52.38266142081093,0.4472249129213992,0.6514435487354455,-0.2042186358140463,0.005524923855113384,-0.0019167088465611437,0.00027695488214973807,-0.003852446681018473,-0.171544355374463,-,-
2017-08-08,66.6144790649414,66.92563002864115,65.66271208673633,65.97386305043608,22044600,55.40772040650644,0.4238210624807124,0.6059190514844989,-0.1820979890037865,-0.0097526265390675,0.003155163484109602,-0.007057662912590135,0.005386947565262812,0.1784963941472386,-,-
2017-08-09,66.32159423828125,66.35820144738955,65.93722901581104,66.12025807924127,22213400,52.46247864805033,0.37729081100607686,0.5601934033888145,-0.18290259238273765,0.0022189852471314886,-0.008478494427452854,0.004180712619851645,-0.004396714209453312,0.007657204031826348,-,-
2017-08-10,65.35152435302734,66.06534743952017,65.29661005106652,65.79995042339397,24734500,44.10088910514805,0.2591513831238501,0.49998499933582163,-0.24083361621197152,-0.004844319504370809,-0.004413230037609739,-0.009715588208762949,-0.014626757640484711,0.11349455733926361,-,-
2017-08-11,66.34905242919922,66.53208150512475,65.2325569125631,65.53456117174075,21443700,52.48697833736842,0.2432135994563538,0.4486307193599281,-0.2054171199035743,-0.0040332743405664395,0.007064733384348765,-0.0009809565680872767,0.015264036853727347,-0.13304493723341893,-,-
2017-08-14,67.34657287597656,67.46554805942901,66.76087145349469,66.86153954005673,20096600,59.095535516537375,0.3075293476141212,0.42041044501076674,-0.11288109739664554,0.02024852756453921,0.014030322412689866,0.023428708198271586,0.0150344339558095,-0.06282031552390677,-,-
2017-08-15,67.36498260498047,67.70539115753067,67.19937597803563,67.70539115753067,19181400,59.2083009693807,0.35588315321253106,0.4075049866511196,-0.05162183343858856,0.012620882248282506,0.003555045575119209,0.0065682864078011605,0.0002733580673481839,-0.04554004159907643,-,-
2017-08-16,67.76060485839844,68.17461795772756,67.31898480237639,67.47538912707294,18150400,61.65474342612875,0.42127115042738694,0.4102582194063731,0.011012931021013861,-0.0033971006817252736,0.0069304200474249456,0.0017799097476716152,0.005872817569594568,-0.05374998696654054,-,-
2017-08-17,66.61054992675781,67.9630027947186,66.61054992675781,67.6961917442294,22977500,51.90874578827679,0.37595797819501797,0.4033981711641021,-0.02744019296908412,0.0032723429981356134,-0.0031040168518461364,-0.010523552571362726,-0.016972323875265483,0.26595006170662905,-,-
2017-08-18,66.69334411621094,67.01535500547286,66.17812669339187,66.4909352660146,18761500,52.4909854510706,0.34277644836026866,0.39127382660333543,-0.04849737824306677,-0.017803903693261014,-0.013943583277332583,-0.0064918129912064915,0.0012429591039881949,-0.18348384288978348,-,-
2017-08-21,66.38053131103516,66.68414456697067,65.96651132040205,66.67494225091825,17734800,50.02661415844514,0.28791951091605483,0.37060296346587934,-0.08268345254982451,0.0027673995585635325,-0.0049423067068007365,-0.003197663390658634,-0.00469031519293317,-0.05472376942142154,-,-
2017-08-22,67.3097915649414,67.38338906043931,66.56455813627976,66.56455813627976,14343700,56.55229433372619,0.31578831794897155,0.3596400343624978,-0.043851716413526254,-0.00165555620915403,0.01048591832450363,0.009065915476005326,0.013998987889266346,-0.19121162911338163,-,-
2017-08-23,66.90494537353516,67.30056069869275,66.73013647983694,67.12575180499455,13766500,53.28754315951656,0.30172870342727265,0.3480577681754528,-0.04632906474818016,0.008430817907118637,-0.0012292103870328308,0.002487485055007621,-0.006014670109558251,-0.04024066314828112,-,-
2017-08-24,66.8773422241211,67.03374647972961,66.30691803275468,66.9233397596656,17098300,53.06261606315787,0.2850728715447275,0.33546078884930774,-0.050387917304580254,-0.0030154156919832698,-0.003964517029177106,-0.0063422385957526695,-0.0004125726321119183,0.2420223005121127,-,-
2017-08-25,66.99695587158203,67.48457335273218,66.6841473060558,67.0337581179929,12794300,53.969329724701815,0.2783165663453815,0.3240319443485225,-0.045715378003141016,0.001649923012268184,0.0067253718712991795,0.00568913899926371,0.0017885526470249324,-0.25172093132065765,-,-
2017-08-28,67.00614929199219,67.24535333293893,66.7485406206281,67.21775340662276,14569700,54.042812540784645,0.27058484434049035,0.3133425243469161,-0.04275768000642577,0.0027448153556599575,-0.0035448104345697784,0.0009656465168064177,0.00013722146462558094,0.1387649187528821,-,-
2017-08-29,67.20855712890625,67.30976153679367,66.28852216215495,66.47252634778131,11478400,55.718881790601834,0.27759013352819295,0.30619204618317153,-0.02860191265497858,-0.011086759391277456,0.0009578089884640928,-0.00689181297742103,0.0030207352467312987,-0.21217320878261048,-,-
2017-08-30,68.09178924560547,68.27579342958596,67.00614771377735,67.17175428708367,16897800,62.19761287307978,0.35037245050848753,0.31502812704823474,0.03534432346025279,0.010519051670219826,0.014352032613638377,0.010825788963388705,0.013141661634026303,0.4721389740730415,-,-
2017-08-31,68.79103088378906,68.9658398232246,67.8986026091788,68.11020678072649,27652800,66.39013406648414,0.45918274463011244,0.3438590505646103,0.11532369406550214,0.013970939178274078,0.010106750269409881,0.013319000208960485,0.010269103601631802,0.6364733870681389,-,-
2017-09-01,68.02738952636719,68.76341330807512,67.75137622115801,68.7358133814162,21736200,58.72958628800712,0.4782828639951191,0.3707438132507121,0.107539050744407,0.009185210708635427,-0.002935170740592019,-0.0021683272168090406,-0.0111008855022382,-0.2139602499566048,-,-
2017-09-05,67.72378540039062,67.98139410959102,67.14416580468973,67.47537198843962,21556000,55.964723677864455,0.46357769545394945,0.38931058969135957,0.07426710576258988,-0.018337476942076214,-0.011372605879531816,-0.008962333318310534,-0.0044629689319312105,-0.008290317534803693,-,-
2017-09-06,67.53057861328125,68.11940052331714,67.48457404996466,67.84338718203932,16535800,54.215522917197084,0.43136110807589034,0.39772069336826577,0.03364041470762458,0.005454066909964528,0.002030061541598238,0.005069811221798615,-0.0028528645581034073,-0.2328910744108369,-,-
2017-09-07,68.39541625976562,68.63462738717925,67.71459214869344,67.78819665240714,17471200,60.2105376608718,0.4701942936607679,0.4122154134267662,0.05797888023400172,-0.0008134990295236566,0.00756358482170949,0.0034084544796633143,0.012806607972914552,0.05656817329672581,-,-
2017-09-08,68.06420135498047,68.48741666841582,67.93538998024621,68.3862122435388,14703800,57.12548982004638,0.46883911282662893,0.4235401533067388,0.04529895951989016,0.008821824752147656,-0.002144846185774263,0.0032607127141506265,-0.004842647693336644,-0.15839782041302253,-,-
2017-09-11,68.7818374633789,68.94744408965212,68.36781738803991,68.36781738803991,17910400,61.70397854917601,0.5196817904746638,0.4427684807403238,0.07691330973433996,-0.0002689848566751474,0.006716962671603488,0.006365274533927545,0.01054351765116146,0.21807968008269962,-,-
2017-09-12,68.7082290649414,69.22344653112292,68.42302039892115,68.78183356562778,14394900,60.98461073393712,0.5477216025403493,0.4637591051003289,0.08396249744002038,0.0060557173448729795,0.004003084452440353,0.0008074414686654041,-0.0010701720272694448,-0.19628260675361797,-,-
2017-09-13,69.19585418701172,69.21425882385753,68.58863453803328,68.9382454256686,13380800,63.98045634957015,0.6023471447793014,0.49147671303612345,0.11087043174317796,0.0022740286487359374,-0.00013272536583763817,0.0024204447296620746,0.0070970410488884195,-0.07044856164335977,-,-
2017-09-14,68.79103088378906,69.45345737079556,68.56102207687357,69.00264207464848,15733900,59.870293870833706,0.6059869825182176,0.5143787669325423,0.09160821558567533,0.0009341208001778512,0.0034559143015135962,-0.0004025807095546785,-0.0058503982352550166,0.1758564510343179,-,-
2017-09-15,69.28785705566406,69.36146156521137,68.14701523493042,68.84624403700502,38578400,63.010870618872026,0.6415657296994937,0.5398161594859325,0.10174957021356112,-0.0022665514383385377,-0.0013245676898854253,-0.00603851619188156,0.007222252167063736,1.451928638163456,-,-
2017-09-18,69.14985656738281,69.89508291474294,69.03944980435038,69.21425875765699,23307000,61.56951869860497,0.6511209401957387,0.5620771156278939,0.08904382456784488,0.005345458213438015,0.007693340617251465,0.013095724975530798,-0.0019916980282762564,-0.3958536383053729,-,-
2017-09-19,69.407470703125,69.65587716504325,69.01185521243087,69.19585947908789,16093300,63.259096269084296,0.671737449957746,0.5840091824938644,0.08772826746388163,-0.0002658307536533844,-0.0034223544736540212,-0.00039969310296805727,0.0037254471452323745,-0.30950787317115025,-,^
2017-09-20,68.94743347167969,69.50865545099285,68.36780685933056,69.32464421718723,21587900,58.32754048139848,0.6435367317362477,0.5959146923423411,0.047622039393906634,0.0018611624896178736,-0.0021135576787235655,-0.009332430654382828,-0.006628065059639199,0.34142158538025136,-,^
2017-09-21,68.27582550048828,69.22346082980475,68.18382336528228,69.10385875596825,19186100,51.959138704155045,0.5605328353510117,0.5888383209440752,-0.02830548559306345,-0.0031848048224709657,-0.0041030087452802455,-0.002691083749795098,-0.009740869781139416,-0.1112567688380991,-,^
2017-09-22,68.45983123779297,68.55183336553716,67.94460668766318,68.07341107036753,14111400,53.45847015680566,0.5037919743743373,0.5718290516301276,-0.06803707725579033,-0.01491157952900457,-0.009702309826994604,-0.0035084080917190397,0.002695034969637522,-0.2644987777609832,^,^
2017-09-25,67.40176391601562,68.31259657156306,67.08894837594988,68.16538760698865,24149200,44.800161453685305,0.3691914339872966,0.5313015281015615,-0.1621100941142649,0.0013511374731323134,-0.00348986718850286,-0.012593469201267138,-0.015455301344553196,0.7113255949090806,-,^
2017-09-26,67.40176391601562,67.90777893829319,67.15335054312374,67.77897460394546,18019600,44.800161453685305,0.25952786036228304,0.4769467945537058,-0.21741893419142277,-0.005668756778309136,-0.005925958806818232,0.0009599519553200597,0.0,-0.25382207278087887,-,^
2017-09-27,67.9446029663086,68.23901397055242,67.31897870487644,67.668596598193,19565100,49.65219942010076,0.21395492366677615,0.4243484203763199,-0.21039349670954377,-0.0016284991975377139,0.004877718538846887,0.002466416945887895,0.008053781069726318,0.0857677195942197,-,^
2017-09-28,67.96299743652344,68.05499954546694,67.44777299168005,67.65938415963,10883800,49.81318127813198,0.17727876378097562,0.3749344890572511,-0.19765572527627545,-0.0001361405293760498,-0.002696616119993833,0.0019131943068868562,0.0002707274663737991,-0.44371355117019595,-,v
2017-09-29,68.5334243774414,68.57942894804903,67.97220230872585,68.0274091973174,17079100,54.65514849212829,0.19202775330228405,0.3383531419062577,-0.14632538860397365,0.005439379064094307,0.007705964382994646,0.007775339255611691,0.008393198688017467,0.5692221466767122,-,v
2017-10-02,68.6438217163086,69.01183717273621,68.35861307174991,68.73582382558774,15304800,55.548983042514294,0.21020150428073237,0.3127228143811527,-0.10252131010042032,0.010413664677652923,0.006305217633333582,0.005684835122290233,0.0016108539719128512,-0.10388720717133804,^,v
2017-10-03,68.32182312011719,68.89224051189308,68.25742093010015,68.69903394184199,12190400,52.310103544714714,0.19635824162713789,0.28944989983034974,-0.09309165820321186,-0.0005352359468201451,-0.0017329876401316335,-0.0014803129715863506,-0.00469086056312773,-0.20349171501751084,v,v
2017-10-04,68.71744537353516,68.74504531208413,67.81580760482849,68.16541852530379,13317700,55.72581130868795,0.21483428977373364,0.2745267778190265,-0.05969248804529287,-0.007767436977206055,-0.0021366005622003303,-0.006469821438520262,0.005790569328374406,0.09247440609003799,-,v
2017-10-05,69.89508056640625,70.03308726073196,68.96584297854594,69.2050541140897,21195300,63.99297155814849,0.32080398060453774,0.28378221837612877,0.03702176222840897,0.015251657090610937,0.018736505922724467,0.016958219835983446,0.01713735408046224,0.5915135496369492,-,v
2017-10-06,69.92268371582031,69.95028365209184,69.49946831459467,69.61907037820875,13959800,64.16189244648564,0.4023747419710588,0.3075007230951148,0.09487401887594404,0.005982457053447243,-0.001182349827472895,0.007737530826886774,0.0003949226353325841,-0.3413728515284049,-,v
2017-10-09,70.18948364257812,70.42869475109798,69.7938682405039,69.89507267028878,11386500,65.8304715980823,0.4829811760369438,0.3425968136834806,0.1403843623534632,0.003964463911693139,0.006839301773036155,0.004236002563021257,0.0038156419716688372,-0.1843364518116305,-,-
2017-10-10,70.18948364257812,70.50229222968686,70.05147696384316,70.22628589152819,13944500,65.83047159808228,0.5406303061337212,0.38220351217352877,0.15842679396019244,0.0047387206077003086,0.001044992795180777,0.003690993633589157,0.0,0.22465200017564668,-,-
2017-10-11,70.30908966064453,70.34589191167446,69.8766719851825,70.25388979375548,15388900,66.63805938433603,0.5891771951876876,0.42359824877636054,0.1655789464113271,0.000393070797876538,-0.0022183720992059452,-0.002495378916148816,0.0017040447066896114,0.10358205744200233,-,^
2017-10-12,70.95310974121094,71.10951402424263,70.26308341327143,70.37348313338285,16876500,70.65923671158643,0.6718730583356773,0.4732532106882239,0.19861984764745344,0.001702302035922365,0.010855248143373686,0.005529906005982577,0.009159840977529976,0.09666707821871601,-,^
2017-10-13,71.29352569580078,71.64314356422493,71.1095214634913,71.38552781195553,15335700,72.54309683427411,0.7561622801615187,0.5298350245828829,0.22632725557863576,0.01438105140617374,0.007504333946092956,0.012046696630737319,0.004797759475679841,-0.09129855123988984,-,^
2017-10-16,71.44076538085938,71.58796742606783,71.16475189453602,71.2291541054362,12380100,73.34041255423843,0.8253292262102434,0.5889338649083551,0.23639536130188832,-0.002190551941161689,-0.0007701523887995165,0.0007766952991390408,0.0020652602550033095,-0.19272677478041433,^,^
2017-10-17,71.38556671142578,71.41317367869618,71.0727579421814,71.27516691960557,16824000,72.49055021656385,0.8657110795276708,0.6442893078322183,0.22142177169545252,0.0006459828808476065,-0.0024416637831234933,-0.0012926898486340654,-0.0007726494689597185,0.3589550972932367,-,^
2017-10-18,71.4039306640625,71.6247371411834,71.1831241869416,71.45913052851489,13300700,72.60428938354907,0.8889485610604737,0.6932211584778694,0.19572740258260435,0.0025810337156673135,0.002962527102339463,0.001552862840217717,0.00025725021853451047,-0.2094210651450309,-,^
2017-10-19,71.67994689941406,71.69834451519884,71.16472240638893,71.3671312765797,15092800,74.32271370195159,0.9190424863229225,0.73838542404688,0.1806570622760425,-0.0012874387255310538,0.0010276808956428685,-0.0002585132468243545,0.0038655608001489927,0.13473726946702058,-,^
2017-10-20,72.50796508789062,72.65517407539929,71.96514773990187,72.05714984743935,22866400,78.64933743927683,0.9981996623321123,0.7903482717039265,0.2078513906281858,0.00966857653540143,0.013345211338842144,0.011247501661596715,0.011551601588635219,0.5150535354606169,-,v
2017-10-23,72.5263900756836,72.99560306160373,72.46198788040164,72.67359208519397,20627200,78.73520186802517,1.050311697692237,0.8423409569015887,0.20797074079064837,0.008554907307044113,0.004685543604247,0.006903899402742386,0.0002541098453201496,-0.0979253402372039,-,v
2017-10-24,72.55398559570312,72.86679423393524,72.18597006536761,72.59078785066792,17517200,78.87224940876267,1.0813722033726094,0.8901472061957929,0.1912249971768165,-0.001139399225360771,-0.0017646107747035789,-0.0038091394275518997,0.00038048936381263054,-0.1507717964629227,-,v
2017-10-25,72.34236907958984,72.77478676957628,71.77195171774551,72.29637152874118,20410800,74.88650708889722,1.0765029378382565,0.9274183525242856,0.14908458531397084,-0.0040558358800625305,-0.0012626802829224237,-0.005735440657612445,-0.0029166766563657465,0.16518621697531577,v,^
2017-10-26,72.46199035644531,73.06921007280786,72.45278803700121,72.86680116091598,32120700,75.6360160886352,1.0699625845010843,0.9559271989196454,0.11403538558143889,0.007890155759034734,0.004045677305298145,0.009486105685591495,0.0016535438136380254,0.5737109765418309,-,^
2017-10-27,77.10816955566406,79.30705374064574,76.9241652716299,77.62339418572401,71066700,89.16369320926401,1.4232804479552073,1.049397848726758,0.37388259922844935,0.06527791736464139,0.08536897636668495,0.061714357111353424,0.0641188459820643,1.2124891425155742,-,^
2017-10-30,77.18175506591797,77.58657281425631,76.46412870790854,77.00694612562427,31756700,89.26535172789389,1.6897467868303409,1.1774676363474745,0.5122791504828663,-0.007941524157328295,-0.021693920593946592,-0.005980390714633077,0.0009543153556612616,-0.5531423296705771,^,^
2017-10-31,76.5285415649414,77.6141835710724,76.46413937048078,77.6141835710724,27086600,81.9186438917377,1.8271521373032726,1.3074045365386342,0.5197476007646384,0.007885489244795263,0.0003558702983592621,1.394454161030012e-07,-0.008463314943002787,-0.14705873091347654,-,^
2017-11-01,76.5285415649414,77.06216375865098,76.25252814907431,76.98855924517805,22307400,81.9186438917377,1.9139836553398624,1.4287203602988798,0.48526329504098253,-0.008060695830440001,-0.007112357394263191,-0.0027674570478218863,0.0,-0.1764414876728715,-,^
2017-11-02,77.32896423339844,77.70617502933521,76.47333118491774,76.68493535794497,23992900,83.81201691303829,2.024053648375471,1.5477870179141981,0.4762666304612728,-0.003943753334390454,0.008357035921041644,0.0028956815098872823,0.010459139192895872,0.07555788662058327,-,^
2017-11-03,77.41177368164062,77.77978922500012,76.7309494889788,77.35657380689614,17633500,83.99870028621477,2.093830565874242,1.656995727506207,0.43683483836803516,0.00875841448931447,0.0009473403579203232,0.00336873391114767,0.001070872331772721,-0.2650534116342751,-,-
2017-11-06,77.71537017822266,77.92697433173043,77.35655703156935,77.46695675711736,19860900,84.69553932862645,2.1488562979339605,1.7553678415917577,0.39348845634220275,0.0014269369077379856,0.00189233100522479,0.00815326210293299,0.0039218387868309446,0.1263163864235688,-,-
2017-11-07,77.53135681152344,78.11098343200648,77.2185482386305,77.99137437352664,17939700,82.35453595904407,2.1528001066436815,1.8348542946021427,0.3179458120415388,0.006769565223189167,0.0023613017424843896,-0.0017840606954950822,-0.0023677860155233432,-0.09673277646028122,-,-
2017-11-08,77.79817199707031,77.84417656345335,77.1265502514706,77.41175890897365,18034200,83.08461397263972,2.152641052979604,1.898411646277635,0.2542294067019688,-0.0074317893383569755,-0.0034157407425984276,-0.00119139752376074,0.003441384189825314,0.005267646616164079,-,-
2017-11-09,77.36576843261719,77.53137507472088,76.27093115028245,77.38417307024682,21178400,77.48909731585002,2.0934911846769637,1.9374275539575008,0.15606363071946294,-0.00035635204671258247,-0.004018303006615875,-0.011093703768655705,-0.005558017024736905,0.17434651939093504,-,-
2017-11-10,77.16336059570312,77.37496477691666,76.57453858464763,77.08975608949316,19397800,74.94470949132405,2.0071447517552343,1.9513709935170476,0.055773758238186755,-0.0038046149370413174,-0.002017380675287783,0.003980644129897293,-0.0026162454146675396,-0.08407622861028219,-,-
2017-11-13,77.21854400634766,77.22774632249042,76.78612639867534,76.97013762497768,14196900,75.18395357040148,1.9210230635431174,1.9453014075222617,-0.0242783439791443,-0.0015516778179530677,-0.0019026626357852017,0.0027631614625247547,0.0007151504317399748,-0.26811803400385614,-,-
2017-11-14,77.32896423339844,77.37496178351611,76.3445268136894,76.82294204692155,18801300,75.68428025399656,1.8404652568334825,1.924334177384506,-0.08386892055102346,-0.0019123725460036267,0.0019062509012104378,-0.0057510334965087395,0.0014299703325371116,0.32432432432432434,-,-
2017-11-15,76.72794342041016,77.38444820925226,76.45979238475958,77.18102279913361,19383100,67.68519515586632,1.7084315228273397,1.8811536464730727,-0.17272212364573303,0.004661117404138881,0.0001226033010870431,0.001509807917881023,-0.007772259966837836,0.03094466871971613,-,-
2017-11-16,76.93135070800781,77.13477608886006,76.6909453075125,76.83888654977399,20962800,68.88381817199404,1.6017432069006645,1.8252715585585912,-0.22352835165792673,-0.004432906392677016,-0.003226386259381986,0.0030231957940678456,0.0026510196745810344,0.08149883145626857,-,-
2017-11-17,76.1916275024414,76.85738070381588,76.04367921121916,76.85738070381588,22079000,60.14648766064083,1.4408927525892778,1.7483957973647286,-0.30750304477545076,0.00024068742888294636,-0.003596242824697171,-0.008439928516957962,-0.009615367451093149,0.053246703684622254,-,-
2017-11-20,76.31182098388672,76.3672980591151,76.05291856007172,76.1916183027046,16315000,61.01183546873719,1.308037970636235,1.66032423201903,-0.35228626138279484,-0.008662309267042478,-0.006376520253655316,0.00012150055005744065,0.0015775156061794693,-0.2610625481226505,-,-
2017-11-21,77.41218566894531,77.52313985140641,76.50601986965036,76.50601986965036,21237500,67.88650832817265,1.2768214300721468,1.5836236716296532,-0.30680224155750646,0.004126458709626801,0.015135297721239116,0.00595771100119924,0.014419321552960218,0.30171621207477783,-,-
2017-11-22,76.84815216064453,77.57863116579006,76.78342653003997,77.5139055351855,20553100,61.86484941983337,1.1928192289102384,1.5054627830857703,-0.3126435541755319,0.013173939348202435,0.0007158032361693767,0.003625945525100649,-0.007286107522049279,-0.032226015303119526,-,-
2017-11-24,76.9868392944336,77.14402907796887,76.54300143288069,76.75567535821226,7425600,62.74001712161314,1.1244755181151618,1.4292653300916487,-0.3047898119764869,-0.009781860064179915,-0.0056020850238053255,-0.003131210835781384,0.0018046905473947383,-0.6387114352579416,-,-
2017-11-27,77.5508804321289,77.65259312917759,77.02382693586007,77.03306841409102,18265200,66.14309837138669,1.1031100745663167,1.3640342789865825,-0.26092420442026576,0.003613974531318842,0.006592396810059187,0.006281769645537283,0.007326461806519413,1.4597608274078864,-,-
2017-11-28,78.48477935791016,78.6512176789895,77.68957482992707,77.73581044033497,21926000,70.8846967369239,1.148298771568264,1.320887177502919,-0.17258840593465496,0.009122602029382643,0.012860157137967843,0.008643401925762406,0.012042402621058379,0.20042485163042278,-,^
2017-11-29,77.06080627441406,78.52176404218838,76.91286502383223,78.32758718260776,27381100,57.63141517268432,1.057023701059336,1.2681144822142023,-0.21109078115486635,0.007612665757527504,-0.0016459203127594524,-0.009997606600308573,-0.018143302372074177,0.2487959500136825,-,v
2017-11-30,77.82827758789062,78.15190570945194,77.06081157492812,77.21800842359843,33054600,61.77919610530783,1.0346888223788682,1.2214293502471356,-0.18674052786826745,-0.014165874360747566,-0.0047102652016035584,0.0019235605259284583,0.009959295140821611,0.20720496985146686,-,v
2017-12-01,77.91148376464844,78.42004011800346,76.94984108258058,77.30120767514745,29532100,62.211126628945784,1.0120361899645474,1.179550718190618,-0.1675145282260706,0.0010774591736761874,0.003430938837862385,-0.0014400379399021057,0.0010690995527151692,-0.10656610577650316,^,v
2017-12-04,74.97110748291016,78.06870356084615,74.61973370059661,78.05945502589968,39094900,43.50194531418777,0.7481952937751828,1.093279633307531,-0.3450843395323482,0.009808997473088832,-0.004480188439442645,-0.030280860222743677,-0.037739960011805684,0.32381036228375226,v,v
2017-12-05,75.44265747070312,76.4505358827213,74.87862396675133,75.2114935386744,26152300,46.291526693184075,0.5705724220687074,0.9887381910597663,-0.41816576899105895,-0.036484516658236155,-0.020727482388171903,0.003469461137364682,0.006289756195751339,-0.33105596893712474,-,v
2017-12-06,76.54300689697266,76.87588355325917,75.29472296318023,75.4056842001304,26162100,52.2199560889153,0.5126841158806457,0.8935273760239423,-0.3808432601432966,0.0025819280048751114,0.005563697698474979,0.00555697974115632,0.014585242131705645,0.00037472803539273514,-,v
2017-12-07,76.27484893798828,76.56149701043519,75.82176960707739,76.3210845461594,23184500,50.749758921883185,0.44009595771312604,0.802841092361779,-0.362745134648653,0.012139672966821502,-0.004089534042313492,0.006999781965528751,-0.003503363270603077,-0.11381349356511905,-,v
2017-12-08,77.81905364990234,78.20740748331276,77.05158746394919,77.32898003585713,24489100,58.070537042659694,0.5013939765355531,0.7425516691965339,-0.24115769266098086,0.013205990136161416,0.021497887804534876,0.016219851676437358,0.020245267390427868,0.05627035303758987,-,-
2017-12-11,78.80841827392578,78.93786952375505,77.78204975416222,77.93923954973148,22857900,61.97086819697234,0.6226292720987345,0.7185671897769741,-0.09593791767823956,0.007891731063714769,0.009340062072741073,0.009480171846618868,0.012713655301880955,-0.06660922614550968,-,-
2017-12-12,79.13204956054688,79.56663894000984,78.66972163423553,78.88238852978273,23924100,63.17749863013059,0.7363354408077782,0.7221208399831349,0.01421460082464332,0.012101080091363237,0.007965370994280185,0.011412297347252798,0.004106557315948223,0.04664470489415029,-,-
2017-12-13,78.91936492919922,79.52039256297155,78.75292661607092,79.27998009854996,22062700,61.78995691452801,0.8000638879702393,0.7377094495805558,0.062354438389683464,0.00504030844118164,-0.000581228234023512,0.0010576493739515858,-0.0026877179667250672,-0.07780438971580961,-,-
2017-12-14,78.30911254882812,79.40020682255415,78.1611642146311,78.9933559580772,19306000,57.86311440501248,0.7921949442876155,0.7486065485219678,0.04358839576564766,-0.0036153407217870415,-0.0015113826346144776,-0.007514163941166663,-0.007732606324424518,-0.12494844239372338,-,-
2017-12-15,80.30635070800781,80.52826611336953,78.48477774652838,78.8361514474616,53936700,65.57418788902714,0.9363257966157192,0.7861503981407182,0.15017539847500105,-0.0019900978849288764,0.01420725884677343,0.004140336638392972,0.025504543394414547,1.7937791360198903,-,-
2017-12-18,79.87175750732422,80.90737443979637,79.73306479479227,80.55600781044343,22283800,62.87776943150968,1.0039100461445685,0.8297023277414883,0.17420771840308014,0.0218155799262727,0.004707767157101417,0.015904830007868798,-0.005411691564267018,-0.5868527366338689,-,-
2017-12-19,79.36320495605469,79.84402284350355,78.8453929373826,79.84402284350355,23524800,59.780008240983136,1.004851803980202,0.8647322229892311,0.14011958099097077,-0.00883838445191143,-0.013142826641643901,-0.011133045740738257,-0.0063671135723148975,0.05569068112260922,-,-
2017-12-20,79.07655334472656,79.79779072554112,78.32758447585992,79.70531951073907,23674900,58.04415682571862,0.9712715506232001,0.886040088516025,0.08523146210717514,-0.001737178661906147,-0.0005790304185079309,-0.006567390207997459,-0.003611895606872917,0.006380500578113235,-,-
2017-12-21,79.05806732177734,79.61285936575429,78.96560315687512,79.56663081058497,17990700,57.92733770574764,0.9324189451580907,0.8953158598444382,0.03710308531365247,-0.0017400181193103492,-0.0023174997466144376,0.008145517128921975,-0.00023377375678768075,-0.24009393915074617,-,-
2017-12-22,79.06732177734375,79.17827596171225,78.52177117079688,78.96560907196321,14145800,57.97293893129311,0.8920912598940589,0.8946709398543624,-0.0025796799603035048,-0.007553690944292146,-0.00545870864963538,-0.0056205736211057955,0.00011705896538982685,-0.21371597547621823,-,-
2017-12-26,78.96558380126953,79.08578648072266,78.62345871497115,78.8823611350621,9891200,57.23845662563207,0.8422133629787822,0.8841794244792465,-0.041966061500464225,-0.0010542302893561395,-0.0011681168839077216,0.0012950235668154342,-0.0012867259670273912,-0.30076771904028055,-,-
2017-12-27,79.25224304199219,79.50190404364919,78.79916370230806,79.1967659547633,14678000,58.82150443798929,0.8164047693509104,0.8706244934535793,-0.05421972410266884,0.0039857430124699,0.005261597329223822,0.0022347654276300144,0.0036301794645636765,0.4839453251374959,-,-
2017-12-28,79.2614974975586,79.45567437193314,79.10430770228834,79.42793582624593,10594300,58.87443690426013,0.7876188503503272,0.854023364832929,-0.06640451448260176,0.0029189306999566345,-0.0005814913777494324,0.00387242688428846,0.00011677215951477748,-0.2782191034200845,-,-
2017-12-29,79.09505462646484,79.56663103975713,79.0580675494847,79.17827025874746,18717400,57.444235773345234,0.7428125725235901,0.8317812063710612,-0.08896863384747111,-0.003143296686503705,0.0013964599596070215,-0.0005845465834510843,-0.0020999208486930376,0.7667424936050518,-,-
2018-01-02,79.47415924072266,79.80703587655391,79.05806697321536,79.64059755863828,22483800,59.837390761010475,0.7294848018876081,0.8113219254743707,-0.08183712358676254,0.005839067946040943,0.0030214278731577338,-7.289190806503143e-09,0.004793025506438786,0.20122452904783783,-,-
2018-01-03,79.84402465820312,79.99197296820445,79.49265800379551,79.57587363724849,26061400,62.078033527679366,0.7402345328192439,0.7971044469433454,-0.05686991412410147,-0.0008127000973608967,0.0023173031001502142,0.005497111771369134,0.004653907899297982,0.15911901013173924,-,-
2018-01-04,80.5467758178711,81.05533938346264,80.04746078653521,80.06595080048189,21912000,65.96345951343605,0.796280887080286,0.7969397349707336,-0.000658847890447567,0.006158614927276096,0.013293414023940464,0.006979295908223548,0.008801549805089515,-0.15921631224723154,-,-
2018-01-05,81.54537963867188,81.7488049994448,80.84263940724608,81.05531329929842,23407100,70.57678642187682,0.9107781259859564,0.8197074131737782,0.09107071281217827,0.012356844437930281,0.008555458792189663,0.00993383941098891,0.0123978124594184,0.06823201898503095,-,-
2018-01-08,81.62863159179688,81.90603121715908,80.99986522159932,81.55465741775821,22113000,70.93053262296121,0.9967458834862697,0.8551151072362765,0.1416307762499932,0.006160535295397063,0.0019232845998831127,0.0019448377181403576,0.001020927899212598,-0.055286643796113144,-,-
2018-01-09,81.57315063476562,82.04472715377635,81.24027392188339,81.97075298323247,19484300,70.32374340214044,1.0483147808702284,0.8937550419630669,0.15455973890716157,0.005102045409164591,0.0016933543788679728,0.002968013584051743,-0.0006796752064728295,-0.11887577443133002,-,-
2018-01-10,81.20326232910156,81.54538747368818,80.82415716496892,81.24024940321064,18652200,66.25434384143638,1.0472643965355104,0.9244569128775556,0.1228074836579548,-0.008911758809526327,-0.006086188563370509,-0.005122050146145196,-0.004534436916874718,-0.04270617882089678,-,-
2018-01-11,81.44366455078125,81.48989309668704,80.66695020120483,81.48989309668704,17808900,67.56792133079945,1.053684194053588,0.9503023691127621,0.10338182494082582,0.0030729065372185893,-0.0006805336110401461,-0.0019450492189262425,0.0029604995511802734,-0.045211824878566564,-,-
2018-01-12,82.84916687011719,83.01560521357862,81.78581117881157,81.98923660466052,24271500,73.95190255775492,1.158825995998484,0.9920070944899065,0.16681890150857737,0.006127674107769598,0.01872271589657548,0.01387012865635806,0.017257356076599173,0.36288597274396506,-,-
2018-01-16,81.69331359863281,83.94947531985365,81.37893410872461,83.31146075501883,36599700,62.97368684798751,1.1357912380192658,1.0207639231957784,0.11502731482348749,0.016126801579259276,0.011249332024652503,-0.0049749102469301976,-0.01395129625499325,0.5079290525925468,-,-
2018-01-17,83.34847259521484,83.47792384183644,82.06320160764056,82.3683397123474,25621200,69.87111472376833,1.2368360485831715,1.063978348273257,0.17285770030991454,-0.01132042379432896,-0.005617086661001247,0.008408410682815726,0.020260642195443213,-0.2999614750940581,-,-
2018-01-18,83.31147003173828,83.83852345346601,82.90462635564695,83.03407757820727,24159700,69.55914838862832,1.2989554415558189,1.1109737669297695,0.18798167462604942,0.008082448525547514,0.004319700287620742,0.010253374612769761,-0.00044395010879527685,-0.05704260534245076,-,-
2018-01-19,83.21903228759766,83.78307295968989,82.90465266292449,83.3484835512354,36875000,68.73352706944578,1.3254476195196787,1.1538685374477513,0.1715790820719274,0.0037864691485491875,-0.0006613963544682688,3.173197768990832e-07,-0.0011095440292364644,0.5263020650090853,-,-
2018-01-22,84.70773315429688,84.71698168918542,82.97862396752787,83.21903649267384,23601600,74.07119885770163,1.4498555475241375,1.2130659394630285,0.23678960806110894,-0.0015530823483068668,0.011146747147181557,0.0008922455161126663,0.017888947104724773,-0.35995661016949154,-,-
2018-01-23,84.9758529663086,85.34571662555797,84.64297637844041,84.9758529663086,23412800,74.90222436463175,1.552192051078137,1.2808911617860503,0.27130088929208673,0.02111075239124416,0.0074215927413383564,0.02005760437246895,0.003165234176711218,-0.00799945766388721,-,-
2018-01-24,84.90190124511719,86.39059775218495,84.67998581278738,85.57690313059938,33277500,74.19588115016764,1.6087821424732311,1.3464693579234865,0.2623127845497446,0.007073187774050194,0.012242924049852943,0.0004372416463889195,-0.0008702674772882446,0.42133790063554977,-,-
2018-01-25,85.37348175048828,86.2149149591018,85.00361797606448,85.50293301335189,26383200,75.76534102054907,1.6724043667300776,1.4116563596848049,0.2607480070452728,-0.0008643701108766999,-0.0020335869603205214,0.0038218259033793167,0.005554416314065946,-0.20717601983322065,-,-
2018-01-26,86.97311401367188,86.97311401367188,85.6046275104608,86.10394244149076,29172200,80.17100093093077,1.8307980920088482,1.4954847061496137,0.33531338585923454,0.007029108908404469,0.008794291044997848,0.007070399457180354,0.018736875085622717,0.10571121016404383,-,^
2018-01-29,86.84368133544922,88.25840374838914,86.65875297535743,87.97176267387745,31569900,78.92081648258558,1.9237068301666653,1.5811291309530242,0.3425776992136411,0.021692621492400477,0.014778012139650798,0.012313884138656084,-0.0014881918359541668,0.0821912642858611,-,^
2018-01-30,85.75259399414062,86.6032828610218,85.16081472865436,86.2704061423651,38635100,69.13385609433591,1.887537685198268,1.642410841802073,0.24512684339619484,-0.019339802679860907,-0.018753125108469382,-0.017285481215371656,-0.012563808034508295,0.22379545072996754,-,^
2018-01-31,87.85152435302734,88.21213944730172,86.46454105056839,86.6864564036845,48756300,75.44281892670246,2.0051256750607394,1.7149538084538065,0.29017186660693284,0.004822630145415285,0.018577316391825027,0.015308993062925103,0.02447658153676535,0.2619690385167892,^,v
2018-02-01,87.15806579589844,88.83169069221799,86.5292995111907,87.64813228678331,47227900,70.32821121225874,2.019083951164234,1.7757798369958921,0.24330411416834163,0.011093727013369303,0.007023423859778166,0.0007489597450640595,-0.00789352902224294,-0.03134774377875271,-,^
2018-02-02,84.86490631103516,86.88990472553506,84.60600382151372,86.58476662521463,47867800,56.65092692576115,1.824080317396806,1.785439933076075,0.038640384320731025,-0.012132211307017582,-0.021859158049921446,-0.022227103426721295,-0.02631035308003815,0.013549194438033485,-,^
2018-02-05,81.36967468261719,86.21486697253238,81.36967468261719,83.73679023410659,51031500,42.942586363221054,1.3716905562818908,1.7026900577172384,-0.3309995014353475,-0.03289234933710228,-0.007768885869249953,-0.03825176692807697,-0.04118583028428413,0.06609244627912703,v,v
2018-02-06,84.44881439208984,84.58751417051435,78.82690553585113,80.34334045628128,67998600,53.59565306739448,1.2472517110782064,1.6116023883894322,-0.3643506773112257,-0.04052519529752807,-0.01887554732916874,-0.03124959214454459,0.03784136684192063,0.3324828782222744,^,v
2018-02-07,82.8583984375,84.85565109549665,82.47928621158212,83.6720929197115,41107600,48.55315192095087,1.0086724062239654,1.4910163919563388,-0.48234398573237347,0.04143159152365028,0.003169935038423999,0.046334188192505676,-0.018832898555634636,-0.39546402425932303,-,v
2018-02-08,78.60499572753906,83.10806519889614,78.37383176520444,82.95087539760404,55628700,38.201543935412694,0.470953675914231,1.2870038487479174,-0.8160501728336864,-0.0086195707187523,-0.020594808643136564,-0.04977558166357132,-0.05133339275401605,0.3532461150736117,v,v
2018-02-09,81.5361557006836,82.22964761000402,77.51390403753798,79.79780518763026,63499100,46.64387487424219,0.2781218061398931,1.0852274402263127,-0.8071056340864196,-0.038011295177541315,-0.010569582949499168,-0.010972128174652318,0.03728974152361175,0.14148092621254849,-,v
2018-02-12,82.41455841064453,83.01558601495651,81.30497441388626,82.05394325896994,35720300,48.896923786469365,0.19394523766810323,0.9069709997146709,-0.7130257620465676,0.028273184532265905,0.009557847173078171,0.048908262632628485,0.010773168080005169,-0.43746761765127384,-,v
2018-02-13,83.06180572509766,83.21899546788664,81.18475617827409,82.22961435950646,26407700,50.55376481866503,0.17741699699651292,0.7610601991710393,-0.5836432021745264,0.0021409221002588463,0.002450256183139876,-0.0014786086150178068,0.00785355557240397,-0.26070889662180885,-,v
2018-02-14,84.36241912841797,84.52963927594286,82.13282661168853,82.22572511860196,34960900,53.79552224872594,0.2661983107295498,0.6620878214827415,-0.3958895107531917,-4.729732633179662e-05,0.015749334640334345,0.01167793657386329,0.01565838103285211,0.3238903804572151,-,-
2018-02-15,86.0810775756836,86.13681526499444,84.18591817439184,84.73402435315407,27823900,57.738449351300446,0.46982367983811457,0.6236349931538161,-0.15381131331570153,0.030505042441816732,0.019013165119574627,0.024997210584386975,0.02037232294926783,-0.2041423418733499,-,-
2018-02-16,85.46792602539062,86.86142481928286,85.28212902128554,85.88597282847773,30596900,55.905493091317496,0.5750927350440946,0.6139265415318719,-0.038833806487777234,0.013594875070757517,0.008412309557292108,0.013021308915617924,-0.007122953935536858,0.09966252035120893,-,-
2018-02-20,86.1368179321289,86.45267429827331,84.54822994826206,84.9848607619224,30911700,57.490903319188746,0.704373625728266,0.6320159583711508,0.07235766735711524,-0.010491958545488345,-0.004705777298265157,-0.00860554352296139,0.007826233042551811,0.010288624010929226,-,-
2018-02-21,84.99415588378906,86.73138736982288,84.99415588378906,86.37837013792273,26922500,53.924042580122965,0.7064824949069362,0.6469092656783079,0.05957322922862829,0.01639714842746076,0.0032238802768318475,0.005274219647175116,-0.013265663577683995,-0.12905145947974395,-,-
2018-02-22,85.21713256835938,86.14613212629865,84.87340018034836,85.51441214339178,24392800,54.51705249686229,0.7178709741447591,0.6611016073715982,0.05676936677316091,-0.010002017786992834,-0.00674790593431529,-0.0014207530174876748,0.002623435485084258,-0.09396229919212551,-,-
2018-02-23,87.38166809082031,87.39096006797294,85.80237218456463,86.95432928192409,26329200,59.91095667924118,0.8912822064032468,0.707137727177928,0.18414447922531885,0.0168382978078343,0.014450189590047291,0.01094538456385985,0.025400238863054758,0.07938408054835855,-,-
2018-02-26,88.6451187133789,88.6729875606128,87.55819114504087,87.69754246891304,30199800,62.69216138325213,1.1177767291300569,0.7892655275683538,0.3285112015617031,0.008547167152302526,0.014670024126553605,0.020463524676210376,0.014458989513056908,0.14700788478191518,-,-
2018-02-27,87.5117416381836,89.03530010445986,87.5117416381836,88.94240158094604,25869100,58.75440767869271,1.1920796599787309,0.8698283540504292,0.32225130592830165,0.014194914441009177,0.004085940417868583,-0.0005304987032033193,-0.012785555388107994,-0.14340161193120482,-,-
2018-02-28,87.11225891113281,88.91451977296582,86.98219957962961,88.10628785202275,31167300,57.38620302984627,1.204841685580007,0.9368310203563448,0.26801066522366224,-0.00940062010988485,-0.0013565443296349455,-0.0060510972429662635,-0.004564904315382479,0.20480805285069836,-,-
2018-03-01,86.2575912475586,87.85547131949056,85.31929988667709,87.31664997659206,37135600,54.46404018753759,1.1329314169701803,0.976051099679112,0.15688031729106833,-0.008962332821885632,-0.011910860635354403,-0.019117701104237828,-0.009811106660040814,0.1914923653957834,-,-
2018-03-02,86.4433822631836,86.53628076980027,84.40887165608041,85.0777522440432,32830400,55.000475022554134,1.078501499311841,0.9965411796056578,0.08196031970618312,-0.02564113182479022,-0.015015462667009039,-0.010670835693751934,0.0021539091567230884,-0.11593188207542093,-,-
2018-03-05,86.99148559570312,87.57675254736118,85.70946923543721,85.78378378570224,23901600,56.62391143046176,1.0672897043182559,1.0106908845481775,0.05659881977007841,0.008298662376902133,0.012023532422530625,0.015408304291236297,0.0063406048927006076,-0.27196744480725177,-,-
2018-03-06,86.69422149658203,87.78114906560094,86.3412042852271,87.64179774164147,22175800,55.45539227339998,1.0226293133897713,1.0130785703164962,0.009550743073275081,0.021659267916891656,0.002333912965421181,0.0073706564213407155,-0.0034171631520657497,-0.07220437125548085,-,-
2018-03-07,87.19586944580078,87.27019108623023,85.86740024585694,86.54557281129753,26716100,57.06560259052544,1.0160025835300388,1.0136633729592048,0.0023392105708339717,-0.01250801510913191,-0.005820816710759402,-0.0054875773773660486,0.005786405836039732,0.20474120437594134,-,^
2018-03-08,87.72539520263672,88.34782296887435,87.11225232530307,87.57675192775531,25887800,58.76023826812841,1.041473695056709,1.0192254373787057,0.022248257678003203,0.011914868467115536,0.0123482241671653,0.01449737707071419,0.006072830745326607,-0.031003776748851797,-,^
2018-03-09,89.68560028076172,89.68560028076172,88.25494039644242,88.52435106501905,36937300,64.36711561744437,1.2059306838803678,1.0565664866790383,0.14936419720132954,0.010820213314664207,0.015142164989834228,0.01311742080634315,0.022344784809428697,0.426822673228316,-,v
2018-03-12,89.89924621582031,90.30800811710924,89.22108079344677,89.64841955947557,26073700,64.92681892517494,1.3380789328052316,1.1128689759042771,0.22520995690095447,0.012697845066730995,0.006939885939315493,0.010947153696602596,0.0023821654132856196,-0.2941092066826758,^,v
2018-03-13,87.70684051513672,90.33590354316185,87.2980784935526,90.1129456621629,35387800,55.32338388938358,1.251472360451885,1.1405896528137986,0.11088270763808628,0.005181642966713307,0.00030889205325435043,-0.02155322803526749,-0.024387364666220934,0.357222028327395,-,v
2018-03-14,87.18661499023438,88.63585925149462,86.86146653305268,88.36644850477127,32132000,53.30848062692451,1.1278569429697143,1.1380431108449818,-0.010186167875267493,-0.019381201497277845,-0.018819143053735665,-0.005001392562519746,-0.00593141335210412,-0.09200345881914107,v,v
2018-03-15,87.4931640625,87.8647652412595,86.23901628592678,86.88931303297868,27611000,54.363239778905026,1.0426082433798598,1.1189561373519574,-0.07634789397209762,-0.016716021711711493,-0.0086995716716326,-0.007166011258732841,0.0035160107121943174,-0.14070085895680318,-,^
2018-03-16,87.88333892822266,88.60795730232654,87.25161907351878,87.95766057882375,49081300,55.73390218762099,0.9950614367687507,1.094177197235316,-0.09911576046656534,0.012295499970630175,0.008458362792256757,0.011741817465017235,0.004459489720179066,0.7775995074426858,-,^
2018-03-19,86.29475402832031,87.23304541045805,85.57013562758733,87.08440210379335,33344100,49.248399533219214,0.8197452123744711,1.0392908002631471,-0.21954558788867606,-0.009928168499295453,-0.0155167993228571,-0.01927165895356764,-0.018076064465413544,-0.3206353539942911,-,^
2018-03-20,86.51770782470703,87.11226684794981,86.39694045950863,86.44339326257867,23075200,50.12558440930157,0.6908328583599541,0.9695992118825086,-0.2787663535225545,-0.007360776737614705,-0.0013845505672757108,0.009662305965245421,0.002583630939066772,-0.3079675264889441,^,v
2018-03-21,85.91385650634766,87.3723850919873,85.6630227317123,86.33190334713721,24457100,47.71988895484584,0.5337899361334735,0.8824373567327016,-0.34864742059922815,-0.0012897447824935515,0.002986011654265708,-0.00849471895524223,-0.006979511287826035,0.059886804881431166,-,^
2018-03-22,83.41485595703125,85.23569390825268,83.29408858808033,84.78977108311345,38604700,39.31135586205992,0.20531706223695778,0.7470132978335529,-0.5416962355965951,-0.017862831748570507,-0.02445499434958842,-0.027654104047334815,-0.029087281737047554,0.5784659669380261,-,^
2018-03-23,80.99015808105469,84.03727460676029,80.89725956994455,83.14543614223929,44068900,33.19884371659883,-0.24779646795629162,0.548051344675584,-0.7958478126318757,-0.019393081498737974,-0.01406006388335812,-0.028775499663475146,-0.029067938176690955,0.1415423510608811,v,v
2018-03-26,87.12157440185547,87.32595543157902,83.9815585559955,84.17664760590328,56396800,53.07054594880232,-0.11086022279646102,0.41626903118117503,-0.527129253977636,0.012402502308122676,0.03913359684982187,0.03812612445028796,0.0757056964213414,0.2797414957033191,^,^
2018-03-27,83.1175537109375,88.38497710334019,82.22571539220009,88.19918011149107,56569000,43.88880495853904,-0.3217196844362462,0.2686712880576908,-0.590390972493937,0.04778679859550139,0.01212722685400136,-0.02090748485722249,-0.045959002903793844,0.003053364729913799,-,v
2018-03-28,83.04325103759766,84.7526135211948,82.56017449588474,83.44272104020168,52501100,43.7375815380124,-0.48918392394254795,0.11710024565764306,-0.606284169600191,-0.053928608693151525,-0.04109706990022077,0.0040675730468180404,-0.0008939468261812689,-0.07191041029539147,v,v
2018-03-29,84.78976440429688,85.73734767518887,82.12354090502936,83.7771585525324,45867500,48.251132104429274,-0.4754903510105777,-0.001417873676001089,-0.4740724773345766,0.004007989051191041,0.01161892374856155,-0.005288670881832269,0.021031370338674416,-0.1263516383466251,^,v
2018-04-02,82.23503112792969,84.42747047512881,81.29674675311665,84.04658437265206,48515400,42.83757050935566,-0.6631394614890667,-0.1337621912386142,-0.5293772702504524,0.0032159818353199032,-0.015277790083062182,-0.010067687569254247,-0.03013020845518144,0.05772932904562045,v,v
2018-04-03,83.34052276611328,83.65638620012598,81.64974439638002,83.21975541388301,37213800,45.67776316509922,-0.7144134833309153,-0.2498924496570744,-0.46452103367384084,-0.009837746113548151,-0.009133096972625543,0.004342088181404691,0.013443074356764395,-0.23294871319209987,-,v
2018-04-04,85.77450561523438,86.17397559096709,81.50111032525551,81.61258570323538,35560000,51.402998346937295,-0.5522800995639443,-0.3103699796384484,-0.24191011992549588,-0.019312358017090636,0.03009440767401106,-0.0018203862390914205,0.02920527455715405,-0.04444050325416915,-,v
2018-04-05,85.82097625732422,86.46198821772705,84.91056066340843,85.87672105020977,29771900,51.50808096900603,-0.4152516696132693,-0.3313463176334126,-0.08390535197985671,0.0522485019955119,0.0033422228089723394,0.041833176560987395,0.0005417768573134918,-0.16276996625421825,-,v
2018-04-06,83.82361602783203,85.89528064774225,83.12686650237562,84.99415012745287,38026000,46.821764526692064,-0.4624945799007065,-0.3575759700868714,-0.1049186098138351,-0.010277184689444385,-0.006554412889022698,-0.021006741059024447,-0.023273566866721884,0.2772446501566914,-,-
2018-04-09,84.32527160644531,86.5548715624907,84.18592736795105,84.57610541114072,31533900,48.09898543691679,-0.45421955371345746,-0.37690468681218864,-0.07731486690126882,-0.004918511635039313,0.007679012278374753,0.01274029576881941,0.005984656859073123,-0.17072792300005257,-,-
2018-04-10,86.28546142578125,86.6570626020529,85.13350415827175,85.8302537058925,26812000,52.86298129118081,-0.2861915612412105,-0.358762061697993,0.07257050045678254,0.01482863615740082,0.0011806503518223543,0.011255762333995945,0.023245579670165162,-0.14974043806823767,-,-
2018-04-11,85.33788299560547,86.66635238288978,84.98486578533583,85.47723431913653,24872100,50.452096456591455,-0.22687455802208945,-0.3323845609628123,0.10551000294072288,-0.00411299479511773,0.00010720165855993002,-0.001745944495125995,-0.010981901406308725,-0.0723519319707594,-,-
2018-04-12,86.93576049804688,87.47458181976506,85.86740983262703,85.86740983262703,26758900,54.24181213992324,-0.05034964581210488,-0.27597757793267086,0.22562793212056598,0.004564671711695167,0.00932575809011249,0.01038472013970626,0.01872412867944817,0.07586010027299661,-,-
2018-04-13,86.47125244140625,87.4931502053699,85.87669348463825,87.3723828536739,23346100,52.97336218875705,0.051472359472953144,-0.21048759045154608,0.2619599499244992,0.017526708025551896,0.00021227178476945774,0.0001081161296156985,-0.0053431183437000485,-0.12753887491638294,-,-
2018-04-16,87.48387145996094,87.93908626735356,86.78712191264484,87.39097293785937,20288100,55.420785380136664,0.21143958037048094,-0.1261021562871407,0.33754173665762166,0.00021276842382356165,0.005096811132493606,0.010601577576684784,0.011710470126945927,-0.13098547509005787,-,-
2018-04-17,89.24894714355469,89.68557787361806,88.14343589830494,88.25491834673632,26771000,59.388297589281024,0.4751642144615431,-0.005848882137403938,0.48101309659894703,0.00988597997977747,0.019860242815746165,0.015628055819448594,0.020176012493932527,0.31954199752564305,-,-
2018-04-18,89.59268188476562,89.85280051735182,88.73799726493807,89.38830093410472,21043300,60.13243030866176,0.7037915371712415,0.13607920172432517,0.5677123354469163,0.01284214646163484,0.00186454330449215,0.006745384503947571,0.0038514150834525473,-0.21395166411415334,-,^
2018-04-19,89.2861328125,90.1779713850915,88.57079930609552,89.59270431524477,23552500,59.09252683758169,0.8504410345303342,0.278951568285527,0.5714894662448071,0.0022866905288951855,0.0036189285794923087,-0.0018841754828358148,-0.003421586069495164,0.11923985306487106,-,^
2018-04-20,88.25492858886719,89.28611832150062,87.37238213805924,89.10032130692056,31154400,55.60870140704891,0.8733844230599885,0.3978381392404193,0.47554628381956926,-0.005495793570330143,-0.009889921561689885,-0.013530612543019127,-0.011549433166719525,0.3227640377879206,-,v
2018-04-23,88.58008575439453,89.4533474030741,87.91120509478485,88.94239493039935,22331800,56.47995875030592,0.9073453768724846,0.4997395867668324,0.40760579010565223,-0.001772455746564705,0.0018729572381153137,0.006166971113070963,0.0036842946986233027,-0.28318953342064046,^,v
2018-04-24,86.50841522216797,89.62056138244644,85.84882658605,89.40688843015657,34524800,49.77668963312194,0.7583513765550975,0.5514619447244854,0.20688943183061215,0.005222408280333601,0.0018692869996119743,-0.023459791121179796,-0.023387542635380454,0.5459927099472501,-,v
2018-04-25,85.75593566894531,86.67565021373002,83.87006794790112,86.67565021373002,33729300,47.568334433686104,0.5729491455472981,0.555759384889048,0.017189760658250175,-0.030548409237618812,-0.032859771499860524,-0.02304933820109334,-0.0086983393614386,-0.023041407915469492,v,v
2018-04-26,87.56746673583984,88.39427545832768,86.48982425978296,86.90787815316423,42529000,52.97698757996815,0.5656712531362302,0.5577417585384844,0.007929494597745834,0.0026792754235078764,0.019828235962000562,0.0312358911347157,0.021124264492755618,0.2608918655293766,-,v
2018-04-27,89.01670837402344,90.94902852641466,87.24232348171266,90.67032591469795,48272800,56.81501400637409,0.6691318242004769,0.5800197716708829,0.08911205252959398,0.04329236706139428,0.028901793185593716,0.008700436477584672,0.016550000727501235,0.13505607938112818,-,v
2018-04-30,86.88003540039062,89.5555586590904,86.53631010063566,89.49052897364722,41523600,50.29691705919243,0.5721183953803859,0.5784394964127836,-0.006321101032397691,-0.01301194110806092,-0.01532143762172855,-0.008092555916681787,-0.024003055298956966,-0.13981372532772074,-,v
2018-05-01,88.25492858886719,88.52433922139953,86.20184110063987,86.59201908387905,31408900,53.95735891072633,0.599268944583514,0.5826053860469297,0.0166635585365843,-0.032389012815218776,-0.011514856845641352,-0.0038650712008269084,0.015825191393400218,-0.24358918783535144,-,-
2018-05-02,86.8707275390625,88.41286270941369,86.57344804310912,88.24564254995852,27471000,49.96754113824888,0.5032908701048626,0.5667424828585164,-0.06345161275365374,0.01909671911539168,-0.0012592752791640294,0.004310893337363897,-0.015684121804153794,-0.12537529171667905,-,-
2018-05-03,87.39096069335938,88.1899006293572,85.8859793304491,86.3597709407971,31142500,51.4214281439964,0.46385894519963244,0.5461657753267396,-0.08230683012710716,-0.02137070516647621,-0.0025218285351680247,-0.007940872498432783,0.005988589816551704,0.13365003094172034,-,-
2018-05-04,88.403564453125,88.5986534283755,86.32260120838384,86.69420229406627,22531300,54.21056779091129,0.5084563530164559,0.5386238908646829,-0.03016753784822701,0.0038725363630067733,0.004634916199035111,0.0050837387119360145,0.011587053760842458,-0.27650959299991973,-,-
2018-05-07,89.38832092285156,89.84352863166957,88.34783907213622,88.41286874482451,24242000,56.807766447091076,0.6161590393124641,0.5541309205542392,0.06202811875822489,0.019824468133734285,0.014050723742663251,0.02346127011237109,0.011139329910715423,0.0759254903179134,-,-
2018-05-08,89.00743103027344,89.33258649330108,88.31068147413364,89.04459185712525,23484600,55.49658894011045,0.6631353515117979,0.575931806745751,0.08720354476604697,0.007145148905008503,-0.005687022161197541,-0.00042058298644109815,-0.004261069999366707,-0.031243296757693217,-,-
2018-05-09,90.05718231201172,90.08505115323554,88.30137443789866,89.1932127955671,27327400,58.34985298472724,0.7761238994817319,0.6159702252929472,0.16015367418878468,0.001669061931131255,0.008423182284002184,-0.00010538970008644455,0.011793973487238762,0.16363063454348814,-,-
2018-05-10,90.95832061767578,90.99547435076292,90.15938068996718,90.54026669957607,22388100,60.6803473513794,0.9276886506281556,0.6783139103599889,0.24937474026816675,0.015102650322692535,0.010106262758054596,0.02104164588485813,0.010006290253918637,-0.18074533252340141,-,-
2018-05-11,90.76323699951172,90.92117228147681,90.15010109155699,90.85614260809218,16778300,59.89896273881228,1.0203017863949952,0.7467114855669902,0.27359030082800506,0.003488789242958923,-0.0008165468647340912,-0.0001029243805711344,-0.002144758355687504,-0.2505706156395585,-,-
2018-05-14,91.06980895996094,91.68295195873316,90.40092826591955,90.96761846016557,19454100,60.75423793205006,1.1056904475997698,0.8185072779735462,0.2871831696262236,0.001226948986313925,0.008378462993173796,0.00278232826503233,0.0033777107404275863,0.15947980427099284,-,-
2018-05-15,90.41019439697266,90.90256279829455,89.49977213754097,90.3358727660597,24594000,57.89322073530977,1.1073711093582972,0.8762800442504964,0.23109106510780075,-0.006944731595699749,-0.008511824104331378,-0.009968438882925756,-0.007242955382483318,0.2642065168781902,-,-
2018-05-16,90.64348602294922,90.87674254533539,90.14898333443841,90.83942064754271,17384700,58.63516080897026,1.114678411562025,0.9239597177128022,0.1907186938492228,0.005574174091249828,-0.00028404317946961744,0.007253774857658213,0.0025803685915355423,-0.29313247133447184,-,-
2018-05-17,89.73843383789062,91.00734966658976,89.41187618750988,90.27959058333468,17246700,54.61461653889799,1.0355027228957425,0.9462683187493903,0.0892344041463522,-0.00616285375024761,0.0014371897318965488,-0.008176544201213942,-0.009984746006232115,-0.007938014460991516,-,-
2018-05-18,89.9063720703125,90.43819652359427,89.57981444433639,89.57981444433639,17865800,55.228086112380005,0.9750666694285144,0.9520279888852152,0.02303868054329916,-0.007751210816052012,-0.006253925041006192,0.0018782544778987997,0.0018714192485824732,0.035896722271506976,-,-
2018-05-21,91.06334686279297,91.44589098452859,90.31693024625346,90.50353262078227,19422500,59.308803181162126,1.0088988996514416,0.9634021710384606,0.04549672861298104,0.010311677716410728,0.011142354665060417,0.008228592640980636,0.012868662874925496,0.08713295794198972,-,-
2018-05-22,90.97002410888672,91.5951497456238,90.6901134950288,91.13796905351695,15441200,58.84292389431888,1.0164636592050869,0.9740144686717859,0.042449190533300984,0.007010073688427543,0.0016322085059072844,0.004131930168107312,-0.0010248113771489376,-0.20498391041318054,-,-
2018-05-23,92.05233764648438,92.1176491739923,89.86905336414888,90.23293289146768,21251200,62.52001104975119,1.097145235538889,0.9986406220452065,0.09850461349368256,-0.009930396424763677,0.0057044442835627596,-0.009053468997201386,0.011897474450508927,0.3762660933088102,-,-
2018-05-24,91.72576904296875,92.31357988430622,90.32623026785639,92.11764531000117,26649300,60.7561843085963,1.1218031604710887,1.023273129730383,0.09853003074070577,0.020887190055103533,0.002126961685092965,0.005087144980319591,-0.0035476405256514854,0.25401389098027405,-,-
2018-05-25,91.77244567871094,92.35092441018995,91.30593263931873,91.71646639187958,18363900,60.92586641004038,1.1320614582353414,1.0450307954313747,0.08703066280396676,-0.004355071352198703,0.00040453989467770235,0.010846266566833407,0.0005088715660734877,-0.3109049768661841,-,-
2018-05-29,91.44587707519531,92.2576051111948,90.71811795943444,91.2872572507059,28671000,59.00364584005939,1.1011465441435746,1.0562539451738147,0.044892598969759945,-0.0046797391794378695,-0.0010104858136628092,-0.00643785855850465,-0.0035584602883845795,0.5612696649404538,-,-
2018-05-30,92.3228988647461,92.60280944848304,91.35255830954752,91.72576292996766,22158500,62.43167115963017,1.1343386311965986,1.0718708823783716,0.06246774881822703,0.004803580395207563,0.0037417439664966246,0.00699353518772039,0.009590610507564046,-0.22714589655052142,-,-
2018-05-31,92.22026824951172,93.29324936174639,92.00567629811802,92.64013413782375,34140900,61.78063904375593,1.1392298340120846,1.0853426727051143,0.053887161306970244,0.009968532053030943,0.007455928360871722,0.007149421982878934,-0.001111648534614651,0.5407586253582146,-,-
2018-06-01,94.03968048095703,94.10499200864074,92.52817597373387,92.63080939129719,28655600,68.12620166782457,1.2752175944641664,1.1233176570569248,0.15189993740724161,-0.00010065558101080008,0.008700979464728364,0.005678993912536789,0.01972898437600179,-0.16066653193090985,-,-
2018-06-04,94.8607406616211,95.03801785886627,94.09565971547933,94.47820374776153,27281600,70.50604460704358,1.4327259956181706,1.185199324769174,0.2475266708489967,0.019943627488565374,0.009914732792707381,0.016940609984470223,0.008730997132963658,-0.047948743003112804,-,-
2018-06-05,95.34593963623047,95.47656272102962,94.73013899209943,95.1686623989641,23514400,71.84392166886309,1.5785079831507716,1.2638610564454935,0.31464692670527805,0.007308126359450773,0.004614415073498357,0.00674291756430212,0.005114855431501697,-0.13808574277168495,-,-
2018-06-06,95.62581634521484,95.72844975708516,95.0753345164761,95.61649121207918,21122900,72.61556834188062,1.6970622922402896,1.3505013036044529,0.34656098863583673,0.004705633155142053,0.0026382080468430047,0.0036439883657879424,0.0029353815175787723,-0.10170363692035522,-,-
2018-06-07,94.1236572265625,95.81243907163473,93.65714424188171,95.77511717864948,28232200,62.68559783213852,1.6507766241730337,1.4105563677181692,0.24022025645486456,0.0016589812547969096,0.000877370465756977,-0.014916489979308278,-0.015708719423941586,0.33656836892661524,-,-
2018-06-08,94.82343292236328,95.12200096740295,93.806437965905,94.31959801165438,22165100,65.08115060438908,1.6515232175269858,1.4587497376799325,0.1927734798470533,-0.015197258013061155,-0.007206142656649872,0.0015940452298837116,0.007434642006274528,-0.2149000077925206,-,-
2018-06-11,94.28228759765625,94.78611541325662,93.92773313384797,94.24496570049622,23490900,61.77818436820028,1.590119089921373,1.4850236081282207,0.10509548179315242,-0.0007912704541948035,-0.00353110269685597,0.0012930367101995355,-0.005706873375382782,0.05981475382470647,-,-
2018-06-12,94.52486419677734,94.65548727064028,94.00237190132559,94.32892958598293,18325200,62.692230001477085,1.5432402674830854,1.4966669399991936,0.04657332748389176,0.0008909110938990494,-0.0013781358382166653,0.0007946403579361938,0.002572875619610171,-0.21990217488474262,-,-
2018-06-13,94.09565734863281,95.1779707721775,93.82507899274664,94.90739241629133,29492900,59.95997980514075,1.454686338740899,1.4882708197475347,-0.03358448100663569,0.006132401086785588,0.005519843768204691,-0.0018860471815014268,-0.004540676696990875,0.6094176325497129,-,-
2018-06-14,94.62748718261719,95.19663356380008,94.23561800428817,94.84208627651519,25691800,62.16058387113495,1.4111540298876122,1.4728474617755503,-0.06169343188793808,-0.0006881038253552241,0.0001960831006500019,0.004375578640048561,0.005652012526081718,-0.1288818664831196,-,-
2018-06-15,93.42389678955078,94.73013469673758,93.36791750386777,94.71147730765121,65738600,54.817812231208244,1.2649530838475442,1.431268586189949,-0.16631550234240478,-0.0013771203691490541,-0.004900371469016895,-0.009207776409774437,-0.01271924711203265,1.558738585852295,-,^
2018-06-18,94.1050033569336,94.33825985799314,92.76144363293514,93.31193267701586,23586000,57.85200321601286,1.1903260507715032,1.3830800791062599,-0.19275402833475663,-0.01477692746877135,-0.004136749514808136,-0.006495527448253435,0.007290496230499599,-0.6412153590128175,-,^
2018-06-19,94.1050033569336,94.23562642805305,92.83608742169584,92.97604274601625,28653100,57.85200321601286,1.118292608324225,1.330122584949853,-0.21182997662562797,-0.0035996460620126847,-0.0010879300730645136,0.0008046855011880627,0.0,0.21483507165267524,-,^
2018-06-20,95.0473403930664,95.65380146567729,94.34757104612594,94.58082749510609,26180800,61.951868193305856,1.124284260476415,1.2889549200551655,-0.1646706595787506,0.017260196301037034,0.015049245082559004,0.016281207732984138,0.010013676239493785,-0.08628385759307022,^,v
2018-06-21,94.36625671386719,95.59785084888512,94.12366794105976,95.24330350280046,23198200,57.59143709691782,1.0618347570073752,1.2435308874456075,-0.1816961304382323,0.007004337192214161,-0.0005849283137194794,-0.002373172966548376,-0.0071657310597288415,-0.11392318034590232,-,v
2018-06-22,93.68514251708984,94.02102532254818,92.95737626973063,93.68514251708984,38923100,53.533504420333266,0.9464725063185426,1.1841192112201946,-0.23764670490165196,-0.016359795685423673,-0.016494361665404744,-0.012391056328780792,-0.007217772755812368,0.677850005603883,-,v
2018-06-25,91.80042266845703,93.40522844170944,90.783427799607,93.3025950177161,35433300,44.24364086585853,0.6949549429954089,1.0862863575752375,-0.39133141457982856,-0.004083331562461545,-0.00654956568199716,-0.02338650849842805,-0.020117596002898863,-0.08965884012321734,v,v
2018-06-26,92.4441909790039,93.37721670842036,92.13629077987534,92.20160229619763,26897200,47.58922326746033,0.5413320455864863,0.9772954951774873,-0.435963449591001,-0.011800236867039016,-0.00029989470350211267,0.014902091858159494,0.0070126944063415575,-0.24090615325132003,-,v
2018-06-27,91.00736999511719,93.32127082189612,90.8767469057873,92.91074416332698,31298400,41.590857442399326,0.30018500137387605,0.8418733964167651,-0.541688395042889,0.007691209799708609,-0.0005991385104028302,-0.013670442595711152,-0.015542577296317694,0.16363041506179088,-,v
2018-06-28,92.02433013916016,92.47218564576498,90.74608937606685,90.85804791390171,26650700,46.71063219563408,0.1889562460155929,0.7112899663365306,-0.5223337203209377,-0.02209320641988244,-0.009098517076043922,-0.0014377443534142609,0.01117448118869424,-0.14849640876210923,-,v
2018-06-29,92.00570678710938,93.21864359739291,91.74446061096818,92.30427486247426,28053200,46.63002491411127,0.09817223870786052,0.5886664208107967,-0.49049418210293616,0.015917433642675283,0.008072242982202216,0.011001810014797497,-0.00020237422019397933,0.05262525937405016,-,-
2018-07-02,93.31189727783203,93.35854428929365,91.43651372760796,91.52981486895197,19564500,52.78431762319039,0.13012392752773394,0.49695792215418416,-0.3668339946264502,-0.00839029389133028,0.0015007801712387803,-0.0033565719533306115,0.014196842090947959,-0.3025929305747651,-,-
2018-07-03,92.41622161865234,93.8903971845078,92.31358819642897,93.75044898913318,14670300,48.64219237475673,0.08222449806426368,0.4140112373362001,-0.3317867392719364,0.024261319913741808,0.005696885049600642,0.009592168741623608,-0.009598729479402324,-0.25015717242965574,-,-
2018-07-05,93.07865905761719,93.22793948926052,92.39754706768208,92.83607034797181,18977400,51.663351699487976,0.09660343594546816,0.3505296770580537,-0.25392624111258555,-0.009753325461591689,-0.007055649087791771,0.0009094963471083517,0.0071679779519480125,0.2935931780536185,-,-
2018-07-06,94.3849105834961,94.6368244634005,92.9946967623208,93.19996361475866,19234600,57.03105462594324,0.21097049263539702,0.3226178401735224,-0.11164734753812539,0.003919740090493784,0.015112261215451062,0.006462830600917346,0.014033845557125169,0.013552962998092388,-,-
2018-07-09,95.02869415283203,95.4019059666061,94.46887999138256,94.84209180515663,18212000,59.422679519636986,0.3495260440900694,0.3279994809568318,0.021526563133237586,0.01761940806313711,0.00808439534550831,0.01585233653516327,0.006820831479905198,-0.05316460960976577,-,-
2018-07-10,95.28063201904297,95.64451164432027,95.03804322938325,95.16866631956358,19293100,60.35269522308787,0.4741953681002684,0.35723865838551916,0.11695670971474925,0.003443349974585841,0.002542985648516405,0.006024875472775859,0.002651176767785035,0.059361959147814725,-,-
2018-07-11,95.1500015258789,95.48588436133518,94.32893403042763,94.37558818118698,19644600,59.59006055017325,0.5560461624643978,0.3970001592012949,0.15904600326310286,-0.00833339552866641,-0.0016585089960519106,-0.007461319434409197,-0.001371007836492466,0.018218948743333074,-,-
2018-07-12,97.21197509765625,97.41724194368088,95.84975807762908,95.88707285106717,24335900,66.73543424614746,0.7783254895585543,0.4732652252727468,0.3050602642858075,0.016015631785821105,0.02022662925796559,0.016122561574912764,0.021670767616504216,0.23880862934343283,-,-
2018-07-13,98.36892700195312,98.52753970633557,97.11866851709442,97.37992176471764,24635200,69.94649665412472,1.0358986129573111,0.5857919028096596,0.45010671014765147,0.015568823505220264,0.011397343432249851,0.013238535651155736,0.011901331118256087,0.012298702739574008,-,-
2018-07-16,97.88375854492188,98.73280848137964,97.51987186538481,98.3409392799376,21786900,67.02461158242346,1.1871929083588952,0.7060721039195068,0.4811208044393884,0.009868743964920323,0.0020833644649593808,0.004131063104718891,-0.004932131231050407,-0.11561911411313897,-,-
2018-07-17,98.85409545898438,99.36726257316333,97.33326573998045,97.6038441166909,25901700,69.74659860817295,1.3696048547855355,0.8387786540927126,0.5308262006928229,-0.007495303264782649,0.006425970268062908,-0.0019135189765421279,0.009913155445672617,0.18886578632113804,-,-
2018-07-18,98.07968139648438,98.94739573483126,97.70646962716118,98.84476232030683,29493900,65.12612265318623,1.435135544523959,0.9580500321789619,0.4770855123449972,0.012713825104391896,-0.004225404096474206,0.003834289174861727,-0.007833909752594015,0.13868587776091923,-,-
2018-07-19,97.40790557861328,98.25695544773257,96.93206037550269,97.90240816765522,40171600,61.33055780923404,1.4165334778560918,1.049746721314388,0.3667867565417038,-0.009533678168984872,-0.006977852039168453,-0.007925874863901727,-0.0068492862976935465,0.36203079280800443,-,-
2018-07-20,99.15267181396484,100.95341231368171,98.97540171104927,100.8414537472979,56004000,66.7505989620859,1.5250000087528264,1.1447973788020758,0.3802026299507506,0.030020156139669574,0.02744291082155015,0.02108013930201147,0.017911957196774297,0.3941192285096935,-,^
2018-07-23,100.73881530761719,100.89742801439125,99.02204381803718,99.1806636432345,29707000,70.76261867218417,1.71913195685498,1.2596642944126566,0.4594676624423235,-0.016469319335927435,-0.0005545557897191911,0.0004712494840291015,0.015996981872846927,-0.46955574601814154,-,^
2018-07-24,100.44956970214844,101.53187602184825,100.07635792629857,101.29861955174489,26316600,69.1245926550939,1.8285646661072548,1.3734443687515763,0.4551202973556785,0.021354524467883662,0.006288049358071923,0.010647266685373635,-0.0028712428728242534,-0.11412798330359852,-,^
2018-07-25,103.40727233886719,103.7058403713886,100.39359525443446,100.72948518082397,30702100,75.39634556877459,2.129406290631678,1.5246367531275968,0.6047695375040814,-0.005618382298193114,0.021411643660288027,0.0031699527711581688,0.029444652132297744,0.16664386736888503,^,v
2018-07-26,102.27831268310547,103.56588600047898,102.16634700047251,103.32329724731929,31372100,69.58594132950721,2.2507822200344094,1.6698658465089595,0.5809163735254499,0.02575027621593673,-0.001349532200003556,0.01765801634601538,-0.010917604054597851,0.021822611482602117,-,v
2018-07-27,100.46823120117188,102.80079599770872,99.03137043229444,102.80079599770872,37005300,61.41395710815505,2.1758334172180867,1.771059360650785,0.4047740565673017,-0.005056954854623763,-0.007387471225483666,-0.030685021635975418,-0.017697607972296803,0.17956081996423578,-,v
2018-07-30,98.31295776367188,100.32829033649827,97.74381130188864,100.01106489533325,34668300,53.37607580163846,1.9203863782056771,1.8009247641617636,0.11946161404391353,-0.02713725195705341,-0.02405142525613868,-0.0130015279480159,-0.021452288068896208,-0.06315311590501904,v,v
2018-07-31,98.97537231445312,99.57250821922395,98.32225002469526,99.35790916668685,27655200,55.31195406205966,1.7512072505151934,1.7909812614324496,-0.039774010917256186,-0.006530834656444884,-0.0075330907637262134,0.005917906362583603,0.006737815297690242,-0.20229143049990916,-,v
2018-08-01,99.1620101928711,99.3206229173286,98.3596071982432,98.92875367393098,23628700,55.867957978228056,1.6135912148421312,1.755503252114386,-0.14191203727225488,-0.004319288684264677,-0.002529667138049585,0.0003799462841680423,0.0018857001903969106,-0.14559648818305415,-,v
2018-08-02,100.3656005859375,100.85077094507196,97.81843662481825,98.34093599437423,26104300,59.37799314579862,1.5833967884501021,1.7210819593815294,-0.1376851709314273,-0.00594182841415547,0.015406146103382756,-0.005501959481540308,0.012137615914858957,0.10477089302416132,-,v
2018-08-03,100.80412292480469,100.81345517731803,99.66583014455634,100.58019869344496,18659600,60.60732904929407,1.5766776177283788,1.6922010910508993,-0.11552347332252055,0.022770402543238255,-0.0003700097421590609,0.018885944035517133,0.0043692493873108695,-0.28519056247438157,-,-
2018-08-06,100.88809204101562,101.1586704170525,100.35626754147363,100.87876690690686,20265900,60.85163573664145,1.5601438651201818,1.6657896458647559,-0.10564578074457409,0.002968459173280147,0.003424297273883603,0.006927523664989943,0.0008329928754360338,0.08608437479903097,-,-
2018-08-07,101.58786010742188,101.79312694978074,100.92541255516919,101.28929209628794,16080200,62.915727096579936,1.58523260709066,1.6496782381099369,-0.06444563101927692,0.004069490557511601,0.006271894738360206,0.005671245330645114,0.0069360818729902185,-0.20653906315534964,-,-
2018-08-08,102.1570053100586,102.39959404080795,101.475900379293,102.00772486542861,15487500,64.55273822190097,1.632225596513294,1.6461877097906084,-0.013962113277314447,0.007092879753347603,0.005957839288367683,0.005454402515549628,0.00560249228633114,-0.03685899429111583,-,-
2018-08-09,102.324951171875,102.78213899898451,102.25963964206262,102.36227306297106,13677200,65.04311010460802,1.6638399949065388,1.6497181668137946,0.014121828092744204,0.0034756994924665108,0.003735805417588889,0.007723402895073672,0.0016439975046906863,-0.11688781275221949,-,-
2018-08-10,101.69983673095703,102.34362696614032,101.12135803279064,102.09170595305831,18183700,61.625830156001,1.6197812918661185,1.6437307918242594,-0.023949499958140885,-0.0026432307706404368,-0.004266422523552693,-0.011131289072172423,-0.006109110571359766,0.32948995408416937,-,-
2018-08-13,100.96272277832031,102.24097070992525,100.860089369002,101.92373823064445,18472500,57.77146860524901,1.508002205890591,1.6165850746375259,-0.10858286874693479,-0.0016452631567455134,-0.001003054701677053,-0.002583713953919764,-0.007247936440514913,0.01588235617613587,-,-
2018-08-14,102.22229766845703,102.39957483672984,100.80410167753898,101.28927192962578,16788300,62.13016956390564,1.5037196972210722,1.5940119991542352,-0.09029230193316296,-0.006224911998252258,0.0015512775915886845,-0.0005551025367247497,0.012475643044040252,-0.09117336581404789,-,-
2018-08-15,100.83612823486328,102.08182265533847,100.04936671822058,101.61351444056571,29982800,55.358268551216455,1.3726504299457787,1.549739685312544,-0.17708925536676534,0.0032011535354425913,-0.003103061530265183,-0.007487145331969813,-0.01356034314636112,0.7859342518301435,-,-
2018-08-16,100.81736755371094,101.9600404650918,100.49892147457308,101.43553767789318,21384300,55.27046377528475,1.252821514581811,1.4903560511663974,-0.23753453658458645,-0.0017515068113959087,-0.0011929860486313837,0.004493329354283926,-0.00018605118503411955,-0.2867810878236856,-,-
2018-08-17,100.76117706298828,101.06089397469573,99.92758917899523,100.55512034634913,18061500,54.98913675355239,1.1401788606682715,1.4203206130667723,-0.2801417523985008,-0.00867957474962866,-0.008818616453020178,-0.0056849594721510854,-0.0005573493147668085,-0.1553850254626058,-,-
2018-08-20,100.09622192382812,101.06093591039223,99.73094200941682,100.69565599598093,17914200,51.639377877117774,0.9858877234449608,1.33343403514241,-0.3475463116974493,0.0013975981446567864,4.149547352394478e-07,-0.0019678966659164576,-0.006599318889898176,-0.008155468814882494,-,-
2018-08-21,99.26263427734375,100.54579449598543,99.14086954127912,100.14304905647025,22881900,47.71529756224223,0.7872721458616212,1.2242016572862524,-0.4369295114246312,-0.005487892541588213,-0.005097334689870281,-0.005916643884522732,-0.008327863234625643,0.2773051545701175,-,-
2018-08-22,100.27415466308594,100.53640612526557,99.07528675265534,99.14084961820025,18000600,52.43834094475542,0.7033809731605345,1.1200375204611088,-0.41665654730057433,-0.010007678493041072,-9.33740766276836e-05,-0.0006615111298420295,0.010190343960809756,-0.21332581647503046,-,-
2018-08-23,100.74246215820312,101.32316692441043,100.09620167274169,100.35845313302359,18167700,54.488147869329396,0.6669963961743122,1.0294292956037496,-0.36243289942943746,0.012281552150424702,0.007825630828344643,0.010304435682685353,0.004670271184939567,0.009283023899203435,-,-
2018-08-24,101.52922821044922,101.6790831319401,100.74246664871791,100.84549503353767,17234000,57.78023245766901,0.6936508269634487,0.9622736018756896,-0.26862277491224085,0.004853023191464745,0.0035126834102530147,0.006456438557870037,0.007809676628814044,-0.05139340698052042,-,-
2018-08-27,102.65315246582031,102.6906179780244,101.63224405506799,102.34406734949839,19662300,62.008031947127535,0.7962868506373724,0.9290762516280262,-0.13278940099065384,0.01486008190511967,0.009948308097661673,0.00883219793945167,0.011069957638616401,0.14090170593013807,-,-
2018-08-28,103.27132415771484,103.49611008829989,102.83111331536618,102.9716072016628,19151500,64.1353013021959,0.9169380371924376,0.9266486087409085,-0.009710571548470881,0.0061316680919218935,0.007843872460168155,0.011796150635507097,0.006021945522816319,-0.02597864949675266,-,^
2018-08-29,104.9197769165039,104.92914508230857,103.28069804571155,103.44928930111143,20818000,69.10343196248546,1.1325163887592993,0.9678221647445867,0.16469422401471256,0.004638969055937192,0.013846269128241273,0.0043720690737496515,0.015962347459315573,0.08701668276636298,-,^
2018-08-30,104.8542251586914,105.47239554260283,104.37655583928809,104.59197365490506,22798700,68.6959116752361,1.2832814369276662,1.0309140191812027,0.25236741774646343,0.011045840541906493,0.005177307599982139,0.010610480121769905,-0.00062477980547615,0.09514362570852142,-,v
2018-08-31,105.21012878417969,105.63160333332333,104.45146459157802,104.61069482077622,23222700,69.73933569050888,1.4151690836862514,1.1077650320822126,0.30740405160403883,0.0001789923759629719,0.0015094735442524598,0.0007176779468107686,0.003394270712025582,0.018597551614785157,^,v
2018-09-04,104.62942504882812,104.86357916642352,103.23386850878822,103.82393431263465,22634600,65.88077480961898,1.4560486333558202,1.1774217523369341,0.2786268810188861,-0.007520842008453155,-0.007270780170554492,-0.011657051316138034,-0.005519466063412692,-0.025324359355285986,-,v
2018-09-05,101.61351013183594,104.35779643987068,101.24823031146748,103.97378743586465,32872400,50.31162097257037,1.2308978183983612,1.1881169655492196,0.04278085284914157,0.0014433389008237096,-0.004823244929968884,-0.019234367809743635,-0.028824729903511703,0.4523075291809884,v,v
2018-09-06,101.8476791381836,102.08183326991757,100.69564481170993,101.38873904081375,23477600,51.27446934456134,1.0591504303380646,1.1623236585069887,-0.10317322816892416,-0.024862501009165094,-0.021809229857248758,-0.005457729957922708,0.002304506615742774,-0.2857959869069493,-,v
2018-09-07,101.35127258300781,101.82894900814723,100.43339239677421,101.37000891503043,22498600,49.1022808192868,0.8729210372245149,1.1044431342504941,-0.23152209702597926,-0.00018473576020883176,-0.0024772699869297643,-0.0026044067290705852,-0.004874009495123288,-0.04169932190683889,-,v
2018-09-10,102.44710540771484,102.69062768715796,101.49175976654027,101.94133166386366,20727900,53.75934086547745,0.8044838629700166,1.0444512799943986,-0.23996741702438196,0.005636013599566114,0.008462020745611198,0.010538002794776125,0.010812225606832149,-0.07870267483310067,-,v
2018-09-11,104.18922424316406,104.51703861034544,101.98817675401231,101.997544920451,24301800,60.0219246977556,0.8806695296956946,1.0116949299346578,-0.13102540023896325,0.0005514275286564452,0.017785565872199705,0.004891204848688657,0.01700505669258301,0.17241978203291208,-,-
2018-09-12,104.62942504882812,104.76055078301623,103.50548814269686,104.36717358045193,18891100,61.442916121449905,0.9654387684118575,1.0024436976300979,-0.03700492921824039,0.02323221271501219,0.0023298801411570924,0.014877326342877861,0.004225012796301275,-0.22264605913965219,-,-
2018-09-13,105.75337982177734,106.52140511951798,105.01345187766594,105.01345187766594,26055600,64.87579704459225,1.110511472730579,1.024057252650194,0.08645422008038484,0.006192352202733842,0.01680837226742815,0.01456892539736776,0.010742243612871683,0.3792526639528666,-,-
2018-09-14,106.1842269897461,106.52140953892064,105.31317326201479,106.17485882287525,19122300,66.12101130876792,1.2458865966617907,1.0684231214525135,0.1774634752092772,0.011059601645723172,4.1488399826761224e-08,0.002854123724054025,0.00407407468862786,-0.26609634781006775,-,-
2018-09-17,105.03216552734375,106.49328486645796,104.7699140711762,106.48392384717786,20736500,59.99612667993245,1.245849251212121,1.103908347404435,0.14194090380768598,0.0029109059124647896,-0.0002640283543413613,-0.005158511267028043,-0.010849647777853022,0.08441453172474023,-,-
2018-09-18,106.03435516357422,106.49329525664466,104.63879855234221,105.07900945920886,22170900,63.190443250410624,1.3115690313002943,1.145440484183607,0.16612854711668734,-0.01319367597671628,9.756659036241899e-08,-0.00125146154787259,0.009541740201191695,0.06917271477828946,-,-
2018-09-19,104.62003326416016,106.13735417612023,104.00187024909012,105.8844709303677,21728400,56.35184497126144,1.235288832483917,1.1634101538436692,0.07187867864024788,0.007665293718547295,-0.003342380190852645,-0.006086922939329109,-0.013338336402689999,-0.019958594373706062,-,-
2018-09-20,106.37152862548828,106.586953550484,104.83547823814536,105.16329256242896,23714500,61.85707082998511,1.3011682060245136,1.190961764279838,0.11020644174467553,-0.006810992788668702,0.004236014529038767,0.008015317292455526,0.01674149115309187,0.09140571786233687,-,-
2018-09-21,107.017822265625,107.98253628834294,106.31535976607488,106.77429993161856,71229700,63.677566943694465,1.3895111599373138,1.2306716434113332,0.1588395165259806,0.015319103557291491,0.01309337298206903,0.014116228139559928,0.0060758141627557105,2.0036349069134918,-,-
2018-09-24,107.40181732177734,107.6172422709291,105.10710964866533,105.86576676219383,27334500,64.75394939631204,1.473522924206648,1.2792418995703962,0.19428102463625185,-0.008508912444348371,-0.003382899031362019,-0.011364774761314367,0.003588141190158378,-0.6162485592386322,-,-
2018-09-25,107.19575500488281,107.80455715585558,106.54012631664555,107.52357649481822,22668000,63.66366217139359,1.5061138034208739,1.324616280340492,0.18149752308038192,0.015659544943818604,0.0017405657399667263,0.013633869990053782,-0.001918611081571986,-0.1707183229984086,-,-
2018-09-26,106.75553894042969,107.76707920762652,106.53074586254955,107.21447896925706,19352000,61.289487626829136,1.479367326969438,1.3555664896662813,0.12380083730315672,-0.0028746953518240526,-0.00034764716091617576,-8.804620775582084e-05,-0.0041066557573391504,-0.14628551261690492,-,-
2018-09-27,107.15830993652344,107.62661824220709,106.96161415981678,107.50485350940603,19091300,62.661490406383905,1.4736831034896483,1.3791898124309547,0.09449329105869353,0.0027083519216861696,-0.0013033754505754613,0.004044544077661305,0.003772834647188583,-0.013471475816453027,-,-
2018-09-28,107.12081909179688,107.30813951146175,106.47455149606591,106.9522278557721,21647800,62.439651221825805,1.4494448199476437,1.3932408139342927,0.05620400601335107,-0.005140471667966051,-0.002959107476819711,-0.004553621105821359,-0.00034986409125681295,0.13390916281238052,-,^
2018-10-01,108.2822265625,108.34778942708131,107.45800667264689,107.47673585717742,18883100,66.40724528270468,1.5065847114742752,1.4159095934422892,0.09067511803198602,0.004904133480161166,0.009688453460778845,0.009236528003757849,0.010842033141175378,-0.12771274679182176,-,^
2018-10-02,107.85137939453125,108.49763984841243,107.186382611079,107.99187328305011,20787200,63.71828133827332,1.4998138015620412,1.4326904350662397,0.06712336649580153,0.0047930133136648845,0.001383050103038519,-0.002527722874995697,-0.003978927859597192,0.10083619744639383,-,^
2018-10-03,107.87010955810547,108.81609412718814,107.64532362192308,108.10426365915849,16648000,63.78693091406216,1.47891120654198,1.441934589361388,0.036976617180592086,0.0010407299428336625,0.002935126323675208,0.004281710042490561,0.00017366642577387736,-0.19912253694581283,^,v
2018-10-04,105.64099884033203,107.48613488947184,104.55452003432994,107.34564095478973,34821700,51.3372698385631,1.2678600425695095,1.4071196800030124,-0.1392596374335029,-0.007017509566140889,-0.01222208211371556,-0.028712845886819993,-0.02066476734755429,1.0916446419990389,-,^
2018-10-05,105.02279663085938,105.99687856542401,103.62724016550584,105.49110484098759,29068900,48.50954824505486,1.0387427430597143,1.3334442926143528,-0.29470154955463856,-0.017276305747554344,-0.013855334230589267,-0.008868864478739247,-0.005851915603401481,-0.16520732761467705,-,^
2018-10-08,103.82393646240234,104.9291442061696,102.40964356201331,104.58260067827553,29640600,43.504991382477506,0.7517617941872601,1.2171077929289342,-0.46534599874167415,-0.008612139991153733,-0.010073262285694384,-0.011749773530085994,-0.011415237519058485,0.019667066865275196,v,v
2018-10-09,105.14456939697266,105.91259463461084,103.77711017609573,104.09555635339649,26198600,49.66532133856178,0.6237017202593194,1.0984265783950113,-0.474724858135692,-0.004657030153393471,0.00937251929272298,0.01335290863749905,0.012719927403721076,-0.11612450490206006,^,v
2018-10-10,99.43122100830078,104.43275018821952,99.08467029616844,104.18922787305037,61376300,32.93396416192961,0.06049635816805221,0.8908405343496195,-0.8303441761815673,0.0008998608868171498,-0.01397231794289111,-0.045216520983913044,-0.054338026409154416,1.3427320543845855,-,v
2018-10-11,99.1970443725586,102.02562269989949,97.5954240722324,98.67253433988063,63904300,32.45140675362843,-0.4001315786084376,0.6326461117580081,-1.0327776903664456,-0.05294878986810014,-0.023049546085702532,-0.0150300366291235,-0.002355162024236246,0.04118853694341307,v,v
2018-10-12,102.62508392333984,104.18923198135916,100.33037603682372,102.10058089689451,47742100,45.12658114031487,-0.4830006637287454,0.40951675666065745,-0.8925174203894028,0.034741649030781696,0.021206528558259885,0.028023362679044483,0.03455787994959225,-0.2529125583098477,-,v
2018-10-15,100.77995300292969,102.5407969287843,100.17115073379523,102.00692570879646,32068100,40.6997273326009,-0.6896122350240574,0.1896909583237145,-0.879303193347772,-0.0009172835969721849,-0.01582154912966227,-0.0015870099297748963,-0.017979336531295353,-0.32830562543331776,-,v
2018-10-16,103.96443176269531,104.3484479586577,102.044365074517,102.59697252673806,31610200,49.84457572318686,-0.5895960751741427,0.03383355162414305,-0.6234296267982857,0.0057843799706898125,0.017628603287809685,0.018700137983837628,0.03159833543158186,-0.01427898752966339,-,v
2018-10-17,103.69279479980469,104.72307135115852,102.6063235543564,104.60131379868197,26548200,49.14832804355172,-0.5261858378565165,-0.07817032627198886,-0.4480155115845277,0.01953606644115702,0.0035901194491099186,0.005507001581410487,-0.002612787453219134,-0.1601381832446489,-,^
2018-10-18,101.6229019165039,103.52423248644962,100.99537050445814,103.121487059381,32506200,44.093941342481926,-0.6356286928953949,-0.1896619995966701,-0.44596669329872485,-0.014147305474088823,-0.011447705355097426,-0.01570032912293995,-0.019961781214374974,0.2244219947115058,-,^
2018-10-19,101.77274322509766,103.83329648263013,101.35126155027318,102.02562651333942,32785500,44.53859203928309,-0.7021777348426497,-0.292165146645866,-0.41001258819678366,-0.01062688851073823,0.0029854265881272823,0.0035238352415305485,0.0014744836623230562,0.008592207025121423,-,v
2018-10-22,102.6812515258789,103.53357586465025,101.37935532479275,102.39090273372493,26545600,47.276664906633556,-0.673841675510019,-0.3685004524186966,-0.30534122309132233,0.0035802399148978648,-0.002886555932759216,0.00027719215419574894,0.008926833177443694,-0.19032499123087954,^,^
2018-10-23,101.24826049804688,102.06311957263827,98.44777865833608,100.93917528225516,43770400,43.618804525578675,-0.7582746263954476,-0.4464552872140468,-0.3118193391814008,-0.01417828549910427,-0.014202699749637837,-0.028916899866493262,-0.013955722262217196,0.6488758965704298,-,^
2018-10-24,95.83460235595703,101.61352458837928,95.15086914994741,101.53860069735359,63897800,33.175648739499906,-1.2476432616274309,-0.6066928820967237,-0.6409503795307072,0.005938481401519757,-0.004405068022039216,-0.033488917203816415,-0.05346914717803253,0.45984044011478087,v,^
2018-10-25,101.43557739257812,102.34408946302068,99.42185033785012,99.79649839502558,61646800,47.247686747152265,-1.170032152273862,-0.7193607361321513,-0.4506714161417106,-0.017157044615185524,0.00718964210326134,0.04488641276804417,0.058444182987450466,-0.035228129919965934,^,v
2018-10-26,100.18050384521484,101.85704830235628,98.11995032409172,98.99100398851006,55523100,44.962794289220376,-1.1960118549657182,-0.8146909598988648,-0.3813208950668534,-0.00807136943149167,-0.004758859678363536,-0.01309470714268901,-0.012373109905076674,-0.09933524530064819,-,v
2018-10-29,97.26761627197266,101.81020459582342,95.18832662313869,101.25760432390224,55162000,40.114132930026166,-1.4351036580175247,-0.9387734995225968,-0.4963301584949279,0.02289703350877481,-0.0004598965639942554,-0.029877957451770243,-0.029076391727304363,-0.006503599402771121,-,v
2018-10-30,97.15522766113281,97.7640226379727,93.76467353410844,97.08966479535853,65350900,39.93519285723774,-1.6150373113243432,-1.0740262618829461,-0.5410110494413971,-0.04116174342038881,-0.03974240081250857,-0.014956173089024416,-0.0011554576450767406,0.18470867626264464,v,v
2018-10-31,100.04002380371094,101.28572568442392,98.7100298530549,98.75686354467975,51062400,46.52859148447403,-1.5074797997057914,-1.1607169694475152,-0.34676283025827614,0.017171742768246956,0.036022485076052435,0.05274221231248144,0.02969264971144936,-0.2186427424870966,-,v
2018-11-01,99.2063980102539,100.51766227566462,98.84111822039301,100.2647790156899,33384200,44.991634489943166,-1.4725319003407549,-1.2230799556261633,-0.24945194471459153,0.015268968827953255,-0.007583135763398308,0.0013280146661212022,-0.008332922781912666,-0.3462077771510935,-,v
2018-11-02,99.43122100830078,100.5176925410706,98.32601314200083,99.7309380324253,37680200,45.51436530041159,-1.4104354790528362,-1.260551060311498,-0.14988441874133818,-0.005324312171286594,3.01095402610585e-07,-0.00521144527365236,0.0022662147054632875,0.12868362878247797,-,^
2018-11-05,100.69563293457031,100.91105070869934,99.18767993240252,99.62789079146985,27922100,48.47961318732157,-1.2448463288934732,-1.257410114027893,0.012563785134419803,-0.0010332524990585013,0.003913322696579069,0.008763365490648711,0.012716447745964699,-0.2589715553526786,-,^
2018-11-06,100.89232635498047,101.94133221831821,99.54359636404165,100.57387304231258,24340200,48.945094658723576,-1.0852343135633191,-1.2229749539349783,0.13774064037165923,0.009495154854003207,0.01020979865320193,0.0035883129021838656,0.0019533460854053164,-0.12828189856780114,-,^
2018-11-07,104.86359405517578,105.12584556078698,102.46585783722465,102.50332335885733,37901700,57.32793117526959,-0.6310185384193971,-1.1045836708318622,0.473565132412465,0.01918440901379026,0.031238686734530896,0.02935659931851342,0.03936144445934153,0.5571646905119925,^,v
2018-11-08,104.66690063476562,105.09774339509299,103.88014615394624,104.71373432111703,25644100,56.830219069846066,-0.28365102689014066,-0.9403971420435179,0.6567461151533772,0.02156428581853098,-0.0002673192833225757,0.013802532341731899,-0.0018757074100155258,-0.32340501877224503,-,v
2018-11-09,102.62508392333984,104.38592061627615,101.86642673925745,103.82395206711075,32039200,51.80246564417202,-0.1711444688896222,-0.7865466074127387,0.6154021385231165,-0.008497283186154503,-0.006772959683262525,-0.019385026775997627,-0.019507759368462496,0.24937899945796493,-,v
2018-11-12,100.09622192382812,102.99036388352044,99.37502311632636,102.48459004530068,33621800,46.33487833015812,-0.2827805220537982,-0.6857933903409507,0.40301286828715244,-0.012900318232389463,-0.013369204625648612,-0.024457553903487916,-0.0246417532910449,0.049395740218232564,v,v
2018-11-13,100.1617660522461,101.84767138489885,99.88077825722907,100.73310266184863,35374600,46.492513526433505,-0.3617935047780918,-0.6209934132283789,0.25919990845028706,-0.017090251155591707,-0.0110951399289545,0.0050893587245830485,0.0006548112122337635,0.05213284238202598,-,^
2018-11-14,98.74137878417969,101.83616036770425,98.27104736741342,101.68565086952887,39495100,43.50983677596638,-0.5328825068747562,-0.6033712319576544,0.07048872508289816,0.009456158725477337,-0.00011302189866557733,-0.016116523298106644,-0.014180932745589847,0.11648188248064995,-,^
2018-11-15,100.914306640625,101.40345532819644,97.7442775158773,98.76018791181835,38505200,48.909723348886494,-0.4875148874121322,-0.58019996304855,0.09268507563641781,-0.028769673328483014,-0.004249031365140099,-0.00536037689276514,0.022006253945417553,-0.025063868682444146,-,v
2018-11-16,101.86436462402344,102.4193521721038,100.4627792107734,100.72616361845134,33502100,51.11021353371354,-0.37062662975678506,-0.5382852963901971,0.167658666633412,0.019906561016149293,0.010018365159445208,0.027812387220873536,0.00941450241323838,-0.1299330999449425,^,v
2018-11-19,98.41214752197266,102.11835417936229,97.405638584379,101.84556109839177,44773900,43.738365089393646,-0.5502143832700881,-0.5406711137661753,-0.009543269503912821,0.011113274245018179,-0.0029388781158830035,-0.03043057986660358,-0.033890331665963336,0.33645055086099074,-,v
2018-11-20,95.6748046875,96.86004172785788,93.45484008726203,95.75946806444051,64052500,38.942093422688274,-0.9030103207296634,-0.613138955158873,-0.2898713655707904,-0.05975805885218266,-0.05149233449521351,-0.04056026483204611,-0.027815090955732757,0.4305767422538578,v,v
2018-11-21,96.99172973632812,98.23340418977172,96.17335061920225,97.45265244113646,28130600,42.224565191775554,-1.0640728282831589,-0.7033257297837302,-0.36074709849942865,0.017681639329455434,0.014178834093139248,0.02908902876942343,0.013764596156005338,-0.5608196401389485,-,v
2018-11-23,96.95410919189453,97.65019761624798,95.94760033815976,96.10751128298509,13823100,42.15484552655464,-1.1811362855715402,-0.7988878409412922,-0.382248444630248,-0.013803022539215837,-0.005936947602844689,-0.0023473267759626104,-0.00038787373455306806,-0.5086098412404997,-,v
2018-11-26,100.1523666381836,100.30286895005918,98.3745145704858,98.57205289170918,32336200,49.75095091226396,-1.0042607787792974,-0.8399624285088932,-0.16429835027040418,0.025643589931980904,0.02716503804975212,0.025294162894877736,0.032987332594217156,1.3392871353025009,-,v
2018-11-27,100.78260040283203,100.96132861112861,99.10822195674872,99.96422127591732,29124500,51.113297690797694,-0.8039634770894537,-0.8327626382250054,0.0287991611355517,0.014123357923138569,0.006564714129934535,0.0074583075653931186,0.006292749595476543,-0.09932212195619772,-,-
2018-11-28,104.52644348144531,104.72398179040619,101.45988102086649,101.48809975404846,46788500,58.33914321226608,-0.33921926605174235,-0.7340539637903528,0.39483469773861046,0.01524423897551297,0.037268261333704755,0.023728193460518687,0.03714771263738981,0.6064996823979811,-,^
2018-11-29,103.65161895751953,104.52643550282014,102.56044684652676,103.78331115344122,28123200,56.24702842705171,-0.041024256280635996,-0.5954480222884095,0.5544237660077735,0.022615571726686046,-0.0018863519530933903,0.01084730057424288,-0.008369408685382829,-0.39892922406146814,-,v
2018-11-30,104.31008911132812,104.38534385181254,102.87087628882739,104.13136089684943,33665600,57.48294309181,0.24559935915758047,-0.42723854599921157,0.6728379051567921,0.0033536195708154803,-0.0013498178745776634,0.003026794947229128,0.0063527242548759855,0.19707572395744433,-,^
2018-12-03,105.43888092041016,106.68996406136925,104.15958622278647,106.2948874410728,34732800,59.590258033080254,0.5574092379700488,-0.2303089892053595,0.7877182271754083,0.020776896850186466,0.022078005632940156,0.012527451699165137,0.010821501723359495,0.031700014257877385,^,v
2018-12-04,102.08071899414062,105.95625212756151,101.78911583668973,105.29779106987006,45197000,51.42430057639076,0.527464923970058,-0.07875420657027601,0.6062191305403339,-0.009380473465908756,-0.006877047342388254,-0.02275806262350688,-0.031849369956841844,0.3012771789202138,v,v
2018-12-06,102.71095275878906,102.75798158331231,98.76957412341969,99.54091717712562,49107400,52.7333950008528,0.5482683409623093,0.04665030293624105,0.5016180380260682,-0.054672313960740904,-0.030184821377022386,-0.029664681616004884,0.006173876622916463,0.08651901674889917,^,v
2018-12-07,98.60026550292969,102.95553128993568,98.11112404885361,101.94902247191541,45044900,44.339879896787664,0.23040117043511543,0.08340047643601593,0.14700069399909949,0.02419211479139527,0.001922475544765323,-0.006666527424156965,-0.04002189781564092,-0.08272683953945836,v,v
2018-12-10,101.20589447021484,101.57275951859671,97.72544541891173,98.58145190399158,40801500,49.79481441087107,0.18659072743587046,0.10403852663598685,0.08255220079988361,-0.03303190640058884,-0.013430767186708104,-0.003931038744901527,0.02642618611617964,-0.09420378333618229,-,^
2018-12-11,102.14656829833984,104.36653304333619,101.06481183778708,103.28477658278342,42381900,51.63755753319528,0.22517942388306267,0.12826670608540203,0.09691271779766064,0.04771003660376616,0.027505145454160607,0.034170899959173884,0.009294654555934478,0.038733870078305976,-,^
2018-12-12,102.60749053955078,104.66753700254216,102.56986316979787,104.31008775491996,36183000,52.55645414347845,0.28961531157922593,0.1605364271841668,0.12907888439505913,0.009927030933883474,0.0028841042279423856,0.01489194215714229,0.004512361490840444,-0.14626290940236275,-,v
2018-12-13,102.95552062988281,104.29126700121132,102.18417757048651,103.07781136325504,31333400,53.27831048326879,0.36456189391377336,0.20134152053008814,0.16322037338368522,-0.011813587910693757,-0.003594906425682831,-0.003760223396933715,0.0033918585134666834,-0.13402979299671114,^,^
2018-12-14,99.73846435546875,102.7768080166258,99.23991427562413,101.82673668565225,47043100,46.270191327436805,0.1624949049757305,0.1935721974192166,-0.031077292443486115,-0.012137187053709253,-0.014521436244205765,-0.028813299327397623,-0.03124704974276349,0.5013723375056649,-,^
2018-12-17,96.78477478027344,99.52210640353869,95.67479262015515,99.15524856200423,56957300,40.94491788240694,-0.23329344170042532,0.10819906959528823,-0.34149251129571356,-0.026235625441824117,-0.031667665846954574,-0.03592427181635194,-0.029614347827417342,0.2107471658968052,v,^
2018-12-18,97.80068969726562,98.30864835222054,96.43672464877022,97.59374278117075,49319200,43.35951539348467,-0.45968376618293405,-0.005377497560356227,-0.45430626862257784,-0.015748090025280326,-0.012192849359496605,0.007963769847300073,0.010496639779330685,-0.13410221341250372,^,^
2018-12-19,97.53734588623047,100.53805588746988,95.33619079935295,97.49971850613892,68198200,42.87019491542226,-0.65282402509159,-0.13486680306660298,-0.5179572220249871,-0.0009634252396965026,0.022677633886917237,-0.011411978718952831,-0.0026926580155038904,0.38279209719541285,-,v
2018-12-20,95.48667907714844,98.12053050741318,92.9186665765358,96.93530059330335,70334200,39.163809560863065,-0.9602911070113009,-0.2999516638555426,-0.6603394431557583,-0.00578891838339024,-0.024045873562172138,-0.02535788563133523,-0.021024427007414914,0.03132047473393729,-,v
2018-12-21,92.40129852294922,96.88825636380257,91.67698423798399,95.59954590428846,111242100,34.35164013318641,-1.4363678552091557,-0.5272349021262652,-0.9091329530828904,-0.013779858120202437,-0.01255877987244991,-0.013363109742099644,-0.032312156879038434,0.5816217430496118,-,v
2018-12-24,88.54458618164062,92.15673504109229,88.40349250394482,91.88394196973444,43935200,29.4761341198805,-2.1006515586000916,-0.8419182334210306,-1.258733325179061,-0.038866334556379445,-0.0488348278757752,-0.03570679992637549,-0.04173872448719673,-0.6050488079602956,v,v
2018-12-26,94.59305572509766,94.71534649103818,88.38468223061419,89.49466470210427,51634800,43.11258500136808,-2.11466370954399,-1.0964673286456226,-1.0181963808983674,-0.02600320813855772,0.02776369463181405,-0.00021277749100001575,0.06830987420336676,0.17524900307725932,-,^
2018-12-27,95.17625427246094,95.18566290913091,90.67988762027444,93.40781094291803,49498500,44.232290138484196,-2.055020197707023,-1.2881779024579028,-0.7668422952491203,0.04372491090769737,0.004965577760275952,0.02596836161804128,0.006165342084498704,-0.04137325989448981,-,^
2018-12-28,94.4331283569336,96.33327103949773,93.61474922018327,96.03225208435443,38196300,43.06901338052686,-2.0441526167633555,-1.4393728453189933,-0.6047797714443621,0.028096591868962628,0.012056522960420812,0.03236507760352181,-0.007807892012644202,-0.22833419194521043,-,v
2018-12-31,95.54312896728516,96.32388088444384,94.48018249056588,95.27974450768663,33173800,45.37971098017495,-1.9237958865171834,-1.5362574535586313,-0.38753843295855206,-0.007835988017929618,-9.747572103147029e-05,0.00924462520694358,0.01175435601535968,-0.13149179370776753,^,v
2019-01-02,95.11981964111328,95.7124345886197,93.06917456384244,93.64297941413524,35329300,44.63567184116709,-1.841343968480274,-1.59727475654296,-0.244069211937314,-0.01717852101733275,-0.006347816244630655,-0.014934432698246902,-0.004430557495315179,0.06497597501642871,-,v
2019-01-03,91.62054443359375,94.24499411374003,91.43240759575788,94.16033074254226,42579100,38.95040355218144,-2.0349053715471683,-1.6848008795438016,-0.3501044920033667,0.005524720930963012,-0.015331764166138462,-0.017586563711938674,-0.03678807656198557,0.2052064433770271,v,v
2019-01-04,95.88175201416016,96.4273381180201,93.0597638342202,93.80288824947351,44060600,47.688301768935844,-1.8234408476193806,-1.7125288731589177,-0.11091197446046297,-0.003796104901607422,0.02315607343182924,0.017798462068911114,0.04650930211023696,0.03479406563313936,-,v
2019-01-07,96.00403594970703,97.1422369920707,94.9881256553517,95.60895932541956,35656100,47.91867267366484,-1.6272287175170135,-1.6954688420305368,0.06824012451352335,0.019253896224844524,0.007413860923710436,0.020721757091139104,0.0012753619221395063,-0.19074865072196023,-,v
2019-01-08,96.70013427734375,97.80070798048162,95.67480814047346,96.92589132952112,31514400,49.28774870101468,-1.3994281368274244,-1.6362607009899144,0.23683256416249,0.013774148504421824,0.006778421094674414,0.007229140278157242,0.007250719417685403,-0.11615684272817273,-,v
2019-01-09,98.08290100097656,98.65670584802626,97.11401952448887,97.6972330084358,32280800,51.98773010770344,-1.0946978220163999,-1.5279481251952116,0.43325030317881175,0.007958056081138754,0.008752471073271595,0.015042741260607562,0.01429953261147432,0.024319041454065493,-,-
2019-01-10,97.45264434814453,97.5937451740949,96.3050348228878,97.09519514219824,30067600,50.66369962121309,-0.8937506950027228,-1.401108639156714,0.5073579441539913,-0.0061622816501423205,-0.010774337788743704,-0.008330256594899388,-0.006425754605542844,-0.06856087829297908,-,-
2019-01-11,96.70013427734375,97.30215786760826,95.60896203455977,97.06699217838971,28314200,49.05720422737356,-0.7861575875202504,-1.2781184288294214,0.49196084130917095,-0.00029046714172853427,-0.0029877663365258655,-0.007227792291526258,-0.007721802479904838,-0.058315262940839996,-,-
2019-01-14,95.99464416503906,96.76598739449656,95.25151967206241,95.85354330594691,28437100,47.53538557169195,-0.7491803460295614,-1.1723308122694494,0.42315046623988795,-0.012501148384331473,-0.005510365698582209,-0.0037385863719360257,-0.007295647700770402,0.0043405782257666115,-,-
2019-01-15,98.77897644042969,98.8166038036531,95.83469806419781,96.42732006410938,31587600,53.64696050054684,-0.4895599286364103,-1.0357766355428415,0.5462167069064312,0.005985973375351117,0.021191499868611574,0.006122510109478618,0.02900507939384256,0.11078837152874232,-,-
2019-01-16,99.12702178955078,99.95480946716563,98.73194522160883,99.01414687110226,29853900,54.36262060878644,-0.25281028683284035,-0.8791833658008413,0.626373078968001,0.026826700205637044,0.01151836452276922,0.030231713731389886,0.003523475962832867,-0.05488546138358086,-,-
2019-01-17,99.82313537597656,100.3028682197314,98.54383343925562,98.76959049376892,28393000,55.83144783732057,-0.00891121827662289,-0.7051289362959977,0.6962177180193748,-0.002469913492783027,0.0034821611328277324,-0.001905277789584492,0.007022440237371974,-0.04893498001936092,-,-
2019-01-18,101.31878662109375,101.49751484486087,99.62559793232268,101.08362092737381,37427600,58.892731319152425,0.3015905583311991,-0.5037850373705584,0.8053755957017574,0.02342857170953727,0.011910393454675594,0.010977495550078098,0.014983012099188509,0.31819814743070474,-,-
2019-01-22,99.40924072265625,100.74498011889754,98.6378975468435,100.4157495883715,32371300,53.76877977970137,0.38909580385136167,-0.32520886912617436,0.714304672977536,-0.006607117284432973,-0.007414316765426032,-0.00991412253455315,-0.018846908476891966,-0.13509549102801144,-,^
2019-01-23,100.37814331054688,100.68856380885583,99.08943247546016,99.8231556105601,25874300,55.86695571120837,0.5305112789612707,-0.15406483950868535,0.684576118469956,-0.005901404712314484,-0.0005599912767378923,0.004577702281237439,0.009746604851291307,-0.20070247410514874,-,^
2019-01-24,99.89836883544922,100.65090181313788,99.08939839627413,100.51920961854532,23164800,54.54682264570491,0.5969885588377508,-0.0038541598393981233,0.6008427186771489,0.006972871211372356,-0.0003740444226560946,-3.4392351611067795e-07,-0.004779670745785225,-0.10471780879096249,-,v
2019-01-25,100.81082153320312,101.47869120024069,99.89837755057714,100.87666763624381,31225600,56.64508111362131,0.7150568587459958,0.13992804387768068,0.5751288148683151,0.0035561164781834353,0.008224361353856846,0.008164134280720603,0.009133809774781065,0.34797623981212866,^,^
2019-01-28,98.84484100341797,100.16177025559415,98.44976438077123,99.95482330753528,29476700,51.16460944938713,0.6425813607568074,0.24045870725350604,0.40212265350330134,-0.009138330501089253,-0.012977315031073355,-0.014500867835140707,-0.019501681465195042,-0.056008531461365085,-,^
2019-01-29,96.83183288574219,98.74137726006862,96.107518496157,98.6567138744798,31490500,46.232280355189125,0.4178938545318118,0.2759457367091672,0.1419481178226446,-0.012986961410171527,-0.014180989332566285,-0.023791279738925475,-0.020365333154880316,0.06831836670997782,v,v
2019-01-30,100.06770324707031,100.06770324707031,98.13934886768241,98.41214193316105,49471900,53.92193578010211,0.4952264200223624,0.31980187337180627,0.17542454665055612,-0.00247901974142295,0.013432322130856766,0.021141221866077586,0.033417423432915205,0.5710103046950668,^,v
2019-01-31,98.2334213256836,98.97654583545942,97.0575927678145,97.64080631612524,55636400,49.59222845458684,0.40384652267475474,0.336610803232396,0.06723571944235873,-0.007837809460134348,-0.010904191624312554,-0.011022654137703758,-0.01833040893181903,0.12460608951748364,-,v
2019-02-01,96.68130493164062,97.92297932861172,96.27681970962122,97.62196757106378,35535700,46.21095066041394,0.2038347936306053,0.3100556013120379,-0.1062208076814326,-0.00019293926148522544,-0.010644607749791257,-0.008044430486351284,-0.01580028846696757,-0.36128685536806837,v,v
2019-02-04,99.46568298339844,99.52212763184161,96.67191330449832,96.76598532634104,31315100,52.47146806601595,0.26692317194273585,0.3014291154381775,-0.03450594349544167,-0.008768336328599635,0.016330674517811117,0.004103725030269345,0.028799549755007314,-0.11877070101334719,-,v
2019-02-05,100.85787200927734,100.90490084580371,99.67263480781749,99.76669965755823,27325400,55.274489098907246,0.42436734308995483,0.326016760968533,0.09835058212142184,0.03101001163887651,0.01389412833975312,0.031040261858348295,0.013996676885145165,-0.12740498992498828,-,v
2019-02-06,99.73846435546875,100.65090831745765,99.26813300819092,100.65090831745765,20609800,52.58889277923284,0.4535874666981812,0.35153090211446264,0.10205656458371853,0.008862763456487954,-0.002517147593596003,-0.004058303469217095,-0.011098862503321816,-0.24576401443345752,-,v
2019-02-07,99.02356719970703,99.32457900074046,98.10172169884292,98.94831963196425,29760700,50.888400073080184,0.4142828050575389,0.36408128270307794,0.05020152235446096,-0.016915780631838406,-0.013177519596086373,-0.011750108257317038,-0.007167717694287146,0.4440072198662772,-,-
2019-02-08,99.39983367919922,99.50330715855023,98.07350289876229,98.19578647586465,21461100,51.772321671724754,0.40878294253438696,0.37302161466933975,0.03576132786504721,-0.007605315167540261,0.0017994353422674525,-0.00028764836734740395,0.003799766965911777,-0.2788778489753265,-,-
2019-02-11,99.00476837158203,100.25585172756635,98.74138391278287,99.89839523917755,18914100,50.73971311774857,0.3683002571290217,0.37207734316127616,-0.003777086032254462,0.01733891875015825,0.007563010622521293,0.0068100046830184,-0.003974506726965088,-0.11867984399681286,-,-
2019-02-12,100.54743957519531,100.78260525989297,99.22110884537786,99.84194252110234,25056600,54.5516472415616,0.4554479898531838,0.3887514724996577,0.06669651735352611,-0.0005651013506278169,0.005254092636487906,0.004858397903545031,0.01558178690771106,0.32475772043078965,-,-
2019-02-13,100.47219848632812,101.38464261521223,100.37813363500452,101.12125816083088,18394900,54.33081572344368,0.5125336994014873,0.4135079178800236,0.09902578152146368,0.012813408948430194,0.005973623660221472,0.011661074977802555,-0.0007483143199377151,-0.2658660791966987,-,-
2019-02-14,100.55683898925781,100.92369684960399,99.39041930961065,100.00184429239661,21784700,54.5536898548533,0.558170079487553,0.4424403502015295,0.11572972928602354,-0.01107001523511375,-0.004546504812939833,-0.009839935149475898,0.0008424271012761331,0.18427933829485355,-,-
2019-02-15,101.79852294921875,101.87377769088145,100.98955241806276,101.5069197961348,26606900,57.8067834791316,0.6866158774494409,0.4912754556511118,0.19534042179832906,0.015050477462570377,0.009413852949652357,0.016089409015074718,0.01234808067200266,0.2213571910561083,-,-
2019-02-19,101.75149536132812,102.21242530963815,101.3846374362244,101.39404607388258,18038500,57.6385017623078,0.7756738787849997,0.5481551402778895,0.22751873850711024,-0.0011119805672255012,0.0033241882890047147,0.0039121375300894545,-0.00046196729115688395,-0.32203676489933064,-,-
2019-02-20,101.22246551513672,101.96876359530594,100.41004012190625,101.89318746399692,21607700,55.675003434832206,0.7944072667017537,0.5974055655626623,0.19700170113909132,0.004922787968739684,-0.0023838756745480083,-0.009612869749928477,-0.005199234117521101,0.1978656761925881,-,-
2019-02-21,103.3574447631836,103.42357207649196,100.95795664017962,100.98629588769225,29063200,61.391144607270455,0.9703430830995075,0.6719930690700314,0.29835001402947603,-0.008900414236477916,0.014267197422927147,0.005456790153735236,0.021091950657214698,0.34503903700995475,-,-
2019-02-22,104.83114624023438,105.04841861549842,103.74476274190371,103.96204232450457,27763200,64.76856493569943,1.2146867256476668,0.7805318003855585,0.4341549252621083,0.02946683419423235,0.015710601619954856,0.027603630208725916,0.01425830021656771,-0.044730105425417666,-,-
2019-02-25,105.41683197021484,105.97419688752096,105.10509306485436,105.5774330389996,23750600,66.04003242679113,1.4390028374357229,0.9122260077955914,0.5267768296401315,0.015538274146758235,0.008812872047232911,0.01311227947318061,0.005586943871035199,-0.14452944905486398,-,-
2019-02-26,106.1442642211914,106.97558017414019,105.02009251526094,105.10511747817101,21536700,67.60383224646844,1.6563789696844964,1.0610566001733726,0.5953223695111238,-0.004473641262466743,0.009449312342343807,-0.0008087196073454095,0.006900532271564508,-0.09321448721295467,-,-
2019-02-27,105.96475982666016,106.14425134309728,104.74612169327851,105.51131743727996,21487100,66.78655361910084,1.7934923527124056,1.2075437506811793,0.5859486020312263,0.0038647020131374887,-0.00777120189196101,-0.002608746720944133,-0.0016911360764363392,-0.0023030454990783378,-,-
2019-02-28,105.83251953125,106.63549624368551,105.54911980133396,105.84196835111521,29083900,66.15207685952225,1.8699296252205073,1.340020925589045,0.5299086996314624,0.0031337957089940804,0.004628087667228886,0.007666136894374231,-0.0012479648481861227,0.35355166588325093,-,-
2019-03-01,106.30484771728516,106.76773893611451,105.4924222759635,106.64493312097035,23501200,67.34534095867889,1.946185239601789,1.461253788391594,0.484931451210195,0.007586449707656762,0.0012401376379100881,-0.000537167202125155,0.004462977808023183,-0.1919515608291873,-,-
2019-03-04,106.0497817993164,106.98501300755335,104.67054982542393,106.76773343021718,26608000,65.99236068364542,1.9634037788989929,1.5616837864930737,0.40171999240591916,0.0011514875170630656,0.0020350161350597418,-0.007790819784094016,-0.0023993818103863473,0.1321975048082651,-,-
2019-03-05,105.52074432373047,106.17257577575921,105.07675081489228,106.04032116336727,19538300,63.158150827199215,1.9123166959210067,1.6318103683786604,0.2805063275423463,-0.006813034645203442,-0.007593934972338401,0.0038807571962298226,-0.004988576747730233,-0.26569828622970537,-,-
2019-03-06,105.56800079345703,106.4276631408719,105.26570345084308,105.6813649996887,17687000,63.309733210185264,1.854268167572613,1.676301928217451,0.17796623935516198,-0.0033850912534069133,0.0024025730114285437,0.0017982344760893998,0.0004478405647099226,-0.09475235818878813,-,-
2019-03-07,104.28324127197266,105.37907370644105,103.79201076477695,105.23737024235116,25339000,56.50320503499678,1.6851693511405301,1.678075412802067,0.007093938338463168,-0.0042012587303242865,-0.009852602260400078,-0.013999741964906165,-0.01216997112598539,0.43263413806750717,-,-
2019-03-08,104.39659881591797,104.58553195107717,102.78119672609435,103.1212821352506,22818400,56.94306209796883,1.5425230813601445,1.6509649465136826,-0.10844186515353815,-0.020107763071496643,-0.007530354248268312,-0.009738842433387296,0.0010870159247320377,-0.09947511740794823,-,-
2019-03-11,106.58824920654297,106.70160619711983,104.8405925975623,104.85003420855261,26491600,64.4319866296,1.5880170825637236,1.638375373723691,-0.05035829115996737,0.016764260853881163,0.020232953894927963,0.020036698706244138,0.02099350376815945,0.16097535322371415,-,-
2019-03-12,107.33452606201172,107.68405299026884,106.4181854636405,106.57877930674972,26132700,66.56452654972625,1.6650955268766978,1.6437194043542924,0.021376122522405394,0.016487787641142226,0.009207422719898384,0.01504753862021646,0.00700149276326556,-0.013547690588714967,-,-
2019-03-13,108.16586303710938,108.63820305037187,107.48569226483754,107.81632883265395,35513800,68.80810436749658,1.7728266533191288,1.6695408541472598,0.10328579917186897,0.011611594108639434,0.008860644019307529,0.010031244157623576,0.007745289475796113,0.35897936302027733,-,-
2019-03-14,108.25090789794922,108.82716343507437,108.00529621880683,108.20367820919343,30763400,69.03699730469575,1.8438124346920972,1.7043951702562274,0.13941726443586977,0.0035926782216884057,0.0017393548438469075,0.004834168557886098,0.0007862449247104664,-0.1337620868507453,-,-
2019-03-15,109.49784851074219,110.76371609227571,108.25086414827318,108.95937405931119,54681100,72.25215488576077,1.9778870138858338,1.759093538982149,0.21879347490368484,0.0069840125827955735,0.017794754508663413,0.002273665626256527,0.011518985263093473,0.7774725810541097,-,-
2019-03-18,111.0660171508789,111.10380521230225,109.63010685347058,109.74346383040485,31207600,75.67331777784352,2.1854872507706204,1.8443722813398433,0.3411149694307771,0.007196166257956271,0.0030704018610498984,0.012741170392027712,0.014321456188089998,-0.4292799523052755,-,-
2019-03-19,111.14160919189453,111.88790729538809,110.51811690011377,111.55726351241157,37588700,75.82802996601666,2.3292613057240885,1.9413500862166924,0.38791121950739615,0.016527632887638033,0.00705738279249335,0.008100056381684428,0.0006806045895473289,0.20447262846229775,-,-
2019-03-20,111.018798828125,112.18075848726345,110.25361027658076,110.89599301347499,28113300,74.99356278168213,2.405563669552464,2.034192802883847,0.3713708666686171,-0.005927632841791652,0.0026173623133571855,-0.0023933327037418684,-0.0011049899732645807,-0.2520810775578831,-,-
2019-03-21,113.5694351196289,114.13624169995389,110.61258199325013,110.65981887800085,29854400,79.93284183944692,2.6414004545573277,2.155634333218543,0.4857661213387847,-0.0021296904338594658,0.01743153851925916,0.0032558726718232567,0.022974814341602645,0.06193154129895806,-,-
2019-03-22,110.57481384277344,112.97429506834708,110.56536502326999,112.88927731482863,33624500,63.959527312880816,2.5571842673953853,2.2359443200539117,0.32123994734147354,0.02014695541193401,-0.010180347751955754,-0.0004268679849008805,-0.026368197338492272,0.12628289297389994,-,-
2019-03-25,111.15106201171875,111.48169859926092,109.88518695283817,110.11190815467609,27067100,65.39267249628398,2.5080297380260106,2.2903614036483315,0.21766833437767907,-0.024602594916140252,-0.013211823700100656,-0.006151818612353588,0.005211387194959949,-0.19501851328644293,-,-
2019-03-26,111.38722229003906,112.14296196584426,110.38585658877594,112.05794422534245,26097700,65.98956195963413,2.459775815702045,2.3242442860590744,0.13553152964297066,0.01767325717335444,0.005931586752731199,0.004556297803385068,0.0021246785594852824,-0.03581469754794564,-,-
2019-03-27,110.31031036376953,111.67065223927426,109.12946004332123,111.3589060249147,22733400,60.836688977332656,2.3080308987862423,2.321001608604508,-0.012970709818265647,-0.0062381851216368744,-0.004211675153665495,-0.011381861628661394,-0.009668181898507044,-0.12891174318043352,-,-
2019-03-28,110.4614486694336,111.07549219973835,109.70570167716043,110.94323755719117,18334800,61.29350058788545,2.1748967016683025,2.291780627217267,-0.11688392554896465,-0.003732691731279547,-0.005329601176329413,0.005280348987436234,0.0013701194853468213,-0.19348623611074456,-,-
2019-03-29,111.41557312011719,111.77454896289511,110.48978345238642,111.53837893827715,25399800,64.13740262234,2.1219166264689733,2.2578078270676087,-0.13589120059863546,0.005364377263455955,0.006293528386078995,0.007147137871952758,0.008637623914736992,0.3853328097388573,-,-
2019-04-01,112.43582153320312,112.52084648941533,111.56671757712907,112.36969421496568,22789100,66.93499784339143,2.1376139722829777,2.233769056110683,-0.09615508382770521,0.007453176965648289,0.006676810896977692,0.00974691135318162,0.009157143696474135,-0.10278427389192046,-,-
2019-04-02,112.59642791748047,112.87038602229073,111.96348674765247,112.47361488688493,18142300,67.36656411840366,2.1383640947031495,2.2146880638291764,-0.0763239691260269,0.0009248104895653864,0.003106442439608559,0.0035563399115789984,0.0014284271870590448,-0.2039044982030883,-,-
2019-04-03,113.33325958251953,113.76781151315053,112.55862227881445,113.229344207006,22860700,69.3434961091465,2.1733615702240314,2.2064227651081474,-0.03306119488411596,0.006719169832685612,0.007950938439092115,0.005315442993512054,0.006544005690651833,0.260077277963654,-,-
2019-04-04,112.75701141357422,113.5788856522183,111.8312217927796,113.45607263294761,20112800,65.97722615525339,2.130045076653886,2.191147227417295,-0.0611021507634093,0.0020023822228194543,-0.0016606266607351872,-0.006462414618340295,-0.005084545975894583,-0.1202019185764216,-,-
2019-04-05,113.25768280029297,113.5788777429376,112.76645237942839,112.78534280789627,15826200,67.45547986144284,2.111773232749954,2.175272428483827,-0.0634991957338733,-0.0059118018937714956,-6.963689291872299e-08,0.008362875515942614,0.004440268329588548,-0.21312795831510278,-,-
2019-04-08,113.29547882080078,113.38049656588117,112.07684068995742,113.18211462002344,15116200,67.57003214824124,2.0764069608685674,2.1554993349607754,-0.07909237409220804,0.003517937723547915,-0.0017466379400703502,-0.006115397575429671,0.0003337170563029179,-0.04486231691751652,-,-
2019-04-09,112.68140411376953,112.92702287703963,112.02013114419793,112.06736080926171,17612000,63.650046870439986,1.9760495693935667,2.119609381847334,-0.14355981245376714,-0.009849204660154931,-0.003999574023545116,-0.0005059880829114682,-0.005420116613854775,0.16510763287069508,-,-
2019-04-10,113.54108428955078,113.69222933212889,112.92704088711277,113.13487162707665,16477200,66.57365764059959,1.943481375629105,2.0843837806036882,-0.14090240497458328,0.00952561754025627,0.006776114658777921,0.008095953233150599,0.007629299461988204,-0.06443334090392916,-,-
2019-04-11,113.67335510253906,114.1645855700862,113.28603281244439,113.87173705331793,14209100,67.01326686740695,1.9063685664437173,2.0487807377716942,-0.1424121713279769,0.00651315916696471,0.004154692371959978,0.0031789722152597566,0.0011649599245588949,-0.13765081445876726,-,-
2019-04-12,114.25904846191406,114.28739491740265,113.71113951385946,113.96619995456275,19745100,68.95993333468229,1.9022885586680474,2.019482301950965,-0.11719374328291776,0.0008295552846497856,0.0010757219211474656,0.003752507620413237,0.005152424320076454,0.38960947561773795,-,-
2019-04-15,114.35350799560547,114.85418720351983,113.90005845961863,114.24959262709464,15792600,69.27485774435029,1.884948702743202,1.9925755821094127,-0.10762687936621074,0.002486637903561517,0.004959359573527777,0.0016613934797140573,0.0008267138135926722,-0.20017624625856545,-,-
2019-04-16,114.08899688720703,114.92031987409632,113.45606303661539,114.91087105633542,14071800,67.21823982317945,1.828781847400009,1.959816835167532,-0.13103498776752298,0.00578801564220166,0.000575796774908266,-0.003898114092370286,-0.0023131000791738465,-0.10896242543976298,-,-
2019-04-17,115.03367614746094,115.10925227440889,113.87172382681474,114.532996919269,19300900,70.57777112305861,1.8392946869388425,1.9357124055217942,-0.09641771858295178,-0.003288410692502519,0.0016440295373312264,0.003663627831552718,0.008280196040183041,0.3716013587458604,-,-
2019-04-18,116.545166015625,116.68686223981177,114.58967884115248,115.43044340556159,27991000,74.99352139844257,1.9471453092579765,1.9379989862690308,0.009146322988945688,0.007835702465073702,0.013705327193352046,0.006304945514214344,0.013139542426050088,0.45024325290530487,-,-
2019-04-22,116.9135971069336,117.14031828556115,115.78942561703906,115.83666249928227,15648700,75.94136279803276,2.038844484350207,1.9581680858852661,0.08067639846494101,0.003519167749303609,0.0038860934045636952,0.010469937502396665,0.003161273040352519,-0.4409381586938659,-,-
2019-04-23,118.50064849853516,118.63290310743065,116.97971328890125,117.23477368967525,24025500,79.53908472458133,2.214056262634557,2.0093457212351242,0.2047105413994328,0.012069677770642384,0.012741853904058242,0.010279761433474421,0.013574566439436442,0.5353032520273249,-,-
2019-04-24,118.09447479248047,118.88800270749239,117.6315763013855,118.83132420137383,31257000,76.39059722056403,2.293697716218958,2.066216120231891,0.22748159598706685,0.013618404006346285,0.002150327551461162,0.00557244494927378,-0.0034276074536394585,0.3009926952612849,-,-
2019-04-25,122.00540924072266,124.10259987368453,121.70311915367995,122.86507145096789,38033900,83.26124799358008,2.641939235938665,2.181360743373246,0.46057849256541905,0.03394515105089968,0.04386142459657538,0.03461266932156626,0.033116997684393024,0.21681223405957062,-,^
2019-04-26,122.70450592041016,123.2996590364022,121.88263879045952,122.52501438290936,23654900,84.1492308865507,2.940438859899956,2.333176366678588,0.6072624932213682,-0.0027677277524250643,-0.006469975956181262,0.0014750619214030092,0.005730046594148552,-0.37805746978353516,-,^
2019-04-29,122.59113311767578,122.97844097984257,122.19436922969552,122.71393172118908,16324200,83.37675868665247,3.131752827629853,2.492891658868841,0.6388611687610122,0.0015418675054330588,-0.002605182034321696,0.0025576279142751623,-0.0009239497920957573,-0.3099019653433327,-,v
2019-04-30,123.37522888183594,123.46968824460541,122.23215959933073,122.62892351818161,24166500,84.44058534851904,3.3085021473212777,2.6560137565593283,0.6524883907619494,-0.0006927347352916335,0.0039945803577341454,0.0003092644110642695,0.0063960234661302184,0.48040945344947983,^,v
2019-05-01,120.8056869506836,123.4224476208734,120.63564424670228,123.30909062311059,26821700,68.88310791929146,3.2042995269611367,2.76567091063969,0.4386286163214468,0.0055465471392492915,-0.00038260907922937903,-0.013061336377118149,-0.020827048950104454,0.10987110255932797,-,v
2019-05-02,119.22806549072266,120.91904360603114,118.57623396493616,120.90015317669582,27350200,61.402977731999684,2.9602929184545985,2.8045953122026717,0.15569760625192686,-0.019535765240355163,-0.020283214788708204,-0.017071324935726162,-0.01305916550604913,0.019704194737842906,v,v
2019-05-03,121.7692642211914,122.26994354197507,120.21054775681586,120.31446314875255,24911100,67.52110107702755,2.9381008256910945,2.8312964149003563,0.10680441079073821,-0.004844410966851953,0.011171936989059494,0.013782810747413166,0.021313762997072994,-0.08918033506153522,-,v
2019-05-06,121.06074523925781,121.44806752759034,119.1336042383631,119.39811350486485,24239800,64.4534353007331,2.830711195187206,2.8311793709577264,-0.00046817577052049586,-0.007616288348930689,-0.006721815603869752,-0.00895881050830405,-0.005818537103472909,-0.026947826470930636,-,v
2019-05-07,118.57622528076172,120.1443974722007,117.34814565848089,119.46422674855661,36017700,55.01453024267589,2.5161198789273413,2.7681674725516494,-0.25204759362430806,0.0005537210074015864,-0.01073438286775108,-0.014987027306836653,-0.02052291974236431,0.48589097269779447,-,^
2019-05-08,118.56678771972656,119.37921308878768,117.84882890832307,118.50066040863257,28419000,54.98159242441399,2.240218616260236,2.662577701293367,-0.4223590850331309,-0.008065731191247094,-0.006368872785683322,0.004266648160758502,-7.959066847351703e-05,-0.2109712724577083,-,v
2019-05-09,118.55734252929688,118.83130060002185,116.73410980210666,117.41428056979122,27235800,54.94613638608259,1.9977736389652847,2.529616888827751,-0.5318432498624661,-0.00916771126080751,-0.004589680854725775,-0.00945888997406652,-7.966135046189038e-05,-0.04163411801963479,-,v
2019-05-10,120.09716796875,120.85291486529836,116.97027941877091,117.99998438513462,30915100,59.52829245804306,1.907892297064194,2.40527197047504,-0.49737967341084577,0.004988352460204126,0.017012472766591458,0.0020231414542384307,0.012988022560244339,0.13509057931105373,^,v
2019-05-13,116.52629089355469,118.60459147362832,116.23344236387622,117.24424979993192,33944900,47.47090001681873,1.5308737890399016,2.230392334188012,-0.6995185451481105,-0.006404531230581267,-0.01860379945470081,-0.006299352780518741,-0.02973323297785402,0.09800388806764326,v,v
2019-05-14,117.82994842529297,118.91632474105712,116.85692189801449,117.01752298765818,25266300,51.34549515885902,1.3220385355522382,2.0487215744608576,-0.7266830389086194,-0.0019337989936447642,0.002628340636358306,0.005364028815273647,0.011187668651782223,-0.2556672725505157,-,v
2019-05-15,119.48925018310547,120.14349456133432,117.28948005658538,117.82046404161828,24722700,55.81302236046359,1.2757211576816871,1.8941214911050235,-0.6184003334233363,0.006861716377681182,0.010319607698517252,0.003701604933153968,0.01408217333528361,-0.021514824093753382,-,v
2019-05-16,122.2484359741211,122.67512713679861,119.90644519961685,120.18141735790614,30112200,62.05273862959778,1.4450004699418173,1.8042972868723823,-0.35929681693056503,0.02003856745508914,0.02107174079385432,0.02231201930274529,0.023091498078592343,0.2179980341952943,-,v
2019-05-17,121.43303680419922,123.69917928290204,121.29080157165824,121.66059002741198,25770500,59.38395322498646,1.4961133822892663,1.7426605059557592,-0.2465471236664929,0.012307831793169743,0.0083476754416687,0.011545304088839803,-0.006670017194285283,-0.144184084855972,-,-
2019-05-20,119.67890167236328,120.97789952797895,119.24274112199441,119.96335043094311,23706900,54.00312579591945,1.3791783785142968,1.6699640804674667,-0.2907857019531699,-0.013950611254527567,-0.0219991738886115,-0.01688553808801263,-0.014445287526361872,-0.08007605595545297,-,-
2019-05-21,120.32366180419922,120.92101070527374,120.02024545593682,120.8261944528198,15293300,55.595788934892106,1.323279358967966,1.6006271361675666,-0.2773477771996007,0.007192563551927433,-0.00047024144845597693,0.006520349386693214,0.00538741685314803,-0.35490089383259726,-,-
2019-05-22,121.05374908447266,121.5942168889053,119.96334414864516,120.05816763055573,15396500,57.39474305814853,1.322644304941008,1.5450305699222548,-0.22238626498124692,-0.0063564595884377795,0.005567321838488404,-0.00047409757475080916,0.006067694993038941,0.006748053068990956,-,-
2019-05-23,119.64096069335938,119.74526073035008,118.27558365203788,119.65992104825969,23603800,52.92631655786673,1.1943728176807724,1.4748990194739584,-0.280526201793186,-0.0033171136138070434,-0.015205954739151095,-0.01406896838851035,-0.011670752882898539,0.5330627090572533,-,-
2019-05-24,119.69783782958984,120.81668674877486,119.4418332752237,120.33312178674828,14123400,53.08467547188146,1.0848013349091445,1.3968794825609956,-0.31207814765185105,0.0056259500473603286,0.008947544244255923,0.009860442765743382,0.0004753985248935333,-0.4016471924012235,-,^
2019-05-28,119.62200927734375,121.36665141916652,119.51770923255911,120.39951409863714,23128400,52.829510740083684,0.9805433219042357,1.3136122504296437,-0.33306892852540804,0.0005517376338537439,0.00455205886861676,0.0006352544603076549,-0.0006334997659193098,0.6375943469702763,-,^
2019-05-29,118.46522521972656,118.89190193478987,117.61186455558423,118.88241814018392,22763100,48.96296292753039,0.795406340487574,1.2099710684412297,-0.41456472795365573,-0.012600515623429787,-0.020390687684292752,-0.015946127893620043,-0.009670327932171596,-0.015794434548001557,-,v
2019-05-30,119.21429443359375,119.24273858544503,118.31352196554467,118.7686500972138,16829600,51.44134241128481,0.7010463482845779,1.1081861244098994,-0.4071397761253215,-0.0009569795496250366,0.0029508876966874986,0.00596587268309845,0.00632311475775138,-0.26066309070381455,^,v
2019-05-31,117.2705078125,118.16179632621848,116.92916358316164,117.79200795010442,26646800,45.294661185899294,0.4640685458925873,0.979362608706437,-0.5152940628138497,-0.008223063462538094,-0.009065057311242297,-0.011700762173119883,-0.016304979451742696,0.5833293720587536,-,v
2019-06-03,113.62950134277344,117.92474821384182,112.84252011668825,117.43169223936358,37983600,36.497393734772956,-0.017337012494053283,0.7800226844663389,-0.7973596969603922,-0.003058914751614239,-0.002006131590300275,-0.03494973658617606,-0.031047929591539347,0.4254469579836979,v,v
2019-06-04,116.77745056152344,116.89122714035038,114.39752492286297,114.99487366374764,29382600,46.22246177166388,-0.14319058053207812,0.5953800314666555,-0.7385706119987336,-0.020750944903773716,-0.008764242359180496,0.013780309094184817,0.027703626096658995,-0.22643983192746342,-,v
2019-06-05,119.30911254882812,119.34704049656126,117.77306321870991,118.47471216673195,24926100,52.520047144704996,-0.03820605985914938,0.46866281320149455,-0.5068688730606439,0.03026081417472204,0.021009389808716916,0.02950709202950863,0.02167937367300965,-0.1516713973576198,-,v
2019-06-06,121.19598388671875,121.33821188356437,119.09102978864948,119.88750223057512,21459000,56.59939018780197,0.1950018173073289,0.41393061402266146,-0.21892879671533255,0.01192482377045101,0.016683877360666344,0.011190730154416073,0.01581498091454181,-0.1390951653086524,-,v
2019-06-07,124.59046173095703,125.3964180310355,121.61318629744812,122.49499849960736,33885600,62.792708233898864,0.6462768560259065,0.4603998624233105,0.18587699360259596,0.021749525351002275,0.03344540919529426,0.02117839196851956,0.028008171024966222,0.5790856983084021,-,-
2019-06-10,125.728271484375,127.13156934306802,125.1593595175369,125.53862451674075,26477100,64.61543978314833,1.0832403925478786,0.5849679684482242,0.49827242409965444,0.024846941135667322,0.01383732756706868,0.029159446669009714,0.009132398560934618,-0.21863269353353632,-,-
2019-06-11,125.25418090820312,127.28327900290287,124.4766688643864,126.94193472211076,23913700,63.2256024263482,1.3754269305551077,0.7430597608696009,0.6323671696855068,0.011178314329729488,0.0011933279878379999,-0.005454571322369595,-0.0037707555395032344,-0.09681573888379014,-,-
2019-06-12,124.6757583618164,125.1308791226447,123.93618169995989,124.59041146388824,17092500,61.48785912906357,1.5425316568540808,0.9029541400664969,0.6395775167875839,-0.018524400651134254,-0.016910311370978204,-0.00434207606419279,-0.0046179899320936135,-0.2852423506191012,-,-
2019-06-13,125.46277618408203,126.10752954083871,124.74215247002277,125.14038503767217,17200800,62.97882229300223,1.7186575033732794,1.0660948127278536,0.6525626906454258,0.0044142528090400646,0.007805031220445402,0.006503111190032218,0.0063125168244948515,0.0063361123299692235,-,-
2019-06-14,125.5860366821289,126.8565903485817,124.81801565193031,125.40588074308828,17821700,63.2189912778043,1.8468947447538966,1.2222547991330621,0.6246399456208345,0.0021215829353264937,0.005939857917051761,0.0006081599555993744,0.0009824467606711629,0.03609715827170823,-,-
2019-06-17,125.96533203125,126.79971803111059,125.66190841818492,125.7567319142763,14517800,63.993080363339416,1.9565754632041745,1.3691189319472847,0.5874565312568898,0.0027977250277984034,-0.0004483197704970854,0.006760985278021936,0.003020203194094906,-0.18538635483708066,-,-
2019-06-18,128.15557861328125,128.23143449276589,126.64798098710203,127.23584596807086,25934500,68.16021567629306,2.194931018810692,1.5342813493199663,0.6606496694907258,0.011761708747352051,0.011291164395996756,0.007847028437890646,0.017387693476550226,0.7863932551764041,-,-
2019-06-19,128.65811157226562,128.88566474342727,126.87553456867434,128.00386726911648,23744400,69.04539868886843,2.396751464873674,1.706775372430708,0.6899760924429659,0.006036202260472745,0.005101949091104396,0.0017967406965253563,0.003921272600241554,-0.08444735776668144,-,^
2019-06-20,129.8528594970703,130.52607164830985,128.68660563836823,130.3269480782703,33042600,71.1023406532884,2.6228670167322434,1.8899937012910153,0.7328733154412281,0.018148520499538856,0.012727613331925847,0.014274391637842498,0.009286223077614508,0.39159549198969024,-,v
2019-06-21,129.87181091308594,130.59242025825006,129.38824582899292,129.50202244453632,36727900,71.13510615724209,2.771644647337993,2.066323890500411,0.7053207568375823,-0.0063296627896063384,0.0005083169140260857,0.005452317178964439,0.0001459453114012188,0.11153178018678922,-,v
2019-06-24,130.63978576660156,131.22765069622358,129.90020909126147,129.90020909126147,20628800,72.49604721576371,2.91788557533134,2.236636227466597,0.681249347864743,0.0030747523413827693,0.004864221343913622,0.003956798849759524,0.005913329829747127,-0.43833434527974646,^,v
2019-06-25,126.51525115966797,130.4596709829963,125.85153014805815,130.13729427279054,33327400,56.96248911745755,2.6701868400113966,2.323346349975557,0.3468404900358397,0.0018251331786733882,-0.005852270532565318,-0.031167609132629837,-0.031571810859383986,0.6155762817032497,v,v
2019-06-26,126.98934173583984,128.705554300484,126.67645605014343,127.38758881733803,23657700,58.07449223202339,2.483510590893985,2.3553791981592425,0.12813139273474272,-0.021129265602285008,-0.013445662320740626,0.006554754647121186,0.0037472998063572405,-0.29014264539087953,-,v
2019-06-27,127.1978988647461,127.7288899713382,126.59106635381197,127.18842230621041,16557500,58.58148502057862,2.3255891912886,2.349421196785114,-0.023832005496513986,-0.001563468725459649,-0.007588361935535581,-0.0006740770857819323,0.001642319946347115,-0.3001221589588168,-,v
2019-06-28,127.01778411865234,127.6246167570238,126.2592397036802,127.5961726074151,30043000,57.9299533317062,2.1609910301853006,2.3117351634651513,-0.1507441332798507,0.0032058759265289893,-0.0008163635833506877,-0.0026212485579696354,-0.0014160198218783338,0.8144647440736825,-,v
2019-07-01,128.64865112304688,129.6157957344518,127.97545354097629,129.5494308664321,22613500,62.04605463041028,2.137503331321753,2.2768887970364715,-0.13938546571471866,0.015308125777618198,0.015601840992940152,0.013592778170721687,0.012839674504721899,-0.2472955430549546,-,-
2019-07-02,129.5019989013672,129.51147546159515,128.32625437171006,129.0658311743559,15237800,64.02920348987678,2.162815602775339,2.254074158184245,-0.09125855540890582,-0.0037329356743742714,-0.0008048422822660717,0.0027411571596536177,0.006633165376169536,-0.3261635748557278,-,-
2019-07-03,130.33639526367188,130.60188362238955,129.22701562499324,129.7105950746815,13629300,65.90514075849657,2.2245612164025914,2.2481715698279143,-0.023610353425322916,0.0049956204090497724,0.008419394164942196,0.007019306046867291,0.006443115700014657,-0.10555985772224341,-,-
2019-07-05,129.95713806152344,130.21314990406273,128.68658434645613,128.8951844451129,18141100,64.26460309758949,2.2173321486582296,2.2420036855939776,-0.024671536935747973,-0.006286384154656877,-0.0029764786505741547,-0.004182030173206175,-0.002909833445839838,0.3310368104011212,-,-
2019-07-08,129.8623046875,129.99504886465655,128.35469253575667,129.33131351084356,16779700,63.83669612461089,2.1788345512309206,2.229369858721366,-0.05053530749044555,0.0033835947216194207,-0.0016749540239743288,-0.0025790707895854137,-0.0007297280891068736,-0.07504506341952799,-,-
2019-07-09,129.3882598876953,129.87182502433018,128.76245949814307,128.95209203399781,19953100,61.62769308817367,2.0860270529632032,2.2007012975697338,-0.11467424460653053,-0.002932170613220819,-0.000947911796661316,0.003176876157237496,-0.0036503649072410216,0.18912137880891788,-,-
2019-07-10,130.70619201660156,131.39835710554158,129.9192034500396,130.02350348821122,24204400,65.23006187330168,2.0946764243988127,2.1794963229355497,-0.08481989853673699,0.008308600793625942,0.011754143602166423,0.008983549680589897,0.010185871036909822,0.2130646365727631,-,-
2019-07-11,131.22764587402344,132.00515769123615,130.72511339432364,131.03801343285843,22327900,66.56741986708789,2.119179499769203,2.1674329583022804,-0.04825345853307761,0.007802511987682337,0.004618022622666196,0.006203162603240386,0.003989511509566723,-0.07752722645469423,-,-
2019-07-12,131.7017822265625,131.91987335804,130.85790525789534,131.65438495001214,18936800,67.78089070404411,2.1520497151506106,2.1643563096719465,-0.012306594521335867,0.0047037611530147405,-0.000646068189211424,0.0010158098939347937,0.003613082817885971,-0.15187724774833278,-,v
2019-07-15,131.7017822265625,132.30861494034525,131.28459649111377,132.21380591921138,16651500,67.78089070404411,2.1532779498209322,2.162140637701744,-0.00886268788081157,0.004249163211780926,0.0029468007541983976,0.0032607218675670957,0.0,-0.1206803683832538,-,v
2019-07-16,129.97608947753906,131.84399910339786,129.4451127354123,131.75866665584846,22726100,58.77580911012995,1.992039362249443,2.1281203826112836,-0.13608102036184055,-0.003442448844117152,-0.003511606837974024,-0.014011421026273951,-0.013103032623011712,0.3648079752574842,-,v
2019-07-17,129.20809936523438,130.78206237863904,129.16068761593135,130.5639856934866,20211000,55.25738988323576,1.7817473617488986,2.0588457784388066,-0.277098416689908,-0.009067190741102182,-0.008054494189955519,-0.002197264257186027,-0.005908703019084194,-0.11067011057770582,v,v
2019-07-18,129.35028076171875,129.53991323315873,127.69097131756618,128.52537155353826,30381800,55.78509282683807,1.6080259643611896,1.9686818156232833,-0.36065585126209365,-0.015613908606728621,-0.009497855614817086,-0.011378975487769782,0.0011004062220780764,0.5032309138587898,-,v
2019-07-19,129.53990173339844,133.38002042828387,129.37871342358227,132.95334378841414,48992400,56.521588409218566,1.4687208335006972,1.868689619198766,-0.39996878569806893,0.034452125532516975,0.029644200766240525,0.013217395784535846,0.0014659494402566864,0.6125575179877427,-,^
2019-07-22,131.25613403320312,131.97675780652844,130.21314802301904,130.2890039185287,25074900,62.59467228875482,1.4797484975289024,1.7909013948647934,-0.311152897335891,-0.0200396604851516,-0.010520785776232056,0.0064495509141822005,0.013248676869747955,-0.4881879638474539,-,^
2019-07-23,132.07156372070312,132.73529917380407,130.87686594757972,132.51720805382755,18034600,65.08974798006577,1.5365736965819963,1.740035855208234,-0.20346215862623773,0.017102012205820305,0.005747537520111035,0.005097165183682861,0.006212507274469425,-0.2807708106512887,-,^
2019-07-24,133.4274444580078,133.44641204562544,131.6543584185616,131.70175568556033,20738300,68.81469356114712,1.6717454789119301,1.7263777799489732,-0.054632301037043085,-0.0061535583207879,0.00535737574140116,0.005940640963188137,0.010266257921894617,0.14991738103423424,^,^
2019-07-25,132.9249267578125,133.32315933412482,132.1000174545964,133.15247996254422,18356900,66.00376248284049,1.7185111843809295,1.7248044608353645,-0.006293276454435004,0.011015223520994821,-0.0009236120298121708,0.0033850686098666483,-0.003766224424342157,-0.1148310131495831,-,^
2019-07-26,134.01528930664062,134.3376659075051,133.02919191928214,133.0955567639175,19037600,68.96594483831343,1.8225472972972625,1.7443530281277442,0.07819426916951833,-0.00042750385605083707,0.00760937993404287,0.007033870869889158,0.008202844834473755,0.03708142442351381,-,^
2019-07-29,133.72137451171875,134.17649532999744,132.14739753296877,134.16701877037724,16605900,67.26456042667209,1.8598411081376867,1.7674506441297329,0.09239046400795381,0.008050321381954717,-0.0011997422794188806,-0.0066285780856912835,-0.002193143755779725,-0.12773143673572296,-,^
2019-07-30,133.07662963867188,133.90153888671296,132.5551294659898,132.87750612981839,16846500,63.56027325661339,1.8164324958962368,1.7772470144830337,0.039185481413203105,-0.009611249116042608,-0.0020492146751056595,0.003085432938013888,-0.00482155433565612,0.01448882626054604,-,-
2019-07-31,129.20809936523438,133.20940794342903,128.07976628478136,133.05769613287316,38598800,46.87870913572333,1.4531221084141066,1.7124220332692484,-0.25929992485514175,0.001356060994091246,-0.005168954360334155,-0.03376227837608281,-0.029069944767471823,1.291205888463479,-,v
2019-08-01,130.90530395507812,133.6360581289414,129.83385940002145,129.90023872942893,40557500,52.73909159309794,1.2873069617599242,1.6273990189673837,-0.3400920572074595,-0.023729987029770472,0.0032028532526287012,0.013695317895411563,0.013135434993484685,0.05074510088396522,-,v
2019-08-02,129.80535888671875,131.15178226749987,128.25034998358993,130.93369125245727,30791600,48.96861182275383,1.0549797392784228,1.5129151630295916,-0.4579354237511688,0.007955739982748788,-0.018589861869799496,-0.012196428757098698,-0.008402601232543105,-0.24079146890217595,-,v
2019-08-05,125.35848999023438,126.98934115157337,124.00258933031114,126.3919994681408,42749600,37.34452343038538,0.506198445144264,1.311571819452526,-0.8053733743082621,-0.034686960558986235,-0.031737587122046884,-0.03312085038225865,-0.03425797620855675,0.388352667610647,v,^
2019-08-06,127.70993041992188,128.64861615499294,126.30663286286659,126.8660536802565,32696700,44.805584403800594,0.25805224105246793,1.1008679037725144,-0.8428156627200465,0.0037506662930448798,0.013066254131038235,0.01858060823567209,0.01875772777632112,-0.23515775586204313,-,^
2019-08-07,128.2693634033203,128.62018420885127,124.9981561569602,126.85657468510476,33414500,46.43970200084735,0.10532206568410629,0.9017587361548328,-0.7964366704707265,-7.471656031510232e-05,-0.0002210046791907283,-0.010359524882014859,0.004380497127818961,0.021953285805601075,-,^
2019-08-08,131.69227600097656,131.78709946878445,128.88566628940367,129.52095748126274,27496500,55.18279942881717,0.25751427720928177,0.7729098443657226,-0.5153955671564409,0.021003111606723968,0.024622226125806224,0.031100539815658745,0.026685347980511143,-0.17710874021757017,^,^
2019-08-09,130.5734405517578,132.15689415718393,129.38821948769362,131.4267939306718,23466700,52.18421305202431,0.2845667230282629,0.6752412200982307,-0.3906744970699678,0.014714502474896918,0.0028060006623567,0.003899217133746191,-0.00849583197430992,-0.14655683450620993,-,^
2019-08-12,128.7529296875,130.7156627359224,128.23144398797666,129.96660938109434,20484300,47.64727696633011,0.15729279570314247,0.5716515352192131,-0.4143587395160706,-0.011110250093658292,-0.010905457717153788,-0.008940346380042596,-0.013942428541095064,-0.12709072856430603,-,v
2019-08-13,131.4173126220703,131.60694509186237,128.00387029369315,128.999458845139,25154600,53.95655140376615,0.2683276132836454,0.5109867508320995,-0.24265913754845414,-0.00744153087135957,0.006818481712788982,-0.0017747105328147494,0.020693765501391903,0.22799412232783145,-,v
2019-08-14,127.45975494384766,130.25667987791024,127.16484365774863,129.7239350364142,32527300,45.23607264090512,0.03656023263198449,0.41610144719207653,-0.37954121456009204,0.005616118065618458,-0.01025983251119178,-0.006554697401097709,-0.03011443164725025,0.2930954974438076,-,^
2019-08-15,127.17436981201172,128.03057944260723,125.81396864996692,127.8498235922745,28074400,44.67534389320017,-0.16820630383850244,0.29923989698596076,-0.4674462008244632,-0.014446921022042813,-0.01709010576186598,-0.010623022597483378,-0.0022390215010350545,-0.13689731394859084,v,^
2019-08-16,129.505126953125,129.8190689754021,128.1637422714522,128.315959224594,24449100,50.11406071494442,-0.14078970088368692,0.21123397741203123,-0.3520236782957181,0.003645962264336333,0.013969237197716478,0.01867657182027771,0.01832725528389556,-0.12913187815233806,-,^
2019-08-19,131.6741943359375,131.80738056779748,130.22816202130744,131.14144940849764,24355700,54.58817790427477,0.055326000925020935,0.18005238211462918,-0.12472638118960824,0.022019787725376494,0.01531602104442853,0.016107673771594166,0.01674889198477536,-0.0038201815199740974,^,^
2019-08-20,130.58013916015625,131.95958549088326,130.56112292606468,131.4839183468282,21170800,52.052346487051956,0.12107235155701801,0.16825637600310694,-0.047184024446088935,0.0026114469519380457,0.0011547526582358358,0.002556750395530827,-0.008308804783646595,-0.13076610403314215,-,^
2019-08-21,132.03570556640625,132.70165131272472,131.28415771733165,131.80739458249099,14970300,55.04448852063121,0.2873168427039161,0.1920684693432688,0.09524837336064731,0.0024601961953212292,0.005623432500799552,0.005537902670126549,0.011146920317375075,-0.29287981559506493,-,^
2019-08-22,131.07481384277344,132.42570655071816,129.65732077867466,131.9119925132432,18697000,52.70617129815682,0.3376387784100814,0.22118253115663133,0.11645624725345005,0.0007935664845173385,-0.0020794372886608903,-0.012391723167084145,-0.007277514211105118,0.24893956700934528,-,^
2019-08-23,126.89845275878906,131.6170761978997,126.33716913367284,130.51352517766009,38508600,43.964407236800774,0.04006005149838643,0.18495803522498236,-0.14489798372659593,-0.010601517791816506,-0.0061062944188162716,-0.025607128275227264,-0.031862422394846934,1.059613841792801,-,-
2019-08-26,128.85821533203125,128.962862675366,127.38364440911691,128.4206097262371,20312600,48.29787994635498,-0.037207863190872104,0.14052485554181146,-0.17773271873268356,-0.01603600430356944,-0.020166179033963783,0.008283193953291912,0.015443549788328292,-0.47251782718665436,-,-
2019-08-27,129.13412475585938,130.0664283172189,128.1066819568019,129.7524862522672,23102100,48.8970714446311,-0.07531151338912423,0.09735758175562433,-0.17266909514474854,0.010371205438670206,0.008557235927918683,0.005676062661253534,0.0021411861332798487,0.13732855469019234,-,-
2019-08-28,128.96287536621094,129.15313932294075,127.05069864933095,128.31597501008775,17393300,48.521202857967886,-0.11796746968863658,0.054292571466772147,-0.17226004115540872,-0.011071165444849762,-0.007021711952070686,-0.00824299943875706,-0.001326135829488928,-0.24711173443106904,-,-
2019-08-29,131.39828491210938,131.70271884671806,130.2471785728666,130.57062874123162,20168700,53.94337104101266,0.04423466473173221,0.05228099011976416,-0.008046325388031954,0.0175711070345419,0.01974074758958988,0.025159089698185477,0.018884578519071438,0.15956718966498595,-,-
2019-08-30,131.15097045898438,132.40672440946176,129.6383521373729,132.37818553669263,23940100,53.32908464176464,0.15108322205128388,0.0720414365060681,0.07904178554521578,0.013843517588042475,0.0053454140423863095,-0.004674392506345937,-0.001882174134087311,0.18699271643685522,-,-
2019-09-03,129.41949462890625,130.5230457545088,129.09604449367333,129.9617620758033,18869300,49.112360015191996,0.09495130504984672,0.07662341021482383,0.018327894835022895,-0.018253940036211946,-0.014226457631621336,-0.00418323462739556,-0.013202157971218487,-0.21181198073525176,-,-
2019-09-04,130.93211364746094,130.98919136948132,129.83807074931462,130.61817166014274,17995900,52.63574144145959,0.17055600625761258,0.09540992942338158,0.075146076834231,0.005050790123610094,0.003571366361226902,0.005747862055352604,0.011687721566924214,-0.04628682569040721,-,-
2019-09-05,133.234375,133.5483170689136,132.00714559277316,132.34011841270845,26101800,57.463233556822495,0.41150297685078385,0.15862853890886205,0.25287443794192177,0.013183056619763933,0.019536922647409583,0.016706000258171372,0.017583626265577523,0.45043037580782297,-,-
2019-09-06,132.3306121826172,133.35804049308442,131.47440256894785,133.21534614891118,20824500,55.08954076093327,0.5234945612354238,0.2316017433741744,0.29189281786124943,0.006613472518388619,-0.0014247770395414694,-0.004035713532271612,-0.006783255577870295,-0.2021814587499713,-,-
2019-09-09,130.8275146484375,132.94898635907353,129.81910247700185,132.79676936665004,25773900,51.29444969245732,0.4853662891664783,0.2823546525326352,0.20301163663384308,-0.0031421063290504314,-0.0030673376160780252,-0.012590284189182177,-0.011358653220053139,0.23767197291651665,-,-
2019-09-10,129.45758056640625,130.22815907014868,127.96397866362824,130.14254246222401,28903400,48.045780470654336,0.34067998069781424,0.294019718165671,0.046660262532143226,-0.019987134604891987,-0.020465197693018466,-0.01429006808687694,-0.010471299448839733,0.12142128277055475,-,-
2019-09-11,129.49559020996094,129.63829903155843,128.51571726972347,129.2958181824129,24726100,48.14391315298541,0.226471477187431,0.28051006997002303,-0.05403859278259204,-0.006506129846486575,-0.004529435437020335,0.004311671236368442,0.00029360693586566455,-0.14452624950697845,-,v
2019-09-12,130.8275146484375,131.68370982744966,130.2091385602964,131.14145675173165,27010000,51.594240923588366,0.24066139144167664,0.27254033426435376,-0.031878942822677114,0.014274541862714374,0.015777828089161394,0.013176764107528216,0.010285481044698175,0.0923679836286353,-,v
2019-09-13,130.6372528076172,131.34123100574655,129.92375197467314,131.07485852274436,23363100,51.07148866256144,0.2338586829265239,0.26480400399678783,-0.03094532107026393,-0.0005078350556481093,-0.0026007683270153903,-0.0021917554234575087,-0.0014542953088392263,-0.13502036282858199,-,v
2019-09-16,129.69537353515625,130.04736249052416,129.05798145988206,129.21970650738098,16731400,48.454184419327774,0.1507282008687696,0.2419888433711842,-0.09126064250241461,-0.014153377972492498,-0.009851198327551658,-0.006663681595031612,-0.007209882726544992,-0.283853598195445,v,^
2019-09-17,130.70379638671875,130.8274744696061,129.7905092288717,130.2947296759482,17814200,51.33005082158056,0.1643237691718582,0.22645582853131901,-0.06213205935946081,0.008319343834028992,0.005998675898857941,0.005675958671470083,0.007775318610645288,0.06471664056803372,-,^
2019-09-18,131.77879333496094,131.92148763236682,129.88563339754646,130.6752423810046,23982100,54.25975020545575,0.25885767446371233,0.2329361977177977,0.025921476745914634,0.0029203998197224745,0.008362258517914611,0.0007329054276765667,0.008224680368591253,0.34623502599050204,-,^
2019-09-19,134.20474243164062,135.441465461779,133.25340809078955,133.4722109246465,35772100,60.09721777529794,0.5234957598324854,0.2910481101407353,0.23244764969175014,0.021403966755132453,0.026682369131717953,0.02592876983503789,0.018409252621651495,0.49161666409530436,^,^
2019-09-20,132.65408325195312,134.75652434012815,131.52199288929938,134.1476708488117,39167300,55.24399342777525,0.6011682196781578,0.3530721320482198,0.248096087629938,0.005060678320122802,-0.005057100639863643,-0.012993402767683793,-0.011554429087909157,0.0949119565247778,-,^
2019-09-23,132.36863708496094,132.83479605850408,131.70270606290472,132.45425367718084,17139300,54.37351906039532,0.6324011567239438,0.4089379369833646,0.2234632197405792,-0.01262353018070217,-0.01426074389373233,0.0013740148672887198,-0.002151808372532593,-0.5624079270207545,-,^
2019-09-24,130.6943359375,133.84325075406426,130.21866869593532,133.52930863268608,29773200,49.45148821750332,0.516102071059521,0.4303707637985959,0.0857313072609251,0.008116424544019285,0.007591796166992459,-0.01126808560987791,-0.012648775301556392,0.7371304545693231,-,^
2019-09-25,132.5779571533203,133.14876357650655,129.4100119886785,130.80847466089543,21382000,54.447399796258104,0.5693634306065576,0.4581692971601883,0.1111941334463693,-0.02037630539430979,-0.0051888098476763345,-0.006209990590097858,0.014412416592568311,-0.2818373570862386,-,-
2019-09-26,132.74916076660156,133.35801404132368,131.70270191240792,132.6540360614242,17456600,54.88385770101442,0.6182612121589557,0.4901876801599418,0.1280735319990139,0.014108882511726817,0.0015715539461009786,0.017716480266843693,0.0012913429725218695,-0.18358432326255725,-,-
2019-09-27,131.02728271484375,133.52929682949886,129.99983982193834,133.32951021856826,22477700,49.72365907514976,0.5121679347488453,0.4945837310777225,0.017584203671122733,0.005091998533925501,0.0012843831651698778,-0.01292959116056791,-0.012970914782543974,0.28763333066003693,-,-
2019-09-30,132.26402282714844,132.44477868896257,131.07485480596196,131.33171916307737,17280900,53.13211647991084,0.5218670803834868,0.5000404009388754,0.021826679444611474,-0.014983862553877958,-0.008121949012590779,0.008269356219946733,0.00943879844471951,-0.23119803182709975,-,-
2019-10-01,130.39938354492188,133.4246192817115,130.33278318427432,132.8633355971435,21466600,47.86346567044078,0.3747727693454408,0.47498687462018846,-0.10021410527474767,0.011662197402322105,0.007398106610529531,-0.005661433863773269,-0.014097857016366455,0.24221539387416158,-,-
2019-10-02,128.09713745117188,129.73343334995945,127.0792174594162,129.61927789718126,30521700,42.2877742988987,0.07160206496411092,0.394309912688973,-0.32270784772486205,-0.02441650049941979,-0.027664953826538663,-0.024963525257171715,-0.01765534491930243,0.4218227385799336,-,-
2019-10-03,129.6478271484375,130.09495539592123,126.73674673968516,128.38255088600567,24132900,46.784444391399475,-0.043039075894256484,0.3068401149723271,-0.3498791908665836,-0.009541227441157374,0.002786652882195373,-0.002694938846632522,0.012105576503274484,-0.20931992647853825,-,-
2019-10-04,131.39828491210938,131.52196301257027,129.78101955407544,130.09496160556228,22897700,51.38882038103748,0.007270496613841715,0.24692619130063004,-0.23965569468678832,0.013338344718489825,0.010968969644566062,0.024020443105133182,0.01350163594849696,-0.05118323947805692,-,-
2019-10-07,130.44699096679688,131.45540328356026,130.3518662199818,130.46602172264528,15303700,48.91199528779102,-0.02928272280348665,0.19168440847980672,-0.22096713128329337,0.0028522251169729174,-0.000506073111178007,0.004398537381411938,-0.0072397744456771385,-0.3316490302519467,-,-
2019-10-08,129.06752014160156,131.05580530469754,129.019950524317,130.40890496149677,25550500,45.488199098826215,-0.16763083549301427,0.11982135968524253,-0.2874521951782568,-0.0004377903180793341,-0.0030397988129917675,-0.010217849074880436,-0.010574953204910864,0.6695635695942812,-,-
2019-10-09,131.512451171875,131.95005679522282,130.3042526169469,130.77041162253866,19749900,51.912991000944594,-0.07907567537901627,0.08004195267239077,-0.15911762805140706,0.0027721010397918633,0.006823440506478873,0.00995429069233622,0.01894303871021208,-0.2270249114498738,-,-
2019-10-10,132.3306121826172,132.87286520668545,131.5219721890756,131.75029765596275,17654600,53.87223185433134,0.056472700785235475,0.07532810229495972,-0.018855401509724243,0.007493178474137441,0.006993618903057941,0.009345202076469494,0.006221167679955508,-0.10609167641355144,-,-
2019-10-11,132.88235473632812,134.16666171907522,132.71112154727274,133.30094410896297,25446000,55.19791778236986,0.20604165846594924,0.10147081352915763,0.10457084493679161,0.011769585956074247,0.009737101027943229,0.00904145017296143,0.00416942493207495,0.44132407417896746,-,-
2019-10-14,132.75869750976562,133.46267556449297,132.7301586435582,132.89188372413636,13304300,54.8176701818581,0.3110128675388353,0.14337922433109318,0.1676336432077421,-0.003068698331890496,-0.005247101966778356,0.00014344763320139897,-0.0009305767256146957,-0.4771555450758469,-,-
2019-10-15,134.680419921875,134.889700137985,133.00606206330602,133.24389566674265,19695700,59.48834478183033,0.5430107551854064,0.22330553050195584,0.3197052246834506,0.0026488596048273028,0.010692312044969121,0.002078679198212363,0.014475303299567255,0.48040107333719173,-,-
2019-10-16,133.5768585205078,134.1286341811286,132.73967965388178,133.93835569965174,20751600,55.91380164960195,0.6305539370765416,0.304755211816873,0.32579872525966863,0.005211946329203743,-0.005642135434194451,-0.002002783973090283,-0.008193926051072165,0.05361068659656687,-,-
2019-10-17,132.89187622070312,134.537680315974,132.2544840510457,134.0905520823593,21460600,53.75470219585131,0.6373136375814568,0.37126689696978976,0.266046740611667,0.0011363166429252392,0.0030496555589540897,-0.0036552416285863254,-0.0051280012675213316,0.034166040208947646,-,v
2019-10-18,130.72283935546875,133.18679151459884,129.91419945764682,132.95846607473885,32273500,47.49983625486779,0.46231828391182717,0.3894771743581973,0.07284110955362988,-0.008442697789215692,-0.010040969921604748,-0.017695313774734545,-0.016321816855321525,0.5038489138234719,-,v
2019-10-21,131.69320678710938,131.75980715923063,130.34231375529208,131.7122375386026,20078200,50.28677513362978,0.3973533058239127,0.3910524006513404,0.006300905172572313,-0.009373066438926214,-0.010714158206985513,0.0032953618575375376,0.00742309022987131,-0.37787348753621397,-,v
2019-10-22,129.73345947265625,133.19631589420004,129.62881211446907,132.20693456642041,27431000,45.081822298924756,0.18559345681489958,0.34996061188405225,-0.16436715506915267,0.0037558926722569552,0.010902480551093996,-0.005474059960010824,-0.014881157215809848,0.3662081262264545,v,v
2019-10-23,130.5611572265625,130.76092935047177,129.01047728436777,130.2186762122193,29844600,47.55102313754633,0.08359688930676157,0.29668786736859415,-0.21309097806183258,-0.015038986878575744,-0.018284188473071117,-0.004770041628980426,0.0063799867610923044,0.08798804272538363,-,^
2019-10-24,133.1296844482422,133.58632071113303,131.92148618405082,132.60644783648962,37029300,54.40242064192598,0.20762913598787236,0.2788761210924498,-0.07124698510457744,0.01833662953522075,0.02160730559728985,0.022564127820925206,0.019672981430629788,0.24073701775195522,-,^
2019-10-25,133.88125610351562,134.27130660416736,132.4257159583593,132.55890216392237,25959700,56.20517216513023,0.3623936876716414,0.2955796344082881,0.06681405326335327,-0.00035854721503347786,0.005127664938954002,0.0038221959810624817,0.005645410025482578,-0.2989416489104574,-,^
2019-10-28,137.17286682128906,138.58083723111196,136.52595208193924,137.372638854116,35280100,63.08823392736573,0.7420967562186718,0.3848830587703649,0.3572136974483069,0.036313945058483954,0.03209569293645975,0.030962536950672304,0.024586045975161674,0.3590334248854956,^,^
2019-10-29,135.87908935546875,137.4678160061202,135.70784162101094,137.0682573139992,20589500,59.152992670270045,0.9279206530351587,0.49349057762332366,0.43443007541183504,-0.002215736282390468,-0.00803156660928217,-0.005992343934999922,-0.009431730165017749,-0.41639904648796344,-,^
2019-10-30,137.5724639892578,137.94348381334873,135.84102846602647,136.5355130086204,18496600,62.45412806976836,1.1980185982160663,0.6343961817418722,0.5636224164741941,-0.003886708095794722,0.003460212150365294,0.0009814233534675143,0.012462363722199221,-0.10164889871050775,-,^
2019-10-31,136.3927764892578,137.87685548472092,136.0312793725473,137.84831662067026,24605100,58.883882081010036,1.3018750384778173,0.7678919530890612,0.533983085388756,0.00961510733084503,-0.00048301178704435177,0.0014005408282697918,-0.008575026322797497,0.33024988376242126,-,^
2019-11-01,136.7257537841797,137.39168482775145,136.01225312687964,137.2394678703042,33128400,59.5861447751655,1.3949701529390381,0.8933075930590566,0.5016625598799815,-0.004416802216319349,-0.003518869466987762,-0.0001398666965083395,0.002441311801788082,0.34640379433532065,-,v
2019-11-04,137.515380859375,137.94347840635965,137.14436104982698,137.78175331155256,16912000,61.27529288272523,1.5150010189519776,1.017646278237641,0.4973547407143366,0.00395138111261728,0.004016207962657781,0.008323573037873677,0.005775262182439622,-0.48950145494500186,-,v
2019-11-05,137.42974853515625,137.96249337858046,136.90651180814737,137.91492376408723,18250200,60.97764112369478,1.5849462582671663,1.131106274243546,0.45383998402362025,0.0009665318471709927,0.00013784611233891297,-0.001734298368951559,-0.0006227108828380512,0.07912724692526019,-,v
2019-11-06,137.0492401123047,137.4868603514444,136.2310918952963,137.3441514725847,16575800,59.59240067214886,1.5913306455570932,1.2231511485062556,0.36817949705083763,-0.004138582511047706,-0.0034475531391774394,-0.004933438913392041,-0.002768748592698045,-0.09174693975956427,v,v
2019-11-07,137.2394561767578,137.82929320755665,136.77331174407962,136.8398975846593,17786700,60.08060996591934,1.5933717672869818,1.297195272262401,0.2961764950245809,-0.0036714623995188767,0.0024906587817696835,0.003980147565726622,0.0013879395777549597,0.07305228103620931,-,v
2019-11-08,138.8567352294922,138.88527409193688,136.7637885421695,136.97308321090176,16732700,64.05692409541831,1.7058265675238147,1.3789215313146839,0.3269050362091308,0.0009732952785941329,0.007661512729300934,-6.96276326769274e-05,0.011784359234500386,-0.05925776001169414,-,v
2019-11-11,138.9994354248047,139.29434669335302,137.68658963195605,138.26690405323768,14362600,64.39393585019008,1.785876052605829,1.460312435572913,0.32556361703291614,0.00944580359882674,0.0029453993887456065,0.006747408064833094,0.0010276793205361567,-0.14164480328936757,-,v
2019-11-12,139.91275024414062,140.38841742057483,138.95189325736897,139.16118797629684,18641600,66.55534576714574,1.9010980444250265,1.5484695573433358,0.3526284870816907,0.0064678089755654256,0.007854379974445935,0.00918973756845265,0.006570636898953541,0.2979265592580731,-,-
2019-11-13,140.14105224609375,140.28376109963375,139.16117908653143,139.59879924802777,16919200,67.09308806347192,1.9879188752719301,1.6363594209290548,0.3515594543428753,0.0031446359297067072,-0.0007454768909286313,0.0015061747217421928,0.0016317455096461764,-0.09239550253197149,-,-
2019-11-14,140.85455322265625,141.18752603198232,139.84614119378435,139.86517194419966,19729800,68.78242466230758,2.0902040044045975,1.7271283376241635,0.363075666780434,0.0019081302819705659,0.006442405915440874,0.004922077491359866,0.00509130597442331,0.16611896543571802,-,^
2019-11-15,142.67160034179688,142.69063109156312,141.05433500067744,141.68220458087544,23485700,72.63523076460035,2.2914715651732536,1.8399969831339815,0.45147458203927204,0.012991315932465941,0.010646160477663758,0.008639450445893315,0.0129001660050585,0.19036685622763527,-,^
2019-11-18,143.0236053466797,143.22339195101608,141.72979002604472,142.76675551908917,21534000,73.32213529801962,2.4511263602940687,1.962222858565999,0.4889035017280696,0.007654814106133223,0.003733677925294776,0.00478861585759871,0.002467239478911809,-0.08310163205695376,-,^
2019-11-19,143.07118225097656,143.965438924669,142.8904263893309,143.53734134068316,23935700,73.4192542036111,2.5520742706569024,2.08019314098418,0.47188112967272255,0.005397515820767973,0.00518104594189972,0.008189078408095574,0.00033265071301724625,0.11153060276771609,^,^
2019-11-20,142.82298278808594,143.98756118022834,141.7156909208991,143.48163945182608,25696800,71.94775742276897,2.5822816589937077,2.1806108445860857,0.401670814407622,-0.0003880654910896064,0.00015366365514246638,-0.008221232857343663,-0.0017347970358925213,0.07357628980978204,-,^
2019-11-21,142.68930053710938,142.99477031610746,141.75382482872908,142.61293309235987,18576100,71.12094976349718,2.5658565938350364,2.2576599944358757,0.30819659939916066,-0.006054477512141054,-0.006894976593694868,0.00026908740720354984,-0.0009359995735064297,-0.27710454219980696,-,^
2019-11-22,142.7943115234375,143.47206352802127,142.05930213925694,143.25251621622715,15901800,71.3989941982525,2.53212436683566,2.312552868915833,0.21957149791982733,0.004484748402538541,0.0033378368373799816,0.002154984607272148,0.0007359415592678165,-0.14396455660768404,-,^
2019-11-25,144.35983276367188,144.4743912394725,143.1093465253457,143.18571398734477,22420900,75.22811651218905,2.6017247509792014,2.3703872453285064,0.231337505650695,-0.00046632499481924494,0.006986222173179346,0.007391591893499694,0.010963470628011729,0.40995987875586404,-,-
2019-11-26,145.1234893798828,145.49577164480587,144.4457518398042,144.48392828709726,24620100,76.85584897739733,2.68752415807171,2.433814627877147,0.2537095301945631,0.009066646829495983,0.007069629410241918,0.009338351036504822,0.005289952208943793,0.09808705270528839,-,-
2019-11-27,145.4003143310547,145.57213018174707,144.63665434157087,145.40985480089222,15184400,77.43468713539224,2.746201761920588,2.4962920546858354,0.2499097072347527,0.0064085087163126,0.000524816192786659,0.001321620742286811,0.0019075130590833211,-0.3832518958087091,-,-
2019-11-29,144.50303649902344,145.38124052001717,144.40757352399163,145.19032913555853,11977300,71.2173015493741,2.689300778199481,2.5348937993885645,0.15440697881091658,-0.001509702802704016,-0.00131130637087995,-0.00158383653591887,-0.0061710859165564624,-0.21121018940491554,-,-
2019-12-02,142.7561492919922,144.93257081978192,141.58203060174844,144.91347531428116,27418400,60.95582054969706,2.4747201074502527,2.5228590610009025,-0.04813895355064979,-0.0019068337603869168,-0.003086159525330756,-0.019566445535308175,-0.012088930788960006,1.289197064446912,-,-
2019-12-03,142.52706909179688,142.64161301141183,139.9879053925602,140.78975652668063,24066000,59.74019850940304,2.260125205765604,2.470312289953843,-0.21018708418823895,-0.028456420485791334,-0.015807059761734243,-0.011259375235776248,-0.0016046958490506524,-0.12226825781227202,-,-
2019-12-04,143.04254150390625,143.35753727325195,142.42206130514742,143.3193608230783,17574700,61.59612588400439,2.107359190816112,2.397721670126297,-0.2903624793101849,0.017967246757176536,0.0050190421064773005,0.017388330125815088,0.0036166632443510593,-0.2697290783678218,-,-
2019-12-05,143.11886596679688,143.49116275144036,142.68931180107228,143.23342442576484,17869100,61.87636366131395,1.9697437893533163,2.3121260939717008,-0.3423823046183845,-0.0005996147123454865,0.0009321133770154866,0.0018764683889265221,0.0005335787667652969,0.016751352796918306,-,-
2019-12-06,144.85621643066406,144.97076034279544,143.4434547738281,144.1307473778249,16403500,67.6611189561637,1.978070291998904,2.2453149335771414,-0.26724464157823746,0.006264759469778003,0.010311419623228568,0.005285209965881776,0.012139213458205012,-0.0820186802916767,-,-
2019-12-09,144.48390197753906,145.29529334940366,144.05434783709353,144.20708272966115,16687400,65.37189188792587,1.9323514953380538,2.182722245929324,-0.25037075059127023,0.0005296257268143645,0.0022386100882745286,0.0042587726587359764,-0.00257023455602412,0.017307281982503753,-,-
2019-12-10,144.26438903808594,144.98985810219403,143.91118769418733,144.41710940143193,16476100,63.99707538315318,1.8569998219255694,2.1175777611285733,-0.26057793920300387,0.001456424107576737,-0.0021021689014738554,-0.0009937925863098274,-0.0015192899447528108,-0.012662248163284873,-,-
2019-12-11,144.8084716796875,144.9707470622092,143.50071358397545,144.65573676710133,18856600,65.91071854980207,1.820203823317911,2.058102973566441,-0.23789915024853014,0.001652348303178508,-0.00013180949505697814,-0.002852273800172833,0.003771427205489619,0.14448200727113814,-,-
2019-12-12,146.27853393554688,146.46944531202655,144.1593841557326,144.7607542633633,24612100,70.47678627139403,1.8879019095107594,2.024062760755305,-0.13616085124454536,0.000725982243145129,0.010337935619344263,0.004590016002754549,0.010151769705236013,0.3052246958624567,-,-
2019-12-13,147.50990295410156,147.85354920735898,145.88713464478693,146.04941001915816,23845400,73.65942230584854,2.0176560365321734,2.0227814159106785,-0.005125379378505102,0.008901969061658743,0.0094497790469803,0.011985001872565348,0.008417974841730791,-0.031151344257499325,-,-
2019-12-16,148.46449279785156,148.81767956466223,147.78675524177686,148.06357454659525,24144200,75.83430531126882,2.17247163883917,2.0527194604963768,0.11975217834279306,0.01379098023862535,0.006520846895268662,0.013021165996681017,0.0064713610722597625,0.012530718713043232,-,-
2019-12-17,147.66265869140625,148.6363256406018,147.43355630171192,148.38812774369853,25425600,70.56388233879612,2.2050444282938884,2.0831844540558793,0.1218599742380091,0.0021919854231342573,-0.0012186315805416958,-0.0023899228282474594,-0.005400847646023221,0.05307278766743151,-,-
2019-12-18,147.3572235107422,148.4167986432831,147.17585256359257,147.2904110681968,24129200,68.60786421614576,2.1810705090012448,2.1027616650449525,0.07830884395629223,-0.0073976044592850565,-0.0014769404206714798,-0.0017479313704674704,-0.0020684659437317787,-0.05098798061795984,-,-
2019-12-19,148.63633728027344,148.69360924078092,146.7653706985989,147.0040135777836,24958900,72.09627334941749,2.2394695850849473,2.1301032490529517,0.10936633603199564,-0.0019444408385863587,0.001865089397077746,-0.002789057157432162,0.008680360141544163,0.03438572352170821,-,-
2019-12-20,150.25909423828125,151.290033143907,149.18996431822254,150.2018222822361,53477500,75.7742779638285,2.389153523566165,2.1819133039555942,0.2072402196105707,0.021753206777313183,0.017461570247593317,0.016520202334397105,0.010917632846050962,1.1426224713428876,-,-
2019-12-23,150.25909423828125,150.93683180562138,150.12545481897445,150.93683180562138,17718200,75.7742779638285,2.4792004437601065,2.241370731916497,0.23782971184360946,0.004893479401362866,-0.00233459753392784,0.006270465342806286,0.0,-0.6686793511289795,-,-
2019-12-24,150.23048400878906,150.54549438663247,149.98228606924812,150.32593243002214,8989200,75.57060181719602,2.5192147310891926,2.296939531751036,0.22227519933815643,-0.004047384381208996,-0.002592723156484955,-0.0009536607226200422,-0.0001904059760058363,-0.49265726766827334,-,-
2019-12-26,151.46182250976562,151.51909445578954,150.24951291171982,150.40224781151807,14520600,78.27692947703284,2.620082389546411,2.3615681033101112,0.2585142862362999,0.0005076661109781888,0.006467148506329012,0.0017817226918939166,0.008196329187786677,0.6153384060873048,-,-
2019-12-27,151.73867797851562,152.30187161554684,151.0322898903994,152.20640864815684,18412800,78.84441269818439,2.691336605052271,2.4275218036585433,0.2638148013937278,0.011995570963139635,0.00516619481240177,0.005209847030515968,0.0018278894586267747,0.26804677492665596,-,-
2019-12-30,150.43087768554688,151.79592212804735,149.60994583941684,151.7672861561964,16348400,69.59558836226313,2.6121661054533263,2.4644506640175,0.14771544143582638,-0.002885046009958203,-0.003322017530924759,-0.00941748318862623,-0.008618766885223006,-0.11211765728189083,-,-
2019-12-31,150.5359344482422,150.60276144997604,149.34271997962009,149.64818987507837,18369400,69.90103436534221,2.528750258000173,2.4773105828140345,0.051439675186138345,-0.013962800118446417,-0.007860294672901835,-0.0017861503678611168,0.0006983723309446077,0.12362066012576145,-,-
2020-01-02,153.3232879638672,153.42829142402064,151.13732537689975,151.56687969003406,22622100,76.61390496403301,2.6569312818061235,2.5132347226124523,0.1436965591936712,0.012821336606592793,0.018761475200327782,0.012016691523527578,0.018516200306866626,0.23151001121430204,-,-
2020-01-03,151.4141387939453,152.6837207384835,150.87958104163584,151.12777897349832,21116200,65.7907466112209,2.574782790813515,2.525544336252665,0.04923845456085019,-0.0028970756502589845,-0.004852890419534406,-0.001705365200959874,-0.012451788604819103,-0.0665676484499671,-,-
2020-01-06,151.8054656982422,151.87229267766048,149.39994205440817,149.94405466189505,20813700,66.82526543738699,2.5122961444718896,2.52289469789651,-0.010598553424620238,-0.00783260575682021,-0.0053144373014908375,-0.009806754346828206,0.002584480600120287,-0.01432549417035267,-,-
2020-01-07,150.42137145996094,152.41642230295344,150.17318812555376,152.0823310334366,21634100,59.92289552990246,2.3242971387918203,2.483175186075572,-0.15887804728375166,0.014260494531530998,0.00358281037113084,0.005175678521106786,-0.00911755207175835,0.039416345964436994,-,-
2020-01-08,152.81736755371094,153.49511981456826,150.77458486413934,151.71006097584038,27746500,66.39401346502831,2.341650345366787,2.454870217933815,-0.11321987256702792,-0.0024478192507081387,0.0070773050260339865,0.00400468782804797,0.015928561683056897,0.2825354417331898,-,-
2020-01-09,154.72647094726562,154.85056988722462,153.7146276185013,154.48782810310033,21385000,70.48355856784013,2.4808538366664266,2.4600669416803376,0.02078689498608899,0.018309709385077033,0.008830574381086809,0.01949959110821764,0.012492712210107282,-0.22927216045266974,-,-
2020-01-10,154.01052856445312,155.80512725217918,153.85779366217815,155.4233045620937,20725900,67.18181462294058,2.5045323496065635,2.468960023265583,0.03557232634098062,0.0060553408671721876,0.006164377474682459,0.0009313755359194875,-0.004627148660661384,-0.030820668693009146,-,-
2020-01-13,155.86239624023438,155.89103221316708,153.93415819102395,154.41144382737096,21626500,70.96990696212204,2.6422695478458422,2.503621928181635,0.13864761966420724,-0.0065103540139856975,0.0005513615790631032,0.0004963318856208154,0.012024292709353679,0.04345287780024032,-,-
2020-01-14,154.76466369628906,156.1678848009803,154.37328593172,155.96741840076578,23477400,66.0993935888593,2.6325035652075144,2.529398255586811,0.10310530962070352,0.010076808653731506,0.001775936587773863,0.0028526984904229113,-0.007042959497769785,0.08558481492613224,-,-
2020-01-15,155.7669677734375,156.4924514232917,155.18469315115652,155.23241007287436,21417900,68.24245708372139,2.674807994477561,2.558480203364961,0.11632779111259994,-0.004712576097161358,0.0020783186166928314,0.005256137514591863,0.006476310891712078,-0.08772266094201231,-,-
2020-01-16,158.6211700439453,158.68799705123658,156.578387286409,156.8838572072704,23865400,73.399366321302,2.9051559991657996,2.627815362525129,0.27734063664067055,0.010638545994491544,0.014029722251626131,0.008980873737946204,0.018323540037443964,0.11427357490697032,-,-
2020-01-17,159.5088653564453,159.8620520660463,157.91471851468566,159.81432058933223,34371700,74.77150438189062,3.1233341930193887,2.7269191286239813,0.3964150643954074,0.018679190034129434,0.0073985117754724605,0.008534582910426192,0.0055963230649103135,0.44023146479841113,-,-
2020-01-21,158.93614196777344,160.54937000352857,158.86931497665745,159.1079578324649,29517200,72.18439480249535,3.2129906364804697,2.824133430195279,0.3888572062851905,-0.004419896504033738,0.004299443980603446,0.00604501259255974,-0.0035905426785655115,-0.14123537677798892,-,-
2020-01-22,158.1724853515625,159.88117639299483,158.15338984431403,159.79525389317888,24138800,68.76773821816745,3.185700534349337,2.896446851026091,0.28925368332324597,0.0043196837548356015,-0.004161919853805984,-0.004506377662977901,-0.004804801518120239,-0.18221240497066116,-,-
2020-01-23,159.14614868164062,159.22251614329255,157.76202303250872,158.64022699310001,19680800,70.67368546604018,3.2056862694454367,2.9582947347099604,0.24739153473547626,-0.00722816774552637,-0.004119686035354508,-0.0024746027397235526,0.006155706081965029,-0.18468192287934782,-,-
2020-01-24,157.54249572753906,159.91938433470375,156.9793019604365,159.90028882369484,24918100,63.771016623028316,3.0568858402682224,2.978012955821613,0.07887288444660934,0.007942889735335745,0.004376693750926863,-0.004961403619367588,-0.01007660548110123,0.2661121499126051,-,-
2020-01-27,154.90782165527344,155.95785585902553,152.92231170265217,153.82915147920096,32078100,54.37470511360304,2.6952945712988594,2.9214692789170624,-0.22617470761820302,-0.037968270033507445,-0.024772034310655777,-0.025844109427921924,-0.016723577090096087,0.2873413301977277,-,-
2020-01-28,157.94338989257812,158.229749659442,155.66196483440646,156.33970237012244,24899900,61.426791397885005,2.623434552474805,2.8618623336286113,-0.23842778115380625,0.016320384444562963,0.014567357238292056,0.017915326424579492,0.01959596490911819,-0.2237726049859562,-,-
2020-01-29,160.4062042236328,161.08395646414144,158.16296971742204,160.2152928179818,34754500,66.01623260749138,2.7337010991500676,2.8362300867329027,-0.10252898758283502,0.024789547306954596,0.01803837022331467,0.016066897817178072,0.015593019326289648,0.39576865770545266,-,-
2020-01-30,164.9308624267578,166.14317230881892,163.03125990019,166.14317230881892,51597500,72.49176596237257,3.149880374439533,2.8989601442742288,0.2509202301653044,0.03699946107873542,0.03140732296207105,0.030780214809229767,0.02820750123116733,0.48462788991353634,-,-
2020-01-31,162.49671936035156,164.56813798410553,161.87625364670603,164.38678161524783,36142700,65.28467094813917,3.2458740307001506,2.9683429215594135,0.2775311091407371,-0.01057154903908053,-0.009479982251607622,-0.007084569267213459,-0.014758566290085318,-0.2995261398323562,-,-
2020-02-03,166.4581756591797,166.57271957325094,162.65897076563186,162.6876067441497,30107000,70.43609012188264,3.600106326187472,3.094695602485025,0.5054107237024468,-0.010336444660587807,0.012180860850105724,0.004835280662190966,0.024378684778510573,-0.1669963782451228,-,-
2020-02-04,171.9373779296875,172.4337590841562,168.30046360645028,169.09275953348234,36433300,75.78774390869168,4.2736992593170555,3.3304963338514315,0.943202925465624,0.03937087106706105,0.03518607083993652,0.0346829493280576,0.03291639025124482,0.21012721294051206,-,-
2020-02-05,171.72740173339844,175.8320619700683,170.30509956420224,175.66978656794012,39186300,75.22575196180566,4.735989647001588,3.611594996481463,1.1243946505201254,0.03889597078315732,0.01970787451344469,0.011911054282295774,-0.0012212364688667376,0.07556274067954316,-,-
2020-02-06,175.2879638671875,175.46933477716024,171.8801367244904,172.74880025877843,27751400,78.18043194710684,5.328245025267506,3.9549250022386717,1.3733200230288345,-0.016627710241066462,-0.0020629183827112207,0.009248326470073787,0.020733803096355752,-0.2918086167869893,-,-
2020-02-07,175.53611755371094,177.19707687616415,174.19016851132312,174.5433698005128,33529100,78.37401737577801,5.751337766420534,4.314207555075044,1.4371302113454894,0.010388318408267372,0.00984640479316834,0.013439783274873163,0.0014156915343683796,0.20819490187882406,-,-
2020-02-10,180.1276397705078,180.2612791983537,174.9252279903285,175.24023833430923,35844300,81.62283716060107,6.383553649103476,4.728076773880731,1.6554768752227451,0.003992523660983904,0.017292623423641462,0.004219867776048325,0.026157136666714376,0.0690504666096019,-,-
2020-02-11,176.06117248535156,182.03678492319855,175.16387293112035,181.9890534343469,53159900,71.39337169561125,6.481741880320072,5.078809795168599,1.4029320851514733,0.03851178909699282,0.009849623461792634,0.0013642682849901444,-0.02257547642514579,0.48307820211302777,-,-
2020-02-12,176.3188934326172,177.40710426901245,173.58881858824256,177.1493659071914,47062900,71.63599135164007,6.505362913330657,5.364120418801011,1.1412424945296458,-0.02659328918868986,-0.025432665470000337,-0.008991890373976519,0.0014638147845293936,-0.11469171311458448,-,-
2020-02-13,175.36434936523438,177.76985923208883,174.56249817734334,174.76296461571766,35295800,69.29190942786593,6.373588265290408,5.5660139880988915,0.8075742771915166,-0.013471125223919578,0.002044760070748497,0.0056091146712069495,-0.005413736717600259,-0.250029216219145,-,^
2020-02-14,176.92977905273438,176.9870509946612,174.35242514122208,174.92517369169164,23149500,70.96961801407386,6.322590117078931,5.7173292138948995,0.6052609031840319,0.0009281661954558817,-0.004403492475097526,-0.0012034259266148206,0.008926727086585151,-0.344128763195621,-,^
2020-02-18,178.7244110107422,179.17306076378034,177.0730064574597,177.17800990105596,27792200,72.80402170308768,6.3537435176423,5.84461207464438,0.5091314429979201,0.012878856495148971,0.012351241273493407,0.015603920129209525,0.010143187696362466,0.2005529277090219,-,^
2020-02-19,179.2604217529297,180.12187672148175,178.4851093601553,180.00701995377815,29997500,73.34576209072603,6.348502810706691,5.945390221856843,0.40311258884984813,0.01596704949052108,0.005295527986499682,0.007974693212400075,0.0029990908301569252,0.07934960168680427,^,^
2020-02-20,176.52288818359375,179.2317055664298,173.345062600929,178.94454904497888,36862400,66.10338894862431,6.053670487084133,5.967046274902302,0.0866242121818317,-0.005902385968458823,-0.004942049079515232,-0.028798182535521688,-0.015271265918971322,0.22884907075589633,-,v
2020-02-21,170.94253540039062,175.6422861817176,169.659919486155,175.3264154675454,48572600,54.327081584586054,5.308532456103421,5.835343511142526,-0.5268110550391043,-0.020219300318134015,-0.020026698810729382,-0.021259002474491306,-0.03161263018424698,0.31767329311168013,-,^
2020-02-24,163.572265625,167.07554313301836,156.2402733599048,160.58587278820414,68311100,43.34406864409101,4.076297008653171,5.483534210644655,-1.4072372019914843,-0.08407485341003773,-0.04877380746363191,-0.07909732697559901,-0.04311548180871183,0.40637108163861924,-,v
2020-02-25,160.87303161621094,167.35312091933608,160.47100370822852,166.7405271336605,68073300,40.143260802074366,2.8490933381986565,4.956646036155456,-2.107552697956799,0.038326250239793413,0.0016613908960734225,0.027078359870621238,-0.016501782857108793,-0.003481132641693696,v,v
2020-02-26,162.8831329345703,165.8408122534141,161.007070454913,162.44283881614484,56206100,43.4899669597808,2.0154906435726616,4.368414957638897,-2.352924314066235,-0.025774707513492423,-0.009036632586319704,0.003340583247420481,0.01249495517157162,-0.1743297298647194,^,^
2020-02-27,151.40655517578125,159.87759449466913,151.2151223120746,156.32646886592855,93174900,32.363845696287896,0.4239040884657186,3.5795127838042613,-3.1556086953385427,-0.03765244436006743,-0.035957480415814924,-0.06081688285596398,-0.07045896988854683,0.6577364378599475,v,v
2020-02-28,155.072509765625,156.6997251752608,145.49115661738037,145.88360337407545,97012700,37.83478054863328,-0.535455428607321,2.756519141321945,-3.291974569929266,-0.06680164637256214,-0.019876889750891857,-0.03785313007836111,0.024212654370133535,0.041189204388735634,-,^
2020-03-02,165.39088439941406,165.5153222915378,155.35965672866865,158.23119253790156,71030800,50.07546176827151,-0.45787011730979543,2.113641289595597,-2.5715114069053926,0.08464000667823068,0.05625789774945189,0.0678288656213033,0.06653903163999964,-0.26781957413823143,^,^
2020-03-03,157.4654541015625,167.50626337555664,155.31180214387678,166.3576519192017,71677000,43.06177610999625,-1.024094069628262,1.4860942177508254,-2.5101882873790875,0.05135813774110032,0.012028741849724245,-0.00030802452708467154,-0.0479193900354985,0.009097461946085295,v,^
2020-03-04,163.24684143066406,163.39041240338062,158.52794252039857,161.27505550994934,49814400,48.70573737751393,-0.9948529453952801,0.9899047851216043,-1.9847577305168844,-0.030552224984041754,-0.024571325807370537,0.02070763671612319,0.03671527423007115,-0.3050155558965917,^,v
2020-03-05,159.1501007080078,163.55311380346967,158.5949353296999,158.93952023329146,47817300,45.28056053380573,-1.287411404907317,0.53444154711582,-1.821852952023137,-0.014481689491737892,0.0009957830309368365,0.0004225930661574395,-0.02509537511876614,-0.0400908171131239,-,^
2020-03-06,154.6513671875,156.12541593642464,149.31987490003448,155.64682659379633,72821100,41.80394536068496,-1.8608258474155832,0.05538806820953938,-1.9162139156251226,-0.02071664514063032,-0.04541459159237027,-0.05848270255530974,-0.028267236404465934,0.5229027987778483,-,^
2020-03-09,144.17025756835938,150.99494667832099,143.57681142154135,144.53399016435162,70419300,35.05160385026831,-3.124976097090922,-0.580684764850553,-2.5442913322403693,-0.07139777066221042,-0.032861204739354055,-0.038461480645747614,-0.06777249894230342,-0.03298219884072062,v,v
2020-03-10,154.0292205810547,154.13451083999507,146.04635238448986,151.38741218226505,65354400,44.18435697054495,-3.2933249572529917,-1.123212803331041,-2.170112153921951,0.04741737227430254,0.020792511476311892,0.01720013795053532,0.06838416729623042,-0.07192488422918153,^,^
2020-03-11,147.05136108398438,150.94707060556502,144.67754750947486,150.40148636834232,56371600,39.90715532959918,-3.9443298080607576,-1.6874362042769844,-2.256893603783773,-0.006512601012927721,-0.020679601323929986,-0.00937240028707742,-0.04530218013664722,-0.13744751692311463,-,v
2020-03-12,133.10523986816406,146.89818555794096,132.64579827768898,139.0780389658794,93226400,33.02597771419806,-5.521937810291121,-2.4543365254798117,-3.067601284811309,-0.07528813495054909,-0.026823210489483884,-0.08316251857253754,-0.09483843680886006,0.653783110644367,v,^
2020-03-13,152.02870178222656,154.97681406872138,134.7037606599893,141.18386485149557,92727400,46.50496616503818,-5.185463496269563,-3.000561919637762,-2.1849015766318005,0.015141325699399744,0.05499474673629634,0.015514719719897041,0.14216917330080703,-0.0053525610771197885,^,v
2020-03-16,129.62112426757812,142.95462976122505,129.21911100819898,134.00500400850265,87905900,37.007292698294094,-6.650249479372576,-3.7304994315847253,-2.9197500477878506,-0.05084760110897946,-0.07757408345073691,-0.04071638107887976,-0.1473904417518881,-0.05199649725970967,v,^
2020-03-17,140.293701171875,141.18387042907835,129.21913564695305,134.00502955980318,81059800,42.98041021127177,-6.870713850072093,-4.358542315282199,-2.5121715347898936,1.9067422685203894e-07,-0.012386862426941758,1.9067422662999434e-07,0.08233670988893271,-0.07787986926929824,^,^
2020-03-18,134.38784790039062,139.74805303711864,129.23823779547845,132.0906254734409,81593200,40.68158128129729,-7.436265810595273,-4.974087014344814,-2.462178796250459,-0.01428606144598421,-0.010169840135392683,0.00014782755224107547,-0.04209635373614573,0.006580327116523899,v,v
2020-03-19,136.59898376464844,143.72038128798528,133.04784422970064,136.65641215191422,85922700,41.93379088685283,-7.618231399490639,-5.50291589137398,-2.1153155081166597,0.03456556180356163,0.028424927321252458,0.029477393836419674,0.016453391424920527,0.05306201987420511,^,v
2020-03-20,131.46852111816406,140.80101492188504,130.0423193712447,139.7481123428989,84866200,39.83266251648743,-8.083247255473054,-6.018982164193795,-2.0642650912792595,0.022623894058829697,-0.020312820909168305,-0.022589805012301012,-0.03755857111882943,-0.012295935765519461,-,v
2020-03-23,130.1571044921875,134.55056410227925,126.8452756680197,131.1429969981145,78975200,39.29072730645194,-8.460073571429206,-6.507200445640877,-1.9528731257883285,-0.06157589680832387,-0.044392086399899,-0.024584640743742003,-0.00997513788717419,-0.06941514996547504,v,^
2020-03-24,141.98789978027344,143.1939544165174,135.22065325461648,137.59445259067172,82516700,46.378430045322325,-7.715129624237818,-6.748786281360266,-0.9663433428775523,0.049194053363367685,0.06423897493040487,0.0660282974079136,0.09089626981365484,0.044843191280300676,-,v
2020-03-25,140.6287078857422,147.72140631630424,138.25490854547172,142.53349896031997,75638200,45.71805638394179,-7.151987940683114,-6.829426613224836,-0.3225613274582777,0.035895679488920695,0.03161761904149629,0.02243928880554824,-0.009572589612457105,-0.08335888371687183,-,^
2020-03-26,149.4251708984375,149.9516221166955,142.0166023310872,142.04531652432053,64568100,50.618649559358104,-5.927563783715158,-6.649054047322901,0.7214902636077429,-0.0034250364971069036,0.015097444954022876,0.027208392274754356,0.06255097657472786,-0.1463559418389121,^,^
2020-03-27,143.28965759277344,148.25741769895353,142.81106821229966,145.2518769737937,57042300,47.403985306670656,-5.390149180460298,-6.39727307395038,1.007123893490082,0.0225742074989439,-0.011298340050122868,0.005594176090484737,-0.0410607748933699,-0.1165560083075079,v,v
2020-03-30,153.36875915527344,153.72292525245413,143.5863903880051,145.91234252930232,63420300,52.71639157999401,-4.10364075776252,-5.938546610712809,1.834905852950289,0.004547036288059525,0.03686498549838957,0.0054290062066677525,0.07034074707013827,0.11181176074597277,^,v
2020-03-31,150.9566650390625,157.72391111486942,149.85590072827637,152.57428483607072,77927200,51.37893211794329,-3.2413451907567037,-5.399106326721588,2.1577611359648845,0.045657154091885976,0.026027255569360364,0.04366368096119366,-0.015727414953973007,0.2287422166088775,-,v
2020-04-01,145.59645080566406,150.99493802138917,144.36169672460142,146.4483392537087,57969900,48.43794422434238,-2.9564145264989747,-4.910567966677066,1.9541534401780911,-0.040150577070991234,-0.04266298651812894,-0.03666324767309115,-0.03550829790795518,-0.256101848905132,v,v
2020-04-02,148.611572265625,148.82215276585558,143.9214020813381,145.35717025269807,49630700,50.16593655876662,-2.4589644078215542,-4.420247254905964,1.9612828470844095,-0.007450879993389892,-0.014389788717458885,-0.0030499409002047173,0.020708756589028265,-0.14385396559248853,-,v
2020-04-03,147.2427978515625,150.64078508097487,145.67302540319514,148.45841886264432,41243300,49.35726086935254,-2.150391881685266,-3.9662761802618243,1.8158842985765582,0.021335367251267057,0.012220172073310609,0.012170693840705571,-0.009210416074570404,-0.16899620597734866,-,v
2020-04-06,158.1929473876953,159.37027324467843,150.83223993821088,153.45491515825577,67111700,55.53284024803053,-1.010610687309395,-3.3751430816713386,2.3645323943619436,0.033655863600664304,0.05794903524308603,0.035416402733011276,0.07436798061370586,0.6272146021293155,-,v
2020-04-07,156.48916625976562,162.7203949496014,156.26900462130646,162.32794813884126,62769000,54.420841719955526,-0.24201695619666452,-2.748517856576404,2.5065009003797396,0.05782175808076828,0.021020994924063396,0.036045110019732984,-0.010770272354519772,-0.06470853815355593,-,-
2020-04-08,158.05889892578125,159.53294746912132,156.49869321268974,158.57576891736176,48318200,55.30876062089477,0.4881364869065692,-2.1011869878798097,2.589323474786379,-0.023114807182003094,-0.019588494002041434,0.0014698282102705296,0.010030935070673985,-0.23022192483550796,-,-
2020-04-09,158.06849670410156,160.20300120701708,156.33600551975834,159.23625593654953,51385100,55.31449258412945,1.0553968535696185,-1.4698702195899243,2.525267073159543,0.00416511944855813,0.004200096271808951,-0.0010395466542988396,6.0722796283885216e-05,0.06347297705626453,-,-
2020-04-13,158.4226837158203,158.48012672169716,155.35014744673524,157.31236722719495,41905300,55.54110632947259,1.5160585337581836,-0.8726844689203027,2.388743002678486,-0.012081976545097683,-0.010754320907469084,-0.006306020610834406,0.0022407185435677768,-0.18448538584142093,-,-
2020-04-14,166.26190185546875,166.30976370135184,160.80598734864523,161.7631658447681,52874300,60.335624583715536,2.4850495190202366,-0.20113767133219485,2.6861871903524315,0.028292744531300595,0.04940453507715903,0.03511963130759588,0.04948292729158954,0.2617568660766061,-,^
2020-04-15,164.51988220214844,166.13751656730375,161.99293097885268,163.8689930811695,40940800,58.817668815282126,3.076946306991772,0.45447912433259857,2.6224671826591734,0.013017965031805634,-0.001035700672134987,0.007381215399859586,-0.010477563614270768,-0.2256956593278776,-,^
2020-04-16,169.4589385986328,169.68866678249967,165.49621871061888,166.83627787509008,50479600,61.75551930564553,3.899616992364315,1.1435066979389419,2.7561102944253735,0.018107664776159327,0.02137476404227656,0.0216261765905299,0.030021030469835175,0.2329900734719399,-,v
2020-04-17,170.95211791992188,172.29216222843243,168.33900961024494,171.813572888909,52765600,62.623617189995684,4.618833492375984,1.8385720568263504,2.7802614355496336,0.02983340959899272,0.015342777424669274,0.017177376750805884,0.008811452105372153,0.04528562032979666,^,v
2020-04-20,167.56370544433594,171.09569728029905,167.4967105283148,169.06648305481082,36669600,59.33236918703939,4.859385213792763,2.442734688219633,2.4166505255731296,-0.01598878242218027,-0.006944395686131477,-0.005003588199077091,-0.019820827707868194,-0.3050472277392847,-,v
2020-04-21,160.6337127685547,166.2331985750058,158.99693100643162,166.07047997263564,56203700,53.17683012338434,4.439654124369895,2.8421185754496854,1.5975355489202094,-0.01772085766522913,-0.028419760301319763,-0.05074594895071871,-0.04135736111471566,0.532705565372952,v,v
2020-04-22,166.08966064453125,166.5491023546214,163.50528094286486,164.05086523508652,34620200,56.96250655452524,4.495442940434202,3.1727834484465887,1.3226594919876136,-0.012161190464927363,0.0019003651636593233,0.028354949418809117,0.0339651482988359,-0.38402276006739766,-,v
2020-04-23,164.07955932617188,167.56368896204097,163.59140348184656,166.65437218282156,32790800,55.19202491702522,4.3275720451119355,3.4037411677796583,0.9238308773322772,0.015870120185005998,0.0060918167259724765,0.0005267263447703563,-0.012102507227475412,-0.05284198242644467,-,v
2020-04-24,167.07553100585938,167.08509753411812,163.39996861114895,164.69215098463684,34277600,57.32123548363824,4.385727095360323,3.6001383532957916,0.7855887420645318,-0.011774195735063886,-0.0028561762449098582,-0.0011702012857836008,0.018259262104256546,0.04534198616685159,-,v
2020-04-27,166.59695434570312,169.3249048560136,165.87907032634968,169.02818179820954,33194400,56.856461705341644,4.343133317447183,3.7487373461260702,0.5943959713211129,0.026328096315757055,0.013405189062047462,0.015171984035690755,-0.0028644329739671015,-0.031600812192218775,-,-
2020-04-28,162.53851318359375,168.14758096614784,162.13649988106928,168.07100491727823,34392700,52.93656808892548,3.936517435011382,3.7862933639031326,0.1502240711082492,-0.005662824215159734,-0.006953046221209513,-0.02256204135890849,-0.024360836475364134,0.03609946255994978,-,-
2020-04-29,169.83218383789062,170.0714784764079,164.51985454711578,165.8024703042758,51286600,58.47712528637334,4.154914417662155,3.8600175746549374,0.29489684300721786,-0.013497477534087254,0.011441719822584684,0.014699680009095717,0.04487349189701506,0.491205982664926,-,-
2020-04-30,171.5360107421875,172.67504118966917,168.6836075425225,172.2921755306454,53875900,59.67151422161199,4.414591528427451,3.9709323654094404,0.44365916301801045,0.03914118537835942,0.01530863808902816,0.025308513716284065,0.010032414739029827,0.05048687181446998,-,-
2020-05-01,167.09471130371094,170.99042145235236,166.55867890340767,168.27203714649573,39370500,55.21320124317144,4.2134418277705095,4.019434257881654,0.19400756988885526,-0.023333261488909685,-0.009756011787866892,-0.012597125885982607,-0.025891353187358912,-0.26923726564196604,-,-
2020-05-04,171.18186950683594,171.33502163482007,166.3576943184621,167.01815009067673,30372900,58.30084261001054,4.333870587587484,4.08232152382282,0.25154906376466357,-0.007451547369854317,0.00201531863329385,-0.0012066893557802771,0.024460129056365965,-0.22853659465843712,-,-
2020-05-05,173.0196075439453,175.78585325867564,172.19643332059715,172.8856031171392,36839200,59.64791113905802,4.525434951229585,4.1709442093041735,0.3544907419254111,0.03513063115162596,0.025977360503341762,0.035097498952815664,0.010735588076025593,0.21289702333330052,-,-
2020-05-06,174.72341918945312,176.312339570622,173.85239754434082,174.28312510166273,32139300,60.90876418599551,4.759865681346071,4.288728503712553,0.47113717763351737,0.00808350700883187,0.002995043697695099,0.009616716164269068,0.009847506127737882,-0.12757877478338286,-,^
2020-05-07,175.73800659179688,176.6473233913739,174.76168027590157,176.28359082938823,28316000,61.67668092204761,4.970228744942261,4.425028551958495,0.5452001929837662,0.011478252564949054,0.0018999454125996351,0.00523019955090831,0.005806819755762804,-0.11896027604832715,-,^
2020-05-08,176.771728515625,177.07803266379074,175.50826041790555,177.05888500318397,30877800,62.485283909475555,5.16086447535929,4.572195736638655,0.5886687387206351,0.004397993994495364,0.0024382439775922915,0.004271989951259991,0.00588217622286602,0.09047181805339743,-,v
2020-05-11,178.74359130859375,179.48060853855688,175.02016600795858,175.30730799085808,30892700,64.04377376371227,5.408709279252065,4.739498445161337,0.6692108340907277,-0.009892624209705159,0.013567893423165556,-0.002781033831597224,0.011154853830568578,0.0004825473317400242,^,v
2020-05-12,174.6946563720703,179.03067414607514,174.49365705044374,178.80096063564477,32038200,58.65538417959379,5.218260007829997,4.83525075769507,0.38300925013492737,0.019928733632535556,-0.0025068691049433545,-0.0030082759577024776,-0.022652196405369973,0.03707995740093928,-,v
2020-05-13,172.05287170410156,176.16874304424806,168.98032164396082,174.73297499108446,44711500,55.38132364146608,4.798839607899737,4.827968527736004,-0.029128919836266753,-0.022751475328199877,-0.015985702536605362,-0.03159619380828893,-0.015122298087596908,0.3955684152043497,v,v
2020-05-14,172.79945373535156,172.9526058186347,168.15713162286323,169.93748442621697,41873900,56.12664652234735,4.475102651952682,4.75739535257934,-0.282292700626658,-0.027444679890056056,-0.018256003704389068,-0.004871514109388686,0.0043392593442670435,-0.06346465674379076,-,v
2020-05-15,175.31683349609375,179.0498241431516,169.4206098950196,171.3923954473315,46610400,58.635696836841866,4.371280885022571,4.680172459067986,-0.3088915740454148,0.008561448499881719,0.03525369447691751,0.007513676404697689,0.014568215965529818,0.11311341909877037,-,v
2020-05-18,176.9918975830078,178.22665154471989,176.08258083844325,177.79592409786156,35264500,60.26408930459016,4.373747224018928,4.618887412058174,-0.24514018803924653,0.037361801460426225,-0.0045974499130118085,0.039322080988562824,0.009554496584900818,-0.2434199234505604,-,v
2020-05-19,175.7667236328125,178.60954544769828,175.6327192033904,177.10676792703353,26799100,58.45157841011287,4.228101593598581,4.5407302483662555,-0.3126286547676749,-0.003876107814759,0.002148353793665514,-0.0025548332657936434,-0.006922203597600984,-0.24005444568900736,-,-
2020-05-20,178.20472717285156,178.3870999648644,176.5537935187178,177.38885351786695,31261300,60.96735064030239,4.260292888131659,4.484642776319336,-0.22434988818767732,0.0015927431466065123,-0.001245428861465947,0.005244320759281607,0.01387067750737736,0.16650559160568834,-,-
2020-05-21,176.06427001953125,179.17417147943857,175.92989237505736,177.9551648606696,29119500,57.665986674172586,4.066214922750163,4.4009572056055015,-0.3347422828553386,0.0031924855004805686,0.00441215488524227,-0.0035337736517924156,-0.012011225444340523,-0.06851282576220441,-,-
2020-05-22,176.14108276367188,177.0529468789474,175.21003230096608,175.83394009805284,20826900,57.75439416233947,3.873948417522314,4.295555447988864,-0.42160703046655,-0.011919995490311197,-0.011838897219260125,-0.004091743957625127,0.00043627673083301843,-0.28477824138463914,-,-
2020-05-26,174.2789764404297,179.01100289158117,173.82784834456731,178.85742425340143,36073600,54.76842225687045,3.5306206122273807,4.142568480836568,-0.611947868609187,0.017195111214948433,0.011059155168834822,-0.007888726109156363,-0.010571675239106848,0.7320676624941782,-,-
2020-05-27,174.5093231201172,174.6821027430199,169.50854156521802,172.96397291656262,39517100,55.07782462168026,3.239771831960212,3.962009151061297,-0.7222373191010849,-0.03295055467470609,-0.02418231325804643,-0.024848186412498308,0.001321712373989259,0.09545761997693614,-,-
2020-05-28,174.11578369140625,176.75535602471408,173.1367528620367,173.4822974624214,33810200,54.393254540524865,2.943584920549341,3.758324304958906,-0.814739384409565,0.0029967197047955363,0.011868721804569882,0.021404297761731028,-0.002255119793456828,-0.1444159616975942,-,-
2020-05-29,175.89151000976562,176.87055553063638,173.16555506136842,175.39238675358726,42130400,56.99086659924358,2.8196379022982683,3.5705870244267786,-0.7509491221285103,0.011010283579969471,0.0006517454888677054,0.0001663552010511271,0.010198537322191115,0.24608550082519476,-,-
2020-06-01,175.48838806152344,175.65155988421583,174.17340566060682,175.21002492876235,22622400,56.20817656725297,2.6582379131842515,3.3881172021782735,-0.729879288994022,-0.0010397362633596252,-0.006892021358577138,0.00582015631735322,-0.002291878375595302,-0.46303856597611226,-,-
2020-06-02,177.48483276367188,177.57121524522245,174.0677890190799,176.85133194017425,30794600,59.19688395514709,2.660752166748523,3.2426441950923235,-0.5818920283438005,0.009367654688019256,0.010928769219425094,-0.0006063878760729224,0.011376506013882404,0.3612437230355754,-,-
2020-06-03,177.91676330566406,178.4734748300103,176.20824139987135,177.39845376013542,27311000,59.83554953284972,2.6668560591672588,3.1274865679073107,-0.46063050874005196,0.0030936822129576935,0.005081113983152363,0.012296659783257446,0.0024336194550624857,-0.11312372948503957,-,-
2020-06-04,175.57472229003906,178.37746596340432,174.97962349487705,176.89931214617343,28761800,54.824590616725516,2.4544173062925267,2.992872715584354,-0.5384554092918274,-0.0028136751103642332,-0.0005379447377120705,-0.006972533720520979,-0.013163689424820157,0.05312145289443815,-,-
2020-06-05,179.68289184570312,180.19160827140416,174.70129642604095,175.28680217113944,39893600,60.99507861230679,2.5877233498619603,2.9118428424398757,-0.3241194925779154,-0.009115411221619407,0.010170243748008234,-0.0015906256012960807,0.02339841124098485,0.3870341911841402,-,^
2020-06-08,180.7963409423828,180.97871377135425,177.0337516285707,178.47351862015495,33211600,62.4905059374166,2.751497832167331,2.8797738403853668,-0.12827600821803564,0.018180013609377044,0.004368158470313244,0.013351104143163539,0.00619674519506197,-0.1674955381314296,-,v
2020-06-09,182.17849731445312,183.04235154531418,179.7404839717792,180.45077420666559,29783900,64.31924377902297,2.9587125607236544,2.8955615844530245,0.06315097627062993,0.011078705691452306,0.011402654660078282,0.015289357641177004,0.00764482491662144,-0.10320791530670004,-,v
2020-06-10,188.93582153320312,190.54836819651172,183.33992534348977,183.45511666334082,43872300,71.60739995258602,3.6263885670914817,3.041726980980716,0.5846615861107658,0.01664909707305795,0.04100699421652343,0.020025768776029906,0.03709177712167855,0.47302065881231137,^,v
2020-06-11,178.7902374267578,187.89915227221888,178.59827145778436,185.3747712203923,52854700,53.82917720059028,3.2988358391778263,3.093148752620138,0.2056870865576883,0.010463892160469168,-0.013903115252924647,-0.02586263672149891,-0.05369857353737628,0.20473966489105888,v,v
2020-06-12,180.20123291015625,184.02141036884822,177.7440183982765,182.88878610959796,43373600,55.48447151595271,3.1171706824889043,3.0979531385938914,0.019217543895012845,-0.01341059031079661,-0.020637357095431574,-0.004783098137149611,0.007891904522899118,-0.17938045244793743,-,v
2020-06-15,181.35305786132812,183.1575705631738,176.62101592916923,177.1681344319462,32770200,56.84462538829491,3.0312005907892114,3.084602629032956,-0.05340203824374434,-0.031279400991942596,-0.004694235328068341,-0.006318088671715016,0.006391881634606467,-0.24446668019255957,-,v
2020-06-16,185.79710388183594,187.72638602296334,183.7718314338394,185.14440201646784,42556700,61.706247350719075,3.2838123030218185,3.1244445638307283,0.15936773919109015,0.04502089278128896,0.024944726258059102,0.04048677597652284,0.024504941206483277,0.29864022801203527,-,v
2020-06-17,186.44020080566406,188.43667912161857,185.9122834018671,187.19847151579805,25687800,62.3669383856968,3.4956062788596114,3.1986769068365053,0.2969293720231061,0.011094418610331669,0.0037836614964097404,0.01164733436744525,0.0034612860501697096,-0.39638646793571874,-,-
2020-06-18,188.43667602539062,188.5998478300532,186.20982979362395,186.20982979362395,23061600,64.41931459248899,3.7809687415157214,3.3151352737723485,0.46583346774337286,-0.005281248902134661,0.0008659073657804051,0.0016004665550455321,0.010708394493779805,-0.1022353023614323,-,-
2020-06-19,187.31362915039062,191.28738438794804,186.5649516886815,190.6154962359095,44441100,62.35913011321528,3.8718675727532457,3.426481733568528,0.44538583918471764,0.02365968782189598,0.01424994022432391,0.0019071060612168012,-0.005959810471548921,0.9270605682172963,-,-
2020-06-22,192.5160369873047,192.69839515722148,187.3904557312936,187.9279663598332,32818900,67.53822090238147,4.313967651764386,3.6039789172076997,0.7099887345566867,-0.014099220310767158,0.007376392195377557,0.004424754141333143,0.027773781654388596,-0.26151917931824364,-,-
2020-06-23,193.80218505859375,195.76026117759088,193.34144920442478,193.97495001935977,30917400,68.68535101326181,4.713779039562382,3.8259389416786362,0.8878400978837462,0.032177135615612196,0.015889421486210198,0.03175718555092555,0.0066807321167423606,-0.05793917529228587,-,-
2020-06-24,189.89564514160156,195.08840775103926,188.66704527062345,193.5046700779073,36740600,61.56854349198147,4.6616704863157,3.993085250606049,0.6685852357096507,-0.002424436461540669,-0.003432021506868166,-0.024176936466732357,-0.020157357440583556,0.18834701494951056,-,-
2020-06-25,192.2952423095703,192.55440442370914,187.62080431304292,189.85724374038887,27803900,64.03371658153641,4.759141103452521,4.146296421175344,0.6128446822771769,-0.018849293590950222,-0.012988999995139916,-0.005545435643409813,0.012636399145327548,-0.24323772611225725,-,-
2020-06-26,188.44627380371094,191.8633179050225,187.05450219787085,191.70973926885765,54675800,57.64633349155305,4.474231522639855,4.211883441468246,0.26234808117160835,0.009757307606350185,-0.003589045499919674,-0.003018333266641471,-0.020015932061714925,0.9664795226568934,-,-
2020-06-29,190.47157287597656,190.55795537859805,185.77793316800526,187.91838261622823,26701600,59.912306901331405,4.361585691327576,4.241823891440112,0.11976179988746427,-0.019776546914564097,-0.006803606550110031,-0.0068245832891805636,0.010747355367584532,-0.5116376898006065,-,-
2020-06-30,195.3379364013672,196.19219736576696,189.79964453653514,189.934022172079,34310300,64.78719337492966,4.611825669489264,4.315824247049942,0.29600142243932126,0.010726143593770665,0.02956707829896099,0.02164794978579576,0.025549027878082997,0.2849529616202775,-,-
2020-07-01,196.48020935058594,198.06396191087777,193.6678713783546,194.98285394526857,32061200,65.83735221380356,4.846447703377095,4.421948938315373,0.42449876506172135,0.026582029461869494,0.00954046374036599,0.020380580012492322,0.005847675931579754,-0.06555174393695185,-,-
2020-07-02,197.97750854492188,199.6668441295867,196.7681098254072,197.42079701325403,29315800,67.21748234083307,5.094480882713441,4.556455327194987,0.5380255555184537,0.01250337154604253,0.008092750459218756,0.016008016327065056,0.007620610743875211,-0.08562998265816624,-,-
2020-07-06,202.23922729492188,202.6519680337817,199.73403263748466,200.44432281925558,31897600,70.82967316953771,5.570718278116971,4.759307917379384,0.8114103607375869,0.015315133216682097,0.014950523794815096,0.01507318850960715,0.021526277309591446,0.08806855006515257,-,^
2020-07-07,199.88763427734375,206.04983473859397,199.63807995851283,201.99928942933178,33600700,66.47694548229484,5.692763309830127,4.945998995869533,0.7467643139605942,0.007757598659845044,0.01676700570825851,-0.00048040225145795645,-0.011627778888557705,0.053392731741572996,-,^
2020-07-08,204.28372192382812,204.6964480594897,200.3099659833893,201.63455617889085,33600000,70.16775068302594,6.0741928955377205,5.171637775803171,0.9025551197345498,-0.0018056165022726223,-0.006568249282127514,0.0033655203707434467,0.02199279441360935,-2.0832899314648934e-05,-,v
2020-07-09,205.71385192871094,207.69112898292917,202.97828962216613,207.64313383532854,33121700,71.27570235737291,6.417896612415632,5.420889543125663,0.9970070692899684,0.029799344766612723,0.01462986266654287,0.013320972951481158,0.00700070466415359,-0.014235119047619094,^,v
2020-07-10,205.08998107910156,205.48352085550894,202.60398723586235,205.04198592289438,26177600,70.05342974776147,6.564274253164058,5.6495664851333425,0.9147077680307154,-0.012527011437310498,-0.01062928464124091,-0.0018440513367243838,-0.0030327119139530456,-0.20965409384180156,-,v
2020-07-13,198.75506591796875,207.13450675883297,198.20794736244838,205.86750461725043,38135600,58.99115874149883,6.098801688153941,5.739413525737462,0.35938816241647853,0.0040260958780728995,0.008034638964965701,-0.021697696740273442,-0.030888467236678374,0.45680276266731856,v,v
2020-07-14,199.9835968017578,200.46351902624386,193.91737285414357,197.85274095335467,37591800,60.300432972167094,5.762615655720026,5.744053951733975,0.018561703986050837,-0.03893165984984781,-0.0322060666615831,-0.021646833870182625,0.006181129915431294,-0.014259641909396992,-,v
2020-07-15,199.6860809326172,202.84397813398218,196.79695371623575,201.14504894820973,32179400,59.80248826921816,5.40981774723528,5.677206710834237,-0.2673889635989566,0.016640194009903908,0.011874774618850559,0.014849524927599278,-0.001487701361004845,-0.14397820801344974,-,v
2020-07-16,195.73150634765625,197.4400285401688,194.1861559773425,197.1520722349672,29940700,53.48080229296004,4.756294145522588,5.493024197771907,-0.7367300522493192,-0.01985123041368342,-0.026640917041392043,-0.013266454025796515,-0.019803957123558313,-0.0695693518213516,-,v
2020-07-17,194.7332763671875,196.80652956400527,193.30310264624077,196.2594257601162,31635300,51.98689694671836,4.11044056573283,5.216507471364093,-1.1060669056312626,-0.004527705261891168,-0.0032085640426994244,-0.0045474577044759545,-0.005099996413943209,0.05659854312023427,-,^
2020-07-20,203.10311889648438,203.77500717297363,194.85804282692547,196.76813881286336,36884800,61.65791608171971,4.22526704469351,5.0182593860299765,-0.7929923413364666,0.0025920439274542684,0.03540775615730807,0.008044051851202605,0.04298105945444464,0.16593805021605612,-,^
2020-07-21,200.36756896972656,205.3491650038895,199.676479655966,205.08040967587897,37990400,57.575983088057534,4.048859111890664,4.824379331202114,-0.7755202193114501,0.042243987838503694,0.007724979882246519,0.024727934034112886,-0.013468773604368156,0.029974406801717812,-,v
2020-07-22,203.24708557128906,203.7750030084796,200.02200726398468,200.79947901418083,49605700,60.53754460169311,4.094211951991525,4.678345855359996,-0.5841339033684712,-0.02087440077023428,-0.007665782304886015,0.001730437198282031,0.014371171025175045,0.30574302981805923,^,v
2020-07-23,194.40692138671875,202.4504239268405,194.03258257365707,198.87020762283348,67457000,49.185555218797724,3.3778888353299976,4.418254451353997,-1.0403656160239994,-0.009607950184029601,-0.006500203960659312,-0.029943828542940754,-0.04349466640430433,0.35986388660980495,-,v
2020-07-24,193.21669006347656,194.71404505706334,189.57887140843255,192.37202226358085,39827000,47.88361853418092,2.683225332554997,4.071248627594197,-1.3880232950391997,-0.032675509504051736,-0.03821369557898702,-0.022953418988451824,-0.006122371131398907,-0.40959426004714117,v,v
2020-07-27,195.66432189941406,195.7794985613358,192.79438135598141,193.3798871308601,30160900,50.7695467333134,2.303647916067547,3.717728485288867,-1.41408056922132,0.005239144733314438,0.005471888296297411,0.0169613307836467,0.012667807502205974,-0.2427021869585959,-,v
2020-07-28,193.9077911376953,196.48016738279762,193.63903584779104,195.43394038666563,23251400,48.685970250928804,1.839883692345495,3.342159526700193,-1.5022758343546978,0.010621855696996807,0.0035788671776697534,0.004381115704041427,-0.008977266497372627,-0.22908799140609204,-,v
2020-07-29,195.86587524414062,196.43218000986818,193.89819100034165,194.3685200993384,19632600,51.09540988429015,1.6117687598313069,2.9960813733264158,-1.384312613495109,-0.005451562227212325,-0.0002442351997591352,0.0013383414734327026,0.010098016665327503,-0.15563794008102738,-,v
2020-07-30,195.71229553222656,196.24982077645538,191.55618156926076,192.92875222913779,25079600,50.89355933155921,1.402427126172256,2.677350523895584,-1.2749233977233279,-0.007407412833440263,-0.0009283572243795613,-0.012078552249498609,-0.0007841065306686268,0.27744669580188064,-,-
2020-07-31,196.77774047851562,196.86413762541622,191.01867275251885,196.1922346738633,51044000,52.301343417747404,1.307423709463336,2.4033651610091344,-1.0959414515457984,0.016915479973920844,0.0031302797960799378,-0.0028060113348393756,0.005443934645964044,1.0352796695322093,-,-
2020-08-03,207.84474182128906,208.90057673251002,201.98969858888674,203.02633250734016,78983000,63.88344854575843,2.100929131585417,2.3428779551243912,-0.24194882353897418,0.034833681592125076,0.06114084186321511,0.05743431088845319,0.056241124203688875,0.5473513047566805,-,^
2020-08-04,204.7252655029297,206.14584617553913,201.86493245533285,205.56993350869016,49280100,59.49794247659147,2.4498320878337836,2.36426878166627,0.08556330616751362,0.012528429046306355,-0.013186802066603276,-0.0006176856266706388,-0.015008685286066026,-0.3760670017598724,-,^
2020-08-05,204.3892822265625,206.36655947631414,203.0742999994307,206.2705691716204,28806400,59.02792980404889,2.66846870572175,2.4251087664773663,0.24335993924438393,0.003408259422823745,0.0010706657682884035,0.005990973912051167,-0.0016411422182884827,-0.41545573162392124,-,^
2020-08-06,207.66236877441406,207.6815551197409,203.05511212670442,203.81338285693832,32656800,62.163677090383715,3.070456222633851,2.554178257708663,0.5162779649251878,-0.01191244259687696,0.006372135324462125,-9.448695736657964e-05,0.016013983278357014,0.13366474116862914,^,v
2020-08-07,203.94776916503906,207.03846983746,202.46000715938482,206.22261074447047,27820400,56.846332553707036,3.0540914169295377,2.654160889552838,0.39993052737669954,0.011820754131848465,-0.003096496855053421,-0.0029307558971884973,-0.01788768774669136,-0.14809779280272406,-,v
2020-08-10,199.88763427734375,203.3718747980669,198.0639354292782,203.17030099150136,36716500,51.64625220723809,2.6825801232205038,2.6598447362863715,0.02273538693413224,-0.014801043115253765,-0.01770972825616246,-0.021713284474231265,-0.019907719041583394,0.3197689465284468,-,v
2020-08-11,195.2132110595703,199.31173720046735,194.98284306926817,198.84142269194282,36446500,46.3853449603636,1.9880508458400925,2.5254859581971156,-0.5374351123570231,-0.021306649044830706,-0.01996410566422202,-0.0155560493803788,-0.02338525459402696,-0.007353642095515589,v,v
2020-08-12,200.78990173339844,201.83612887150522,196.52818920650213,197.04649886563448,28013100,52.59009293587657,1.8661123392994057,2.3936112344175737,-0.527498895118168,-0.009026911002790183,0.012665544470664258,0.007925549309407476,0.02856717864308056,-0.2313912172636604,-,v
2020-08-13,200.31956481933594,202.8631617935289,199.79164736083806,201.0298550949573,22588900,52.043051060479044,1.7117904810383209,2.2572470837417233,-0.5454566027034025,0.020215310864462932,0.005088449366156267,0.01660554736454034,-0.0023424331104409113,-0.19363083700126016,-,v
2020-08-14,200.51153564453125,201.17383077697343,199.17735220601244,200.37715798331593,17958900,52.261322977641186,1.5866893703816913,2.123135541069717,-0.5364461706880257,-0.0032467670602114307,-0.008327441027833449,-0.003074678861404778,0.0009583228945633238,-0.2049679267250729,-,v
2020-08-17,201.8361053466797,202.7095673786257,200.53071620812176,201.18341810043327,20184800,53.82301767161258,1.576257429492955,2.013759918754365,-0.4375024892614099,0.004023712708733473,0.007633878600019406,0.006794768517203176,0.00660595260961272,0.12394411684457296,-,-
2020-08-18,202.99754333496094,203.8326034650633,200.8090987797456,202.07608605831243,21336200,55.20672569284187,1.6427715326539385,1.9395622415342797,-0.2967907088803412,0.00443708515496799,0.005540123739398828,0.0013882290797531116,0.005754361868439473,0.05704292338789574,-,-
2020-08-19,201.76593017578125,204.07513421341247,201.33295900668412,203.48821317217968,27627600,53.38005238433304,1.577914335450572,1.8672326603175382,-0.2893183248669662,0.0069880961246437945,0.0011898525762132905,0.0026087474627487506,-0.006067133320660112,0.2948697518770915,-,-
2020-08-20,206.4613494873047,206.86545699034644,201.00587617403352,201.61203008786043,26981500,58.955826285268635,1.8836817261911278,1.8705224734922563,0.013159252698871526,-0.009220106929396121,0.013673016988027475,-0.0016245866263742137,0.02327161631021024,-0.023386034255599486,-,-
2020-08-21,204.96034240722656,208.06813048821607,204.79677615890807,205.76855728649525,36249300,56.62435699592458,1.982038157264327,1.8928256102466705,0.08921254701765657,0.020616464190273964,0.005813795668774935,0.018859647573647775,-0.007270160171894191,0.3434872041954673,-,-
2020-08-24,205.60496520996094,207.36572827098124,204.3926283618832,206.66333750991583,25460100,57.40344241891216,2.0879336113744102,1.9318472104722186,0.1560864009021916,0.0043484788697563115,-0.0033758279828184357,-0.001973408979403457,0.0031451099035226804,-0.29763885095712195,-,-
2020-08-25,208.27980041503906,208.4145028900692,205.03730997086967,205.03730997086967,23043700,60.56834406530061,2.3604831873771275,2.0175744058532006,0.3429087815239269,-0.007868001933183488,0.0050576082549063095,0.0031541333665177085,0.013009584677814656,-0.09490928943719779,-,-
2020-08-26,212.78273010253906,213.68716732300356,209.13613213396252,209.63646191833058,39600800,65.24927661231894,2.9063271529077497,2.1953249552641108,0.7110021976436389,0.022430805145240873,0.025298932463042156,0.019990616164810016,0.021619617833928295,0.7185087464252702,-,-
2020-08-27,218.00729370117188,222.40437903248466,211.09894307040548,214.45690337766257,57602200,69.73801520066694,3.717636448266745,2.4997872538646377,1.2178491944021075,0.0229942893293531,0.04079426864367752,0.009385326755424916,0.024553513323732234,0.4545716248156604,-,-
2020-08-28,220.2491455078125,221.91368648298578,218.00729978629948,219.54675464075623,26292900,71.4426077117768,4.489748587915159,2.897779520674742,1.591969067240417,0.02373367880879229,-0.002206307949661368,0.032725681215703295,0.01028337982908778,-0.5435434757700226,-,^
2020-08-31,216.9970245361328,220.04708516739845,215.8231823144508,218.41140795600424,28774200,65.66434530743061,4.78408607180296,3.2750408309003856,1.5090452409025747,-0.005171320735802953,-0.008411384377278841,-0.010018552011742954,-0.01476564626020005,0.09437148431705888,-,^
2020-09-01,218.67117309570312,218.84435569271022,215.9386142195796,216.97775384602633,25725500,67.13783830114575,5.093723175648847,3.6387772998500783,1.454945875798769,-0.00656400745453134,-0.0054657823518692306,0.0005348447923476662,0.0077150761082973585,-0.1059525547191581,-,^
2020-09-02,222.8854522705078,224.04967804549815,218.74815570566622,219.34469313601724,34080800,70.56249987407273,5.614450035334187,4.0339118469469,1.5805381883872869,0.010908672654388996,0.02378549968223531,0.013010834103203583,0.019272221002629708,0.32478669024897466,^,v
2020-09-03,209.07839965820312,220.63399282952477,206.8269377039403,220.59551270000665,58400300,51.59239977009416,4.857027280711947,4.19853493369991,0.6584923470120367,0.005702529412069168,-0.015245213676583602,-0.054497456050630055,-0.06194685418744861,0.7135836013239125,-,^
2020-09-04,206.14381408691406,210.09831211126607,197.4266031074665,206.96166006206397,59664100,48.601668934935866,3.9741561620793107,4.15365917937579,-0.17950301729647933,-0.06180475963028176,-0.0477518472250974,-0.045450243091302744,-0.014035814202167485,0.021640299792980544,-,^
2020-09-08,194.9923095703125,202.08345900016425,194.54970733043314,198.68701864529726,52924300,39.28276181665417,2.347579783910845,3.7924433002828013,-1.444863516371956,-0.03998151838502506,-0.03814810804789914,-0.014571976277519938,-0.054095751385971114,-0.1129624011759165,v,v
2020-09-09,203.29579162597656,206.7114795601628,198.87945877197268,199.7454158901792,45679000,47.3741719164098,1.7088295686020558,3.3757205539466524,-1.6668909853445966,0.005326957201826188,0.02290153079770252,0.022255245206746377,0.04258363867765724,-0.1368993071235708,^,v
2020-09-10,197.59976196289062,206.61525528666598,196.3874397125869,205.3259434162522,35461500,43.12826146526415,0.7345262693122265,2.8474816970197674,-2.112955427707541,0.027938200740192043,-0.00046550038585924103,-0.01253029887939816,-0.028018433719304348,-0.22368046585958534,-,^
2020-09-11,196.3104705810547,200.7364342543364,193.62603741830603,199.3605310428003,33620100,42.20618109331206,-0.14003689613892334,2.249977978388029,-2.3900148745269525,-0.029053378614500636,-0.028452986320749107,-0.01406099238486025,-0.006524761816656732,-0.051926737447654525,v,^
2020-09-14,197.63829040527344,201.28488881997822,196.31049818032105,196.51255926382413,30375800,43.54488001170892,-0.7177171463850414,1.6564389534334152,-2.3741560998184568,-0.014285534674688072,0.002732212354369823,0.013864151731905583,0.006763876732038598,-0.09649882064598259,-,^
2020-09-15,200.88075256347656,201.84291730022335,199.1007419279075,200.53437267098897,21823900,46.78637121042514,-0.9034785703236707,1.144455448681998,-2.0479340190056687,0.02046593572559119,0.0027723317111212342,0.014213420950230926,0.016406042328914072,-0.28153661796561735,^,v
2020-09-16,197.29188537597656,202.67999917944445,196.89739430401985,202.6511354113958,26328100,43.789431716329915,-1.325013494972751,0.6505616599510482,-1.9755751549237992,0.010555610553008465,0.004147194711697555,-0.01106649630007639,-0.01786565980912458,0.2063884090377981,-,v
2020-09-17,195.23287963867188,196.599152008695,192.39449617439635,192.48108749018274,34011300,42.12235306455823,-1.8044272013634668,0.15956388768814522,-1.963991089051612,-0.05018500340778831,-0.030002206410933097,-0.02286926216337226,-0.01043634274861771,0.29182508422559916,-,^
2020-09-18,192.80819702148438,195.94484887575575,188.82483547440413,195.127017632901,55225300,40.18234265891531,-2.35289493279717,-0.3429278764089179,-2.0099670563882523,0.01374644219449972,-0.0033281076050130087,-0.018553860796290622,-0.01241943786146571,0.6237338766821616,v,v
2020-09-21,194.87681579589844,195.04039670109088,188.949892890935,189.72924388458395,39839700,42.61080736853874,-2.5907744790350478,-0.7924971969341439,-1.7982772821009039,-0.027662872183451537,-0.004615850734807303,0.0006622932635778067,0.010728894343551065,-0.27859694741359486,-,v
2020-09-22,199.57225036621094,200.22653016067193,194.434293103131,197.30154051744375,33517100,47.79188851722177,-2.3730582663014843,-1.108609410807612,-1.2644488554938722,0.03991106736010708,0.026590047740361555,0.029025685742842366,0.024094372391789243,-0.15870099423439432,^,v
2020-09-23,193.00064086914062,200.22650818137478,192.46183091018491,200.03406346905894,30803800,42.067633193377304,-2.699670443939766,-1.426821617434043,-1.2728488265057232,0.013849476007378625,-1.0977215225693726e-07,-0.010144620897198808,-0.03292847319710801,-0.08095270772232677,v,v
2020-09-24,195.50225830078125,197.79221510852776,191.6632156551125,192.28863155277108,31202500,44.77908703923424,-2.725238475246954,-1.686504988996625,-1.0387334862503288,-0.03872056479763464,-0.012157696275869379,-0.004149473437385587,0.012961705310278182,0.0129432083054688,-,v
2020-09-25,199.9571075439453,201.13093516203398,194.87686359418942,195.84865949548796,29437300,49.327405702994014,-2.358840970688277,-1.8209721853349556,-0.5378687853533215,0.018513980332424795,0.016879936612643087,0.01676716070995954,0.022786689432048757,-0.05657239003284997,-,v
2020-09-28,201.51577758789062,204.52735780399723,200.18798560071832,202.9012971081629,32004900,50.852697207320425,-1.920557669073304,-1.8408892820826255,-0.07966838699067846,0.0360106504218245,0.016886624820926066,0.02725373299104783,0.007795021957910375,0.0872226732750625,-,v
2020-09-29,199.41827392578125,202.12196938367782,198.98530269607602,201.42920954356148,24221900,48.72708814256893,-1.7226088483287185,-1.8172331953318441,0.09462434700312561,-0.007255190506823994,-0.011760717227005668,-0.006007767654154339,-0.010408632451593292,-0.24318151283084777,-,-
2020-09-30,202.37213134765625,203.95969745156557,198.72551840426004,199.87049690604192,33829100,51.78366341478683,-1.3122545209481586,-1.7162374604551072,0.4039829395069485,-0.0077382651754013265,0.009092173767609069,-0.0013055451246706262,0.014812370821012832,0.3966327992436596,-,-
2020-10-01,204.42152404785156,205.89363490340867,203.3246568479959,205.41255254063918,27158400,53.83972373596421,-0.8123130573615072,-1.5354525798363872,0.72313952247488,0.027728232632565852,0.009481958818370773,0.023143169939453756,0.010126852381045826,-0.1971882196097443,-,-
2020-10-02,198.38876342773438,203.00715742653261,197.76334749580505,200.1302793751852,33154800,47.428295960229136,-0.8926097600609353,-1.406884015881297,0.5142742558203617,-0.02571543510910279,-0.014019265229982425,-0.02735186887022978,-0.029511376789779886,0.22079356663131855,-,-
2020-10-05,202.42022705078125,202.44909081908426,199.148858055574,199.37978288346707,21331600,51.57807804009996,-0.6237498533851067,-1.250257183382059,0.6265073299969524,-0.003750039694449092,-0.002748999663473972,0.007005901636036649,0.0203210280329984,-0.3566059816376512,-,-
2020-10-06,198.11935424804688,202.22778730612757,197.0705981567693,200.91925729376106,28554300,47.28947122775495,-0.7490859352289192,-1.1500229337514312,0.40093699852251197,0.007721316514793131,-0.0010931316710849348,-0.01043571085014583,-0.0212472481895567,0.3385915730653115,-,-
2020-10-07,201.89105224609375,202.16045722958788,198.89871897520425,199.2258515006656,25681100,51.12727386532756,-0.537870934718427,-1.0275925339448304,0.48972159922640346,-0.008428290129599447,-0.00033294176550413557,0.0092764767323672,0.01903750399531723,-0.10062232308268804,-,-
2020-10-08,202.6126708984375,203.19959202978103,200.4381836761741,202.54531231348605,19925800,51.84961205603825,-0.30869449271020244,-0.8838129256979048,0.5751184329877024,0.016661797592112837,0.0051401486444653255,0.007739942765351726,0.0035742973465913153,-0.22410644403861202,-,^
2020-10-09,207.64480590820312,207.6929170897727,203.23808887920933,203.23808887920933,26458000,56.66011998187354,0.2758014611260933,-0.6518900483331053,0.9276915094591985,0.0034203534893517684,0.02211286457372963,0.013968921248851185,0.024836230564711625,0.32782623533308586,-,^
2020-10-12,213.02325439453125,215.39018596845622,208.60692203449696,210.51200399111545,40461400,61.12999290200374,1.1596468716037691,-0.28958266434573043,1.4492295359494995,0.035790117649793673,0.037060815489227794,0.026416471365652727,0.025902157594569708,0.5292690301610099,-,^
2020-10-13,214.42807006835938,216.6891634545465,212.09000172844344,214.29336756970173,28950800,62.2258383796816,1.9509680660827655,0.15852748173996875,1.7924405843427968,0.017962698121223974,0.006030810922279084,0.016696855789715803,0.00659465877479426,-0.28448348302332593,^,^
2020-10-14,212.5037384033203,215.736613024184,210.8391972527821,214.56277068270265,23421700,59.7412509833492,2.395207865502414,0.6058635584924578,1.789344307009956,0.0012571696271155286,-0.00439593016640305,-0.005897517400480057,-0.00897425259867135,-0.1909826326042804,-,v
2020-10-15,211.34910583496094,212.02261820240022,207.83719579947217,208.88596650177243,22733100,58.2386509707883,2.6238557329221806,1.0094619933784024,1.6143937395437782,-0.02645754509446152,-0.017215412672523245,-0.014238346059109341,-0.005433469439337313,-0.029400086244807166,-,v
2020-10-16,211.34910583496094,213.87958906415912,211.02197335384307,211.82055715143417,26057900,58.2386509707883,2.7730943101550736,1.3621884567337368,1.4109058534213368,0.014048768803417211,0.008758362091284999,0.01532342438570855,0.0,0.1462537005511786,-,v
2020-10-19,206.11492919921875,213.88922196295366,205.63384683523614,212.08034757630915,27625800,51.436940488729725,2.44087575088912,1.5779259155648135,0.8629498353243064,0.0012264646470987461,4.5038887706239095e-05,-0.025533485603283945,-0.024765548995648312,0.06016985252073259,v,v
2020-10-20,206.5286865234375,209.1457761830108,205.02771165310273,207.6351849491635,22753500,51.915017980182036,2.1857805892834676,1.6994968503085444,0.4862837389749233,-0.02095980451723012,-0.02217711456617677,-0.0029476430629588046,0.0020074107481018455,-0.1763677431965771,-,v
2020-10-21,206.6730194091797,208.71280425916538,205.0565747744682,205.0565747744682,22724900,52.09219313903226,1.9725242616541436,1.7541023325776643,0.21842192907647928,-0.012418946120940966,-0.002070192053348241,0.00014077668395540144,0.0006988515163282027,-0.0012569494802997516,-,v
2020-10-22,206.7595672607422,207.88529817327458,203.6902595860285,205.83588270915598,22351500,52.20591480317598,1.7898682864377804,1.7612555233496876,0.028612763088092796,0.0038004532921946943,-0.003964807472296994,-0.006663113289307798,0.00041876705440269113,-0.01643131542933085,-,^
2020-10-23,208.0488739013672,208.09698507380116,205.09503583671875,206.89427917029462,18879600,53.95924597956266,1.7292150659456524,1.7548474318688807,-0.025632365923228262,0.005141943412432903,0.0010182870187873672,0.006896629488053252,0.006235777418701405,-0.15533185692235418,-,v
2020-10-26,202.13157653808594,208.15472270981957,200.2264944052897,205.75894182990785,37111600,45.67714355060253,1.189953464603775,1.6418686384158596,-0.45191517381208457,-0.005487524086890128,0.0002774554181932398,-0.02373797791627197,-0.028441862012127728,0.9656984258141061,-,v
2020-10-27,205.18162536621094,206.54789749901863,202.37210616165964,203.5844284165956,36700300,49.94210752448836,0.9972030741766105,1.51293552556801,-0.5157324513913994,-0.010568257174989881,-0.007719379074770938,0.010715923298476593,0.015089422842107458,-0.011082788130934773,^,v
2020-10-28,195.01153564453125,200.93847375946157,194.4534930345157,199.8127428147585,51195600,38.95864469664433,0.023534464856936665,1.2150553134257953,-1.1915208485688586,-0.018526395319975464,-0.027157980340050236,-0.0391289752196301,-0.04956627916134293,0.39496407386315635,v,v
2020-10-29,196.97438049316406,199.51449499676707,195.6754521309309,196.348979241108,31432600,41.62692154680187,-0.582999294859917,0.855444391768653,-1.43844368662857,-0.017335048430127786,-0.007086640681859269,0.0062840686343355046,0.010065275585597666,-0.38602926814023075,-,v
2020-10-30,194.8094940185547,196.56062619243986,192.0673186660171,195.80052251573846,36953700,39.57229994078457,-1.2242574374005528,0.4395040259348118,-1.6637614633353646,-0.0027932751547236068,-0.014805284219450265,-0.018439377170824223,-0.010990700766207007,0.17564884864758246,-,v
2020-11-02,194.6748046875,197.51318789577627,192.54841403121264,196.56063946362534,30842200,39.44186386086941,-1.7234604593908784,0.0069111288696737305,-1.7303715882605522,0.0038820986691991966,0.004846147073238383,0.0025048267895702025,-0.0006913899742578833,-0.1653826274500253,-,v
2020-11-03,198.6196746826172,200.24573556056401,195.43491151052956,196.17578252504643,27512000,45.144918036413664,-1.7802428791814577,-0.35051967274055257,-1.4297232064409051,-0.0019579552632159603,0.013834760574213734,0.014991021836456175,0.020263895995425107,-0.10797543625292616,-,^
2020-11-04,208.2028045654297,210.05978994342536,204.3830097939061,205.92247908090354,42311800,55.98825486976814,-1.0399766603977696,-0.488411070271996,-0.5515655901257737,0.049683485037775865,0.04901005434841377,0.04578556724699845,0.04824864353506664,0.5379398080837452,-,^
2020-11-05,214.84178161621094,215.6403801987278,212.78274943674145,213.63907556087898,36080100,61.644772215095784,0.08146058811780676,-0.3744367385940355,0.45589732671184224,0.03747330798666093,0.02656667540610913,0.04109803281253854,0.031887068306492905,-0.14728042768211236,-,v
2020-11-06,215.2554931640625,215.87127799998143,209.78077353708855,213.8507262075923,25231900,61.972759123321026,0.9921538198248356,-0.10111862691026126,1.093272446735097,0.0009906925788629728,0.0010707540073935373,-0.014108173278141511,0.0019256568472822977,-0.30066989836502667,^,v
2020-11-09,210.12716674804688,219.4890259925746,209.63646799316797,215.9482666319052,44395000,55.62310759891995,1.2852560528496042,0.17615630904171184,1.1090997438078924,0.00980843255251207,0.01675882046982413,-0.0006878873668327845,-0.02382436954631828,0.7594790721269504,-,v
2020-11-10,203.02638244628906,208.308672308873,201.78519635519584,206.3843427725324,44045100,48.251308392741194,0.9338034301179334,0.32768573325695616,0.6061176968609773,-0.04428803253917757,-0.050938098764353845,-0.037451840861142505,-0.03379279515186162,-0.007881518188985193,v,v
2020-11-11,208.35679626464844,209.79041246102312,204.17137339377663,204.35418705997827,29440800,53.259187072277356,1.0730253729737456,0.47675366120031404,0.5962717117734315,-0.009836771943459222,0.007113194739934103,0.011825332490597917,0.02625478400458392,-0.33157604364617177,-,v
2020-11-12,207.28878784179688,210.81993091272767,206.3458704441471,208.9918236566661,21593900,52.16982502520256,1.0846769312461504,0.5983383152094813,0.48633861603666906,0.022694110961996916,0.004907366545627179,0.0106503522713568,-0.005125863144368026,-0.2665314801228228,-,v
2020-11-13,208.31829833984375,209.1938718430691,206.05721983858226,208.17397949050766,18621100,53.164303697602236,1.1635708478992512,0.7113848217474353,0.4521860261518159,-0.003913283074183815,-0.007713023444314238,-0.0013988678568829238,0.004966551779117978,-0.1376685082361222,-,v
2020-11-16,209.01104736328125,209.50176078856936,206.40358907707915,206.74033793525987,24953300,53.85949711887732,1.2673842847774779,0.8225847143534439,0.44479957042403395,-0.006886747127362147,0.0014717875948642156,0.0016809371628339065,0.0033254353024110284,0.340055098785786,-,-
2020-11-17,206.3458709716797,209.44402814330667,205.9802436469447,207.92382066792086,24154100,50.739125162965905,1.1216698091010073,0.8824017333029567,0.23926807579805065,0.005724488720878496,-0.00027557116964260775,-0.0020510565345661647,-0.012751366136973807,-0.032027827982671675,-,-
2020-11-18,203.62545776367188,207.57101096307588,203.480746362088,206.10468746915095,28372800,47.70126638094384,0.7777104647373108,0.8614634795898275,-0.08375301485251674,-0.008749036993098036,-0.008942805373038487,-0.012134645733990368,-0.013183754030053674,0.17465771856537815,-,-
2020-11-19,204.9181365966797,205.50659431946275,202.51606857025564,203.91487189418262,24792700,49.25597833006261,0.6024835295955882,0.8096674895909797,-0.20718395999539152,-0.010624773273514632,-0.009945592277239346,-0.004740879955864474,0.006348316400143439,-0.1261807082839903,-,-
2020-11-20,202.95982360839844,205.7574007337533,202.5835975160934,204.70589892704257,22843100,46.977600509501855,0.3021128602103147,0.7081565637148467,-0.406043703504532,0.0038792022647098356,0.0012204300067406582,0.00033344981617755565,-0.009556562541536362,-0.07863605012765851,-,-
2020-11-23,202.68972778320312,204.79273154665992,200.8085971874717,203.50005869830167,25683500,46.65704409901176,0.041790727369118486,0.5748833964457011,-0.5330926690765826,-0.005890598341626974,-0.004688381480584702,-0.00876181660502251,-0.0013307846863153117,0.12434389377974098,-,-
2020-11-24,206.30726623535156,206.68349230699746,201.48384751173435,202.18806252380884,33979700,51.43675172656301,0.12593695876327615,0.4850941089092161,-0.35915715014593996,-0.006447153788972315,0.0092325579431356,0.003362656448579582,0.017847665452576544,0.323016722798684,-,-
2020-11-25,206.31690979003906,207.68675895454567,204.95671688381378,207.51312294435323,21012900,51.4492407636399,0.19119760072791792,0.4263148072729565,-0.2351172065450386,0.026337165281047792,0.004854120841242704,0.017236465428709824,4.674365020429505e-05,-0.38160431080910073,-,-
2020-11-27,207.6288604736328,208.63213972537022,206.48088456054123,207.2622906915674,14512200,53.21210856859053,0.34480587787317063,0.41001302139299933,-0.0652071435198287,-0.0012087536885708738,0.004551954951694581,0.007436534405415252,0.006358910110319416,-0.30936710306525994,-,-
2020-11-30,206.50987243652344,207.17549190767758,203.39393309923483,206.53881177353418,33064800,51.494679930473524,0.3719608284839637,0.40240258281119223,-0.03044175432722851,-0.003490644224857231,-0.006981895596766985,-0.01495030141834408,-0.005389366557986164,1.278414024062513,-,-
2020-12-01,208.57424926757812,209.6450486607673,205.81525356115677,206.93427535880105,30904500,54.41757910717631,0.5536768380952708,0.432657433868008,0.12101940422726282,0.0019147180225889127,0.011920120137521861,0.011904585476207874,0.009996504315740395,-0.06533534151121434,-,-
2020-12-02,207.76393127441406,207.86040553586602,205.2847017300795,207.2912456650541,23724500,53.0658466330147,0.6250964719475292,0.47114524148391224,0.15395123046361692,0.0017250419517700344,-0.008512689120500294,-0.0025778061727559365,-0.0038850337278429903,-0.23232862528110798,-,-
2020-12-03,206.67385864257812,208.73828134614044,206.10468402437849,207.03078693135419,25120900,51.22254126406409,0.5869710580733738,0.4943104048018046,0.0926606532715692,-0.001256486895354847,0.004223391213017402,0.003994366299039376,-0.005246688513975806,0.058858985436995415,-,-
2020-12-04,206.78961181640625,207.77359337524513,205.651277322866,206.65455667851904,24666000,51.4155343613509,0.5596454621175155,0.5073774162649468,0.05226804585256872,-0.0018172671727315626,-0.004621519180258216,-0.0021998854788707334,0.0005600765117967921,-0.01810842764391407,-,-
2020-12-07,206.7220916748047,207.92794646359303,205.46801447039047,206.79926814767597,24620000,51.28805966240984,0.5264725712309826,0.5111964472581539,0.015276123972828626,0.0007002578190522524,0.0007428907872288892,-0.000891134034571639,-0.0003265161194920818,-0.0018649152679801606,-,-
2020-12-08,208.38131713867188,209.28812215619436,205.37150875702693,206.4133689014205,23284100,54.28737770141874,0.6268425931955335,0.5343256764456299,0.09251691674990359,-0.001866057117667852,0.006541572288550013,-0.0004696872825304954,0.008026357756080182,-0.05426076360682375,-,-
2020-12-09,204.32003784179688,207.6288963083449,203.75087791569962,207.56137609469448,32440600,46.7066943219507,0.37435987340913357,0.5023325158383306,-0.12797264242919704,0.005561690114278539,-0.007927950381298565,-0.007891215539759577,-0.01948965172425865,0.39325118857933106,-,-
2020-12-10,203.08523559570312,205.55482374295858,202.93088265652304,204.29109033322288,26733300,44.664526336564194,0.07377682404867869,0.41662137748040023,-0.34284455343172154,-0.015755752939215495,-0.00998932519636464,-0.004024499268738602,-0.006043471110992238,-0.17593077809904867,-,-
2020-12-11,205.72842407226562,205.78631745434532,201.7249929261306,202.63179788662868,30979400,49.731235211704416,0.04828916442883724,0.34295493487008766,-0.2946657704412504,-0.00812219683143156,0.001126189632388419,-0.005942366753676986,0.013015168083535533,0.15883186886766687,-,-
2020-12-14,206.63525390625,208.5742776419708,205.36187902538944,205.57411062551716,28798400,51.37618886417344,0.10010959832737854,0.29438586756154583,-0.1942762692341673,0.014520488736593506,0.013547840410935041,0.018028931598925046,0.004407897635310798,-0.07040162172282227,-,-
2020-12-15,206.56777954101562,207.8122153634736,204.7445274588648,207.57104437525308,27000600,51.24182646658599,0.13418623280665543,0.26234594061056776,-0.12815970780391234,0.009713935979874577,-0.0036536733441566716,-0.0030061643838402707,-0.00032653849698360826,-0.062427079282182385,-,-
2020-12-16,211.535888671875,212.336578091379,207.1369323545249,207.1658716945147,35023300,59.616323247426095,0.5556716607685814,0.32101108464217054,0.2346605761264109,-0.0019519711044374555,0.02177139933758032,0.011684829506081629,0.024050745677270058,0.2971304341385006,-,-
2020-12-17,211.67091369628906,213.08900003353037,210.22388802317806,212.1050184542411,32515800,59.81832130283231,0.8903340731048957,0.4348756823347156,0.4554583907701801,0.02384150786674777,0.0035435342742857756,0.014902970868418963,0.0006383078789222729,-0.0715951951986249,-,-
2020-12-18,210.8702392578125,211.93139738087152,208.3910094174399,210.8702392578125,63354900,57.96672428197135,1.0785162463890003,0.5636037951455726,0.5149124512434278,-0.005821546352025586,-0.005432484325688769,-0.0087186980650652,-0.0037826379850440794,0.9484342996327939,-,-
2020-12-21,214.72894287109375,216.08915043113845,209.60647474061187,209.86694346315144,37181900,63.78472973538783,1.5214784510598065,0.7551787263284194,0.7662997247313871,-0.004757882374451183,0.019618391147560033,0.005832618818680357,0.018298948333641096,-0.41311721745279373,-,-
2020-12-22,216.03128051757812,217.66159840413056,214.01509502043945,214.82542583461395,22612200,65.5194213890272,1.9550800082729154,0.9951589827173187,0.9599210255555967,0.023626790811546394,0.007276848327899765,0.02103284397718741,0.006065030773546809,-0.39184925998940345,-,-
2020-12-23,213.2144012451172,215.66469143243353,213.00216964780174,215.23058669970848,18699600,58.94296616008872,2.0478078959412755,1.2056887653621102,0.8421191305791653,0.0018860005212160136,-0.009174365098566395,-0.004732962282594899,-0.01303921943948172,-0.17303048796667286,-,-
2020-12-24,214.88331604003906,215.71294469525253,213.38805320891043,213.60028482209808,10550600,61.41412564044428,2.2302539124166287,1.410601794773014,0.8196521176436147,-0.007574675619339444,0.00022374206226571935,0.001811641457674984,0.00782740183203301,-0.4357847226678645,-,-
2020-12-28,217.0152587890625,218.04746272776887,215.1437699941289,216.52326066509002,17933500,64.36478229341395,2.5178494561594107,1.6320513270502934,0.8857981291091173,0.013684325587048685,0.010822336303528024,0.008227812001731838,0.009921397288127354,0.6997611510245862,-,-
2020-12-29,216.2338409423828,219.15683131462734,215.6839788992392,218.31756122355856,17403200,62.478893281843646,2.6521448322209267,1.8360700280844202,0.8160748041365065,0.008286872056872951,0.005087739031586436,0.002510920512014181,-0.0036007507077611134,-0.02957035715281453,-,-
2020-12-30,213.85107421875,217.6615865859452,213.64849888615834,217.27570427640512,20272300,56.995017593466194,2.5370598773101563,1.9762679979295676,0.5607918793805886,-0.004772208618099016,-0.006822715585513839,-0.00943732595934621,-0.011019397857654156,0.16486048542796716,-,-
2020-12-31,214.56497192382812,215.12449030176415,211.9217329770077,213.87039840086666,20942100,58.17937806263746,2.4749303434995795,2.07600046704357,0.3989298764560094,-0.01567274116947026,-0.011656150834769674,-0.008082274942969425,0.003338293752725763,0.03304015824548778,-,-
2021-01-04,210.0019989013672,215.12446703936178,207.22370510995103,214.6710645186819,37130100,48.90804773039678,2.0340511759758897,2.067610608830034,-0.03355943285414442,0.003743697696370951,-1.0813460771252892e-07,-0.022168693135245277,-0.02126615999596071,0.7729883822539287,-,-
2021-01-05,210.20458984375,210.80270379708463,208.08228847102743,209.58719281314148,23823000,49.294401982823715,1.6816140552174659,1.9904112981075206,-0.3087972428900547,-0.02368214699516702,-0.02008959418589229,0.004143268071675754,0.000964709590588031,-0.3583911705058699,-,-
2021-01-06,204.75413513183594,208.84439971467242,204.45508551109228,204.6769586619817,35930700,40.43527387148692,0.9515303048954706,1.7826350994651108,-0.8311047945696401,-0.023428121180751438,-0.009289748409950449,-0.017431579528404573,-0.025929284969303024,0.5082357385719682,-,-
2021-01-07,210.58082580566406,211.59374676648795,206.1625868380979,206.48091954701593,27694500,50.646643263553,0.83349094965061,1.5928062695022107,-0.7593153198516007,0.008813697920992736,0.013164571592878538,0.00835147398137459,0.02845701099065212,-0.22922459067037382,-,-
2021-01-08,211.86386108398438,212.78996405087463,209.36533346109607,210.9570559155459,22956200,52.57464212328981,0.8338618935310365,1.441017394307976,-0.6071555007769396,0.02167820822548583,0.005653367846011115,0.0155350525627298,0.006092839998188548,-0.17109173301558067,-,-
2021-01-11,209.8090362548828,211.17888516648938,209.07586731634467,210.75442203784164,23031300,49.25593065653023,0.6607321692522703,1.284960349296835,-0.6242281800445646,-0.000960545627757492,-0.007571216488386989,-0.0013825887025618044,-0.009698798174394674,0.003271447364981972,-,-
2021-01-12,207.33946228027344,209.4328388800025,205.78633564161188,208.85402276728118,23249300,45.53564267262311,0.32055645944390676,1.0920795713262492,-0.7715231118823425,-0.009017126436470346,-0.008268091220911322,-0.015733674655791452,-0.011770579659921121,0.00946537972237782,-,-
2021-01-13,208.69972229003906,209.10488778280495,206.37483043687178,206.46166317953575,20087100,47.87114750068168,0.15889473362727813,0.905442603786455,-0.7465478701591769,-0.011454697190157348,-0.0015659010256049433,0.002859736986059014,0.006560545661717265,-0.13601269715647357,-,-
2021-01-14,205.4969482421875,209.78014669114557,205.22683795440696,208.2848838495633,29480800,43.17648161749735,-0.2250660266973057,0.679340877689703,-0.9044069043870087,0.008830795228274901,0.003229283234364111,-0.005562657423071604,-0.015346326352080775,0.4676483912560798,-,-
2021-01-15,205.14002990722656,206.93434258903514,204.5419305865932,205.97931492801197,31746500,42.67422720901352,-0.5517972471000974,0.43311325273174295,-0.9849104998318403,-0.011069305073605595,-0.013565650262892803,-0.0033373187183536324,-0.0017368546735803125,0.07685340967680654,-,-
2021-01-19,208.796142578125,209.3170652998531,205.12070003287826,206.2011410675174,30480900,49.19392611363829,-0.509839246636318,0.24452275285813077,-0.7543619994944487,0.0010769340580774056,0.011514389931641222,0.0028295882640065884,0.01782252187713862,-0.0398658119792733,-,-
2021-01-20,216.4171142578125,217.81590252715247,209.61609196630727,210.01161577319547,37777300,59.52679044402597,0.13678472528772545,0.22297514734404972,-0.08619042205632427,0.01847940649576918,0.04060269627382995,0.02191583751765891,0.0364995808140276,0.23937613390680723,-,-
2021-01-21,217.02491760253906,218.30794883439074,214.56497094658008,216.76444885263814,30709400,60.22163780252622,0.6903258849182237,0.3164452948588845,0.37388059005933916,0.032154569425033364,0.0022590008421305985,0.023609251245215734,0.00280848095960895,-0.18709383677499447,-,-
2021-01-22,217.97027587890625,221.9447826742362,217.82557921398734,219.06037315431172,30172700,61.33355895984862,1.1915582128299036,0.49146787845308837,0.7000903343768152,0.010591793598194732,0.016659191107165627,0.015196368041916042,0.004355989564749141,-0.01747673350830692,-,-
2021-01-25,221.4238739013672,221.66504485405198,216.30140522152732,221.02835000618649,33152100,65.16452953232184,1.8461832896199155,0.7624109606864539,1.0837723289334615,0.008983719070397411,-0.0012603937646725738,-0.0069972222636107695,0.015844353128128263,0.09874489190559688,-,-
2021-01-26,224.12498474121094,225.90964090519284,221.95444623265263,223.67158218627512,49169600,67.84766406423134,2.5535002881224784,1.1206288261736588,1.4328714619488196,0.011958792526002515,0.019148693714588827,0.02613501750178493,0.012198823876810039,0.48315189686324556,-,-
2021-01-27,224.6748504638672,231.94857453738325,222.01232848295177,229.59474371719836,69870600,68.38156425249608,3.1224302415984937,1.5209891092586258,1.6014411323398678,0.026481511298965144,0.02673163309008464,0.000260784369412681,0.0024533887789939257,0.4210121701213758,-,-
2021-01-28,230.4918975830078,234.0708810247615,226.78751525444332,227.28915496140732,49111200,73.41159311247203,3.9966277788504954,2.016116843177,1.9805109356734953,-0.010041992767181651,0.009149900970985225,0.021508655866641302,0.02589095800945529,-0.29711209006363193,-,-
2021-01-29,223.76805114746094,229.6140323700672,223.17959346585073,227.6557255174755,42503100,61.276947273624174,4.0996195493165715,2.4328173844049146,1.666802164911657,0.001612793871007323,-0.019040594178918013,-0.015908820132998547,-0.02917172580058003,-0.1345538288618482,-,-
2021-02-01,231.1864776611328,233.93583250847365,224.22145911978276,226.758582343544,33314200,67.63368642231575,4.725375107902636,2.891328929104459,1.834046178798177,-0.003940788978147758,0.018822020996700273,0.004668283680207663,0.03315230425268889,-0.21619364234608773,-,-
2021-02-02,231.05140686035156,233.75252438846982,230.26037381506274,232.77819906978667,25916300,67.41668302013329,5.1510141271552925,3.3432659687146256,1.807748158440667,0.026546367789170633,-0.0007835829083481238,0.026932813295331703,-0.0005842504377753244,-0.22206446500291166,-,-
2021-02-03,234.418212890625,236.43439892550677,230.8102894177499,231.1093538236103,27158100,70.00048387802127,5.694368094772159,3.8134863939261323,1.8808817008460266,-0.007169250612150568,0.011473136147098772,0.002388233778899629,0.014571675091804792,0.047915790448482154,-,-
2021-02-04,233.46310424804688,234.64967583453253,231.88102351930485,234.09015750462424,25296100,68.3447584462777,5.978988683727607,4.246586851886428,1.7324018318411794,0.01289780630553361,-0.007548491670776536,0.004639022394781422,-0.004074378994706196,-0.06856149730651262,-,-
2021-02-05,233.64642333984375,234.6882836544842,231.9292872805032,233.6753626774804,18054800,68.4987703854819,6.148469144691006,4.626963310447344,1.521505834243662,-0.0017719447565225366,0.00016453387295056743,0.00020814019390558158,0.000785216543690348,-0.2862615185740094,-,-
2021-02-08,233.90689086914062,235.074150067436,232.30551216876293,234.56286881199966,22211900,68.73155039531879,6.231962993712301,4.947963247100335,1.2839997466119657,0.0037980304142897214,0.0016441656436496643,0.0016221534273277438,0.0011147935653097463,0.23024901965128386,-,-
2021-02-09,235.16098022460938,236.1160077909551,232.855386470844,233.32807212451993,23565000,69.88541444140843,6.326400197299591,5.223650637140187,1.1027495601594044,-0.0052642461858249945,0.00443203867043751,0.002367030799000469,0.005361489568814548,0.06091779631638894,-,-
2021-02-10,234.2445068359375,237.23501752169543,232.3826596108889,236.3475102699276,22186700,67.91309225821998,6.255184742355112,5.429957458183172,0.8252272841719401,0.012940740982920751,0.004739237043729139,-0.002030130662295293,-0.0038972170799617123,-0.058489284956503296,-,-
2021-02-11,235.8555145263672,236.4921945580624,233.5981435634139,236.13526631242522,15751100,69.5404293722744,6.256618435383274,5.595289653623193,0.6613287817600808,-0.0008980164726930528,-0.0031311691309023892,0.005230527762098314,0.006877461982739419,-0.2900656699734525,-,^
2021-02-12,236.33790588378906,236.63695552738434,234.1577109235517,235.31532862001077,16561100,70.03056337325675,6.22492256600728,5.721216236100011,0.5037063299072688,-0.003472322051758292,0.0006121173241782074,0.0023954272564066237,0.0020452833523549874,0.051424979842677576,-,^
2021-02-16,235.0934295654297,237.43761875854926,234.34097740959032,236.37646073369578,26728500,67.03377197604141,6.029875867270846,5.782948162334178,0.2469277049366676,0.004509404975476583,0.00338350884112959,0.000782662613653784,-0.005265665335002612,0.613932649401308,-,^
2021-02-17,236.1183319091797,236.22469210962927,232.96622513355865,233.3336539630768,21653500,68.23919886464411,5.890103559588198,5.804379241784982,0.08572431780321565,-0.012872714826063114,-0.005108401336156532,-0.005866461304498305,0.004359553330114396,-0.18987223375797369,^,^
2021-02-18,235.72190856933594,235.85727476251574,232.88888225714146,233.7977758772666,16925600,67.21542978280394,5.681848139740055,5.779873021375997,-0.09802488163594258,0.0019890911846913717,-0.0015553723187541335,-0.0003319917999823341,-0.0016789180943233006,-0.21834345486872797,-,v
2021-02-19,232.9952850341797,235.78964212480784,232.23142121224726,235.6832818997468,25262600,60.493033649419736,5.2364262252056335,5.6711836621419245,-0.434757436936291,0.008064687593392739,-0.00028675239199638103,-0.0028230675441529574,-0.011567119711972995,0.49256747175875604,-,v
2021-02-22,226.7490234375,230.05583876789643,224.708852062903,229.56272223089456,36446900,48.52107499997441,4.329497290434091,5.402846387800358,-1.0733490973662674,-0.025969426509665383,-0.024317452222419544,-0.03239255527988627,-0.02680853218022583,0.4427216517698098,-,v
2021-02-23,225.55006408691406,227.05843439973523,221.160304582875,222.70735938022432,30228700,46.61409526955011,3.473957951287872,5.017068700497862,-1.5431107492099896,-0.029862700633838557,-0.013029029753012678,-0.01579175652161069,-0.00528760535507411,-0.1706098461048814,v,v
2021-02-24,226.78770446777344,227.41618718695392,221.42137560177235,222.39794491641797,26339700,48.84892836674982,2.862803480044846,4.5862156564072585,-1.7234121763624124,-0.001389332012500244,0.001575597877103485,0.0011804605685896696,0.005487209174023899,-0.1286525718935978,-,^
2021-02-25,221.41175842285156,226.82642190308715,220.3384924239313,224.3994937225608,39542200,40.849632577839145,1.9225038140339734,4.053473287932602,-2.1309694738986282,0.008999852974788336,-0.0025933302776812717,-0.00489059908917111,-0.02370475091468549,0.5012395737233151,-,^
2021-02-26,224.6895294189453,227.58056773813183,221.9435062853108,223.86765375241166,37819200,46.592244067810036,1.4253675305054685,3.527852136447175,-2.1024846059417066,-0.0023700586900908815,0.003324770671411903,0.007284309898478503,0.01480396081690416,-0.043573701008037036,-,^
2021-03-01,229.0986328125,229.61109163953674,225.4340520450375,228.09304264916807,25324000,53.177370888626974,1.3713531342865792,3.096552336015056,-1.725199201728477,0.0188744949345363,0.00892222003656018,0.015727181291078418,0.01962309238421911,-0.33039302788001856,^,v
2021-03-02,226.13021850585938,229.4467125406438,225.72411990536094,229.16630164142225,22812500,48.81362189107963,1.076609624077804,2.692563793627606,-1.615954169549802,0.0047053561116503495,-0.0007159022576792573,0.001286708275400672,-0.012956927198557566,-0.09917469594060968,-,v
2021-03-03,220.02906799316406,225.84984468324723,219.7389933201918,224.47684030191002,34029500,41.31015996465938,0.3467147005473521,2.2233939750115552,-1.8766792744642031,-0.020463136621412414,-0.015676266692029595,-0.026515228357866683,-0.0269806952516487,0.4917041095890411,-,v
2021-03-04,219.22650146484375,224.79588713553701,216.83824346443632,219.23617996323304,44727800,40.42976836286087,-0.2931138623188474,1.7200924075454749,-2.0132062698643223,-0.023346107026580354,-0.004666629499738506,-0.01320088807146158,-0.003647547733762413,0.31438310877327025,v,v
2021-03-05,223.93536376953125,225.5500945018356,218.9654691116631,221.9241981632992,41872800,47.49948790111471,-0.415427978580027,1.2929883303203746,-1.7084163089004016,0.012260833045517172,0.003355076357975495,0.00981019590105503,0.021479439179221016,-0.06383054833906432,-,v
2021-03-08,219.86468505859375,225.6467769747564,219.61329488965103,223.71296558772312,35267400,42.77359213589244,-0.8312504115252182,0.8681405819512561,-1.6993909934764742,0.008060263095364117,0.00042865188389451525,0.002958575069466951,-0.018177918138588156,-0.15774918324067178,-,v
2021-03-09,226.04319763183594,227.5902525456764,224.0030261566908,225.17298846393138,33080500,50.778428821429635,-0.6546914809355826,0.5635741693738884,-1.2182656503094709,0.00652632212161941,0.008612910837797694,0.019988458664333075,0.028101432349609157,-0.06200910756109046,-,v
2021-03-10,224.7281951904297,229.15662455782697,224.3607663454474,229.15662455782697,29746800,49.200973759924345,-0.6138014425409608,0.3280990469909186,-0.9419004895318794,0.01769144745589113,0.006882421345510759,0.0015970328387722166,-0.005817482920003836,-0.10077538126690955,-,-
2021-03-11,229.28231811523438,231.25479894833347,226.5556373785712,227.18413483923993,29907600,54.475525442173634,-0.21147834218990624,0.22018356915475362,-0.43166191134465987,-0.008607605049136602,0.009156071287727663,0.009782775611242078,0.020265026918165008,0.005405623462019449,-,^
2021-03-12,227.947998046875,228.01568852154853,225.51139177337745,226.2655769704919,22653700,52.747415756877814,-0.00029941326900484455,0.17608697267000195,-0.1763863859390068,-0.004043230700937928,-0.014006673338306075,-0.004609223664776119,-0.005819550671538276,-0.24254370126656766,-,^
2021-03-15,227.0391082763672,227.40653713643047,224.13839139075358,227.18415297293328,26034900,51.547870909654904,0.09265354836091433,0.15940028780818444,-0.06674673944727011,0.004059724924755814,-0.0026715327750813644,-0.006088385920670625,-0.003987268053658899,0.14925597143071556,-,^
2021-03-16,229.84315490722656,232.11537439525682,228.13172772834727,228.46047211752122,28092200,54.951588239022826,0.388108693428876,0.20514196893232275,0.18296672449655324,0.005617993719570835,0.020706692596094145,0.017816387067005834,0.012350500546567167,0.079020852778386,^,v
2021-03-17,229.19528198242188,230.65531878562442,225.51137424732443,228.3347366447057,29562100,54.00756112416798,0.5634855829600269,0.2768106917378636,0.28667489122216333,-0.0005503598572221824,-0.006290214999486232,-0.011486142270149657,-0.002818761015816129,0.052324132677397994,-,v
2021-03-18,223.08447265625,226.43963644067026,222.70738004305798,224.86357551060163,34833000,45.9834118959098,0.20699567172476918,0.26284768773524475,-0.05585201601047557,-0.015202072120569565,-0.018276978684685363,-0.012433936929457157,-0.026662020584876323,0.1782992412582327,-,v
2021-03-19,222.72669982910156,224.7765348783474,221.75979427699573,223.37452477855553,46430700,45.55664622325249,-0.10320474832298032,0.18963720052359975,-0.2928419488465801,-0.006622018388993789,-0.007344569124313138,-0.004254846722542616,-0.0016037549493627123,0.33295151149771773,v,v
2021-03-22,228.1800537109375,229.05992657806183,222.5236501521513,222.64935259908694,30127000,52.75430912446194,0.08996223792078695,0.1697022080030372,-0.07973997008225026,-0.003246440838262532,0.01905622267036322,0.003444519226967868,0.02448450897903265,-0.3511405169424541,-,v
2021-03-23,229.7174530029297,233.0726168895931,229.2243364179776,229.63043503272812,31638400,54.57747258074328,0.3629202220836021,0.20834581081915018,0.1545744112644519,0.031354604682869436,0.01751808084232387,0.03011224317615091,0.006737658559497817,0.05016762372622563,-,v
2021-03-24,227.66757202148438,230.12350546205144,227.5322058437178,229.97847554080397,25620100,51.712092937464064,0.4091170804196622,0.24850006473925262,0.1606170156804096,0.001515654961095514,-0.012653187092066864,-0.007381984830678312,-0.00892348820104305,-0.19022137655507232,-,v
2021-03-25,224.65084838867188,229.09862014573517,223.9063416834218,227.51289551782554,34061900,47.73980303176645,0.19999857900083384,0.23879976759156887,-0.03880118859073503,-0.01072091645611839,-0.004453631602119312,-0.015935608530013745,-0.013250563556446271,0.329499104218953,-,-
2021-03-26,228.6538543701172,228.8762533024649,223.88701638085823,223.88701638085823,25479900,52.908989814476286,0.35320822365693516,0.26168145880464216,0.091526764852293,-0.01593702690440779,-0.0009706162487089776,-8.630975977852451e-05,0.017818788623133353,-0.2519530619254945,-,-
2021-03-29,227.45489501953125,228.96326550344105,224.2060913796449,228.76020882115643,25227500,51.27313791212851,0.3735756241395336,0.28406029187162046,0.08951533226791314,0.021766302124498038,0.0003801713796021122,0.0014251607973723157,-0.005243556264943661,-0.009905847354188979,-,-
2021-03-30,224.17709350585938,226.1109049149975,223.45191422743258,225.8014880077065,24792000,46.99523237136038,0.12379867329434546,0.2520079681561655,-0.12820929486182003,-0.012933721422518252,-0.012457721469738114,-0.0033637674497223324,-0.014410775874444948,-0.017262907541373496,-,-
2021-03-31,227.9673614501953,231.18715920772763,224.69921545680972,225.20201055282524,43623500,51.984061820037205,0.22905122675820166,0.24741661987657274,-0.01836539311837107,-0.0026548870876386133,0.02245028515824332,0.005581967080879879,0.016907472057295037,0.759579703130042,-,-
2021-04-01,234.32960510253906,234.80337945877386,230.17190759199005,230.57800622039574,30338000,58.96567913753675,0.8164331913198737,0.36121993416523296,0.4552132571546407,0.02387188131390805,0.015641959801915073,0.024355635261362307,0.02790857257754298,-0.3045491535525576,-,-
2021-04-05,240.82717895507812,241.68772432777638,234.6679804018614,234.72599237582628,36910600,64.62307212933176,1.7856536339417346,0.6461066741205334,1.1395469598212014,0.017989513498810172,0.029319615777554153,0.01953354280680175,0.027728352333866724,0.21664579075746593,-,-
2021-04-06,239.65725708007812,241.14628542659426,238.70969358684056,239.41553064530655,22931900,62.9404399409037,2.4313379492843126,1.0031529291532892,1.4281850201310233,0.019978777049844965,-0.002240241628688633,0.017223113174868798,-0.004857931235486612,-0.3787177667120014,-,-
2021-04-07,241.62969970703125,242.6256112789347,239.00939383471342,239.60887057598896,22719800,64.61335239830741,3.066854269730925,1.4158931972688165,1.6509610724621084,0.0008075496612993671,0.006134557908381133,0.0012555009533530281,0.008230264549402122,-0.009249124581914292,-,-
2021-04-08,244.8688507080078,245.72939612824092,243.66021867094952,244.40474013684394,23625200,67.2295294460541,3.7882098226404253,1.8903565223431382,1.897853300297287,0.02001540906781263,0.012792486468948816,0.019458753321856426,0.013405434037719433,0.03985070291111725,-,-
2021-04-09,247.38284301757812,247.51820923296117,244.08569085612123,244.5014532484366,24326800,69.13669161090822,4.5107503423769515,2.4144352863499012,2.0963150560270503,0.00039570882110750993,0.007279605667474653,0.0017461700867398289,0.0102666888920393,0.029697103093307087,-,-
2021-04-12,247.44082641601562,249.1425897885859,246.19350987554677,246.28054259623266,27148700,69.18124128099397,5.030064236149855,2.9375610763098923,2.0925031598399624,0.007276395801166569,0.006562670926953507,0.008635569795314213,0.00023438730726121904,0.11599963825903936,-,-
2021-04-13,249.9354248046875,250.6122705431789,248.3303579311484,248.74614977442516,23837500,71.11313854399884,5.578610728246048,3.4657710066971235,2.1128397215489243,0.01001137626302362,0.00589895431303078,0.008679546656944037,0.010081595768993257,-0.12196532430650453,-,-
2021-04-14,247.1314239501953,250.26418897104256,246.7156615816498,248.958889884103,23070900,66.097608691701,5.721128729635467,3.9168425512847924,1.8042861783506745,0.000855249859629037,-0.0013889246978286973,-0.006502210857144863,-0.011218901268931325,-0.03215941269008915,-,-
2021-04-15,250.91204833984375,251.32781074081257,249.20063574269759,249.39399919291395,25627500,69.24698625409141,6.069178354631788,4.347309711954192,1.7218686426775962,0.001747715492359081,0.004249995870935663,0.010072218946770795,0.015298031829454217,0.1108149226948234,-,-
2021-04-16,252.1109619140625,252.3623668176979,249.07489361125147,250.8830023994161,24878600,70.1926290072622,6.368342210852802,4.751516211733914,1.6168259991188885,0.005970485301654671,0.004116361312486161,-0.0005045819047425626,0.004778222417581635,-0.02922251487659744,-,-
2021-04-19,250.17713928222656,252.82648062554435,249.28760267660581,251.5791641704195,23209300,66.63348633484924,6.375891093832763,5.076391188153684,1.2994999056790792,0.0027748463002490453,0.0018390769340885793,0.0008539964115625853,-0.007670521809738373,-0.06709782704814582,-,-
2021-04-20,249.71307373046875,251.5888731356024,248.3400546629798,249.28763286491557,19722900,65.7716202220632,6.272126259060514,5.31553820233505,0.9565880567254634,-0.009108589389984822,-0.004895086491256251,-0.0038010234101181206,-0.0018549478704938949,-0.15021564631419304,-,-
2021-04-21,251.95626831054688,252.05296477976358,248.73648538972924,250.37055834434713,24030400,67.93088799115361,6.298296098500913,5.512089781568223,0.7862063169326898,0.004344080237700387,0.0018446429620559979,0.0015963221369481584,0.008983088256321548,0.2184009450942812,-,-
2021-04-22,248.6591339111328,253.11655470286385,247.17975472336747,251.59850578156508,25606200,61.76343318541863,5.984004811516627,5.606472787557904,0.37753202395872254,0.004904520105471377,0.004219708044416848,-0.00625855376191653,-0.013086137612381976,0.0655752713229909,-,^
2021-04-23,252.5074005126953,252.85550188502793,248.75580193014318,249.34562971106686,21462600,65.67994825998619,5.976555642505218,5.6804893585473675,0.29606628395785073,-0.008954250596599933,-0.0010313541844086949,0.006376117690300109,0.015476071765527122,-0.16182018417414534,-,^
2021-04-26,252.8942108154297,253.75477117725595,251.5599055417559,253.00058580186447,19763300,66.05630319562283,5.933467165093276,5.731084919856549,0.202382245236727,0.014658191904276974,0.0035564553095503992,0.011272515414133766,0.0015318770933010484,-0.07917493686692201,-,^
2021-04-27,253.30023193359375,254.47985780954673,251.51145087883367,252.92312462952697,31014200,66.47192051089792,5.864479676090241,5.757763871103288,0.10671580498695299,-0.0003061699327374656,0.0028574305378648024,-0.00019261679566096035,0.0016054978753958782,0.5692824578891178,^,^
2021-04-28,246.13546752929688,248.0499510872284,244.57874904739901,247.605153301247,46903100,53.92440292661979,5.172049814265449,5.640621059735721,-0.4685712454702715,-0.021026038390398516,-0.02526685914423321,-0.02756415983133309,-0.028285660654962297,0.5123104900335975,-,^
2021-04-29,244.15333557128906,247.6245379994576,240.7595021178663,247.0057189857729,40589000,51.05323755521847,4.412488258473132,5.394994499483204,-0.9825062410100713,-0.002420928270199574,-0.0017150299200067165,-0.015615612331031037,-0.00805301234277378,-0.13462009973754396,-,^
2021-04-30,243.83424377441406,244.70446765473707,241.33964034405656,241.47500653604348,30945100,50.586284305623714,3.741650790697406,5.064325757726045,-1.3226749670286386,-0.022391029942298468,-0.011792330309070231,0.0024096171535785693,-0.0013069319578549177,-0.2375988568331321,-,v
2021-05-03,243.52487182617188,245.9324723466982,242.80935629199922,245.0139001224866,19626600,50.10775882478797,3.148746741261789,4.681209954433194,-1.5324632131714049,0.014655320387846782,0.00501831741663894,0.006089824058109317,-0.001268779739274084,-0.36576065354450304,-,v
2021-05-04,239.58953857421875,242.89636879848177,237.62672133374875,242.66430613687115,32756100,44.359407645662806,2.3344079047531636,4.211849544497188,-1.8774416397440241,-0.009589635463297608,-0.012345273152608915,-0.021344461504267165,-0.016159882243002133,0.6689645684937788,-,^
2021-05-05,238.31324768066406,241.24297075441083,237.68476488082388,240.81752988826238,21901300,42.650512535768875,1.5679778287462796,3.6830752013470063,-2.1150973726007267,-0.007610415713826146,-0.006807010134608826,0.0002442635523032255,-0.005326989238135349,-0.3313825516468688,v,^
2021-05-06,241.46534729003906,241.5910497475523,236.59214923615656,238.29389789307547,26491100,47.980551217114495,1.201079272750917,3.1866760156277887,-1.9855967428768717,-0.010479436427895727,0.0014428565195203635,-0.004596910724232406,0.013226707453539266,0.20956746859775444,-,^
2021-05-07,244.10499572753906,245.88409850126487,242.85767923394673,243.80524259654717,27032900,52.003472005562074,1.1105058717830332,2.7714419868588376,-1.6609361150758044,0.023128350126467412,0.01776989982947863,0.026482408727502404,0.010931789870160413,0.02045215185477378,^,v
2021-05-10,238.9997100830078,243.39913334730613,238.94169810981222,242.5675939726172,29299900,44.78898298150851,0.619629214232674,2.341079432333605,-1.721450218100931,-0.005076382323648598,-0.010106245865858399,-0.016124592545258665,-0.020914302180974564,0.08386077705314632,-,v
2021-05-11,238.08116149902344,238.43892660322572,234.54229821975156,236.45676717461123,33641600,43.61654135181561,0.1547034078656111,1.9038042274400064,-1.7491008195743953,-0.025192263722976116,-0.02037890059782055,-0.018412022367225278,-0.0038433041766676723,0.14818139311055667,-,v
2021-05-12,231.09043884277344,236.29239570195924,230.19122371487865,234.1555278301892,36684400,35.91174503242719,-0.7689821897338618,1.3692469440052328,-2.1382291337390944,-0.009732177987203494,-0.009002434845038598,-0.01855134249940804,-0.029362771133316534,0.09044754113954157,v,v
2021-05-13,234.98707580566406,237.4720303748559,233.4303571397704,233.79778600308975,29624300,42.05602222361379,-1.1730613225543038,0.8607852906933255,-2.033846613247629,-0.0015277957792175778,0.004992266760816877,0.01407148966245475,0.016861956653869914,-0.19245510353174644,-,v
2021-05-14,239.9376220703125,240.9335336718373,237.36566435149217,237.45268231578646,23901100,48.775259554469905,-1.0813639459880733,0.4723554433570458,-1.553719389345119,0.01563272422369466,0.014576467348669686,0.016858592258270244,0.02106731294763886,-0.1931927505460045,-,v
2021-05-17,237.06594848632812,238.42928915649927,235.46089612861059,238.39061941755895,24970200,45.480642799649964,-1.2262774104094092,0.13262887260375483,-1.358906283013164,0.003949995816535434,-0.01039392266063277,-0.00802461564138024,-0.01196841728781839,0.04473015886298115,-,v
2021-05-18,235.035400390625,238.25519760869244,234.86134972147687,238.11983142326952,20168000,43.255735575647606,-1.487819973810872,-0.19146089667917052,-1.2963590771317015,-0.0011359003762440034,-0.0007301600756464133,-0.0025462674142131547,-0.008565330063926235,-0.192317242152646,-,-
2021-05-19,235.6168975830078,235.7235033869886,231.23640313623346,231.92448304457386,25739800,44.099115036159624,-1.6293897847893675,-0.47904667430120995,-1.1503431104881576,-0.02601777576300701,-0.010625976881569965,-0.015434410938803933,0.002474083441968311,0.2762693375644585,-,-
2021-05-20,238.87319946289062,240.29783391960277,236.33406189770037,236.43098164099266,21800700,48.69746087163838,-1.4619757854822524,-0.6756324965374184,-0.786343288944834,0.019430887749581238,0.019405491887266146,0.022045225977951333,0.013820324065406231,-0.1530353771202574,-,-
2021-05-21,237.60365295410156,240.66613375955532,237.18693055220828,239.92959392026864,21863100,47.0717188054427,-1.415424643871745,-0.8235909260042839,-0.5918337178674612,0.014797605013493698,0.0015326806486144484,0.0036087419970680656,-0.005314729788204131,0.002862293412596806,-,-
2021-05-24,243.04051208496094,243.40878938683147,239.87142556782467,240.14278312039954,21411500,54.13365244207092,-0.9291131960585233,-0.8446953800151318,-0.08441781604339149,0.0008885489974268523,0.01139610124794821,0.011318056224120188,0.022882051951910176,-0.020655808188225877,-,-
2021-05-25,243.9514923095703,244.94970356838164,243.07927376097604,243.99995218179816,17704300,55.21196194367846,-0.4648409817510526,-0.768724500362316,0.3038835186112634,0.016061982006199793,0.006330560968779597,0.013373198518988882,0.003748264915977906,-0.17314060201293702,-,-
2021-05-26,243.72860717773438,245.13385481735335,243.0114394803578,243.67044645534367,17771600,54.87205710363067,-0.11357762229189916,-0.6376951247482326,0.5241175024563335,-0.0013504335697942516,0.0007517920874735573,-0.00027906237981001336,-0.0009136452895852631,0.0038013363985021087,-,-
2021-05-27,241.61587524414062,243.71890365055134,241.55772931026675,243.418473133618,24426200,51.62751529924355,-0.005613974998993854,-0.511278894798385,0.5056649197993911,-0.0010340741989482982,-0.005772157288744473,-0.005982064766990369,-0.008668378973064383,0.3744513718517184,-,-
2021-05-28,241.97442626953125,244.30036689523058,241.85813441400282,243.25369583184727,18270200,52.14467380128682,0.10763926607359053,-0.38749526262398987,0.4951345286975804,-0.0006769301427680396,0.0023857946017717957,0.0012436161930891032,0.0014839713037411162,-0.25202446553291136,-,-
2021-06-01,239.76480102539062,243.53474828754858,239.33839261028746,243.47660235766526,23213300,48.689923208984176,0.018877378309298365,-0.3062207344373322,0.3250981127466306,0.0009163541176866463,-0.003133923282277906,-0.010418263623096391,-0.009131647828268252,0.27055533053825354,-,-
2021-06-02,239.6678924560547,241.57709599376332,238.25294410277462,240.4722789790177,19406700,48.53803739972168,-0.05861113619161529,-0.25669881478818884,0.19808767859657356,-0.012339269357119709,-0.008038492689650178,-0.004535204300800455,-0.000404181802005521,-0.16398357837963584,-,-
2021-06-03,238.12696838378906,238.7375154318653,235.50059719238536,237.65208531272862,25307700,46.0767426764238,-0.2415762956401295,-0.253674310958577,0.012098015318447508,-0.011727728777150004,-0.011754345130348565,-0.011552205244532043,-0.006429413871314349,0.3040702437817866,-,-
2021-06-04,243.05020141601562,243.8836609923926,239.87142879631688,240.11371338493953,25281100,54.08738395365415,0.01056447711363262,-0.2008265533441351,0.21139103045776772,0.010358116862183797,0.021555663554670756,0.01855974743181177,0.020674823459272407,-0.0010510635103150312,-,-
2021-06-07,245.97702026367188,246.24837783851686,242.10046657973928,242.26521833676097,23079200,58.074840997664,0.4414687002851565,-0.07236750261827678,0.5138362029034332,0.008960358496360676,0.00969608557007029,0.009292635619872591,0.012042034240681732,-0.08709668487526256,-,-
2021-06-08,244.77528381347656,248.1091221533289,244.71712308979068,247.28534862837452,22455000,55.92708835168505,0.678175725828055,0.07774114307098959,0.6004345827570654,0.0207216303111053,0.007556371867888156,0.010808143193683506,-0.004885563899046819,-0.027045998128184645,-,-
2021-06-09,245.76376342773438,247.64389398471312,245.3955009512483,245.97697502416761,17937600,57.32510349681647,0.9347545244611126,0.24914381934901422,0.6856107051120984,-0.005290946719909262,-0.0018750949766703773,0.0027720898844039166,0.004038314648676211,-0.20117568470273883,-,-
2021-06-10,249.30111694335938,249.51432854393602,245.84130103923167,246.44216202928786,24563600,61.973678855506726,1.407307373360652,0.4807765301513418,0.9265308432093102,0.0018911810956068198,0.007552920159373588,0.0018166595811874853,0.014393307891645835,0.36939166889661945,-,-
2021-06-11,249.93109130859375,250.51255063014324,248.69056588727776,250.0279814783494,18999700,62.751860672554415,1.811757761339294,0.7469727763889322,1.0647849849503617,0.014550348931914536,0.004000660371019427,0.011589854251509157,0.0025269616637035863,-0.2265099578237718,-,-
2021-06-14,251.86935424804688,251.92750017704654,248.87469102580323,249.94074901705073,19150500,65.11714466084827,2.2626072996682183,1.0500996810447896,1.2125076186234287,-0.00034889079527378186,0.0056482181964301326,0.000740378461356439,0.0077551893576135456,0.007936967425801411,-,-
2021-06-15,250.38656616210938,251.9662663810869,249.727559192154,251.75305476424782,18038900,61.87987260123224,2.47176720689194,1.3344331862142198,1.13733402067772,0.007250941490430707,0.00015387841348446507,0.0034268979414315837,-0.005887131804360846,-0.05804548184120517,-,-
2021-06-16,249.43679809570312,252.53802263311616,246.56814247738893,251.39444663949044,27220000,59.828177677968554,2.531705667859427,1.5738876825432613,0.9578179853161657,-0.00142444398576691,0.00226917777622071,-0.01265145394839673,-0.0037932069637927057,0.5089611894295107,-,-
2021-06-17,252.84820556640625,253.671979131076,248.10913411504177,248.1672800536531,27565500,64.39463619449396,2.82194972277199,1.823500090589007,0.9984496321829828,-0.012837063940657534,0.004490240662125,0.0062497596898356544,0.013676440271632506,0.012692872887582585,-,-
2021-06-18,251.423583984375,254.20500663693133,250.7645769286962,251.61742350699052,37202200,61.26275613749661,2.903544913407302,2.0395090551526662,0.8640358582546357,0.0139024913058301,0.002101247081688573,0.010702720893875473,-0.005634295797511957,0.34959278808655747,-,-
2021-06-21,254.52479553222656,255.38731323668682,249.96016243709636,251.8015192852255,26696100,65.22744070465687,3.18177403338143,2.267962050798419,0.9138119825830109,0.0007316495641243037,0.004650996514180106,-0.0032078473820030817,0.012334608785324885,-0.28240534161958164,-,-
2021-06-22,257.31585693359375,257.5872144085859,254.30182217403268,254.61195345280842,24694100,68.36551599591021,3.586149050753619,2.531599450789459,1.0545495999641599,0.011161307428012135,0.00861397985678436,0.017369406767083984,0.01096577406350896,-0.0749922273290855,-,-
2021-06-23,257.0832214355469,258.5950743190414,256.26914908103015,257.78100196452465,19518700,67.81616338009684,3.843541471349141,2.7939878549013955,1.0495536164477457,0.012446581822811442,0.003912693853107108,0.007736188794003729,-0.0009040853557148454,-0.20958042609368233,-,-
2021-06-24,258.45947265625,259.58367653357374,257.2771228521467,257.94583058586295,21446900,69.3835473013615,4.111187579491769,3.0574277998194703,1.053759779672299,0.0006394133783411693,0.0038229738796675683,0.0039332622546690565,0.005353329606724966,0.09878731677826913,-,-
2021-06-25,256.84100341796875,259.0021923210898,256.5890475893359,258.0136819724109,25611100,65.35273342560438,4.144922026071185,3.2749266450698133,0.8699953810013721,0.00026304509901886597,-0.0022400646305998917,-0.0026744517941699186,-0.006261984603032178,0.19416325902578002,-,-
2021-06-28,260.42681884765625,260.6012566258516,257.7035428658539,257.974900379408,19590000,69.57064232907017,4.410164523895418,3.5019742208349345,0.9081903030604832,-0.00015030828096573856,0.006173941194981936,0.004343502916389852,0.013961226525237347,-0.2350972820378664,-,-
2021-06-29,263.0241394042969,263.26642398915266,259.7097028458924,260.57222058858645,19937800,72.20967156912158,4.774910975154739,3.756561571698896,1.0183494034558436,0.010068112073533309,0.01022699352185974,0.0077847590208832695,0.00997332213376989,0.017753956100051038,-,-
2021-06-30,262.5395202636719,262.9853155337439,261.27965249252287,262.33600953234,21656500,70.97286034064865,4.967606970192321,3.998770651397581,0.96883631879474,0.006768906293116883,-0.0010677717695604105,0.006045017299804334,-0.0018424892168550366,0.08620309161492234,-,-
2021-07-01,263.2179870605469,263.4505708049754,261.27971032162645,261.28938159380704,16725300,71.70358241098327,5.11609141767687,4.222234804653439,0.8938566130234307,-0.003989646485813125,0.0017691302280025134,2.2133029897730694e-07,0.0025842463496299484,-0.22770069032392126,-,-
2021-07-02,269.0812683105469,269.42047266250347,264.09021151270576,264.40034289596645,26458000,77.07465151274684,5.641848490006026,4.506157541723957,1.1356909482820692,0.011906191071306527,0.02266042483524311,0.010756676006796306,0.02227538214799618,0.5819148236503979,-,-
2021-07-06,269.0908508300781,270.74806846852164,265.8345318892706,269.44942714490134,31565600,77.0823078989813,5.9902362719928135,4.8029732877777285,1.187262984215085,0.019096360442019344,0.004927598088216634,0.006605017151424697,3.561199035306828e-05,0.19304558167661945,-,-
2021-07-07,271.2909240722656,272.0274787717085,268.5967203160117,270.7772818675907,23260000,78.83039382313925,6.370429279798145,5.116464486181812,1.2539647936163334,0.004928029488722174,0.004725464194163198,0.010390630619394825,0.008175949629654067,-0.26312187951440813,-,-
2021-07-08,268.8583068847656,270.12787543995006,266.38698696437575,268.35433614022054,24618600,72.26665677491404,6.401648877454136,5.373501364436277,1.028147513017859,-0.008948113042049788,-0.00698313030851061,-0.008226955820741844,-0.008966821119500534,0.058409286328460874,-,-
2021-07-09,269.3622131347656,269.4688041164489,266.823076353558,267.2107256312835,23916700,72.7723970545092,6.393353062199424,5.577471703988906,0.8158813582105173,-0.0042615689591074535,-0.0024398493581151426,0.0016370521478985545,0.0018742446749691055,-0.028510963255424793,-,-
2021-07-12,268.76141357421875,271.13578442629563,268.0442311924346,270.54462431878187,18931700,71.10743299433054,6.266067737016613,5.715190910594448,0.5508768264221651,0.012476664922869585,0.0061861717734359445,0.004576646276495566,-0.0022304522730004495,-0.2084317652518951,-,-
2021-07-13,272.3084411621094,274.1207247247535,268.8292388405028,268.95520195319455,26120100,74.77655555310713,6.377888355499806,5.84773039957552,0.5301579559242864,-0.0058748990839844195,0.011009023780368166,0.0029286496656764083,0.013197681693659868,0.37970177004706396,-,-
2021-07-14,273.7912902832031,274.90579349318665,271.89175778408145,273.63622459496327,23113700,76.14067180108415,6.511104572170723,5.980405234094561,0.530699338076162,0.017404469620867724,0.002863952622412791,0.011392060464805454,0.005445476147436068,-0.11509909992687628,-,-
2021-07-15,272.35693359375,273.7912689162148,271.19395581058893,273.2969989220083,22604200,72.07992245856107,6.426854013740922,6.069694990023834,0.3571590237170881,-0.0012396957802538466,-0.004054205489123275,-0.00256646975686059,-0.00523886895002923,-0.022043203814188117,-,-
2021-07-16,272.0856018066406,275.33222131414186,270.8354050077777,273.3648715740466,26186800,71.30521282892789,6.265960538919785,6.108948099803024,0.15701243911676066,0.0002483475936656543,0.005628201381391085,-0.0013221194467242237,-0.0009962360184084806,0.1584926695038975,-,-
2021-07-19,268.46099853515625,271.71728888837185,265.9800069586817,270.32172742963587,32935600,61.75636723554956,5.779355298654707,6.043029539573361,-0.2636742409186539,-0.011132169714741291,-0.013129347551536719,-0.01792748643389719,-0.013321554861474127,0.25771762872897797,-,-
2021-07-20,270.69970703125,272.298779251892,267.7341463091132,269.44951038932874,26259700,64.88426867900506,5.510836710686306,5.93659097379595,-0.4257542631096447,-0.003226588734100866,0.002140056548845637,0.006595004528682447,0.008339045553391822,-0.20269556346324347,-,-
2021-07-21,272.7154846191406,272.8317764714701,268.73234079810254,270.29263910977414,24364300,67.46462392340246,5.398460112187422,5.828964801474245,-0.4305046892868232,0.003129078687978293,0.0019573984908873854,0.0037283047483860354,0.007446545140360694,-0.07217904241099482,-,-
2021-07-22,277.30926513671875,277.5806226950854,274.6732076086904,275.0802291583625,23384100,72.43557058094072,5.615350281578458,5.786241897495088,-0.1708916159166307,0.017712617200218883,0.01740576660472648,0.022107003544657777,0.016844589972562662,-0.0402309937080072,-,-
2021-07-23,280.7303161621094,281.04041795355755,277.6581346087778,278.5012802330606,22768100,75.44446325469085,5.994190236470615,5.827831565290194,0.16635867118042125,0.012436557455129282,0.012464109435594839,0.010867193877678316,0.012336591147446896,-0.02634268584208932,-,-
2021-07-26,280.12939453125,280.7496571969808,277.7937974154402,280.08094944988113,23176100,73.91812220533504,6.174755538423369,5.897216359916829,0.2775391785065402,0.005672035746114412,-0.0010345869775385541,0.0004885965500474043,-0.00214056550455477,0.017919808855372255,-,-
2021-07-27,277.6968688964844,280.6430277382962,274.2176662977109,280.4976629230343,33604100,67.92721881249743,6.051808866371687,5.928134861207801,0.1236740051638856,0.0014878322641065367,-0.0003798026318151404,-0.012873329609952577,-0.008683578668479464,0.4499462808669277,-,-
2021-07-28,277.3867492675781,281.19545546676426,275.0704946690018,280.0712515550925,33566900,67.17967644469186,5.861777755576611,5.914863440081564,-0.053085684504952546,-0.0015201957959228851,0.0019684356063289776,0.0031100416789522356,-0.0011167559437692542,-0.0011070077758368324,-,-
2021-07-29,277.6581115722656,279.71267995195393,277.2510604896139,277.40612616035014,18168300,67.51654397636264,5.667739231474911,5.8654385983602335,-0.1976993668853222,-0.009515883475880726,-0.005273113366462634,0.00792729813946802,0.0009782814262180306,-0.4587435837089514,-,-
2021-07-30,276.11724853515625,277.81324087914425,275.1481100528774,276.36923400479174,20944800,63.529155235935434,5.328207276794217,5.757992334047031,-0.4297850572528139,-0.0037378127509666292,-0.006790679182423709,-0.0075850041223386455,-0.005549497647967416,0.15282112250458213,-,-
2021-08-02,276.02996826171875,277.91977013661995,274.9832823711018,277.52241989812205,16267400,63.30110715345225,4.994509372803805,5.605295741798386,-0.6107863689945816,0.0041726275990268125,0.00038345637212455763,-0.0005990507503176312,-0.0003160985918139181,-0.22332034681639357,-,-
2021-08-03,278.25897216796875,278.36559275584085,275.23526553226986,276.6114548732623,17879000,66.59869375988058,4.853959937722379,5.4550285809831855,-0.6010686432608061,-0.0032824916458792375,0.001604141436220008,0.0009163581109197239,0.008075224296430594,0.09906930425267713,-,-
2021-08-04,277.6677551269531,278.7144112187719,275.865142955367,277.38669680825086,16191300,64.93212341065768,4.641364463230332,5.2922957574326155,-0.6509312942022838,0.0028026385796053876,0.0012530947502444878,0.0022885055150145828,-0.0021247007289983966,-0.09439565971251185,-,-
2021-08-05,280.58489990234375,280.69152049091053,277.27046359767604,278.02639026152593,13900200,69.04783300033648,4.654614720702398,5.164759550086572,-0.5101448293841742,0.002306143231220803,0.007093674358254587,0.005094230562272983,0.010505882377508602,-0.14150191769654075,-,-
2021-08-06,280.5267639160156,280.56553772921,278.7435529938738,279.60610027686425,16589300,68.87434697688124,4.607314305616455,5.053270501192549,-0.4459561955760938,0.005681870752817231,-0.00044882995211326104,0.005312824803204386,-0.0002071957056433149,0.19345764809139432,-,-
2021-08-09,279.43157958984375,282.5522055021152,278.927638417484,280.80776872600615,16117600,65.53388002841746,4.430385438083931,4.928693488570826,-0.4983080504868944,0.004297718998090616,0.007080940121814372,0.0006604114126875782,-0.003904027946865507,-0.0284339905842923,-,-
2021-08-10,277.5999450683594,280.32322101187015,276.3982231789099,279.88709699676326,18616600,60.26909504276945,4.095163936872098,4.76198757823108,-0.6668236413589828,-0.003278654765927147,-0.00788875275733203,-0.009068356412885059,-0.006554858703418209,0.1550478979500669,-,-
2021-08-11,278.09423828125,279.751456440991,277.0378515407644,278.3461941198243,13955900,61.175558875365304,3.8252882712885707,4.574647716842579,-0.749359445554008,-0.005505444493415723,-0.002039661819007721,0.002314155114667482,0.0017805954996457096,-0.25035183653298665,-,-
2021-08-12,280.8659973144531,281.021063007531,277.50308588370405,277.7841443008925,14561300,65.87694039622968,3.7913631767275433,4.417990808819572,-0.6266276320920285,-0.002019247364632104,0.004538337646895485,0.0016793168888373788,0.00996697756247622,0.04337950257597156,-,-
2021-08-13,283.8121337890625,283.86057886978705,280.3716753608308,280.54614271809214,18249000,70.03101582641382,3.9565967025904456,4.325711987573746,-0.3691152849833008,0.009942966414266952,0.01010428126584939,0.010337144424869216,0.010489473637889102,0.2532534869826184,-,-
2021-08-16,285.5081481933594,285.72135980171606,281.06947823095703,284.14165964558504,22507600,72.1341188729605,4.176258343964378,4.2958212588518725,-0.11956291488749482,0.012816133890337866,0.006555263641530917,0.0024888493790542476,0.0059758347243792365,0.23336073209490937,-,-
2021-08-17,284.0350341796875,284.37423849294635,282.09675761906914,283.3663559759671,20075300,67.6907788441225,4.18325186424687,4.2733073799308725,-0.09005551568400261,-0.0027285814779324236,-0.004714807845323854,0.0036548948486962995,-0.005159621618484267,-0.10806572002345871,-,-
2021-08-18,282.2969665527344,286.26832663173434,281.85028818269654,283.5689657375722,21813000,62.77732776812563,4.002409462725495,4.219127796489797,-0.21671833376430172,0.0007150099414847677,0.0066605475546090975,-0.0008737053146332663,-0.006119201569527499,0.08655910496978869,-,-
2021-08-19,288.1617431640625,288.8414504972894,280.26759054859315,280.3161283728074,29850500,70.54634108095738,4.282957744343491,4.231893786060536,0.05106395828295529,-0.011471062625996842,0.008988503533837289,-0.0056153841257650106,0.020775202379769597,0.3684729289873012,-,-
2021-08-20,295.5316162109375,296.9686974957663,289.4143680042962,291.02622103620047,40817600,77.03340462678528,5.041861994429155,4.39388742773426,0.6479745666948951,0.03820719387629801,0.028137398508712996,0.032635872873489236,0.02557547357242007,0.36740088105726865,-,-
2021-08-23,295.8132019042969,296.54144712298415,293.09443160748054,294.45381675588874,22830200,77.23966830029437,5.6014506559959045,4.635400073386589,0.9660505826093155,0.01177761820733636,-0.0014387050769492093,0.01271555254343748,0.0009528107245162509,-0.44067755086041316,-,-
2021-08-24,293.842041015625,296.7841500631077,293.2400298015823,296.1724194319452,18175800,72.3417523861652,5.818797021876378,4.872079463084547,0.9467175587918311,0.005836578024326355,0.0008184452543757992,0.0004967620616440627,-0.006663532513026871,-0.20387031213042373,-,-
2021-08-25,293.2498474121094,295.75499838120913,291.70597082393243,295.4734018817668,20006100,70.88741100304324,5.875531043617627,5.072769779191163,0.8027612644264641,-0.0023601709825616934,-0.0034676773732010835,-0.005231410522935298,-0.002015346753884484,0.10069983164427421,-,-
2021-08-26,290.41448974609375,293.657605009389,290.27856604274746,292.2593717706494,17666100,64.22946228806936,5.626840779104668,5.183583979173864,0.44325679993080414,-0.010877561535652114,-0.007091658241788146,-0.004893299842828824,-0.009668743875017372,-0.11696432588060646,-,-
2021-08-27,291.02618408203125,292.1428207230575,288.2199985366875,290.31734813239905,22605700,64.99335628429961,5.416670566992821,5.230201296737656,0.1864692702551647,-0.0066448635213463,-0.005158334946861132,-0.007091696552465332,0.0021062803597446944,0.27960896858955864,-,-
2021-08-30,294.783935546875,295.3956662396167,292.32732299018244,292.38558023402715,16348100,69.32690344185818,5.490042505502572,5.282169538490639,0.2078729670119328,0.007124038969537949,0.01113443591907659,0.014250657394865307,0.012912073450355166,-0.27681513954445114,-,-
2021-08-31,293.12359619140625,295.66759505960573,292.75461382749137,295.58992859832875,26285300,65.47041831284017,5.352514332041153,5.296238497200743,0.05627583484041043,0.010959324196962106,0.0009205579196565061,0.0014616862800858055,-0.005632394290375875,0.6078504535695279,-,-
2021-09-01,293.0749816894531,296.3375355546533,292.7448474253484,294.0848233182499,18983800,65.3557805963152,5.179888944335289,5.272968586627652,-0.09307964229236276,-0.0050918692907298,0.0022658570172782166,-3.336036968060174e-05,-0.00016584984144840664,-0.27777883455771857,-,-
2021-09-02,292.4147644042969,294.5606523132115,291.47289927339045,293.4343256300039,16285600,63.72389225927623,4.9329441540765515,5.204963700117432,-0.2720195460408803,-0.0022119389940161716,-0.005996146381240575,-0.0043449036358608195,-0.002252724819260865,-0.14213171230206811,-,-
2021-09-03,292.405029296875,293.8226716672976,291.55055018077155,292.2593565497962,14747900,63.69863564661975,4.682476413491713,5.100466242792288,-0.41798982930057527,-0.0040041977968495734,-0.002505360577247817,0.00026640866981009204,-3.329211998481796e-05,-0.09442083804096868,-,-
2021-09-07,291.4728088378906,292.3564164397279,289.55026075756587,292.27875000140284,17180400,61.19732399404512,4.358514284812657,4.952075851196362,-0.5935615663837055,6.635699139145856e-05,-0.004990272599624146,-0.006860866570018276,-0.0031881136286404654,0.16493873704052775,-,-
2021-09-08,291.5019226074219,291.89031404400026,288.84141015287423,291.08440255390923,15046800,61.24850285960543,4.0573505897154405,4.773130798900178,-0.7157802091847376,-0.004086330078693301,-0.0015942950779181952,-0.0024481090185760612,9.988502751712147e-05,-0.12418802821820218,-,-
2021-09-09,288.62786865234375,293.3760419262117,288.38512023463784,292.0943231689544,19927000,53.71638790698269,3.5458892528129695,4.527682489682737,-0.981793236869767,0.00346951126952999,0.005090021185106819,-0.0015797247285106453,-0.009859468264807103,0.32433474227078185,-,-
2021-09-10,287.132568359375,291.22047359352,286.8121534435566,289.7639828932236,19633400,50.253742222694534,2.9854794725777083,4.219241886261731,-1.2337624136840226,-0.007978040279758791,-0.0073474586354732585,-0.005454396502154513,-0.005180720420209561,-0.014733778290761279,-,-
2021-09-13,288.3753662109375,289.88042399953457,285.54977141202284,288.91912023075906,23652900,52.9674113554202,2.6115299922037707,3.897699507450139,-1.2861695152463684,-0.002915692468155595,-0.004601495140262202,-0.004401424473744253,0.004328306811949734,0.20472765797060122,-,^
2021-09-14,291.09417724609375,292.6477729197862,289.45319570500504,290.870838052277,21853400,58.323534707070486,2.5056738153169817,3.6192943690235078,-1.113620553706526,0.006755239390038081,0.009546518809617988,0.013669856129388869,0.009428028027773872,-0.07607946594286541,-,^
2021-09-15,295.978271484375,296.4637682765353,293.0652907314132,294.4635238634247,28356300,65.8477427485839,2.783797732031303,3.452195041625067,-0.6683973095937641,0.012351481623957161,0.013039550305394165,0.012479029701539135,0.016778398951457607,0.2975692569577275,-,v
2021-09-16,296.3666687011719,296.4540545695595,292.0360455287363,294.94902633781703,19550800,66.36774197886447,3.0009601486655697,3.361948063033168,-0.36098791436759825,0.001648769491115365,-3.276524154116611e-05,-0.0035119996643347973,0.001312249087911166,-0.31053064045732337,^,v
2021-09-17,291.17181396484375,295.66751857799704,290.84167973315334,295.3471037635937,41372500,54.430418935572476,2.7224983006957473,3.234058110565684,-0.5115598098699365,0.0013496482111479136,-0.0026531463457447613,-0.004089788962251317,-0.01752847160274329,1.1161538146776602,-,v
2021-09-20,285.7633972167969,290.05520185574835,281.1220491144486,287.7345129883881,38278700,45.295820498726385,2.0418639122632385,2.9956192709051948,-0.9537553586419563,-0.025775064925976032,-0.018981850793894917,-0.033418974294270654,-0.018574657603018796,-0.07477914073357905,v,^
2021-09-21,286.2489013671875,288.90944398064477,285.5400950040545,287.1130998945458,22364100,46.16916656481731,1.5240639229268709,2.70130820130953,-1.177244278382659,-0.0021596752068019365,-0.003950137311012236,0.015715757278815357,0.0016989724895462022,-0.4157560209724991,-,^
2021-09-22,289.9193115234375,291.51175555567767,285.9673893358731,288.12299672562585,26626300,52.36119640136765,1.3938081725445386,2.4398081955565316,-1.046000023011993,0.0035174181583876862,0.009007360711985823,0.0014964424936980691,0.012822442771725395,0.19058222776682276,-,^
2021-09-23,290.8708190917969,292.1719468643928,288.8997034137967,290.18142198347186,18604600,53.84343378125657,1.3517758302902507,2.2222017225032755,-0.8704258922130248,0.007144258810435122,0.002264715902988712,0.010254015623017532,0.0032819737442100205,-0.3012697971554441,^,v
2021-09-24,290.6668701171875,291.1037993525861,288.31705313259096,289.5793622881519,14999000,53.45948293278123,1.287170221372378,2.0351954222770963,-0.7480252009047184,-0.0020747699532406294,-0.003655886621799609,-0.002016790859668105,-0.0007011668452895359,-0.19380153295421565,-,v
2021-09-27,285.63720703125,287.87048051053665,284.44287420766045,287.55006565328637,23571700,44.94717483614409,0.8206579998791312,1.7922879377975034,-0.9716299379183722,-0.007007739152509962,-0.01110709942378063,-0.013437217406453095,-0.017303874651795392,0.5715514367624508,-,v
2021-09-28,275.29608154296875,282.34550422174806,274.54842717463856,281.3939198719329,43186200,33.23112478038698,-0.37912834365943127,1.3580046815061166,-1.737133025165548,-0.021408952793550262,-0.019192576741422274,-0.03478535737829158,-0.03620370607793366,0.8321207210341215,v,v
2021-09-29,275.76220703125,278.45184887583616,274.80093276374777,276.8303060131279,26353700,34.065404889512465,-1.277627538607021,0.8308782374834892,-2.10850577609051,-0.016217883673115607,-0.013790392578214794,0.0009197123862909606,0.0016931787974197032,-0.38976571219509937,-,v
2021-09-30,273.7425842285156,279.48113149103483,273.451268310052,277.42262938302645,32343600,32.18871070463982,-2.1281295526603117,0.23907667945472907,-2.367206232115041,0.0021396623022569283,0.003696447408606085,-0.004911426028004429,-0.007323783866095557,0.22728876780110574,-,v
2021-10-01,280.7143249511719,281.5688042711896,273.1308654345853,273.93677728319545,30086300,43.715853722051534,-2.2140748387561757,-0.2515536241874519,-1.9625212145687239,-0.012565132511299981,0.007469816545456975,-0.0011717000891852125,0.025468235942553763,-0.06979124154392213,-,v
2021-10-04,274.8979797363281,279.40340419607827,272.1209523056505,279.0635505147171,31350700,37.923885880642146,-2.720161221482556,-0.7452751436464727,-1.974886077836083,0.01871516954520347,-0.0076904829024516674,-0.0036975430342809368,-0.020719801940479732,0.04202577252769535,-,-
2021-10-05,280.3841552734375,281.9765695608801,275.810753529912,275.810753529912,24993000,45.28730458134668,-2.648025025826655,-1.1258251200825093,-1.5221999057441458,-0.01165611552926027,0.009209498975882191,0.01355941610889655,0.019957132978465353,-0.20279292009428818,-,-
2021-10-06,284.6079406738281,285.1128763474515,277.2284124803731,277.49057010387935,28002600,50.18643936651975,-2.224390994146802,-1.345538294895368,-0.8788526992514338,0.006090468020077289,0.011122579409543087,0.005139969824662138,0.015064279920780521,0.12041771696074899,-,-
2021-10-07,286.2975158691406,288.0356029954327,285.3944987847211,286.617930771478,20430500,52.03656786685925,-1.73235387688959,-1.4229014112942124,-0.30945246559537765,0.032892507533433646,0.010251121188996848,0.029456166600261957,0.005936500546373846,-0.2704070336325912,-,v
2021-10-08,286.2975158691406,288.0356029954327,285.2391362273407,287.62777257826184,17685700,52.03656786685925,-1.3271127864243226,-1.4037436863202346,0.07663089989591199,0.0035233029701446927,0.0,-0.0005443782485017312,0.0,-0.13434815594332006,-,v
2021-10-11,285.6954650878906,289.3269717647659,284.2583838545495,284.42346580912283,19298600,51.2499341002836,-1.0425192560863366,-1.3314988002734551,0.2889795441871186,-0.011140463733442574,0.004483365097590619,-0.0034383513628701845,-0.00210288510335932,0.09119797350401737,-,v
2021-10-12,284.3845520019531,286.8702927377131,283.8699266847614,286.77318747114793,17974100,49.49542956204837,-0.9122408188753752,-1.2476472039938393,0.3354063851184641,0.008261349517490357,-0.008491012822165023,-0.0013665636331304798,-0.00458849805520789,-0.06863192148653274,v,v
2021-10-13,287.71514892578125,288.65701402642674,284.9769395034044,286.3557636342251,23416300,53.82095611777024,-0.5340862679474867,-1.1049350167845688,0.5708487488370821,-0.00145558878988572,0.0062283245562384515,0.0038997185491660424,0.011711595796543905,0.3027801113824893,-,v
2021-10-14,293.9682922363281,294.4731982060417,289.19099101376537,290.53096683103433,27262900,60.63733582473166,0.26710136530687123,-0.8305277403662809,1.097629105673152,0.014580475502991463,0.020149117800693617,0.014787342153734562,0.02173379932858488,0.16427018786059278,-,^
2021-10-15,295.385986328125,295.61904496704665,291.8030171906076,293.5702328432472,25384800,62.00659568836623,1.0048609899622534,-0.46344999430057404,1.4683109842628275,0.010461074237158474,0.0038911750474595053,0.009032183774763114,0.004822608863738198,-0.06888848948571136,-,^
2021-10-18,298.37664794921875,299.2699455159141,293.9100712186177,294.76455037450006,22729300,64.78917187363915,1.809997680022093,-0.008760459436040667,1.8187581394581336,0.004068251469795836,0.012350018075711011,0.007220809600586797,0.010124588706018178,-0.10460984526173145,-,^
2021-10-19,299.2894287109375,300.32836955309847,298.308715493626,299.40594322539454,17682100,65.616862882981,2.492990444621796,0.4915897213755267,2.0014007232462694,0.015746102592722133,0.0035366867039043903,0.01496595287385194,0.0030591561638366738,-0.22205699251626754,^,^
2021-10-20,298.4931640625,300.7167478371361,297.2308545272487,300.2409407945405,16537100,64.19912243433734,2.9361689014029366,0.9805055573810088,1.9556633440219278,0.0027888476766722015,0.001293178811630602,-0.0036132399437062146,-0.0026605171183863296,-0.0647547519808167,-,v
2021-10-21,301.7459716796875,301.99840985819577,297.47357626035097,298.26010831483455,16918100,67.30672401998572,3.5094111045096383,1.4862866668067347,2.0231244377029034,-0.006597476261778312,0.004262024081724158,0.0008166101513529256,0.010897427508612667,0.023039106010122712,-,v
2021-10-22,300.1924133300781,302.06642404358996,298.87184650031855,301.39643602561927,17449300,64.43015554688188,3.7946086191741415,1.9479510572802161,1.8466575618939254,0.010515411291523113,0.00022521372025141595,0.004700485527305398,-0.0051485636774581955,0.03139832487099614,-,v
2021-10-25,299.1922912597656,300.42544258178543,297.57071875478204,300.38659453701393,17554500,62.576049664051304,3.8950287447789833,2.3373665947799696,1.5576621499990138,-0.0033505422357399395,-0.005432518582627166,-0.004353463736287866,-0.003331603418014417,0.0060288951419253944,v,v
2021-10-26,301.1147766113281,303.33835999791415,299.648596593139,301.9789750399638,28107300,64.68011556200554,4.082678344226167,2.6864289446692093,1.3962493995569578,0.0053011037506658365,0.009695974452415879,0.006982803439303797,0.006425584507768534,0.6011450055541314,-,^
2021-10-27,313.7960510253906,316.6410554905065,306.8340130703277,306.8340130703277,52588700,74.76046526538859,5.1947826464051445,3.1880996850163967,2.006682961388748,0.016077404162728293,0.04385431335714962,0.02397947648973986,0.04211442080914951,0.8709979258057516,-,^
2021-10-28,314.9417724609375,315.44667845305815,312.03848151721985,314.92233362468943,26297900,75.44240039016213,6.09828621537639,3.7701369910883957,2.3281492242879946,0.02636057350169918,-0.003772022031691913,0.016961836775570394,0.0036511658824354143,-0.49993249500367953,-,^
2021-10-29,322.0009460449219,322.3699284150111,314.5048730302175,314.72821226273936,34766000,79.17569116900319,7.299788201009335,4.476067233072584,2.823720967936751,-0.0006164102739738553,0.021947449235808714,0.00790412612253899,0.02241421812300226,0.3220067001547653,^,^
2021-11-01,319.8161315917969,321.874633117205,316.90315102587124,321.7483992181689,27073200,75.35733181404983,7.983660248181764,5.17758583609442,2.8060744120873435,0.022305553432778957,-0.001536419045787829,0.007625567046216641,-0.0067851181183181675,-0.22127365817177702,-,^
2021-11-02,323.4671325683594,323.7778576608119,320.42791757863046,320.72892325182636,26487100,77.32526032308826,8.719723494117488,5.886013367699034,2.8337101264184543,-0.003168550236208878,0.0059129373606581215,0.011122535517078092,0.011415937521320974,-0.021648715334722124,-,^
2021-11-03,324.31182861328125,325.1857168357652,321.05899446568606,324.21472333692304,21500100,77.76762520093897,9.264424314384314,6.56169555703609,2.7027287573482237,0.010868368370880344,0.00434822561717052,0.0019694815976849522,0.0026113813734796043,-0.18828033269025302,-,^
2021-11-04,326.68109130859375,326.77819659570866,319.9521127279951,323.2340758588148,23992200,79.00486649944324,9.77460774397008,7.204277994422889,2.5703297495471906,-0.0030246852086639464,0.004897139319153254,-0.003447596101560868,0.007305508113728543,0.11591108878563361,-,-
2021-11-05,326.31207275390625,328.9628956726154,324.7196588251079,328.6910186783147,22570100,78.27422056002047,10.033495187357403,7.770121433009792,2.2633737543476107,0.016882325308682722,0.006685571741524843,0.014900811426008298,-0.0011295987570303367,-0.0592734305315894,-,-
2021-11-08,327.2151184082031,327.8559777295639,324.7390966218129,327.51612404867024,20897000,78.79113277110558,10.194023234372764,8.254901793282388,1.9391214410903768,-0.0035744652664037035,-0.0033648717153593743,5.986023998461043e-05,0.0027674294937225508,-0.07412904683630117,-,-
2021-11-09,326.205322265625,328.89496395648536,324.8264982710298,327.331648801366,21307400,76.59651387996904,10.12306832838857,8.628535100303624,1.4945332280849453,-0.0005632554667044376,0.0031690324334379127,0.00026914421492851837,-0.0030860314385546816,0.019639182657797738,-,-
2021-11-10,321.2047424316406,324.92366534049506,320.3502927648878,324.8654080821342,25500900,66.69013951538611,9.553207622374998,8.8134696047179,0.739738017657098,-0.007534379056418072,-0.012074671403347281,-0.01378029665057412,-0.015329547044951264,0.19680955912030562,-,-
2021-11-11,322.7873229980469,324.0884505745732,320.9230322979722,321.6415579185878,16849800,68.09643038321795,9.124112839515021,8.875598251677324,0.24851458783769687,-0.00992364863522599,-0.0025704953347939208,0.0017878539399518445,0.0049270149451265954,-0.3392468501111725,-,-
2021-11-12,326.9529724121094,327.44818863991225,324.1079682216262,324.2342021332131,23831000,71.5064051058649,9.016251491791877,8.903728899700235,0.11252259209164173,0.008060663029376025,0.010366731857869738,0.009924298361660755,0.012905244776566738,0.4143194577977187,-,-
2021-11-15,326.3218688964844,328.0793651715048,324.34103339663125,327.7492308602587,16723000,70.2807983831077,8.778650993135102,8.87871331838721,-0.10006232525210734,0.010841017708555833,0.0019275615303115945,0.0007190973313118132,-0.001930257770617616,-0.2982669631991943,-,-
2021-11-16,329.6620178222656,330.78837385576276,325.7780437615321,325.9430960649858,20886800,72.92572118903587,8.758905776094423,8.854751809928652,-0.09584603383422952,-0.00551072168966571,0.0082571748541449,0.004430553697914563,0.010235749559404539,0.2489864258805239,-,-
2021-11-17,329.8857727050781,332.87218386614865,328.7962750052104,329.7106812218678,19053400,73.09844200048559,8.661468679023756,8.816095183747674,-0.15462650472391815,0.011559027334424155,0.006299526147477419,0.009264685884993629,0.0006787402573418255,-0.0877779267288431,-,-
2021-11-18,331.9771728515625,333.1250638945544,327.9401837067276,328.97131742507344,22463500,74.72169080085114,8.653258216605082,8.783527790319155,-0.13026957371407377,-0.0022424623735401994,0.0007596910786256128,-0.002603713495444082,0.0063397706707228885,0.17897593080500074,-,-
2021-11-19,333.7671813964844,335.70301435284483,332.8819866059991,333.3100078847306,21963400,76.05353005909961,8.691005593317982,8.765023350918922,-0.07401775760093976,0.013188658797420372,0.0077386865705981744,0.015069220378588488,0.005391962735107114,-0.02226278184610586,-,-
2021-11-22,330.576416015625,340.14849893917426,330.3040416031067,335.2359926275546,31031100,69.06791592332827,8.367002959582123,8.685419272651563,-0.31841631306943974,0.005778358576889797,0.013242313581542486,-0.007744321130670362,-0.009559853570711097,0.4128550224464336,-,-
2021-11-23,328.4849548339844,330.2067766723785,324.4771473258713,327.87210500584973,30427600,64.86241301559872,7.850964072967827,8.518528232714816,-0.6675641597469895,-0.021966279825705093,-0.029227594117866573,-0.017641002056635546,-0.006326710195629248,-0.01944823096828663,-,-
2021-11-24,328.7087097167969,328.95190221343387,324.8176297706052,327.1230898888703,21661300,65.10719803053121,7.375039818289622,8.289830549829778,-0.9147907315401564,-0.002284473444198798,-0.003800268642547233,0.0010493264241873135,0.0006811723931940961,-0.28810356386964464,-,-
2021-11-26,320.70281982421875,328.7281726582677,319.18530093597997,325.24566897540836,24217200,51.32887369110631,6.279472165007974,7.887758872865418,-1.6082867078574443,-0.005739188004428963,-0.0006801284736789315,-0.017339972705924023,-0.024355575790722783,0.1179938415515227,-,-
2021-11-29,327.4635925292969,329.7982347536724,325.6250428524022,325.8196087405112,28563500,59.18424379451453,5.88888140269944,7.487983378832222,-1.5991019761327827,0.0017646346126940493,0.0032551578611337284,0.020175559142411315,0.02108111400075563,0.17947161521563193,-,-
2021-11-30,321.5880126953125,328.5822309778373,320.0315748453176,326.1892252243376,42885600,51.417401926997044,5.0470460163825805,6.999795906342294,-1.9527498899597138,0.0011344206239003451,-0.003687114264705804,-0.01717763461337951,-0.01794269643413482,0.5014126420081573,-,v
2021-12-01,321.09197998046875,330.04147784635467,320.42079584278883,326.0044873854462,33337600,50.81116582992138,4.290402622313422,6.4579172495365205,-2.167514627223098,-0.0005663517510865468,0.004441040113991379,0.0012161956133840413,-0.0015424477756069699,-0.22263883448057153,-,v
2021-12-02,320.51806640625,324.40914748192404,318.8740822768503,321.3060079491466,30766000,50.07550461884495,3.602915089731084,5.886916817575433,-2.284001727844349,-0.014412315222963379,-0.01706552279787288,-0.004827132277323898,-0.001787380594973631,-0.07713812631983108,-,v
2021-12-03,314.2145080566406,323.64065355721925,309.37010183120765,322.94996534910626,41779300,42.75372545072243,2.520378435576845,5.213609141175716,-2.6932307055988716,0.005116485092989231,-0.0023689033760911915,-0.029804806893622526,-0.01966678016090284,0.3579698368328674,v,^
2021-12-06,317.3078308105469,318.5335304412472,310.5373603039669,315.128835632931,30032600,46.85990346084219,1.8902757104334,4.5489424550272535,-2.6586667445938534,-0.02421777536876557,-0.015780227421488435,0.003773016415775432,0.009844621029875045,-0.2811607662167629,-,^
2021-12-07,325.8002014160156,326.6562142368086,321.11144202840745,322.6095164163275,31021900,56.15756259076099,2.0525179460372556,4.049657553229254,-1.9971396071919987,0.023738483875560545,0.02550024728734046,0.034050916495490746,0.02676382295317259,0.03294087092026654,-,^
2021-12-08,325.8487854003906,326.36435234032024,321.7923212227663,326.17952365557323,24761000,56.20477182410789,2.1601159362634803,3.6717492298360996,-1.5116332935726193,0.01106603202194023,-0.0008934833741651715,0.002120382849199798,0.00014912202068573244,-0.20182193869492193,^,^
2021-12-09,324.0297546386719,327.32743012958736,323.07642916997037,325.30408120640084,22214200,53.86604784736733,2.0746917830983307,3.352337740488546,-1.2776459573902152,-0.0026839282839128398,0.002950928256597374,0.003990486604293908,-0.005582438367795595,-0.10285529663583859,-,^
2021-12-10,333.2126770019531,333.6601429338765,325.67370875782035,325.8585374509906,38095700,62.377105562322164,2.716661631870579,3.2252025187649527,-0.5085408868943735,0.001704424495793333,0.019346722032376196,0.008039211014318814,0.028339750383483242,0.7149255881373175,-,^
2021-12-13,330.15814208984375,334.42861676910195,329.84684855560926,331.40328654019635,28899400,58.51036907642382,2.945003752513969,3.169162765514756,-0.2241590130007869,0.017015816533699768,0.002303163417926468,0.012813867639810406,-0.00916692287818166,-0.24139994802563014,-,^
2021-12-14,319.3992919921875,325.52776068430427,315.284464285477,324.14641424921746,44438700,47.37148252253497,2.232087129814545,2.981747638374714,-0.7496605085601691,-0.02189740592720013,-0.02661511497068758,-0.044148926490886864,-0.03258695978101467,0.5377032049108286,-,-
2021-12-15,325.53753662109375,326.06284083347805,315.663925176168,319.6619963887744,35381100,52.88275463916696,2.137757870121561,2.8129496847240834,-0.6751918146025222,-0.013834544092766743,0.0016437312383097424,0.0012035508681056406,0.019218090906276686,-0.20382234403796695,-,v
2021-12-16,316.0530090332031,327.59007820230164,314.2241964404909,326.56865175470983,35034800,45.03512827621281,1.2828907750874237,2.5069379027967518,-1.224047127709328,0.02160611972633597,0.004683874325941861,-0.004560954296166653,-0.029134973761658856,-0.009787711518296494,-,v
2021-12-17,314.9829406738281,316.07246810239036,308.6113085114264,312.1424686589051,47750300,44.23750940946623,0.5131416916195235,2.108178660561306,-1.5950369689417827,-0.044175039515551684,-0.03515860481219657,-0.01786268528218682,-0.003385724320892569,0.36293913480311013,-,v
2021-12-20,311.1988830566406,314.0101731797365,308.9226046084139,311.3350554322163,28326500,41.44227337432948,-0.39764798929616063,1.6070133305898129,-2.0046613198859733,-0.0025866817487469884,-0.006524753437195274,0.0010086995790563602,-0.012013531936340582,-0.4067785961554168,v,v
2021-12-21,318.3779296875,318.80595090017056,311.09186155812125,314.4868493443761,24740600,48.13763246175558,-0.5340105665911778,1.1788085511536148,-1.7128191177447927,0.010123479053087303,0.015272682639135393,0.00702200783415341,0.02306899870701895,-0.1265917074117876,-,^
2021-12-22,324.1269836425781,324.52579322794156,316.879835094261,319.3603867790755,24831500,52.79257448766055,-0.17614776245329722,0.9078172884322324,-1.0839650508855296,0.015496792456852981,0.017941454077694097,0.018605351831289862,0.018057325646664735,0.0036741226971050978,-,^
2021-12-23,325.5763854980469,327.23010633114734,323.6697646581755,323.6892093705167,19617800,53.91560849384675,0.22185826074007764,0.7706254828938015,-0.5487672221537239,0.013554663542024725,0.008333122234466916,0.021427458651304576,0.0044717099427520335,-0.20996315164206758,-,^
2021-12-27,333.1251220703125,333.15430398492487,326.29625718515126,326.3254390997636,19947000,59.34076128560814,1.1333364583430807,0.8431676779836574,0.2901687803594233,0.008144323792484753,0.018104072758459377,0.008114729312914237,0.02318576195481148,0.016780678771319835,^,^
2021-12-28,331.957763671875,334.44805250573944,331.0530946934616,333.8060207410828,15661500,58.19973989635743,1.7414194308536253,1.0228180285576511,0.7186014022959741,0.022923685208103617,0.003883331253235589,0.014578277879574886,-0.003504264077060837,-0.21484433749436005,-,^
2021-12-29,332.6387634277344,334.9247495224456,330.4305561960451,332.00643908331915,15042000,58.69866140518188,2.2523172453294933,1.2687178719120196,0.9835993734174737,-0.005391100057957066,0.0014253245403423875,-0.0018804793170502654,0.0020514650669007928,-0.039555598122785196,-,^
2021-12-30,330.0804138183594,333.7866661572789,329.5940286853086,332.59988524517127,15994500,55.99471605889944,2.4228410086829513,1.499542499266206,0.9232985094167452,0.001787453771952885,-0.0033980270696312154,-0.0025316287947659832,-0.007691074795408759,0.06332269644994026,-,^
2021-12-31,327.1620178222656,330.1192172867695,326.7048147287966,329.29238652517614,18000800,52.9956963065319,2.2960250058249017,1.6588390005779452,0.6371860052469565,-0.00994437721335062,-0.010987403759206149,-0.00876597785474631,-0.00884146975682032,0.12543686892369244,-,-
2022-01-03,325.6347961425781,328.79629901774877,320.80012748139205,326.21846414915797,28865100,51.442949365479585,2.0486725618348487,1.736805712829326,0.31186684900552275,-0.009334933031569403,-0.004007395509700196,-0.01807346259131848,-0.004668089804107933,0.603545397982312,-,-
2022-01-04,320.0510559082031,326.07250437069126,317.23973645782684,325.7125545466594,32674300,46.12214396581609,1.3861046447206036,1.6666654992075816,-0.280560854486978,-0.001550830679735049,-0.008284140226622383,-0.011098471348867323,-0.01714724685604596,0.13196559166606048,-,-
2022-01-05,307.7650146484375,317.1911594657353,307.3759125385984,316.9868563666347,40054300,37.04326508986985,-0.12888040103075582,1.3075563191599142,-1.43643672019067,-0.026789566623151906,-0.02723733153182184,-0.03109264945609891,-0.03838775418160001,0.2258655885512466,-,-
2022-01-06,305.33306884765625,310.02182762578025,303.00813417247446,304.6229360221158,39646100,35.551477482433896,-1.5083671486073627,0.7443716256064589,-2.2527387742138214,-0.03900452052251169,-0.022602558822984897,-0.014209891497517613,-0.007901956639091323,-0.01019116549284349,-,-
2022-01-07,305.48870849609375,307.8817144573573,301.6462550034294,305.5956989498197,32720000,35.72986234505643,-2.5595565412936594,0.08358599222643524,-2.6431425335200944,0.003193334488881705,-0.006903104806562865,-0.004494530065222158,0.0005097372814051315,-0.17469814180966092,-,-
2022-01-10,305.7124328613281,306.15019125836943,296.39330884640736,301.0625932107802,44289500,36.00406719571714,-3.3361222808862294,-0.6003556623960977,-2.735766618490132,-0.014833669958764117,-0.005623988426983084,-0.017414259484051398,0.000732349049284764,0.353591075794621,-,-
2022-01-11,306.40313720703125,307.9887275354808,301.4517409536046,304.8466991075708,29386800,36.89915301973862,-3.8514253224381605,-1.2505695944045103,-2.6008557280336504,0.012569166618920491,0.0060053409392115675,0.017066620454035064,0.0022593269735171617,-0.33648381670599126,-,-
2022-01-12,309.6035461425781,314.6035989823471,308.44594728470446,310.9654481070807,34372200,41.01582075094485,-3.9559586128703472,-1.7916473980976777,-2.1643112147726695,0.020071560615293915,0.021477641405249992,0.023201744693776005,0.010445091929278894,0.169647596880232,-,-
2022-01-13,296.50030517578125,312.14246451080345,295.7221009951654,311.7436252200972,45366000,31.853168530458674,-5.038048548732718,-2.440927628224686,-2.597120920508032,0.002502455233381884,-0.007822969856367545,-0.04125146205210006,-0.042322644976303336,0.3198456892488697,-,-
2022-01-14,301.75323486328125,302.3563474514455,295.47885713346886,295.9652420834828,39846400,37.847439415661945,-5.409389024280358,-3.0346199074358204,-2.3747691168445377,-0.050613330506676935,-0.031351444202553314,-0.0008225420449738952,0.01771643939585754,-0.12166820967244196,-,-
2022-01-18,294.4088439941406,301.3641437796384,293.5236197033921,295.7901905004896,42333200,33.42104958219534,-6.224557169620539,-3.672607359872764,-2.5519498097477746,-0.0005914599355009154,-0.00328157050503608,-0.006617182187061088,-0.024339062586912208,0.062409653067780235,-,-
2022-01-19,295.0703125,305.36223577548463,294.4574923336944,297.9497330886086,45933900,34.167824014069524,-6.739519828099219,-4.285989853518055,-2.453529974581164,0.007300926999860735,0.013266647935295417,0.0031815927837288704,0.0022467684628133533,0.08505617340527061,-,-
2022-01-20,293.387451171875,303.1637782382463,292.9399852639337,300.6540445871307,35380700,33.14911926097699,-7.200422303759467,-4.868876343566337,-2.3315459601931297,0.009076401816134227,-0.007199506945104739,-0.005153569222280163,-0.0057032553152055465,-0.2297475285137992,-,v
2022-01-21,287.9691467285156,295.82911648964756,287.56057020283265,294.4477994991637,57984400,30.043285592738712,-7.911701551638657,-5.477441385180802,-2.4342601664578556,-0.02064247995229762,-0.02419372720323698,-0.018363539740927748,-0.018468085194908945,0.6388709098463285,-,v
2022-01-24,288.29986572265625,289.01970608679983,268.5331704445488,284.2434310873334,85731500,30.471488439252738,-8.352427634613832,-6.052438635067408,-2.299988999546424,-0.03465595066150007,-0.02301805340748475,-0.06616831975560067,0.0011484528738503474,0.47852698311959774,-,v
2022-01-25,280.6344299316406,286.9574354302845,277.40485583875466,283.5819220766219,72848600,26.432918100570546,-9.214029242671245,-6.684756756588175,-2.5292724860830695,-0.0023272622631278495,-0.007135398082150135,0.033037577367142745,-0.02658841263002787,-0.15027032071059065,v,v
2022-01-26,288.6305847167969,300.09955158053,285.05079816308023,299.6034293699441,90428900,35.96677030980332,-9.146200157943952,-7.177045436859331,-1.969154721084621,0.056496927505108374,0.04579813772916963,0.02756239540655292,0.02849313531167219,0.24132653201296939,-,^
2022-01-27,291.6753845214844,298.93224118758064,289.8173900598136,294.4186033404908,53481300,39.19797989421651,-8.745937498505157,-7.490823849188496,-1.2551136493166606,-0.017305629779862053,-0.0038897438759953884,0.016721903350034983,0.01054912391794871,-0.4085817697660814,-,^
2022-01-28,299.86614990234375,300.080160532773,286.43219588020236,292.05480642156255,49743700,46.95281379122188,-7.679278205047183,-7.528514720360234,-0.15076348468694878,-0.008028694152164562,0.003840065362745726,-0.011680438426805884,0.028081784804353527,-0.06988610972433351,-,^
2022-01-31,302.5119934082031,303.873865327371,298.02750874375795,300.5372717037643,46444500,49.206467874010045,-6.54499889825172,-7.331811555938532,0.786812657686812,0.02904408725928609,0.012642304602418664,0.04048187679434334,0.008823415069426854,-0.06632397670458767,^,^
2022-02-01,300.3525085449219,302.17158390005085,296.82134829715966,301.9575732884717,40950400,47.43515247212262,-5.753998246428694,-7.016248894036565,1.2622506476078712,0.0047258750192800125,-0.005601934294304112,-0.0040471446803098665,-0.0071385099114642525,-0.11829387763890231,-,^
2022-02-02,304.9245300292969,306.53933207840674,300.4692557003281,301.19883332986984,36636000,51.422224761953736,-4.703976098851683,-6.553794334999589,1.8498182361479056,-0.0025127369727434568,0.014454529846858799,0.012289909146010691,0.015222185113500375,-0.10535672423224196,-,v
2022-02-03,293.0469970703125,302.7552535027513,291.79211531003233,301.06261331619567,43730000,42.42030474027626,-4.775198115582384,-6.198075091116149,1.4228769755337645,-0.0004522594333059571,-0.012344512366483262,-0.028878629762207342,-0.03895236948579761,0.19363467627470254,-,v
2022-02-04,297.60931396484375,300.3914224555143,291.8018747496891,292.0353300953145,35096500,46.30838016452545,-4.4126351215417685,-5.840987097201273,1.4283519756595044,-0.02998473680091296,-0.0078077292462755965,3.344655028247878e-05,0.015568550233041822,-0.1974273953807455,-,^
2022-02-07,292.75518798828125,299.45755887264727,291.733761520673,297.8330493495718,28533300,42.982779531559046,-4.465513080220944,-5.565892293805208,1.1003792135842634,0.019852800866131615,-0.0031088223998984033,-0.0002334228629425894,-0.01631039671404877,-0.18700440214836234,v,^
2022-02-08,296.266845703125,297.2396157585428,291.7823899972102,293.0469791946189,32421200,46.00383855132511,-4.175920403013777,-5.287897915646922,1.1119775126331453,-0.01606964091260199,-0.007406535745680398,0.00016668786047846496,0.011995202336036126,0.13625833675039334,-,^
2022-02-09,302.73577880859375,303.43617447800517,299.0198195356215,301.4322704184702,31284700,51.139712446892744,-3.3854024691187306,-4.907398826341284,1.5219963572225534,0.028614153426513855,0.02084701497022534,0.024804202674741482,0.021834819519261917,-0.03505422377950229,^,^
2022-02-10,294.146240234375,300.70270149055546,292.5119935208932,295.76104223219227,45386200,45.01692543490299,-3.4126760827384146,-4.6084542776207105,1.1957781948822959,-0.018814270212027084,-0.009008395232216637,-0.02176386175617029,-0.028373053915274227,0.4507474899871182,-,^
2022-02-11,287.00604248046875,296.00416414551785,286.2083640297064,294.93411130749297,39175600,40.65906473158086,-3.9647418278205464,-4.479711787660678,0.5149699598401316,-0.00279594269231076,-0.015625191665214144,-0.0215499864306814,-0.02427431249237444,-0.136838951046794,-,^
2022-02-14,286.9671630859375,288.679247863717,283.4165583613439,285.7706452442049,36359500,40.63599713374587,-4.355191217088873,-4.454807673546317,0.09961645645744444,-0.0310695362522323,-0.024745990661806494,-0.009754451718513413,-0.00013546542154729835,-0.07188402985531805,-,^
2022-02-15,292.28826904296875,292.6092701533062,288.9321999110304,291.8408030542407,27058300,45.21697402656885,-4.186991360631794,-4.401244410963413,0.21425305033161912,0.021241362298946243,0.013613802580795697,0.019461253716355875,0.01854256040938651,-0.2558120986262188,-,-
2022-02-16,291.94708251953125,293.2825285212972,286.2738465978352,290.8455745770607,29982100,44.977309893061395,-4.034713003617583,-4.327938129494247,0.29322512587666427,-0.0034101759135958254,0.0023008784637554847,-0.009200612856627988,-0.0011672946182706978,0.10805556890122436,-,-
2022-02-17,283.3982238769531,289.31512471612086,282.6866227036371,288.88621849493984,32461600,39.34947392057882,-4.551387196776602,-4.372627942950718,-0.1787592538258842,-0.006736757418331352,-0.013527583198288728,-0.012530742632726466,-0.029282219807783894,0.08269934394188527,-,v
2022-02-18,280.6688232421875,286.44927025529336,279.0896820107594,285.65969963957934,34264000,37.7264041003678,-5.122051219867956,-4.522512598334166,-0.5995386215337897,-0.011168822355632768,-0.009905650330723326,-0.012724127723046319,-0.009630972973037055,0.055524065357221986,-,v
2022-02-22,280.4640808105469,284.18775256896157,277.3252837900346,277.8126744469591,41736100,37.601111849590424,-5.5271144379779,-4.723432966262913,-0.8036814717149872,-0.027469836321052488,-0.007895002435566512,-0.006321975817998204,-0.0007294804933284382,0.21807436376371703,-,v
2022-02-23,273.2019958496094,284.34377082174444,273.03629965616943,282.86208392715645,37811200,33.368109126210754,-6.360796221837063,-5.050905617377744,-1.3098906044593193,0.018175590765429295,0.0005489971026988449,-0.015465535905166083,-0.025893101676157326,-0.09404089026046991,v,^
2022-02-24,287.160888671875,287.7165212860402,264.6726715319733,265.63772547972644,56989700,45.96109536393651,-5.827948092636177,-5.206314112429431,-0.6216339802067461,-0.06089313282393016,0.011861524008592195,-0.030631927457002273,0.051093670742982544,0.5072174382193635,-,^
2022-02-25,289.81231689453125,290.12425414795905,284.29504943491895,287.6970574684167,32546700,47.97247185216111,-5.132549180570209,-5.191561126057587,0.05901194548737809,0.08304291850433665,0.008368420593842574,0.07413828480805273,0.00923324981657192,-0.42890206475907044,-,^
2022-02-28,291.25494384765625,291.5961232884355,285.6109511926103,286.8879124512108,34627500,49.08294724604957,-4.414149031772638,-5.0360787072005975,0.6219296754279595,-0.0028124897220914713,0.005073237136960618,0.004628648160799553,0.004977797246795479,0.06393274894228917,^,^
2022-03-01,287.5118103027344,292.40520263800084,284.7824043016217,288.9252256042664,31217800,46.32037420479421,-4.099593767417673,-4.848781719244013,0.7491879518263396,0.007101425555536611,0.0027746574283673553,-0.0029009633122570877,-0.012851742516273856,-0.09846798065121654,-,^
2022-03-02,292.6196594238281,293.8673785477649,286.29333703933276,287.91144814315027,31873000,50.421158565427554,-3.3989645703865676,-4.558818289472524,1.1598537190859561,-0.0035087883344069315,0.005000512633060783,0.005305569146437872,0.017765701922698218,0.0209880260620543,-,^
2022-03-03,288.4573974609375,295.48556479155076,286.63453079659325,295.2516267161162,27314500,47.25330105213837,-3.1433362156738553,-4.27572187471279,1.1323856590389347,0.025494570015557105,0.005506518796957405,0.00119176282895328,-0.0142241364475858,-0.14302073855614472,-,v
2022-03-04,282.5501708984375,288.2039218391596,279.92803584979396,286.8684758512566,32356500,43.11327795727951,-3.378467843426847,-4.096271068455602,0.7178032250287547,-0.028393241920797174,-0.024642973532490453,-0.023397372703704233,-0.020478679397708754,0.18459060206117628,-,^
2022-03-07,271.8763427734375,282.38448735317786,271.5059210014731,281.2537371143296,43157200,36.83361647015395,-4.375660190316751,-4.152148892827832,-0.22351129748891907,-0.019572519149292256,-0.020192072504930825,-0.03008671433267962,-0.037776753385283524,0.33380309984083567,-,^
2022-03-08,268.89349365234375,276.79895765959355,263.1910156960027,270.7942998058096,48159500,35.28681896503767,-5.345019250214477,-4.390722964305161,-0.954296285909316,-0.03718861628589942,-0.019779874404356024,-0.030625134342559313,-0.010971344879313172,0.11590881706876255,v,^
2022-03-09,281.2244567871094,282.29672236396794,273.6991425767522,276.2920648815301,35204500,45.47971540435684,-5.059910123996701,-4.524560396243469,-0.535349727753232,0.02030236633364524,0.019861941500283864,0.039925857092655725,0.04585816847881219,-0.2690019622296743,^,v
2022-03-10,278.3878173828125,279.37235611943896,273.5041530332084,275.8826220369622,30628000,43.77170639856869,-5.005155859365516,-4.620679488867879,-0.3844763704976373,-0.0014819203900897637,-0.010359193050631932,-0.0007124229243395952,-0.010086745074395331,-0.12999758553593999,-,v
2022-03-11,273.0071105957031,282.2090519787419,272.38323604527125,280.6981225351512,27209300,40.65293060374131,-5.334448576824229,-4.763433306459149,-0.5710152703650806,0.01745488883146784,0.01015381728781417,-0.004098354542357074,-0.01932809717643047,-0.11162008619563801,-,v
2022-03-14,269.4685363769531,278.20256821759335,268.86417674985904,273.2701773763864,30660700,38.700049240311834,-5.8139294347127475,-4.973532532109869,-0.8403969026028788,-0.02646239701099029,-0.014196864817257349,-0.01291951496907584,-0.012961472728782786,0.12684633562789194,v,v
2022-03-15,279.90850830078125,280.5616250101141,271.70086453830385,273.2800058454423,34245100,46.81731827271363,-5.290517196289102,-5.0369294649457155,-0.2535877313433863,3.596612389333842e-05,0.008479637005635476,0.010550634981334683,0.03874282342641999,0.11690535441134742,-,^
2022-03-16,286.9659423828125,287.1413959147173,276.0581349298359,281.81906746317213,37826300,51.493407256803756,-4.257159393871632,-4.880975450730899,0.6238160568592672,0.031246565555766326,0.023452141412304783,0.016037013348986884,0.025213360340041957,0.10457554511448364,-,^
2022-03-17,287.7749938964844,288.155143210263,282.0725162060414,285.8936727522642,30816600,52.0142882409606,-3.3344942211562056,-4.57167920481596,1.2371849836597546,0.01445823139566138,0.0035304811844225625,0.02178664750355641,0.0028193293843650213,-0.18531286432984462,-,^
2022-03-18,292.85357666015625,293.409209212463,285.34777752908354,287.92118502466127,43390600,55.261915387514186,-2.168479358580214,-4.091039235568811,1.922559876988597,0.007091840308595998,0.0182334625149001,0.011611415983008078,0.01764775561249321,0.4080268426757008,^,^
2022-03-21,291.6156005859375,292.5708970455594,287.46302239668256,291.35242032316927,28351200,54.29722869784393,-1.3289788612451616,-3.538627160704081,2.2096482994589195,0.01191727277106791,-0.002857143336276735,0.007412866102955551,-0.004227286852143797,-0.3466050250515088,-,^
2022-03-22,296.39202880859375,297.3083257004259,291.23542689570303,292.2394505433956,27599700,57.38800721809353,-0.27507987991612026,-2.885917704546489,2.610837824630369,0.003044526691223126,0.01619241251507253,0.013123094816051672,0.01637919306463398,-0.02650681452636927,-,v
2022-03-23,291.9372863769531,295.5829892215264,290.2119339230564,292.93158249273176,25715400,53.73786501361934,0.1983951950103915,-2.269055124635113,2.4674503196455047,0.0023683727438208457,-0.0058031892475084446,-0.003514314805571961,-0.015029899587878037,-0.06827248122262197,-,v
2022-03-24,296.4309997558594,296.5284838356089,290.7967650227256,291.59609282952135,24484500,56.72782140469154,0.9255633985264353,-1.6301314200028036,2.555694818529239,-0.004559049768024015,0.0031987450176771404,0.00201518625289987,0.015392735318858541,-0.04786625912877107,-,^
2022-03-25,296.02166748046875,297.7957771219857,291.7423917495278,297.53259680073916,22566500,56.37042858419166,1.4520810585317463,-1.0136889242958937,2.46576998282764,0.020358654032749834,0.004273765777858207,0.003251847477492742,-0.0013808686531696646,-0.07833527333619228,v,^
2022-03-28,302.8646240234375,302.9620783750849,296.65524087861996,296.65524087861996,29578200,60.81492790972361,2.3939238376498793,-0.33216637190673914,2.7260902095566184,-0.002948772442256997,0.017348470495546886,0.016839682089499153,0.02311640428625128,0.3107127822214344,-,^
2022-03-29,307.4559020996094,307.855566169659,301.25627496758835,305.99372953756387,30393400,63.50145917107133,3.4708094645435494,0.4284287953833186,3.042380669160231,0.031479264048346556,0.016152146238301412,0.015509701009634114,0.01515950597061666,0.027560838725818382,^,^
2022-03-30,305.9449157714844,307.9822353410379,303.72241507994283,305.84746141716585,28163600,61.99506038591917,4.1544353686749105,1.173630110041637,2.980805258633273,-0.00047801018870241574,0.00041145649225993175,0.008186186703064813,-0.0049144814518325974,-0.07336461205393274,-,^
2022-03-31,300.5348815917969,307.1926558891614,300.12549002106,305.98390660172134,33422100,56.79958192651569,4.211126038561474,1.7811292957456046,2.4299967428158693,0.0004461216840685456,-0.002563717517674813,-0.011842804087857983,-0.017683033450793917,0.1867126361686715,-,^
2022-04-01,301.6169128417969,302.30899939577387,297.8347557615202,301.5681559167176,27110500,57.56555147072198,4.293867648431956,2.283676966282875,2.010190682149081,-0.014431316777556602,-0.015897699374524232,-0.007632588152972297,0.0036003516273017677,-0.18884510548409583,-,^
2022-04-04,307.0268859863281,307.1633399077133,301.8995265160975,302.26994819237575,24289600,61.26367922114519,4.7413255406471535,2.7752066811557308,1.9661188594914227,0.0023271431744005255,0.016057545496964476,0.013647738136485232,0.017936570908969163,-0.10405193559690895,-,-
2022-04-05,303.04010009765625,306.92946905359616,302.0555611898227,305.3698125875941,23156700,57.300580802481264,4.7198315614841135,3.1641316572214073,1.5556999042627062,0.01025528476699722,-0.0007613892145703627,0.0005168430554556291,-0.012985136060199687,-0.04664136091166593,-,-
2022-04-06,291.94708251953125,299.2579443522407,289.2274335883309,297.49359207645136,40110400,47.99687055053682,3.7642912119021616,3.2841635681575583,0.48012764374460337,-0.025792400513994673,-0.024994422089903212,-0.04246943029607109,-0.036605774531325075,0.7321293621284553,-,-
2022-04-07,293.7698974609375,295.99239810286326,288.87650501412816,289.1786849009009,31411200,49.4493222440401,3.1181603212375535,3.2509629187735576,-0.1328025975360041,-0.027949869835897645,-0.010912145562069875,-0.0012133308720023717,0.006243648423115422,-0.2168814073158084,-,-
2022-04-08,289.4808654785156,293.52620278513484,288.80826385848826,292.8633584995333,24361900,46.180915174029046,2.2342528234440238,3.047620899707651,-0.8133680762636271,0.01274185751240653,-0.008331954920245521,-0.00023622951141888393,-0.014599970995980538,-0.22441995211898935,-,-
2022-04-11,278.066162109375,285.2307818696367,277.81270941652224,284.4314837001225,34569300,38.82584610637167,0.6056965057148886,2.5592360209090987,-1.95353951519421,-0.028791156540070362,-0.028261261982019725,-0.03807216003816871,-0.03943163341822942,0.41899030863766784,-,-
2022-04-12,274.9468078613281,283.4079023062077,273.41639409883356,281.9457303734212,30966700,37.08749892316656,-0.9259778314466303,1.862193250437953,-2.7881710818845833,-0.00873937474981501,-0.0063908935476050255,-0.0158247451202721,-0.011218028919390388,-0.10421385448938802,-,-
2022-04-13,280.36663818359375,281.30242005382,274.20601222966815,275.5999723230315,21907200,41.95065893590733,-1.68310399204546,1.1531338019412705,-2.8362377939867303,-0.022507019496216807,-0.007429158591748863,0.002887969221586406,0.019712286767116005,-0.2925561974637272,-,-
2022-04-14,272.77313232421875,281.0392913131774,272.2760139180962,280.82483816317216,28221600,37.56887350526814,-2.8628630868004166,0.3499344241929331,-3.2127975109933495,0.018958150815837405,-0.0009353945145309517,-0.007038497427092838,-0.027084199135000153,0.28823400525854503,-,-
2022-04-18,273.4457092285156,275.33678781211535,271.32069259266757,271.87632521472943,20778000,38.184748064781694,-3.7008976890514305,-0.46023199845593965,-3.240665690595491,-0.031865104977798375,-0.020290769573238943,-0.0035086503275900682,0.0024657007036068546,-0.263755421379369,-,-
2022-04-19,278.10516357421875,278.9532485087538,271.3889341815737,272.3344734724712,22297700,42.42237421837941,-3.9436076696301825,-1.1569071326907883,-2.786700536939394,0.0016851348030393343,0.01313468035047416,0.0002515163449348101,0.017039778604861056,0.07313985946674362,-,-
2022-04-20,279.138427734375,282.39422425874454,278.17340352836885,282.101771947732,22906700,43.34982157349584,-4.0063980328673665,-1.726805312726104,-2.2795927201412622,0.03586508292806401,0.012335313420387628,0.024999064045315933,0.0037153720803910772,0.027312233997228486,-,-
2022-04-21,273.7284240722656,285.90343697514515,272.9973378579603,281.302466543198,29454600,39.74039226371361,-4.44150304796085,-2.2697448597730534,-2.171758188187797,-0.0028333937749319693,0.012426644792796093,-0.018607334866507785,-0.019381078076636138,0.2858508645942017,-,v
2022-04-22,267.1193542480469,276.0581130561113,266.48575226772533,274.57642624284045,29405800,35.81694979294129,-5.2590011164423345,-2.8675961111069097,-2.3914050053354248,-0.02391034953589599,-0.034435836180205626,-0.023852194462141374,-0.024144623805943954,-0.0016567870553325648,-,v
2022-04-25,273.640625,274.02077426205614,263.941538553541,266.3980066233075,35678900,41.91099474966575,-5.319344088841035,-3.357945706653735,-1.9613983821873,-0.029785585497787204,-0.007380108381893735,-0.009547278578812213,0.024413321791342257,0.21332866305286702,-,^
2022-04-26,263.4054870605469,271.34019387339646,263.19103391706585,270.5018959703177,46518400,36.11510247971126,-6.12248028074697,-3.910852621472382,-2.211627659274588,0.015405105312267686,-0.009782398418070826,-0.0028434502601906164,-0.037403576093473445,0.30380701198747717,v,^
2022-04-27,276.07763671875,283.63219386636825,272.12002593480327,274.9858861228988,63477700,46.06085542267088,-5.671062449469048,-4.262894587071716,-1.408167862397332,0.01657655720488238,0.04530106585943949,0.03392589741697294,0.04810890539759449,0.3645718683359702,-,^
2022-04-28,282.32598876953125,283.6419498287943,274.36201031302176,277.99795625122795,33646600,50.17943966308155,-4.754315979893022,-4.361178865635978,-0.3931371142570441,0.010953544455670539,3.439652704106955e-05,0.008238954007580679,0.022632590328736546,-0.46994613856519696,^,^
2022-04-29,270.5213623046875,282.5696776095096,269.5270958430355,281.3316860148559,37073900,43.432186120936926,-4.9235666863393135,-4.4736564297766455,-0.44991025656266803,0.011991921842098963,-0.0037803724728725507,-0.01762239044855396,-0.04181204329184207,0.10186170370854697,-,^
2022-05-02,277.29608154296875,277.75423001648835,269.25413454359216,270.7065493914021,35151100,47.77252822194195,-4.459628050599974,-4.470850753941312,0.011222703341337237,-0.03776729444863425,-0.017041628931168784,-0.001012741589447863,0.02504319503851571,-0.05186397978092405,-,^
2022-05-03,274.6739196777344,276.96466206724233,273.0850211320763,276.7989361292909,25978600,46.29201090435858,-4.2544966978816205,-4.427579942729373,0.17308324484775284,0.022505501812148943,-0.0028426855972604193,0.014227772565044594,-0.009456180738810938,-0.2609448921939854,-,^
2022-05-04,282.6671447753906,283.5444421593352,269.7512901427397,275.4634953465318,33599300,51.25157061695351,-3.4076607676153685,-4.223596107706572,0.8159353400912037,-0.004824587845002948,0.023756749481980366,-0.012207666958504615,0.029100779233188323,0.2933452918940975,-,-
2022-05-05,270.3556823730469,279.1287167621259,267.4215802413478,278.33914604694667,43260400,44.444034003700864,-3.6874625436038286,-4.116369394886024,0.4289068512821954,0.010439316820536781,-0.01557330964973691,-0.00863651069160476,-0.043554628225811465,0.28753872848541495,-,-
2022-05-06,267.8017272949219,272.20772888488153,264.42896194821265,267.8796967243855,37780300,43.16322323733381,-4.068392402321535,-4.106773996373127,0.03838159405159125,-0.037578075060979765,-0.024794968993256505,-0.011190638730181446,-0.009446648414073167,-0.12667705337907187,-,-
2022-05-09,257.90765380859375,265.4914520308154,256.67944945375484,263.2494666744855,47726000,38.53062999531565,-5.10974909507155,-4.307369016112811,-0.8023800789587385,-0.01728473679236653,-0.024673351052814763,-0.029306595001403535,-0.036945517813752105,0.2632509535392784,-,v
2022-05-10,262.70367431640625,266.84649663865014,258.38539842355834,264.8384486693536,39336400,41.79188258867332,-5.484807556345686,-4.542856724159386,-0.9419508321862997,0.00603603120242191,0.005103910493048369,0.006646223425498032,0.01859588281692437,-0.17578678288563887,-,v
2022-05-11,253.9793243408203,264.51671065702743,252.7608473870686,258.97995851869297,48975900,37.85719021646664,-6.412111390936616,-4.9167076575148325,-1.4954037334217833,-0.022120995573323587,-0.00873080970134521,-0.021768068438874022,-0.033209851359285225,0.2450529280767939,-,v
2022-05-12,248.9104766845703,253.32623595061162,243.71488919764607,251.19146195961426,51033800,35.75113604343409,-7.4699115143661174,-5.4273484288850895,-2.042563085481028,-0.0300737423993237,-0.04230536013630304,-0.035788605248540994,-0.01995771769771304,0.042018625487229455,v,^
2022-05-13,254.53492736816406,256.40652084056336,248.91044911305778,250.86001201232125,34925100,39.7560237842915,-7.764870969480114,-5.894852937004095,-1.8700180324760192,-0.0013195111995737419,0.01215935995888029,0.021318188365579305,0.022596279427487875,-0.31564766879989337,-,^
2022-05-16,254.9053497314453,259.1164127441504,249.32959863535496,253.40417796573698,32550900,40.021193839936224,-7.877926639299403,-6.291467677463157,-1.5864589618362466,0.010141775618231152,0.010568732396911695,0.0016839370295249623,0.0014552908990186353,-0.06797976240583425,-,^
2022-05-17,260.0912170410156,261.5631169343919,255.8411540674959,259.399100730676,28828800,43.753806086582394,-7.463038656322567,-6.525781873235039,-0.9372567830875278,0.0236575529774794,0.009442490208666943,0.026116255221122486,0.020344285888993063,-0.11434706874464295,^,v
2022-05-18,248.2493438720703,257.55088195954716,246.9694082925234,256.9646448671213,31356000,37.9465492214237,-7.997585946312711,-6.8201426878505735,-1.1774432584621373,-0.009384981893527544,-0.015339452373367979,-0.03467677359144472,-0.04552969263501849,0.08766233766233755,-,^
2022-05-19,247.33094787597656,251.75700724483463,246.09986769723892,248.0735020444584,32692300,37.53051033238662,-8.398512581220587,-7.135816666524577,-1.2626959146960095,-0.03460064643235494,-0.022496039115185607,-0.0035208433356027635,-0.003699490124602356,0.04261704299017732,-,v
2022-05-20,246.7642059326172,252.6069865660278,240.78465354901417,251.3368013062836,39199300,37.25903318446741,-8.662129529052095,-7.441079239030081,-1.2210502900220135,0.013154566025517678,0.003376189328333501,-0.021597793602895043,-0.002291431574683367,0.19903769389122217,v,v
2022-05-23,254.66848754882812,255.49898735262082,247.61417397110603,249.62691274271108,33175400,43.40753304262357,-8.139412313335669,-7.580745853891199,-0.5586664594444697,-0.006803176274567169,0.011448617577475728,0.028363603416700522,0.03203171864548837,-0.15367366253989234,^,v
2022-05-24,253.66221618652344,255.33296663068452,247.6826631718346,251.97193543806088,29043900,42.832060876110276,-7.717391557122539,-7.608074994537468,-0.10931656258507161,0.009394110072445505,-0.000649790136769357,0.00027659644692468177,-0.003951299086863869,-0.12453504705293683,v,^
2022-05-25,256.49560546875,258.508329616122,251.22931223025788,252.21614400385604,28547900,45.04144065825168,-7.072775676525794,-7.501015130935134,0.42823945440933997,0.0009691895463301847,0.012436165323024495,0.014319327049397534,0.011169930330274802,-0.017077596328316735,-,^
2022-05-26,259.7980651855469,260.98028950347117,255.4306424883963,256.2513624145197,25002100,47.58414842987809,-6.22368923225082,-7.245549951198271,1.0218607189474511,0.015999048857879394,0.009562399366472851,0.016723089439053318,0.012875307203652042,-0.1242052830505922,-,^
2022-05-27,266.9696044921875,267.06731562839224,261.41995783588675,262.3188585448169,26910800,52.701742022779904,-4.915436726009943,-6.779527306160606,1.8640905801506626,0.023677907789938946,0.02332370056183919,0.023447912471044052,0.027604282970771,0.07634158730666618,^,^
2022-05-31,265.6310729980469,268.4645173068934,262.75853826764757,266.2759307760197,37827700,51.687390124854616,-3.9412136368807182,-6.211864572304629,2.2706509354239106,0.015084970456009872,0.005231646093471376,0.005120421726183322,-0.005013797344782689,0.40566984259107874,-,^
2022-06-01,266.1684875488281,271.3175402469702,263.8430992924874,268.8846905955963,25292200,52.08613069866814,-3.0901486469094266,-5.587521387225589,2.4973727403161625,0.009797204771658352,0.010627188161388856,0.00412759574623256,0.0020231614649435237,-0.3313841444232666,-,^
2022-06-02,268.2789611816406,268.34736198699784,255.59684359621437,258.3814481347949,44008200,53.7021478554015,-2.2197875969137044,-4.913974629163213,2.6941870322495083,-0.039062255413411906,-0.010947240113074685,-0.03125439216862569,0.007929089022701508,0.7399909853630764,-,^
2022-06-03,263.82354736328125,267.1748580929642,262.25050809236035,264.1069007674734,28059000,49.877575690967134,-1.868001693146141,-4.304780041959798,2.4367783488136574,0.02215891533238734,-0.0043693512965872205,0.02603187270441132,-0.016607391793733717,-0.36241427733922316,-,-
2022-06-06,262.5827331542969,267.88811852290877,261.0878447405647,265.81677298934653,22400300,48.83448702137568,-1.6700805180547036,-3.7778401371787798,2.107759619124076,0.006474167153165622,0.002669639033536564,-0.004433407432660408,-0.004703197350598098,-0.20167147795716167,-,-
2022-06-07,266.2466735839844,266.86222112303204,259.8372147630866,260.5211630991976,22860700,52.02497719104196,-1.2037016654802528,-3.2630124428390745,2.0593107773588217,-0.019922030617538056,-0.003829574098072608,-0.0047900735429519115,0.013953470533550005,0.020553296161212042,-,-
2022-06-08,264.20458984375,266.7351505141469,263.4229304866885,265.4747453002484,17372300,50.14806445946968,-0.9874889976929921,-2.8079077538098582,1.820418756116866,0.019014125924060155,-0.000476165597177447,0.01379985436986475,-0.007669893909830305,-0.24008013752859714,-,v
2022-06-09,258.71356201171875,266.4517957956073,258.55723014109145,261.6349374373484,26439700,45.40458847057102,-1.2448688827773253,-2.495299979603352,1.2504310968260266,-0.014463928983366126,-0.0010623073786614201,-0.018471058448128908,-0.02078324163588008,0.5219458563345096,-,v
2022-06-10,247.18434143066406,254.60014614141426,246.73489104071965,254.60014614141426,31422800,37.404460820074654,-2.3520431538217963,-2.466648614447041,0.11460546062524468,-0.02688781309116528,-0.0444795262828116,-0.045724264194509256,-0.044563649819534645,0.18847036842324227,-,^
2022-06-13,236.7005615234375,243.30544117219935,235.98731789041443,239.4851650912723,46135800,31.90026264870211,-4.02899639975999,-2.779118171509631,-1.2498782282503589,-0.059367526999558495,-0.04436252351144143,-0.043559194668302936,-0.0424127994781065,0.4682268925748183,v,v
2022-06-14,238.87940979003906,240.10072459035263,235.96778457187938,238.26386235992007,28651500,34.07164681362198,-5.123122911352937,-3.247919119478292,-1.8752037918746445,-0.005099700981005539,-0.013171577940908397,-8.277274689871827e-05,0.009205082795656239,-0.37897467909952787,-,v
2022-06-15,245.98255920410156,249.44133097278552,240.76510609798785,242.61173342919113,33111700,40.70891372484672,-5.3553283684723,-3.6694009692770937,-1.6859273991952062,0.018248134762052892,0.03890286627984718,0.02033040880903436,0.029735293721236733,0.1556707327714082,^,^
2022-06-16,239.348388671875,241.74216268049113,237.44314057965514,240.33520565588944,33169200,36.965764730856854,-6.005447918718119,-4.1366103591652985,-1.8688375595528202,-0.009383419924189784,-0.030865647895113146,-0.0137975372435436,-0.026970085008026667,0.0017365462963243594,v,v
2022-06-17,241.96685791015625,244.75146133793058,238.4299353753546,239.08455825337097,43084800,39.33669718199625,-6.237481952823089,-4.556784677896857,-1.6806972749262314,-0.005203762799151135,0.012448381465904212,0.004155920416527792,0.01093999108500765,0.29893998046380377,-,v
2022-06-21,247.91714477539062,248.90396178868318,243.7842046658451,244.51699356218077,29928300,44.45000381279231,-5.873525825589496,-4.820132907435386,-1.0533929181541106,0.02272181586504951,0.016966192675839542,0.022456363468208673,0.024591330054976934,-0.30536291221033873,^,^
2022-06-22,247.32113647460938,251.26843424817747,244.6244638607428,246.1095868286238,25939900,44.04949159093156,-5.568985068125926,-4.969903339573494,-0.5990817285524317,0.006513221200873387,0.009499537261290047,0.00344673354063052,-0.002404062459339884,-0.13326517042398,v,^
2022-06-23,252.9196014404297,253.41790737395362,247.8096398760689,249.7051226545584,25861400,48.72324548527385,-4.820319348416632,-4.9399865413421225,0.11966719292549044,0.014609491130625152,0.008554489274419153,0.013020676530288933,0.022636419376129924,-0.00302622600703939,-,^
2022-06-24,261.5567626953125,261.8303359897914,255.71398255656243,255.80191363508214,33923200,54.97247689610361,-3.4898211562501444,-4.649953464323727,1.1601323080735826,0.02441596277925795,0.0331958727897792,0.03189683292565437,0.03414982945446843,0.3117309967751165,^,^
2022-06-27,258.8112487792969,262.1429689613932,257.2381799786484,262.05503788318345,24615100,52.77088041533018,-2.6266533561864662,-4.245293442696275,1.6186400865098092,0.02444518166123566,0.0011940288371090624,0.005960555644425325,-0.010496818693286336,-0.2743874398641638,-,v
2022-06-28,250.59425354003906,260.78489654166776,250.43792167575154,257.9221419564602,27295500,46.73785366728456,-2.5759357158929106,-3.9114218973356025,1.335486181442692,-0.015771098926804616,-0.005180655522084354,-0.02643564926272346,-0.03174898802897441,0.10889250906963621,-,v
2022-06-29,254.2875213623047,255.9582716594945,249.890773174673,251.67877983050323,20069800,49.53072194695954,-2.2122246248167414,-3.5715824428318306,1.3593578180150891,-0.024206382897560386,-0.018508069087513568,-0.002184766977051278,0.014738038762231787,-0.2647212910553022,-,v
2022-06-30,250.9362030029297,253.57425481431093,247.09639654943996,251.1511555936145,31730900,47.116409123457665,-2.1693968912477715,-3.291145332515019,1.1217484412672474,-0.0020964192421946137,-0.009314084009580559,-0.01118239216971717,-0.013179248204634009,0.5810272150195817,v,v
2022-07-01,253.62310791015625,253.80875014835922,248.7671738970016,250.50633991832885,22837700,49.252193722049824,-1.8967799348409073,-3.0122722529801966,1.1154923181392893,-0.002567440606680016,0.0009247600243171838,0.006761641897223614,0.010707521972009637,-0.2802693904049365,-,^
2022-07-05,256.8180847167969,256.9451062280484,248.89419361754275,250.2816054554039,22941000,51.7476779433808,-1.4067054808888315,-2.6911588985619237,1.2844534176730922,-0.0008971208592892799,0.012357162934122146,0.0005105967903695774,0.012597341121505456,0.004523222566195306,-,^
2022-07-06,260.1009521484375,261.8401031652253,256.3783871640925,257.6974130616981,23824400,54.23776809956508,-0.7448320197881912,-2.3018935228071773,1.557061503018986,0.029629854710259806,0.019050749823708912,0.03006977960301538,0.01278285146959468,0.03850747569853108,-,^
2022-07-07,262.2406921386719,262.88554989240333,258.9382523471021,259.03596348868336,20859900,55.83748450198646,-0.04709056791244848,-1.8509329318282317,1.8038423639157832,0.005194271882988488,0.0039926913965442345,0.009984715214590878,0.008226574999284253,-0.12443125535165633,^,^
2022-07-08,261.51776123046875,261.94766652762985,257.2480484455969,258.71362655393807,19658800,55.136201812995715,0.4424399053291097,-1.3922583643967634,1.8346982697258731,-0.0012443713622003472,-0.003567648983207161,-0.006527439983025407,-0.002756745729685761,-0.05757937478127895,-,^
2022-07-11,258.4399719238281,260.41360575508605,256.16342461352093,259.55379543105175,19455200,52.13416199993169,0.575411472093208,-0.9987243970987693,1.5741358691919771,0.0032474859879036977,-0.0058563635739888875,-0.0042162567942876095,-0.0117689494287474,-0.010356685046900127,-,^
2022-07-12,247.84873962402344,259.8371699313609,246.25614034660703,259.77854920606694,35868500,43.38089123306155,-0.17185054905436914,-0.8333496274898893,0.6614990784355201,0.0008659236696653139,-0.002213539580828483,-0.03867563951356923,-0.04098140168087594,0.843645914716888,-,^
2022-07-13,246.9205322265625,247.73148701005059,242.4163228297024,244.44859236387242,29497400,42.704182788427865,-0.8293988702745025,-0.832559476046812,0.003160605772309477,-0.059011634675171676,-0.04658949650855637,-0.015592778768886983,-0.003745055951742904,-0.17762382034375568,-,v
2022-07-14,248.2493438720703,249.28501648121124,240.2961421519958,244.81989713467624,25102800,44.04975860841446,-1.229118148850631,-0.9118712106075759,-0.31724693824305517,0.001518948287708266,0.006271021459204551,-0.008746031013745048,0.005381535644385149,-0.1489826221972106,-,v
2022-07-15,250.8287353515625,254.39496840213428,248.92348735319365,249.85168356689877,29774100,46.66801126874046,-1.322518056506624,-0.9940005797873855,-0.32851747671923837,0.02055301260687381,0.02049843184741973,0.035902970076568064,0.01039032546576002,0.18608681103303226,-,v
2022-07-18,248.4154052734375,254.854172671776,247.48720910074877,253.78918985162395,20975000,44.56663611993177,-1.573139550999116,-1.1098283740297317,-0.4633111769693843,0.01575937463583621,0.0018050839312035993,-0.005769958744017423,-0.009621425849564158,-0.2955286641745678,v,^
2022-07-19,253.57427978515625,253.7599220325405,247.85852017580478,251.66901664295315,25012600,49.77310797298827,-1.340033757418837,-1.1558694507075529,-0.18416430671128414,-0.008354072172697125,-0.0042936343861428306,0.0015003243052649218,0.020767127972761035,0.19249582836710366,-,^
2022-07-20,256.2513732910156,258.7917140181286,252.96849344718146,253.93576521951553,22788300,52.277973570011845,-0.9285726564834533,-1.110410091862733,0.18183743537927977,0.009006863883360916,0.019828946767026734,0.02061649229468565,0.010557433143959072,-0.08892718070092676,-,^
2022-07-21,258.76239013671875,258.81126061612775,251.13161811146432,253.82829056890776,22404700,54.566696434363834,-0.395311787358537,-0.9673904309618939,0.5720786436033569,-0.0004232355789459685,7.553023122608415e-05,-0.007261281081632709,0.009799037614723227,-0.016833199492722106,^,v
2022-07-22,254.38519287109375,259.2411415200037,253.1248175148645,259.1532104358892,21881300,50.05963777505358,-0.3221879619417507,-0.8383499371578653,0.5161619752161146,0.020978433314295497,0.0016609822264013197,0.007936871583073657,-0.016915894397606546,-0.023361169754560374,-,v
2022-07-25,252.89031982421875,255.49906141021802,250.9166858010749,255.01053548017936,21056000,48.583762789179914,-0.3804746897911002,-0.7467748876845124,0.36630019789341217,-0.01598542788160706,-0.014434746305485247,-0.00872348960275282,-0.005876415329065576,-0.0377171374644103,-,v
2022-07-26,246.11935424804688,253.91623871980474,243.8428365645717,253.89667859982464,39348000,42.47533234857654,-0.9619390417347233,-0.7898077184945547,-0.17213132324016867,-0.004367885735612198,-0.0061950235029316625,-0.02819202403347254,-0.026774316948463217,0.8687310030395137,v,^
2022-07-27,262.5728759765625,263.8528113750205,252.909849739427,255.16683688127296,45994000,56.71670242401113,-0.09400836429634296,-0.6506478476549123,0.5566394833585694,0.005002658122402082,0.039133269716478125,0.03718384063521274,0.06685179952135445,0.1689031208701841,-,^
2022-07-28,270.0669250488281,271.46410213964964,261.72289329505287,263.5597556772068,33459300,61.403612862508545,1.1848815040118836,-0.2835419773215532,1.4684234813334367,0.03289188712183244,0.028846729830030116,0.03484658096434745,0.028540834784985813,-0.2725290255250685,-,v
2022-07-29,274.2975158691406,275.5286106924797,270.28184723835176,271.3272998322268,32152800,63.78754277479122,2.5108408508422713,0.2753345883112117,2.2355062625310596,0.029471662451126424,0.0149725452492393,0.0327023510841673,0.01566497200480077,-0.03904743972527813,^,v
2022-08-01,271.63018798828125,274.8251367286238,269.5099724039233,271.4445457557554,21539600,61.22009911229324,3.308306025517254,0.8819288757524202,2.426377149764834,0.00043211989210489854,-0.002553179367064007,-0.002855814559191483,-0.009724214499018169,-0.33008633773730434,-,^
2022-08-02,268.5133972167969,271.5129535596286,266.12938831170163,269.66631124641907,22754200,58.26877525839086,3.6467663028163884,1.434896361165214,2.2118699416511745,-0.006551004752684886,-0.012051965873361214,-0.012543447138776309,-0.011474390216226094,0.056389162287136196,v,^
2022-08-03,275.9878845214844,276.99424690662045,270.26234419508773,270.4089258514928,23518900,62.88919714374127,4.466638540928159,2.041244797117803,2.4253937438103557,0.0027538278757970325,0.020187962582006502,0.015529874057146342,0.02783655259723461,0.03360698244719651,-,v
2022-08-04,277.14080810546875,277.28735994956196,273.74068605345633,275.33325584895266,18098700,63.55940537064545,5.150057833431276,2.663007404380498,2.4870504290507784,0.01821067844544544,0.0010581918080065922,0.012870242314844127,0.004177442738051207,-0.2304614586566549,^,v
2022-08-05,276.4177551269531,277.14076398755924,272.28481487787076,272.74403046110217,16774600,62.79349432010136,5.569130741426136,3.2442320717896256,2.3248986696365104,-0.009403968946166574,-0.0005286788479265114,-0.005318431821644709,-0.0026089733354622835,-0.07315995071469217,-,^
2022-08-08,273.8871765136719,279.3586727325531,272.91012468234504,277.5315607614773,18739200,60.06541262144857,5.632128819947525,3.7218114214212057,1.910317398526319,0.0175531992112945,0.00800282395517038,0.0022965283787668156,-0.009154906174963395,0.11711754676713593,v,^
2022-08-09,275.8217468261719,276.5838461358811,271.23937090713224,273.22281494179157,23405200,61.444459058351526,5.771627181952056,4.131774573527376,1.6398526084246798,-0.015525246238170531,-0.00993284571955455,-0.006121992641927365,0.007063384044208476,0.24899675546448097,-,^
2022-08-10,282.5243225097656,283.15940026226946,280.35526616412074,281.5570506992945,24687800,65.84517776523273,6.349825643388101,4.575384787499521,1.7744408558885798,0.030503440055979603,0.02377417993948172,0.03360830408395854,0.024300388786304916,0.054799788081281164,^,^
2022-08-11,280.43341064453125,284.52726027253226,279.9351344778462,284.17553591957807,20065900,63.41354749100366,6.563671062461594,4.973042042491936,1.5906290199696587,0.009300016510970455,0.004830706693812248,-0.0014985689123050427,-0.007400820738759917,-0.18721392752695665,-,^
2022-08-12,285.21124267578125,285.21124267578125,280.35529321713346,281.85996159203745,22619700,66.46142820554942,7.037551697419929,5.385943973477534,1.6516077239423943,-0.008148394336787379,0.0024039257348973386,0.0015009146317805921,0.017037313850261082,0.12727064323055526,-,^
2022-08-15,286.7353820800781,287.4290804829766,283.4524726514288,284.32206303277985,18085700,67.39456676632194,7.450209449967417,5.798797068775511,1.6514123811919061,0.008735193983691936,0.007776123361716403,0.011047337108404776,0.00534389665006807,-0.20044474506735277,-,^
2022-08-16,285.9928283691406,287.2923239805232,283.75540118161075,285.2893498697751,18102900,66.42490476464441,7.629379080293518,6.164913471079113,1.4644656092144048,0.003402081522191791,-0.0004757921579250368,0.0010687101345361327,-0.0025896828830497265,0.0009510276074466972,-,-
2022-08-17,285.23895263671875,287.22657693681026,283.4275638200521,283.6919170451894,18253400,65.3961677544105,7.622671420779795,6.45646506101925,1.1662063597605457,-0.005599342650943084,-0.00022885068003897224,-0.0011553519693139336,-0.002635995233589594,0.008313585116196842,-,-
2022-08-18,284.1129455566406,285.8166148810079,283.0456721434277,284.132517315576,17186200,63.806649907911925,7.440724154991813,6.6533168798137625,0.7874072751780501,0.0015530941980148594,-0.004908884375670164,-0.0013474048588545395,-0.003947592254386789,-0.058465820066398555,-,-
2022-08-19,280.1767883300781,283.21208370807085,279.5991078037717,282.8693837672335,20570000,58.45767402137946,6.899382852839608,6.702530074418932,0.19685277842067617,-0.004445578986440379,-0.009112595410247226,-0.012176707432253298,-0.01385419879002936,0.19689052844724264,-,-
2022-08-22,271.9522399902344,276.5639149732888,271.4333044178784,276.19184232130647,25061100,49.18038791563275,5.740540280136372,6.5101321155624206,-0.7695918354260485,-0.023606448166980876,-0.02347417047937428,-0.029205398579541297,-0.029354852658794672,0.21833252309188134,-,-
2022-08-23,270.66949462890625,273.03896194737587,269.65119559556206,270.66949462890625,17527400,47.90348004912676,4.664868659819774,6.141079424413892,-1.4762107645941178,-0.01999460826209276,-0.012745527652272881,-0.00656554959656952,-0.004716803808544445,-0.3006133010921308,-,-
2022-08-24,270.0331115722656,271.44305510856765,269.3672833219495,269.6610389889987,18137000,47.24806787379574,3.718179497961387,5.656499439123391,-1.9383199411620042,-0.0037257824022250974,-0.005844978414164204,-0.0010528871306707543,-0.0023511443633983387,0.034779830436916015,-,-
2022-08-25,273.0292053222656,273.195639956881,268.78957434075147,271.54091514615766,16583400,50.670063647953334,3.173103678864834,5.15982028707168,-1.9867166082068461,0.006971256078397214,0.006456547019088044,-0.0021446887464338094,0.011095282843482712,-0.08565914980426748,-,-
2022-08-26,262.4938049316406,274.48809473855994,262.3861154474646,273.2543867966453,27549300,40.677522932115906,1.8694584483676522,4.5017479193308745,-2.6322894709632223,0.006310178521587995,0.004730876312238896,-0.023823315725665206,-0.038587082206790746,0.6612576431853541,-,-
2022-08-29,259.69354248046875,261.81822869891334,258.34234411748866,260.30059568573864,20338500,38.50400723032349,0.6033968506097835,3.7220777055866563,-3.1186808549768728,-0.047405610803777476,-0.0461581623484042,-0.015411529390874201,-0.010667918246303532,-0.261741677646982,-,-
2022-08-30,257.4807434082031,261.4755639993198,255.2189649319629,261.103521250784,22767100,36.829334008579366,-0.5719276531203832,2.8632766338452487,-3.435204286965632,0.0030846090187774955,-0.0013087885488203277,-0.012090078365571078,-0.008520808993285,0.11940900263047904,-,-
2022-08-31,256.0119934082031,261.53424671982935,255.87490146998655,259.85017923118824,24791800,35.718850280072445,-1.6034134876312578,1.9699386095499476,-3.573352097181205,-0.0048001727958006946,0.0002244290809130245,0.0025700932460035464,-0.0057043100798861435,0.08893095739026924,-,v
2022-09-01,254.9643096923828,255.4441015728939,250.07848232948007,253.46624866420672,23263400,34.910241988040625,-2.476861050545608,1.0805786775308366,-3.557439728076445,-0.02456773586175498,-0.023286224359976626,-0.02265333218383825,-0.0040923227926662475,-0.061649416339273455,-,v
2022-09-02,250.7149200439453,259.2137238025939,249.1581137933587,256.23720323972685,22855400,31.76884258265224,-3.4719423774844245,0.17007446652778432,-3.642016844012209,0.010932242813878945,0.01475713162483916,-0.003680318784519687,-0.016666605822455827,-0.017538279013385782,-,v
2022-09-06,247.9635772705078,252.44795971595647,246.6809250263043,250.85200996486964,21328200,29.8932184925296,-4.431478540032799,-0.7502361347843324,-3.681242405248467,-0.021016437920683195,-0.026101102933075992,-0.009942235993602333,-0.010973988994971817,-0.06682009503224617,v,v
2022-09-07,252.70257568359375,253.42711921825463,247.93423778928565,249.38333979888154,24126700,36.81309062631999,-4.7547109473669025,-1.5511310973008465,-3.203579850066056,-0.0058547275192005754,0.00387865880714533,0.005080704001931613,0.01911167142066228,0.13121126020948792,-,^
2022-09-08,253.12351989746094,254.9936532353693,249.4713858734755,252.13462343624573,20319900,37.404116478550854,-4.920191375398531,-2.2249431529203836,-2.6952482224781473,0.01103234738769232,0.006181398509942149,0.006199821766835756,0.0016657693841406473,-0.15778370021594335,-,^
2022-09-09,258.93963623046875,259.69358232346826,254.85669781735706,255.06230589701502,22084700,45.05174050131042,-4.529807030335576,-2.685915928403422,-1.8438911019321536,0.011611584402288821,0.01843155321109413,0.021586892320439643,0.022977384066735107,0.08685082111624576,-,^
2022-09-12,261.0838623046875,261.867180794142,259.62497457136203,260.2320277253486,18747700,47.59379935904793,-4.001279243749309,-2.9489885914725997,-1.0522906522767093,0.020268466601336632,0.008369858243036266,0.018709638768929393,0.00828079511284363,-0.15110008286279641,^,^
2022-09-13,246.72988891601562,254.96432464482666,246.33822967440065,253.43689095320934,33353300,35.69043454160838,-4.686638208411978,-3.2965185148604754,-1.3901196935515023,-0.026111838852175828,-0.026360142299548972,-0.0511766825163783,-0.054978401429961354,0.7790608981368381,-,^
2022-09-14,246.95509338378906,248.92313072711704,244.64435605806372,248.23774570259533,23913000,35.96105032190263,-5.1522263490129205,-3.667660081690965,-1.4845662673219557,-0.020514555836994908,-0.0236942714480749,-0.006876210885236156,0.0009127571400564527,-0.283039459363841,-,^
2022-09-15,240.25787353515625,246.15219960227225,238.92626196066945,244.55623484084325,31530900,31.69028311947865,-5.9925397080753555,-4.132636006967843,-1.8599037011075126,-0.014830584492024679,-0.011131673929822283,-0.02337308814120831,-0.027119180887776873,0.3185673064860117,-,^
2022-09-16,239.63124084472656,240.17954887293567,237.00717607223177,239.16124972888457,39791800,31.315537489971206,-6.6326016175964355,-4.632629129093562,-1.9999724885028733,-0.022060304925244356,-0.02426405589300873,-0.008032126199478129,-0.002608167138122952,0.2619937902184841,-,-
2022-09-19,239.4158172607422,240.0228704060289,235.82242778090065,237.40860661356453,26826900,31.179035802332677,-7.075674207338551,-5.12123814474256,-1.954436062595991,-0.007328290504029611,-0.0006523389174557526,-0.004998786580917902,-0.0008989795455091043,-0.3258183846923235,-,-
2022-09-20,237.3890380859375,238.4269090035508,234.63769708426776,237.01698045564265,26660300,29.860263968586878,-7.503856777834983,-5.597761871361045,-1.906094906473938,-0.0016495870284910508,-0.006649205551863879,-0.005023825374801172,-0.008465519103933561,-0.006210184553563813,-,-
2022-09-21,233.9620819091797,242.49027328915574,233.9131226363591,239.17103777962444,28625600,27.72493715524614,-8.02718883687885,-6.083647264464606,-1.9435415724142437,0.009088198321659524,0.017042389647153433,-0.003088056424490171,-0.014436033796628833,0.0737163497785096,-,-
2022-09-22,235.94972229003906,238.76960926962832,232.61091479132295,232.9046405681356,31061200,30.8151994845839,-8.187170689373147,-6.504351949446314,-1.6828187399268328,-0.02620048509913142,-0.01534355984287561,-0.005567057676625353,0.008495566309890012,0.0850846794477671,-,-
2022-09-23,232.95358276367188,236.09658280757657,230.29035968717196,234.53976160325183,34176000,28.815167571299355,-8.458219787426458,-6.895125517042343,-1.5630942703841146,0.007020560136232534,-0.01119500287422781,-0.009976123030309147,-0.012698211709205598,0.10027944831493962,-,-
2022-09-26,232.493408203125,236.40991123435145,231.95488604827668,232.10176387611173,27694200,28.509111582987032,-8.610899304549719,-7.238280274543819,-1.3726190300058994,-0.010394816258337602,0.0013271197026609727,0.007227946334209756,-0.0019753916427793783,-0.18965941011235954,-,-
2022-09-27,231.47512817382812,236.7526155062125,229.6049943569396,234.97059942345413,27018700,27.805331278086243,-8.713620417971413,-7.533348303229339,-1.180272114742074,0.012360248795324491,0.0014496188847230584,-0.01013081350158751,-0.0043798232266749615,-0.024391388810653503,-,v
2022-09-28,236.03785705566406,237.27155015003342,229.83018830583202,231.86677170466896,29029700,35.48995948528449,-8.33082103286506,-7.6928428491564835,-0.6379781837085767,-0.013209430143179657,0.0021918855794322845,0.0009807885474055755,0.01971152977787538,0.07442993186200675,-,v
2022-09-29,232.54234313964844,234.94119800713992,229.51684845035993,233.9033272029391,27484200,32.62487371872186,-8.214813268228966,-7.79723693297098,-0.4175763352579853,0.008783300355188928,-0.009821456223554681,-0.001363353777768861,-0.014809124093985049,-0.053238579799309016,-,v
2022-09-30,228.03839111328125,235.51891157089977,227.87194152137735,233.31587853761883,35694800,29.338360603168482,-8.389597508657573,-7.915709048108299,-0.4738884605492739,-0.002511501962563334,0.0024589708772246865,-0.007166824309799424,-0.019368309296094233,0.29873891181114964,v,^
2022-10-03,235.71475219726562,236.56658686861817,229.76166549682242,230.49600985220198,28880400,40.36480510250523,-7.818569490799092,-7.896281136646458,0.07771164584736567,-0.012086055621637337,0.00444837015732813,0.008292920852073227,0.0336625821928862,-0.19090735905510048,-,^
2022-10-04,243.684814453125,245.13391633829488,239.86621517346092,239.97391960048338,34888400,49.22412189443417,-6.6462939180403,-7.646283692925227,0.9999897748849271,0.041119626124368924,0.036215298124222084,0.043978396721616075,0.03381231841267773,0.20803035969030903,-,^
2022-10-05,243.99813842773438,245.34933676862912,239.00460597448068,240.8551530786187,20347100,49.54147934518858,-5.627108648895302,-7.242448684119243,1.6153400352239409,0.0036722052113098425,0.0008787867201409671,-0.0035920406646561265,0.0012857755429387385,-0.4167946939383864,^,^
2022-10-06,241.63844299316406,245.11434247606232,240.94327206074857,242.75464577699583,20239900,47.15129242174291,-4.952712889799898,-6.784501525255374,1.8317886354554762,0.00788645239305752,-0.0009577946925057867,0.008111417260614928,-0.009670956712111156,-0.005268564070555537,-,v
2022-10-07,229.35043334960938,236.28264582394613,228.30276156963245,235.87139983946656,37769600,37.11046384625465,-5.348139057062269,-6.497229031616754,1.1490899745544843,-0.02835474441899044,-0.036030925660658464,-0.05246259994314795,-0.050852875442101375,0.8660961763645076,-,v
2022-10-10,224.46456909179688,229.66372422317414,221.99716811850382,228.18524977908294,29743600,34.00934273906665,-5.986753982953019,-6.395134021884007,0.4083800389309884,-0.03258618919298739,-0.028012728474793414,-0.02761943573426917,-0.02130305221775952,-0.21249894094721677,-,^
2022-10-11,220.70474243164062,224.27854550032873,219.43187594817857,222.86860200727992,30474000,31.80666203167067,-6.71879738800294,-6.459866695107794,-0.25893069289514603,-0.023299699594738543,-0.023448103269510634,-0.011555517541358307,-0.016750201046734636,0.02455654325636436,v,v
2022-10-12,221.03765869140625,223.10361481432784,219.28503000905795,220.69495867081358,21903900,32.22523693364418,-7.189210754280083,-6.605735506942253,-0.5834752473378302,-0.009753026298407574,-0.005238711903449378,-0.0006692096965680294,0.0015084236799702833,-0.2812266194132703,-,v
2022-10-13,229.35043334960938,231.1716079398188,214.55584187664203,215.260813649644,42551800,41.8269505762967,-6.812712584135937,-6.64713092238099,-0.16558166175494726,-0.024622877903047513,0.03616253879259346,-0.021566397543054228,0.03760795652386406,0.9426586133063062,^,^
2022-10-14,223.78897094726562,232.2877899192671,223.57356209482342,230.62326425216398,30198600,37.95299629749298,-6.883747057467673,-6.694454149398327,-0.18929290806934596,0.07136668463737994,0.0048283696661350906,0.04202971188901983,-0.02424875471617771,-0.2903096931269653,v,^
2022-10-17,232.57174682617188,233.97190446953263,230.2316367945102,230.89745009814104,28142300,46.396436430831976,-6.160333289168477,-6.587629977352358,0.42729668818388067,0.001188890664895137,0.00725012085590393,0.0297802416229469,0.03924579411456275,-0.06809256058227864,-,v
2022-10-18,233.52146911621094,238.83811426060802,230.4568010299414,238.16253010733288,26329600,47.23264280161783,-5.447591569624194,-6.359622295806726,0.9120307261825316,0.0314645311418722,0.020798265510161063,0.000977989986806982,0.004083566912144843,-0.06441193505861287,^,v
2022-10-19,231.54364013671875,234.60830834251115,229.39935247453639,232.0919481353956,19985700,45.63601278120299,-4.984870408007708,-6.084671918246922,1.0998015102392138,-0.025489240348603337,-0.01770992846427155,-0.004588489255596406,-0.008469580921092623,-0.24094175376762272,-,v
2022-10-20,231.2205352783203,236.27282763329708,229.9672555385192,230.848477660121,21811000,45.3662176843912,-4.591306689941007,-5.78599887258574,1.194692182644733,-0.005357663138529811,0.007094886376981302,0.002475608836105314,-0.0013954382776726337,0.09133030116533325,v,^
2022-10-21,237.06594848632812,237.9275840241761,229.60501421263083,229.84000979757346,26299700,51.009067329520256,-3.764335695489933,-5.381666237166579,1.6173305416766457,-0.0043685272381667195,0.007003583135032576,-0.0015751865414060928,0.025280683659743675,0.20579982577598455,-,^
2022-10-24,242.08885192871094,242.6665325599833,236.26305645781395,238.67169753815492,24911200,55.283058301813675,-2.6728380811231887,-4.839900605957901,2.167062524834712,0.03842537140665714,0.019917608776818696,0.02899780855402967,0.021187789619108832,-0.05279527903360115,-,v
2022-10-25,245.42764282226562,245.79970041565298,240.69846406656384,242.0986065964554,34775500,57.911511774128975,-1.5208741458101542,-4.176095313928352,2.6552211681181976,0.014358254848179763,0.01291141313396893,0.018773174592964237,0.01379159290877996,0.3959785156877227,^,^
2022-10-26,226.49134826660156,233.3256409916992,225.2576404090469,226.34447045770287,82543200,42.61269961095301,-2.111593999839414,-3.7631950511105643,1.6516010512711503,-0.06507322103266988,-0.05074887968886799,-0.06415007140738072,-0.07715632329719846,1.3736021049301952,-,^
2022-10-27,222.0167694091797,228.81190467591765,221.06701621251608,226.21721240884574,40424600,39.928483520726736,-2.90729141256449,-3.5920143234013495,0.6847229108368595,-0.0005622317549873745,-0.019345221967876802,-0.018603693925413722,-0.01975606967624599,-0.5102612934802624,v,^
2022-10-28,230.94638061523438,231.6611531534628,221.33137373801566,221.51741001672517,40647700,47.09110768329589,-2.785235882876748,-3.4306586352964294,0.6454227524196816,-0.020775618009236885,0.012452361172294646,0.0011958252751982368,0.040220435734731774,0.005518916699237542,^,^
2022-10-31,227.2844696044922,230.01622392707068,226.32491559359812,228.88043444903704,28357300,44.73543393843978,-2.94998600853242,-3.3345241099436276,0.3845381014112075,0.03323903268711903,-0.0071005829160422085,0.02256138283175879,-0.015856109114968486,-0.30236397139321536,-,v
2022-11-01,223.4071044921875,230.81909305711767,222.58464250709673,229.702890380131,30592300,42.321365896447176,-3.35475114718119,-3.3385695173911403,-0.01618162979004989,0.0035933867963584554,0.0034904891330689303,-0.016526121645473735,-0.0170595250922857,0.07881568414482332,-,v
2022-11-02,215.5055694580078,226.47177415281237,215.4468093670209,224.67018647629374,38407000,37.84001817155262,-4.263965932072125,-3.5236488003273374,-0.7403171317447876,-0.02190962375575134,-0.01883431239039457,-0.03206794979059824,-0.035368324799429085,0.2554466319956328,-,v
2022-11-03,209.77767944335938,215.80909728979998,209.51331132332834,215.49576989713026,36633900,34.95083911277436,-5.38464719283246,-3.8958484788283623,-1.4887987140040981,-0.04083504234831592,-0.04708170324050065,-0.027540431260621,-0.026578849117700143,-0.046166063478011776,v,^
2022-11-04,216.7686309814453,216.96445312693717,208.9747840925836,213.008792003022,36789100,40.883606963603754,-5.6436275770813324,-4.245404298478957,-1.3982232786023756,-0.011540727204508272,0.005353601176440348,-0.0025703723899129782,0.03332552613145623,0.004236513174955547,-,v
2022-11-07,223.11337280273438,223.64210905753552,216.66093790033182,217.35612373452656,33498000,45.722007105976544,-5.276084341651199,-4.451540307113405,-0.8245440345377935,0.02040916569980311,0.03077764967651886,0.03678029309193098,0.029269649360991412,-0.08945856245464012,-,v
2022-11-08,224.09251403808594,226.81448253009583,221.1257640993825,223.9260644471672,28192500,46.450400752435094,-4.849888667292959,-4.531209979149316,-0.31867868814364275,0.030226618876701083,0.014185045409959685,0.02060743501952622,0.0043885367472673575,-0.15838259000537347,^,^
2022-11-09,219.82351684570312,223.85752509677178,219.64728138196077,222.62381708948223,27852900,43.69706097766248,-4.801252075466863,-4.585218398412826,-0.2160336770540372,-0.005815523802019107,-0.013036898703907451,-0.006686162164067255,-0.01905015529281473,-0.01204575685022613,v,^
2022-11-10,237.90794372558594,238.25064367555294,230.09452530489162,230.51554215858724,46268000,55.681527159857026,-3.2657990165187982,-4.321334522034021,1.0555355055152225,0.03544870073776951,0.0642958889702685,0.04756372970882983,0.08226793538462274,0.6611555708741279,-,^
2022-11-11,241.9517364501953,242.81337179055075,236.87985788801873,237.91774361175214,34620200,57.84241475047759,-1.7030098895505716,-3.797669595537331,2.0946597059867593,0.03211150703266874,0.019150958186754385,0.02948932650238456,0.016997300137542526,-0.251746347367511,^,^
2022-11-14,236.50782775878906,238.81856512501489,234.21667709082797,236.93864547897454,31123300,54.023526515946514,-0.8934668521856395,-3.2168290468669927,2.323362194681353,-0.004115280003560207,-0.016452169153936658,-0.011242749049814704,-0.022499977769437685,-0.1010075042894033,-,^
2022-11-15,236.91905212402344,241.8440533099723,235.0195458330885,240.53202842828813,31390100,54.26914021715133,-0.21622330543161183,-2.6167078985799166,2.4004845931483048,0.015165879513025615,0.012668563615955364,0.003427888877226115,0.0017387346927637548,0.008572355759190131,-,^
2022-11-16,237.35108947753906,239.38359889843684,236.06482234792887,238.39188532341055,24093300,54.54388936111357,0.35130921444735463,-2.0231044759744625,2.374413690421817,-0.00889753900493817,-0.010173723016384861,0.004447615244660197,0.0018235652626596988,-0.23245545570100123,-,^
2022-11-17,237.30197143554688,238.8435381539188,233.3253489732536,233.4726257376434,23123500,54.50379731929909,0.7880354279321011,-1.4608764951931499,2.248911923125251,-0.020635180509997242,-0.0022560473942376813,-0.011604750540246234,-0.00020694255964992525,-0.040251854249936714,-,-
2022-11-18,236.8502960205078,239.32465036461224,234.69996551761506,239.09880603195285,27613500,54.10992172903516,1.0851882922497396,-0.951663537704572,2.0368518299543115,0.024097815649838372,0.0020143404942503107,0.005891415358041607,-0.0019033782665465182,0.1941747572815533,-,-
2022-11-21,237.66529846191406,240.23783270543555,236.82087665171096,237.05651949394007,26394700,54.7454165543662,1.3706479870580779,-0.4872012327520421,1.85784921981012,-0.008541600737813182,0.0038156635324948507,0.009036691289742604,0.003441002418403949,-0.04413783113332248,-,-
2022-11-22,240.59130859375,240.86623522743278,236.34957268666008,239.17739163059406,19665700,57.04529840352749,1.8120927386690937,-0.027342438467814922,1.8394351771369086,0.008946693983281184,0.0026157517112124218,-0.001990128453683626,0.01231147395422072,-0.2549375442797228,-,-
2022-11-23,243.09512329101562,243.78243988838923,239.84508589442336,240.66986581127168,19508500,58.96700556048415,2.3370378875630706,0.4455336267383622,1.8915042608247083,0.006240030341089664,0.012107154239376472,0.014789589708281259,0.010406920814805654,-0.007993613245396824,-,v
2022-11-25,243.00674438476562,244.19481694408375,242.26050213358,242.82999727913526,9200800,58.86689526257315,2.714636619815451,0.89935422535378,1.8152823944616712,0.008975496207562328,0.0016915781788193751,0.010070734741756793,-0.00036355688692368826,-0.5283696850090986,-,^
2022-11-28,237.3805389404297,242.18195653187612,236.4379376244034,241.62228980968135,24778200,52.72961536224944,2.530725943031257,1.2256285688892754,1.3050973741419816,-0.004973469023539234,-0.008242846582073637,-0.024034312064482144,-0.023152466235371927,1.6930484305712548,-,^
2022-11-29,235.9764404296875,238.3918693092864,233.89484887777672,237.02704966267706,17956300,51.292391486762035,2.245788341354455,1.4296605233823114,0.8161278179721436,-0.01901827911085452,-0.015649750612576674,-0.010755840505877412,-0.005914968922934971,-0.27531862685747954,v,^
2022-11-30,250.5181427001953,250.7047032506518,235.51494083530574,236.21208578979417,47594200,62.64751120102508,3.1569754346526793,1.7751235056363852,1.381851929016294,-0.0034382737077590653,0.051649554899000805,0.006926582459178432,0.06162353429871614,1.6505571860572612,^,^
2022-12-01,250.07630920410156,251.48039765327633,246.37459831987624,249.27115626054174,26041500,62.173240293954755,3.799645551540948,2.180027914817298,1.6196176367236501,0.055285361149424395,0.00309405604508739,0.04611026988799227,-0.0017636786355330614,-0.4528429934739947,-,^
2022-12-02,250.40032958984375,251.42148344936865,245.16688047663357,245.2945303274655,21528500,62.39805841483731,4.285709000939477,2.601164132041734,1.684544868897743,-0.015953012746167117,-0.00023426956716088299,-0.004901957634750431,0.001295686051883127,-0.17330030912197836,-,^
2022-12-05,245.66766357421875,249.22209803476176,243.5664299350595,247.444873313301,23435300,57.06338419109335,4.240153343228201,2.9289619742790274,1.3111913689491734,0.008766371524733252,-0.00874780223405136,-0.0065280046736435615,-0.018900398507370686,0.08857096407088272,-,^
2022-12-06,240.67965698242188,247.29756756690452,239.3639346203721,246.2764137142749,22463700,52.01585951462568,3.758237093046347,3.0948169980324916,0.6634200950138553,-0.004722100657735817,-0.0077221501746157495,-0.017254000544360215,-0.02030387931088029,-0.041458824935033944,-,v
2022-12-07,239.94325256347656,241.70083524943195,237.82239217411686,240.39492629319693,20481500,51.29447704619747,3.279093956571529,3.131672389740299,0.14742156683122998,-0.023881651240469814,-0.022631570429654246,-0.006440161708989756,-0.003059687005450118,-0.08824013853461365,-,v
2022-12-08,242.91836547851562,244.2341028868354,238.65698778008183,240.40474204316993,22611800,54.06610437120861,3.1036592650166313,3.1260697647955658,-0.0224104997789345,4.083176847502479e-05,0.010481004895118051,0.0035093230638851836,0.01239923558280509,0.10401093669897232,-,v
2022-12-09,240.97422790527344,243.81187510910007,239.73705813217018,240.26726946853532,20609700,51.98431322018951,2.7757531986678146,3.0560064515700156,-0.28025325290220104,-0.000571838032254468,-0.0017287830517712655,0.004525617968008655,-0.00800325479472297,-0.08854226554276967,v,^
2022-12-12,247.935791015625,247.96524636882398,242.69252839292668,242.96745501103524,30665100,58.1920763015028,3.0425525891214704,3.0533156790803067,-0.010763089958836236,0.01123825791366695,0.017035147520461758,0.01232796582965956,0.028889243347168803,0.4878964759312363,-,^
2022-12-13,252.2659149169922,259.13911012222144,248.48565156116547,256.94949571953015,42196900,61.52417722152398,3.562333475892274,3.1551192384427003,0.4072142374495735,0.057546969440248175,0.045062217052697084,0.02387021638696485,0.01746469875780976,0.37605616808684794,-,^
2022-12-14,252.5605010986328,257.8332195935308,249.70321169806795,252.47213503033785,35410900,61.74754247706403,3.952472572884716,3.3145899053311036,0.6378826675536122,-0.017425061203776404,-0.005039341719104806,0.0048999213002960396,0.0011677605424322834,-0.160817500811671,^,^
2022-12-15,244.49920654296875,249.5951926755457,242.8594602024895,249.12389201647076,35560400,52.72690754990186,3.570028452721715,3.365677614809226,0.20435083791248898,-0.01326183189865593,-0.031950991152234876,-0.027407542934824836,-0.031918271149279476,0.004221863889367405,-,^
2022-12-16,240.2574462890625,245.31414811434402,239.0988141825931,244.04752303949846,86102000,48.69570947088636,2.891334623761338,3.2708090165996486,-0.3794743928383104,-0.020376885315506743,-0.01715195118668289,-0.015484865266359726,-0.017348768995537833,1.4212888493942701,-,^
2022-12-19,236.09426879882812,240.76805145365768,234.3857983171658,240.424385676434,29696400,45.05482703086002,1.994539435198078,3.0155551003193346,-1.0210156651212565,-0.014846032108582596,-0.018531734494854124,-0.01971158193125999,-0.017327985269707358,-0.6551020882209473,-,^
2022-12-20,237.41981506347656,238.50970810030006,234.10103870258786,235.06328188479955,25150800,46.42825657596695,1.3749339104529668,2.687430862346061,-1.3124969518930945,-0.022298502610502702,-0.009379746771727704,-0.0012149183808167763,0.0056144787901561966,-0.15306905887582334,-,-
2022-12-21,240.00216674804688,241.17061240909877,235.76043092550097,237.311811174577,23690600,49.097692447078664,1.0798187885761763,2.3659084475920844,-1.286089659015908,0.009565633865689982,0.011156377365066028,0.007088359078240902,0.010876731935284711,-0.058057795378278265,-,-
2022-12-22,233.87522888183594,237.60639548988934,229.63347779502695,236.88960853508948,28651700,43.55257984574285,0.34753903380601514,1.9622345648348707,-1.6146955310288555,-0.0017791050407387488,-0.014778819374407948,-0.025988046876322946,-0.02552867729999686,0.20941217191628758,-,-
2022-12-23,234.40541076660156,234.54287407253264,229.70218803003908,231.83287676315888,21207000,44.14049206409917,-0.18785126797058638,1.5322173982737795,-1.7200686662443658,-0.021346363832508763,-0.012893261610405826,0.00029921697686208226,0.0022669433069095746,-0.25983449498633593,-,-
2022-12-27,232.66748046875,234.60178017051703,231.55794560399602,234.37595081143152,16688600,42.57512402261892,-0.743814163288306,1.0770110859613624,-1.8208252492496684,0.010969427993902103,0.00025115279335308216,0.008078972124176076,-0.007414207258133798,-0.21306172490215491,-,-
2022-12-28,230.281494140625,235.37747982698158,229.92801493167607,232.5987434032064,17457100,40.45402329606029,-1.3612562053017712,0.5893576277087357,-1.950613833010507,-0.00758272084687972,0.003306452559314499,-0.007038975354822896,-0.010254919696203402,0.04604939899092786,-,-
2022-12-29,236.64413452148438,237.5376536034291,231.38122952010986,231.38122952010986,19770700,47.90713641222103,-1.321933145667657,0.20709947303345713,-1.5290326187011143,-0.005234395789430413,0.009177487064758294,0.0063203024166742505,0.027629838014573194,0.13253060359395308,-,-
2022-12-30,235.47567749023438,235.61314079654275,232.37291716798632,233.89484197649975,21938500,46.749889760830705,-1.3692699630264826,-0.10817441417853081,-1.2610955488479518,0.010863510672854515,-0.008101927326853775,0.0042859468329961015,-0.004937612477117659,0.10964710404790923,-,v
2023-01-03,235.2400360107422,241.29826533020105,233.099518684118,238.6766338893005,25740000,46.50590790764862,-1.4095506078907363,-0.3684496529209719,-1.0411009549697643,0.020444195658154696,0.0241290639156988,0.003126876939821832,-0.0010007041151923746,0.1732798504911457,-,v
2023-01-04,224.9498748779297,228.6515707937887,221.86675636636124,228.07226219993836,50623400,37.34117128065106,-2.245913817648187,-0.7439424858664151,-1.501971331781772,-0.0444298694705092,-0.05241104621745285,-0.04818869803407322,-0.043743239064725326,0.9667210567210567,-,v
2023-01-05,218.28285217285156,223.42793497169325,217.74281242583197,223.0842692283964,39585600,32.82737037952626,-3.4074319462945937,-1.276640377952051,-2.1307915683425427,-0.021870230616510722,-0.022845396617924063,-0.018587480197887474,-0.029637814685142705,-0.21803750834594282,v,v
2023-01-06,220.85540771484375,221.67037414337992,215.376502057129,218.96037666884743,43613600,36.04013923760034,-4.073404032952141,-1.8359931089520691,-2.2374109240000717,-0.018485806165592478,-0.007866343250838348,-0.010867455703085449,0.01178542206309019,0.10175417323471159,-,v
2023-01-09,223.0057373046875,227.05111407181693,222.30860727948638,222.34787609092098,27369800,38.680193548654444,-4.377220212961788,-2.344238529754013,-2.032981683207775,0.01547083300462515,0.024273608727509277,0.03218598666124972,0.009736368296764164,-0.37244804372947893,-,v
2023-01-10,224.70440673828125,227.11983564696362,223.21193722037137,223.63414061358225,27033900,40.76039793787905,-4.429863587634685,-2.7613635413301476,-1.6685000463045374,0.0057849193132624155,0.0003026700636445945,0.0040634051552908,0.007617155747311033,-0.012272650877975022,-,v
2023-01-11,231.49905395507812,231.67578608133306,226.92346579858452,227.10019792483945,28669300,48.313495879253125,-3.878602481122414,-2.984811329288601,-0.8937911518338129,0.015498784316864356,0.02005967652006957,0.016627822975922912,0.0302381573883006,0.060494416269942564,-,^
2023-01-12,234.18939208984375,235.5542116762938,229.32906420902535,230.99826575626707,27269500,50.97865326311429,-3.1878882874221404,-3.0254267209153087,-0.16246156650683163,0.01716452855192019,0.01674074645677104,0.01060092398102186,0.011621378527480575,-0.04882574740227352,-,^
2023-01-13,234.8963623046875,235.0338256158968,230.6644400284827,232.7067627824332,21333300,51.68370063381232,-2.554004747727305,-2.931142326277708,0.377137578550403,0.0073961465492939915,-0.0022091987092640597,0.005822968074557622,0.0030187969170376583,-0.21768642622710355,-,v
2023-01-17,235.99607849121094,236.54593172373328,232.79512362957803,233.65918727061418,29831300,52.82041502680098,-1.9405402302639345,-2.7330219070749533,0.7924816768110188,0.004092809666522035,0.006433568035894677,0.009237156801595647,0.004681708033847709,0.39834437241308196,^,v
2023-01-18,231.538330078125,237.98932257293077,231.25358998270823,237.1939980149143,30028700,47.90091338020136,-1.793395080243755,-2.545096541708714,0.7517014614649589,0.015128062309855972,0.006101947468212021,-0.006621846810342391,-0.018889078333782394,0.006617210781963978,-,^
2023-01-19,227.72857666015625,231.25355513177712,226.50122043278324,229.54506986961863,28623000,44.119004971579294,-1.961584821345184,-2.428394197636008,0.46680937629082386,-0.03224756195059675,-0.02830281362345366,-0.02055046821232198,-0.01645409387155583,-0.04681188329831132,v,^
2023-01-20,235.86843872070312,236.37902316517145,230.26186823597817,230.60553401218095,35389800,52.7099651756829,-1.4216694419212672,-2.22704924649306,0.8053798045717926,0.004619851531399322,0.022163845353528222,0.01660321209753013,0.03574370059271992,0.23641127764385295,-,v
2023-01-23,238.18568420410156,240.728762962326,235.30875313249115,236.73249848259866,31934000,54.83852273471374,-0.7976059643018232,-1.9411605900548126,1.1435546257529894,0.02656902617997914,0.018401547391602158,0.021918022880544008,0.009824313485800262,-0.09764960525349109,^,v
2023-01-24,237.6554412841797,239.5308452494921,236.0844342572351,238.10711498113173,40234400,54.23693575639629,-0.34187639608316545,-1.6213037512604833,1.2794273551773179,0.005806623540680178,-0.004976213469851776,0.0032964397389296796,-0.0022261745985855397,0.2599235924093444,-,^
2023-01-25,236.25135803222656,238.89263116418337,226.7172477839659,230.23239799467638,66526600,52.59168378551946,-0.09293392944564971,-1.3156297868975166,1.222695857451867,-0.03307216160709592,-0.0026644338212223895,-0.03967727267890453,-0.005908062716200035,0.6534756327918398,v,v
2023-01-26,243.50747680664062,243.81185875546876,237.61616688389933,239.23627111970282,33454500,59.439293414708565,0.6820012264708453,-0.9161035842238443,1.5981048106946896,0.0391077589576887,0.020591792920998664,0.04807273909005283,0.030713553711823716,-0.497125961645417,-,v
2023-01-27,243.66461181640625,245.30435814766528,242.3587028258491,244.4795782533274,26498900,59.57546383120152,1.2939070476805057,-0.47410145784297436,1.76800850552348,0.021916856959374176,0.006121520912948819,0.019958810059700127,0.0006452985009999246,-0.20791223901119427,^,v
2023-01-30,238.31332397460938,241.1509711328646,237.81255301690885,240.08070505569438,25867400,53.04436109877244,1.3316917003062088,-0.11294282621313777,1.4446345265193465,-0.017992804262264128,-0.01693156634543147,-0.01875793918655755,-0.021961694814464527,-0.02383117789795053,v,^
2023-01-31,243.32093811035156,243.45840142159702,238.5489760451487,239.03991858279355,26541100,57.715836384758845,1.7455868811370578,0.2587631152569014,1.4868237658801564,-0.0043351525173978,0.009568405542356606,0.0030966533048719658,0.02101273253305691,0.02604436472161864,-,^
2023-02-01,248.17144775390625,250.55742124700228,241.02332574913956,243.507493740727,31259900,61.6914420816048,2.4369062464460853,0.6943917414947383,1.742514504951347,0.0186896614775498,0.029159066945124268,0.010372501886248164,0.019934616729756716,0.17779217892250143,-,v
2023-02-02,259.8067626953125,259.89512874467925,252.58990234951898,254.13146890622428,39940400,69.1777176349953,3.878940488137175,1.3313014908232257,2.5476389973139497,0.04362894546813867,0.037267734682149944,0.047989449006350826,0.04688418045956744,0.27768802843259266,^,^
2023-02-03,253.67001342773438,259.4140470711342,252.44265709216836,254.83845905637355,29077300,62.266287862209424,4.474993693323228,1.9600399313232262,2.5149537620000015,0.0027819858484749993,-0.0018510607561932346,-0.0005829419782065193,-0.023620436989067017,-0.27198275430391283,-,^
2023-02-06,252.11862182617188,253.62090480368727,250.1646801008737,252.77649801588666,22518000,60.617490207072905,4.767232131525873,2.521478371363756,2.245753760162117,-0.008091247483295927,-0.022331644461251465,-0.009023740351706722,-0.006115786334376705,-0.22558146733018536,v,^
2023-02-07,262.713134765625,263.9012071647271,255.36862455396962,255.81048476727034,50841400,67.03679578760094,5.7870127705125185,3.1745852511935087,2.61242751931901,0.01200264571745513,0.04053412856088179,0.020802075061105985,0.042021937382942465,1.2578115285549338,^,v
2023-02-08,261.898193359375,271.74649858000214,261.38759398871423,268.2509904236017,54686000,66.14368949642753,6.455027771265435,3.8306737552078944,2.6243540160575405,0.048631726989804225,0.029728137660158582,0.023569729622256563,-0.0031020200302396272,0.075619475466844,-,v
2023-02-09,258.84454345703125,269.0168886035488,258.039390489122,268.84012651357125,42375100,62.769156075839845,6.661243773705223,4.396787758907361,2.2644560147978625,0.002196212170695988,-0.010044692353781137,-0.012809343582453225,-0.011659682959910933,-0.22511977471382072,-,^
2023-02-10,258.3339538574219,259.30601043512377,255.93815201976537,256.7923871898371,25818500,62.197759724085245,6.706166613554416,4.858663529836772,1.847503083717644,-0.04481376898595524,-0.0360976525259572,-0.008143091895286503,-0.001972572389551397,-0.39071530214677963,v,^
2023-02-13,266.40509033203125,269.6256724767286,262.3106160068339,262.79176011403075,44630900,67.269845999572,7.308790362253461,5.34868889632011,1.9601014659333513,0.023362736683305796,0.03979723425727033,0.024898452758135292,0.03124303388730687,0.7286403160524431,-,^
2023-02-14,267.23968505859375,269.9889513959728,264.40202269183845,267.7306276163226,37047900,67.7516847823762,7.764217774751984,5.831794672006485,1.9324231027454992,0.01879384460208633,0.0013473454360157788,0.007973015796471028,0.0031328032265536265,-0.16990470727679696,^,^
2023-02-15,265.1036071777344,266.4915362093455,262.012751737167,264.11926290338346,28922400,65.10972796291331,7.862153634222125,6.237866464449613,1.6242871697725114,-0.013488799339440805,-0.012953919664282387,-0.00903650785401211,-0.007993116293304348,-0.21932417222028777,-,^
2023-02-16,258.04583740234375,262.5639738748259,257.7997513414909,259.88655633115474,29603600,57.17636626602649,7.286273842502652,6.447547940060222,0.8387259024424303,-0.016025739757486224,-0.014738037801824477,-0.01607937158685424,-0.026622684808128128,0.02355267889248469,-,^
2023-02-17,254.0199432373047,256.0181614019457,251.99219593879457,255.32913826506194,30000100,53.19474749243517,6.430897561266278,6.444217864301433,-0.013320303035155412,-0.017536182442179138,-0.024930352691877045,-0.022527389465955783,-0.015601469124890022,0.0133936413138942,-,^
2023-02-21,248.7143096923828,251.49016824327242,247.6512158869296,250.49597073877874,28397400,48.41021291968608,5.264202954876339,6.2082148824164145,-0.9440119275400756,-0.01892916554343982,-0.017686218563082168,-0.017226644800219626,-0.02088668109009606,-0.05342315525614916,-,-
2023-02-22,247.57244873046875,250.35814511839848,246.42076761233298,250.1120590242694,22491100,47.42164119591797,4.199046443450868,5.806381194623306,-1.6073347511724378,-0.0015326063464298212,-0.004501261949051205,-0.0049684725761993676,-0.004591054544977102,-0.20798735095466492,-,-
2023-02-23,250.7814178466797,252.81900287001184,246.55857211355595,251.55904328555934,29219100,50.48199293114095,3.5726558703400144,5.359636129766648,-1.7869802594266337,0.00578534384521423,0.009829349672045185,0.000559224380957124,0.012961737595060585,0.2991405489282428,-,-
2023-02-24,245.3183135986328,247.0704454363902,244.21585267237742,246.0467338648536,24990900,45.614291969681695,2.605376810419358,4.808784265897191,-2.2034074554778327,-0.021912586996319594,-0.022737837616491507,-0.00950167508310995,-0.021784326346646843,-0.14470671581260208,-,v
2023-02-27,246.24359130859375,248.8619509386829,245.48564193779885,248.50758636453622,21190000,46.554270009294896,1.8916575145761954,4.225358915632992,-2.3337014010567962,0.010001565397874002,0.007250990700763182,0.005199454709948315,0.0037717433174384585,-0.15209136125549705,-,v
2023-02-28,245.5151824951172,247.5527826462789,244.83598244472995,245.17067096137697,22491000,45.88197055659411,1.2528116935149,3.6308494712093733,-2.378037777694473,-0.01342782106564877,-0.005260620546716499,-0.0026464256236766737,-0.0029580823184296445,0.06139688532326559,-,v
2023-03-01,242.4145050048828,247.00153859615037,241.9420088680049,246.8342018468034,27565300,43.0331046732166,0.49066691490384073,3.002812959948267,-2.5121460450444264,0.00678519530457411,-0.0022267737984436042,-0.011820050091609136,-0.012629269842796997,0.2256146903205727,v,^
2023-03-02,247.17874145507812,247.46419474376637,241.76484684833787,242.69013305703822,24808200,48.34072272917963,0.26800634176370863,2.4558516363113556,-2.187845294547647,-0.016788875928698044,0.0018730901444805603,-0.000732249932518747,0.019653264766889,-0.1000206781714692,-,^
2023-03-03,251.2932586669922,251.61809409992222,247.45432176855098,248.24180024051145,30760100,52.460222785072226,0.41872656670102515,2.0484266223892895,-1.6297000556882644,0.02287553726862246,0.016785860113851747,0.02353309422102301,0.01664591860810094,0.23991664046565253,-,^
2023-03-06,252.84854125976562,256.0476605602481,251.97247534442963,252.41542732051573,24109800,53.95492434984392,0.6561085273523304,1.7699630033818978,-1.1138544760295674,0.016812749005045147,0.01760432402991996,0.018258535731311865,0.006189113870477714,-0.21619890702565991,^,^
2023-03-07,250.171142578125,253.6557304344605,249.42304618349874,252.28747719365353,21473200,50.98317198811474,0.6210328634884092,1.5401769754032002,-0.919144111914791,-0.0005069029584302553,-0.009341737864559718,-0.010117887509125678,-0.01058894256736087,-0.10935802039004883,-,v
2023-03-08,249.7281494140625,250.55499503290108,246.88339494789705,250.0628228759873,17340200,50.487681164487945,0.5511361466500091,1.3423688096525621,-0.791232663002553,-0.008817933979174852,-0.012224188258031843,-0.010182103355971694,-0.0017707604462179338,-0.19247247732056705,-,v
2023-03-09,248.36981201171875,255.49645659511006,247.6413916729042,251.8150177695167,26653400,48.91778521956374,0.38173560823753405,1.1502421693695566,-0.7685065611320225,0.0070070187698325626,0.019722063659358025,0.0030702620772333766,-0.005439264278099265,0.5370872308277874,-,v
2023-03-10,244.6981658935547,248.8324092868265,243.72367456979757,247.1491888076624,28333900,44.857484508176896,-0.048230721691169265,0.9105475911574115,-0.9587783128485807,-0.01852879547527564,-0.02608273866922628,-0.015820122301207773,-0.014782980622422892,0.06305011743342304,v,v
2023-03-13,249.94473266601562,253.87227229864152,241.8829494842542,243.52680285893817,33339700,51.10305622960352,0.03398025205603972,0.7352341233371371,-0.7012538712810974,-0.014656677475657243,0.02025404579033596,-0.0075525083428701345,0.02144097301793102,0.1766717606824335,-,v
2023-03-14,256.7071533203125,256.9827685172578,251.8543282071445,252.73039401598515,33620300,57.74605999728567,0.6374556796702109,0.7156784346037519,-0.07822275493354103,0.03779292894662656,0.012252209311607087,0.04122398351827372,0.027055663794816054,0.008416392469038358,-,^
2023-03-15,261.284423828125,262.3081505872303,255.1519463716988,255.9099109124936,46028000,61.553464941265204,1.4681379990262258,0.8661703474882467,0.601967651537979,0.012580666875814384,0.02072272044035839,0.013093355147115515,0.017830708839270626,0.36905381570063334,-,^
2023-03-16,271.8759765625,272.23032618117736,259.15823176662747,261.05800953743073,54768800,68.60336154107657,2.9471367522721152,1.2823636284450204,1.6647731238270949,0.02011683958069721,0.03782640978457685,0.01570156705405812,0.04053648732364623,0.18990179890501424,-,^
2023-03-17,275.0552978515625,278.89423429694773,271.9940017501789,273.9036319378477,69527400,70.36030864754349,4.325931926708819,1.8910772880977802,2.4348546386110383,0.04920600759646554,0.024478933736924446,0.04952869872607435,0.011694013311733809,0.269470939659076,^,^
2023-03-20,267.9680480957031,273.1358554487767,265.6253039559413,272.64368331991255,43466600,62.027560783148175,4.7915215338290125,2.471166137244027,2.3203553965849855,-0.004599970467792258,-0.020647177818813978,-0.023414846479177465,-0.025766636059066594,-0.37482776574415266,-,^
2023-03-21,269.49383544921875,270.69473693831935,265.3005182751805,270.57662040493403,34558700,63.04232718148432,5.223410712521854,3.0216150522995924,2.201795660222262,-0.007581554392929402,-0.008937378457494871,-0.0012227211636987034,0.005693915242352743,-0.20493666401328836,-,^
2023-03-22,268.027099609375,276.6401116479534,267.9188061230501,269.11970728887826,34873300,61.34517582847614,5.385254808746424,3.494343003588959,1.8909118051574652,-0.0053844752509489835,0.021963392332185583,0.009869139588916331,-0.005442558036249157,0.009103351688576344,-,^
2023-03-23,273.3130798339844,276.65984491000785,270.8916009314238,273.5886950746026,36610900,65.00189174079043,5.872358949817169,3.9699461928346014,1.9024127569825677,0.016605947705372603,7.133189014751906e-05,0.011095879574083867,0.019721812579075904,0.04982608471237304,-,v
2023-03-24,276.177490234375,276.23654848978384,270.97030042393084,272.8996068601629,28172000,66.83289643448938,6.415571753823144,4.45907130503231,1.956500448790834,-0.002518701345652352,-0.0015300247867979788,0.00029052023848819,0.010480326818352426,-0.2305023913643205,-,v
2023-03-27,272.0531005859375,277.0535567459473,271.20654881077553,276.1085945660647,26840200,61.81792524888126,6.439042762171027,4.855065596460054,1.583977165710973,0.011758857928828359,0.0029576399670141473,0.0008718608145434903,-0.014933837094896374,-0.047273888967769406,-,v
2023-03-28,270.9211120605469,271.8168690429862,267.79087413033056,271.4723425051547,21878600,60.47660469545769,6.293751245179749,5.1428027262039935,1.1509485189757553,-0.016791407990020768,-0.018901355263101882,-0.012594366527735046,-0.0041609102155152344,-0.18485704279401793,v,^
2023-03-29,276.1184997558594,276.7386416296784,274.0513701897331,274.5927476771371,25087000,64.30608716578189,6.522801624995736,5.418802505962343,1.1039991190333938,0.011494375976525584,0.018106943119537755,0.0233783024897094,0.019184136872105295,0.14664558061301913,-,^
2023-03-30,279.6029968261719,280.00658160899906,277.07325471108254,279.7802016370314,25053400,66.63983387000368,6.905888707383667,5.716219746246607,1.1896689611370599,0.018891445618198333,0.011808759196316743,0.01102670831113639,0.012619571210887637,-0.0013393390999322241,-,^
2023-03-31,283.7864990234375,284.7413143620683,278.5694853421409,279.288067620429,32766000,69.24016216397719,7.461055243995077,6.065186845796301,1.3958683981987754,-0.00175900229438275,0.016909362365206126,0.005400126521120097,0.014962293840743435,0.3078464400041512,^,^
2023-04-03,282.7332763671875,283.7569729997611,279.5046276679569,282.0343701563342,24883300,67.80718080846862,7.726970748887254,6.3975436264144925,1.3294271224727616,0.009833225455366135,-0.0034569671229919274,0.003356944586617061,-0.0037113205169179153,-0.24057559665506922,-,^
2023-04-04,282.68402099609375,285.90284644844036,281.1976813612138,282.7332562405726,25824300,67.73657770359002,7.843323257317934,6.686699552595181,1.1566237047227528,0.002478017426922108,0.007562363757950941,0.006057336894143228,-0.00017421143958229468,0.03781652755060616,-,^
2023-04-05,279.8884582519531,282.65446336729383,278.4907061502915,281.37482777678053,22064800,63.68358389744131,7.622092174563591,6.873778076988863,0.7483140975747276,-0.0048046292178525185,-0.011361842393312283,-0.009626591506083915,-0.009889355380929943,-0.14557993827519045,-,^
2023-04-06,287.03485107421875,287.50731719041386,277.61466736506213,278.7761866204537,29770300,68.81970477568694,7.9319841476910256,7.085419291129296,0.8465648565617299,-0.009235513982751797,0.01716885615499386,-0.003145666142110315,0.025533002921587,0.34922138428628413,-,-
2023-04-10,284.8594055175781,285.0661094051673,280.2526514583947,284.6822007169839,23103000,65.77034685776988,7.910844205905676,7.250504274084572,0.6603399318211034,0.02118550428617172,-0.008490941410126851,0.009502322475864133,-0.007579029335633258,-0.22395810589748844,-,-
2023-04-11,278.402099609375,281.5028083472433,277.230757468165,281.27639833215596,27276600,57.61044965101942,7.289016780708323,7.258206775409323,0.03081000529900013,-0.01196352415518176,-0.01249991121483851,-0.01078274897491327,-0.022668396349667552,0.18065186339436434,-,-
2023-04-12,279.0517578125,282.5166689965512,277.5457122252791,280.3314234347205,27403400,58.17270370720136,6.770588919270665,7.160683204181592,-0.39009428491092724,-0.003359595412337324,0.0036016004787322586,0.001136074366316464,0.0023335247975375673,0.0046486732217358995,-,-
2023-04-13,285.3023681640625,285.3614264229886,278.73680804839455,279.15021586087715,24222700,63.2266351022676,6.785879723462415,7.085722508037757,-0.2998427845753424,-0.00421361101574258,0.010069343648080986,0.004291530262044541,0.02239946596488518,-0.11606953881635129,-,-
2023-04-14,281.6603088378906,283.96367102936733,279.2486531464038,282.5068305661248,20987900,58.77069210027916,6.4299930884940295,6.954576624129012,-0.5245835356349824,0.012024403043702225,-0.004898193183087707,0.0018363025019658696,-0.01276561197023618,-0.13354415486300042,-,-
2023-04-17,284.2786560058594,287.0348384011463,281.68000236209434,285.3909700049731,23836200,60.90392192866996,6.286759252975003,6.82101314989821,-0.5342538969232073,0.010209096300676013,0.010815353107128223,0.008706753598613837,0.009296116938775745,0.13571152902386618,-,-
2023-04-18,283.8553771972656,287.19231898396373,282.51668329191097,287.0052911530972,20161800,60.36021314643776,6.069129200495695,6.670636360017707,-0.6015071595220123,0.00565652497027469,0.0005486462329611363,0.0029703242076131176,-0.0014889574002524553,-0.1541520880006041,-,-
2023-04-19,283.93414306640625,284.52472565141113,280.08535300849246,281.51263430866226,17150300,60.4310032184636,5.835740776285263,6.503657243271219,-0.6679164669859556,-0.01913782433197364,-0.009288526037151912,-0.008605970646010763,0.00027748591525145194,-0.14936662401174494,-,-
2023-04-20,281.6307373046875,284.50503591954333,280.6168638626968,280.7842156136177,23244400,57.213236030625076,5.402634961210765,6.283452786859129,-0.8808178256483634,-0.0025875168865278075,-6.920218206951656e-05,0.0018976745784640148,-0.008112464872461755,0.3553348921010129,-,v
2023-04-21,281.2862548828125,281.78825008105144,278.6285130858529,280.54799661030216,21676400,56.7267570597318,4.974258474593,6.021613924405903,-1.047355449812903,-0.0008412830571664642,-0.009549166079647842,-0.007085642500148426,-0.0012231705430019169,-0.06745710794858117,-,v
2023-04-24,277.35870361328125,280.48894155472334,274.35646528671094,277.67370102270286,26611000,51.364248727089326,4.268640231672407,5.671019185859205,-1.4023789541867977,-0.01024529001214669,-0.004610939334604547,-0.01533241430257215,-0.013962826840463682,0.22764850251886837,-,v
2023-04-25,271.1081237792969,277.19136442128627,271.05888853978684,275.1340884128389,45772200,44.202629088912666,3.168538200101409,5.170522988707646,-2.0019847886062365,-0.009146032197180798,-0.011756531701959116,-0.012019314884663013,-0.022536086852711468,0.7200481004096051,v,^
2023-04-26,290.74578857421875,294.8800468988335,288.1471350865969,292.05498339426265,64599200,62.08753201081022,3.837063564133871,4.903831103792891,-1.0667675396590202,0.06150053989687376,0.06381397383889365,0.06304256111602036,0.0724348076375183,0.4113195345646483,-,^
2023-04-27,300.0577392578125,300.42197197875873,290.62773158265634,291.33646086804055,46462600,67.42032902495257,5.059943450153867,4.935053573065086,0.12488987708878074,-0.002460230323315993,0.01879382867104118,0.008608784173106399,0.03202780934251326,-0.28075579883342205,-,^
2023-04-28,302.4496765136719,304.0935148750173,298.5615040334557,299.2505571443168,36446700,68.64054120254907,6.151186863313285,5.178280231114726,0.9729066321985593,0.027164798572400173,0.01222128618647833,0.027298745400498703,0.007971589940575452,-0.2155690813686707,^,^
2023-05-01,300.7762756347656,303.7686910534892,300.3726908217299,302.1642048581886,21294100,66.75680916593518,6.8025599874050044,5.503136182372781,1.299423805032223,0.009736482169577565,-0.0010681708278508228,0.006066377492763619,-0.005532824164983352,-0.4157468303028806,-,^
2023-05-02,300.6286315917969,304.33959922450805,299.1521149683054,302.9418469765617,26404400,66.58318761663503,7.223595132625746,5.847227972423375,1.3763671602023715,0.0025735745858384007,0.001879417424616392,-0.004063538033652114,-0.0004908766246843888,0.2399866629723726,-,^
2023-05-03,299.63446044921875,303.778542392161,299.3293160567343,301.81970644560397,22360800,65.35068427982335,7.391838700754022,6.156150118089505,1.2356885826645172,-0.00370414501052585,-0.0018435222816113317,0.0005923444280100387,-0.0033069742469773455,-0.15314114314280958,-,^
2023-05-04,300.6286315917969,302.9418469765617,298.65008970357985,301.44562423928016,22519900,66.02790545392509,7.51872308372964,6.428664711217532,1.0900583725121074,-0.0012394227359412424,-0.002754293996575896,-0.002269160809580395,0.003317946610972733,0.007115130049014429,-,-
2023-05-05,305.78662109375,307.08596307804874,299.50649820945034,300.9338097885406,28181200,69.37255500136004,7.943914021160026,6.731714573206031,1.2121994479539948,-0.0016978665788602854,0.01367957627130889,0.0028675983547183925,0.01715734617372311,0.2513909919671047,-,-
2023-05-08,303.81787109375,305.3436228273613,301.2979520150605,305.2747115147881,21318600,66.67430854059863,8.029460607224735,6.991263780009772,1.0381968272149624,0.01442477244181295,-0.005673786692244942,0.005981352045181243,-0.006438313072553936,-0.24351695456545497,-,-
2023-05-09,302.1937255859375,305.18614092145225,301.51452555847186,303.1780699689536,21340800,64.44732072581613,7.8754189961710495,7.168094823242028,0.7073241729290212,-0.006868048569863117,-0.0005157530537261978,0.0007188019100792253,-0.005345786612109271,0.0010413441783232447,-,v
2023-05-10,307.4205627441406,308.0997627072867,302.8532208601683,303.78832991159567,30078000,68.13590436179386,8.081938430373953,7.350863544668414,0.7310748857055387,0.0020128762700566405,0.00954703177882621,0.004439903182829719,0.017296312648677814,0.409412955465587,-,v
2023-05-11,305.2550048828125,306.2492022660023,301.46530325501186,305.24518186660805,31680200,65.12132956045569,7.978888488969744,7.4764685335286805,0.5024199554410638,0.0047956152740835645,-0.006006367629184162,-0.004582806156772645,-0.007044284357551112,0.05326816942615875,-,v
2023-05-12,304.13287353515625,305.78656482552327,301.79998224342324,305.68812438304315,19758100,63.552269068230565,7.717709099863157,7.524716646795576,0.19299245306758106,0.001451104039469131,-0.0015106568018983246,0.0011101741553596334,-0.003676045698536634,-0.376326538342561,v,v
2023-05-15,304.615234375,305.04834834939237,302.77451500373724,304.26088478130237,16336500,63.954321473618734,7.4636091998969505,7.512495157415851,-0.0488859575189009,-0.004668940295346147,-0.002414156019418745,0.0032290683156102062,0.0015860200649699951,-0.17317454613550898,-,^
2023-05-16,306.8594970703125,308.79865663517415,304.9793957630767,304.9793957630767,26730300,65.84225909031221,7.358502208952359,7.481696567723153,-0.12319435877079421,0.0023614963924487586,0.012294143882681574,0.007282253459516719,0.007367532684034117,0.6362317509870534,-,^
2023-05-17,309.7597961425781,310.18398226866987,306.5438090074736,308.07289612814964,24315000,68.16296857501237,7.423658740798146,7.4700890023381525,-0.04643026154000651,0.010143309377778742,0.004486177655663726,0.005129570279600815,0.009451553886895114,-0.09035813290535455,-,^
2023-05-18,314.21881103515625,314.73180841196273,309.48364052996965,310.28270017640136,27276000,71.38217671580622,7.745812097739986,7.525233621418519,0.22057847632146643,0.007172990795439871,0.014661705320920593,0.009590249211082202,0.014395073047264395,0.12177668106107342,^,^
2023-05-19,314.04119873046875,314.44566578774686,312.0977999996557,312.46279877914503,27529500,71.0738966607286,7.895771585594105,7.599341214253637,0.2964303713404677,0.007026168721312009,-0.0009091633465955207,0.008446842182706193,-0.0005652503874684633,0.00929388473383197,-,v
2023-05-22,316.84283447265625,318.2337976929915,313.7156584548846,314.29768758586613,24115700,73.05096703943317,8.146773219778595,7.708827615358629,0.43794560441996566,0.005872343248189527,0.012047015804001138,0.0051838188389365936,0.008921236301202784,-0.12400515810312573,-,v
2023-05-23,311.0028381347656,318.36209222067146,310.9929635378551,315.7084147228856,30797200,63.33353496303088,7.7847175475868085,7.724005601804266,0.060711945782542465,0.004488506256139946,0.00040314551317299774,-0.00867886203206869,-0.01843183970882767,0.27706017241879777,-,^
2023-05-24,309.6118469238281,312.22605590477934,308.3885711303924,310.47996842062906,23384900,61.24383275997149,7.301378704426327,7.639480222328679,-0.3381015179023521,-0.01656099761181795,-0.019273765519919217,-0.0083744415881154,-0.004472599733429949,-0.2406809709973634,v,^
2023-05-25,321.5188903808594,322.4856374964896,315.6788189832587,318.87505739171115,43301700,70.28286355802288,7.789337451178596,7.669451668098663,0.11988578307993336,0.027039067975260345,0.03285946639520421,0.023639812027222762,0.03845797108648963,0.8516948971344758,-,^
2023-05-26,328.3947448730469,328.8978374792633,319.5064041956886,319.6444980132169,36630600,74.04708081540191,8.631375147285155,7.861836363935962,0.7695387833491933,0.00241298465862938,0.01988367616168185,0.012124935162764139,0.021385538137565163,-0.1540609260144521,^,^
2023-05-30,326.7374267578125,331.20625373329415,326.0567419114066,330.7031610986949,29503100,71.68991742905655,9.060520328520454,8.10157315685286,0.9589471716675941,0.03459675719186239,0.00701864223773252,0.020501428546346512,-0.005046725445850497,-0.19457775739409133,-,^
2023-05-31,323.95550537109375,331.403539726326,322.9097916897827,327.80283457515725,45950600,67.7890180595642,9.071571737915065,8.295572873065302,0.7759988648497629,-0.0087701808289401,0.0005956590215556723,-0.009651541640193995,-0.008514241586351168,0.5574837898390339,-,^
2023-06-01,328.0888977050781,329.02608115085206,320.33505191131786,321.5287039010863,26773900,70.36890583859568,9.306579817639886,8.497774261980219,0.8088055556596672,-0.01913995247235245,-0.007173908213042202,-0.007973557460092096,0.012759135947541855,-0.41733296191997493,-,^
2023-06-02,330.870849609375,332.94249783924806,328.0593291620814,329.73638489709236,25864000,71.99469714046663,9.60656715659735,8.719532840903645,0.8870343156937057,0.025527055271964194,0.01190305848915485,0.0241131190754047,0.008479262552790079,-0.03398458946959537,-,v
2023-06-05,331.4035339355469,333.98814914784583,330.14082001100866,330.6932554714019,21307100,72.30800859970947,9.774616759787534,8.930549624680422,0.8440671351071121,0.0029019259570284284,0.0031406363422630257,0.006344861017193892,0.0016099463787782042,-0.1761869780389731,-,v
2023-06-06,329.174072265625,330.8412533912164,327.68448335101743,330.8017851103892,20396200,68.83687045076627,9.617039116141711,9.06784752297268,0.5491915931690308,0.0003281882445185236,-0.00942217789660671,-0.007440269458073412,-0.0067273322147357595,-0.04275100788000241,-,v
2023-06-07,319.0131530761719,329.9731116515835,318.1450315839659,327.17146599385774,40717100,55.71060841523502,8.573427304825884,8.968963479343321,-0.39553617451743683,-0.01097430328352067,-0.002624043195140313,-0.029111698147857856,-0.030867920791932346,0.9963081358292232,v,v
2023-06-08,320.8677673339844,322.2291369225087,318.98355595766924,319.5655851097024,23277700,57.31069795641544,7.80602628456262,8.736376040387182,-0.9303497558245617,-0.02324738455124975,-0.023468502298004235,0.0026356670400558,0.005813598091266359,-0.4283065346009416,-,v
2023-06-09,322.3771057128906,325.5338755296102,320.0292399102611,320.6013944671028,22514900,58.62091475185889,7.236231666040453,8.436347165517835,-1.2001154994773824,0.0032413044635104526,0.010255865247518647,0.00327817510671502,0.004703926453713203,-0.03276956056655078,-,v
2023-06-12,327.3687744140625,327.6153984673946,320.76911233845874,324.1429125289751,24260300,62.69842531992369,7.105542996168879,8.170186331648045,-1.0646433354791665,0.01104648364913996,0.006394182277951632,0.0023118900898091432,0.015483942912551285,0.07752199654451042,-,^
2023-06-13,329.77581787109375,332.4294950152336,325.928488773513,329.95337995894954,22951300,64.514318195741,7.114191601859773,7.958987385690391,-0.8447957838306186,0.017925634667255164,0.014694353715849928,0.016084392906291933,0.0073526971573250055,-0.053956463852466774,-,^
2023-06-14,332.78466796875,334.46172377002256,328.31584080318265,329.82517898213644,26003800,66.69679856896494,7.279916396423687,7.8231731878370505,-0.5432567914133637,-0.00038854269905963523,0.00611326246696553,0.007324772494277543,0.009123925814452427,0.13299900223516747,-,^
2023-06-15,343.39935302734375,345.1158468804941,332.6465498488754,332.92276759657176,38899100,73.00460225303698,8.17355125271996,7.893248800813633,0.2803024519063273,0.009391607469128704,0.0318545362691407,0.013190679545337147,0.03189655678365111,0.49590059914320217,^,^
2023-06-16,337.7072448730469,346.72383496475805,337.3324015901357,346.57586654973045,46533600,65.80659443245167,8.326475332920268,7.97989410723496,0.34658122568530736,0.04100980852623204,0.004659270499452806,0.014086578512205072,-0.016575768428555016,0.19626418091935283,-,^
2023-06-20,333.48504638671875,337.46062508330874,331.3246171835482,334.72804129963237,26375400,61.00200409250844,8.014585484219992,7.986832382631967,0.027753101588025686,-0.034185372940265135,-0.026716391973429898,-0.017809686760796417,-0.01250254044124921,-0.43319665789880857,-,^
2023-06-21,329.0556945800781,333.1693972869812,327.5858247663164,331.82774670017375,25117800,56.35368946894491,7.325554427480995,7.854576791601773,-0.5290223641207783,-0.008664629913280653,-0.012716232583484754,-0.011284378592250954,-0.013282010256928323,-0.04768079346663934,-,^
2023-06-22,335.1225891113281,335.5270561339279,328.8386136322593,329.608079403054,23556800,60.76379845213169,7.186201973241282,7.7209018279296755,-0.5346998546883936,-0.006689215471560206,0.007076456799889774,0.003824307314996167,0.018437287763678478,-0.06214716256997033,-,-
2023-06-23,330.4959411621094,333.396242355337,328.9471650313448,329.8448500671527,23084700,56.107830792728905,6.626051331113047,7.50193172856635,-0.8758803974533036,0.0007183399888970321,-0.006350646660638781,0.00033010539086775204,-0.01380583732504459,-0.020040922366365566,-,-
2023-06-26,324.1626892089844,331.5712559275852,324.05415896146803,329.2135454326496,21520600,50.41333279636136,5.606459631405812,7.122837309134243,-1.516377677728431,-0.001913944190350736,-0.005473926205223134,-0.01487474764955199,-0.019162873622155963,-0.0677548332878487,-,-
2023-06-27,330.0520324707031,331.61068318067953,324.85317836133345,327.3786061607091,24354100,54.98824436752492,5.21354810828052,6.7409794689634985,-1.5274313606829786,-0.005573705266376572,0.00011891034699029746,0.0024656970996024263,0.01816786279781235,0.13166454466882893,-,-
2023-06-28,331.31475830078125,333.4160000459161,329.30229760192987,330.14082540190753,20259500,55.92713699232929,4.94702805685489,6.382189186541777,-1.435161129686887,0.008437384695328731,0.005444085359134654,0.013695784855913162,0.003825838673452875,-0.1681277485105177,-,-
2023-06-29,330.52557373046875,331.5712574014784,328.1283949434642,330.19016860066165,16997000,55.152832109124695,4.618884768142038,6.02952830286183,-1.4106435347197914,0.00014946106315094632,-0.005532855784316504,-0.0035648176979461432,-0.0023819783168127495,-0.16103556356277304,-,-
2023-06-30,335.94140625,338.1018352198604,332.6465127324508,333.189073570984,26823800,59.315656116755356,4.741187808251084,5.771860203939681,-1.0306723956885975,0.009082356943066028,0.019695850205961873,0.013769359368502876,0.016385517339567945,0.5781490851326705,-,-
2023-07-03,333.4258728027344,336.29658063116784,332.0250649242067,334.60968039782284,12508700,56.68380349632989,4.582309313303881,5.533950025812522,-0.9516407125086408,0.004263665706721209,-0.00533938121784705,-0.0018681927645637364,-0.007488012494040741,-0.5336715901550115,-,-
2023-07-05,333.58367919921875,337.0364158494364,330.2098791029289,330.5650032791807,18172400,56.8132593954093,4.418200355292129,5.310800091708444,-0.8925997364163152,-0.012087746875205085,0.0021999486788715217,-0.005467014430649009,0.0004732877960484938,0.45278086451829536,-,v
2023-07-06,336.66156005859375,338.3583347909345,330.9694876074592,332.7451687923729,28161200,59.36415513869075,4.484804056682719,5.145600884703299,-0.6607968280205796,0.00659527019365358,0.003922184308085663,0.0023003809171122658,0.009226712969781836,0.549668728401312,-,v
2023-07-07,332.66632080078125,337.1746166227289,332.44929038622087,334.73796928422485,21185300,54.836361907263466,4.167169020890526,4.949914511940745,-0.7827454910502185,0.005988968973116515,-0.003498415870077598,0.004471115417493676,-0.011867227304231398,-0.2477131656321464,-,v
2023-07-10,327.3489685058594,330.7030791344228,323.1662349197996,330.0815818108305,32791400,49.432410792297674,3.446644305265977,4.649260470605792,-1.2026161653398146,-0.013910544666776659,-0.019193430256190358,-0.027923222382688073,-0.015984041552875472,0.547837415566454,v,v
2023-07-11,327.98040771484375,328.36512559547043,322.58427205153635,326.58944439701025,26698200,50.06176731903474,2.8932238603478595,4.298053148554206,-1.4048292882063462,-0.010579619119195804,-0.007069645511229239,-0.0018008158197828639,0.0019289482165363303,-0.18581701299731024,-,v
2023-07-12,332.64654541015625,337.03643563123427,331.1372073615491,332.0546416428547,29995300,54.56218307586106,2.7988886400483466,3.998220246853034,-1.1993316068046873,0.016734151515322093,0.026407524307092478,0.026513801356832234,0.014226879367042589,0.12349521690600862,-,v
2023-07-13,338.0328063964844,339.09820909301106,334.4419456196633,334.9746620206647,20567200,59.139752947114175,3.1227563536513117,3.82312746821269,-0.7003711145613782,0.008793794790408871,0.006117360747407874,0.009979966565659693,0.016192144667207753,-0.31431924334812456,-,^
2023-07-14,340.57794189453125,346.684355842652,339.66050764457793,342.8962140090438,28302200,61.13232609649878,3.543942649296639,3.76729050442948,-0.22334785513284094,0.02364821249641369,0.022371532925318682,0.01560379041344695,0.007529255888440778,0.37608425065152273,-,^
2023-07-17,341.0613708496094,342.3043356947929,337.57904017391905,341.0120279721599,20363900,61.51620794638894,3.872109234617085,3.788254250467001,0.08385498415008374,-0.005494916420495044,-0.012634028833556799,-0.006128082081408581,0.0014194370674418533,-0.28048349598264444,-,^
2023-07-18,354.635498046875,361.8270635461225,337.5494072854083,341.1599567699789,64872700,70.36647354161592,5.167929563813914,4.064189313136384,1.1037402506775296,0.0004337934902141072,0.0570332473636459,-8.778059353298229e-05,0.0397996617542804,2.185671703357412,^,^
2023-07-19,350.2850646972656,357.56541162077775,347.6807303302268,356.8650077338188,39732900,65.19186900138908,5.777236511064075,4.406798752721922,1.3704377583421525,0.0460342741057056,-0.011778145845636745,0.030014341089487306,-0.012267337515756371,-0.38752510686313346,-,^
2023-07-20,342.1859436035156,353.13605781346064,340.70619925367106,348.79548040834504,33778400,56.81529043991591,5.542692561846195,4.633977514546777,0.9087150472994177,-0.022612268366453914,-0.012387534317818027,-0.020060159991988513,-0.0231215141894493,-0.14986321159542848,-,^
2023-07-21,339.1277770996094,345.56959587744933,335.2409797862232,344.43513130446024,69368900,53.99413052708843,5.0518121675679595,4.717544445151014,0.33426772241694547,-0.012501162855608094,-0.02142647789314167,-0.01604085713561898,-0.008937148240810489,1.0536467091395685,-,^
2023-07-24,340.44970703125,342.2352929441679,337.6875295682125,341.1797347293557,26678100,55.03353179795568,4.715101856995773,4.717055927519966,-0.0019540705241931633,-0.009451406895619407,-0.009648716128556334,0.007297883998398369,0.003898029064284936,-0.6154169952240846,-,-
2023-07-25,346.2404479980469,347.13816315499605,340.4102518285033,342.42268240569985,41637700,59.3645090021248,4.8595035784628635,4.745545457708546,0.11395812075431788,0.0036430876450799232,0.014326021634559982,0.008062845150877296,0.01700909369930903,0.5607445807609988,-,-
2023-07-26,333.2088317871094,340.01568008356725,328.611755590644,336.82928631733375,58383700,48.12983827578637,3.877700744227468,4.57197651501233,-0.6942757707848619,-0.016334770959299583,-0.02051771838248917,-0.03465963840537711,-0.03763747501566028,0.4021835980373556,-,-
2023-07-27,326.2540283203125,336.7207386752654,324.6065664004519,335.8822409797451,39635300,43.408358875867506,2.509492540632152,4.159479720136295,-1.6499871795041425,-0.002811647846726717,-0.009690557233984154,-0.012188210318262005,-0.020872206266250415,-0.3211238753282166,-,-
2023-07-28,333.80072021484375,335.418588461766,328.6709579484161,329.16420605704235,28484900,49.22857955660182,2.010951648596915,3.729774105828419,-1.7188224572315036,-0.020001161428203962,-0.003867151808416569,0.012520977603854622,0.023131337054701495,-0.28132498050979804,-,-
2023-07-31,331.38385009765625,333.1398123061402,328.8583918744818,332.37034639692763,25446000,47.54222818085357,1.404641348923633,3.264747554447462,-1.860106205523829,0.009740245995427887,-0.006793827873631808,0.0005702783331866801,-0.007240458066213651,-0.10668459429381882,-,-
2023-08-01,331.7981262207031,333.96842988932275,329.1937919238342,330.6636616188916,18311900,47.87185633663686,0.9466522709733454,2.801128497752639,-1.8544762267792936,-0.005134888826688111,0.002487296782232473,0.0010198920192994176,0.0012501397485868981,-0.2803623359270613,-,-
2023-08-02,323.0775451660156,329.1247724313431,321.9529249093119,329.1247724313431,27761300,41.90289587855013,-0.11861802831862178,2.217179192538387,-2.3357972208570086,-0.004653941046966703,-0.014503339311397911,-0.021995758098007134,-0.026282791750568246,0.5160250984332593,-,-
2023-08-03,322.2488708496094,325.42539000063243,321.5484669368351,321.597779707483,18253700,41.374962422672816,-1.0179848119408348,1.5701463916425427,-2.5881312035833774,-0.0228697240510215,-0.011240060732536916,-0.0012562643206013302,-0.0025649393738597093,-0.34247675721237836,-,-
2023-08-04,323.3537292480469,330.61435706998384,322.82101286060225,327.39836976439574,23727700,42.41665474700777,-1.6228790885564877,0.9315412956027367,-2.5544203841592243,0.018036785148793033,0.015945181994992286,0.003957555561964865,0.003428587338489386,0.2998844069969375,-,-
2023-08-07,325.65228271484375,326.6387790256658,323.09726088247197,323.9357887677664,17741500,44.621266028459864,-1.8949443667466994,0.3662441631328495,-2.261188529879549,-0.010576048375320668,-0.01202481973121472,0.0008557312283417051,0.007108479843860538,-0.2522874109163551,-,-
2023-08-08,321.6470642089844,324.3106159103617,318.6382629324619,322.54477933640453,22327600,41.63036758334489,-2.4060107262890824,-0.1882068147515369,-2.2178039115375454,-0.004294090000531159,-0.007127638433650829,-0.013800791556794034,-0.012299064733922171,0.2584956176197053,-,-
2023-08-09,317.87872314453125,322.69279994467314,316.7146345953678,322.06145794853927,22373300,38.98283182086837,-3.0796083210859138,-0.7664871160184122,-2.3131212050675014,-0.0014984629075678324,-0.004988476745194648,-0.006037028696399327,-0.011715763903272336,0.0020467941023665226,-,-
2023-08-10,318.5692138671875,323.8272555255074,316.84284549970266,321.6174835434037,20113700,39.73907197503338,-3.5171785918848286,-1.3166254111916955,-2.200553180693133,-0.001378539387990041,0.00351559000085766,0.00040481521953883437,0.002172182887315577,-0.10099538288942622,-,-
2023-08-11,316.6751708984375,318.05625962756983,314.8994595848591,315.9352987108156,24342600,38.33552870718093,-3.9710142421046157,-1.8475031773742796,-2.1235110647303364,-0.017667524694195524,-0.017821217329506034,-0.006133595700349881,-0.005945467692115458,0.21024973028333926,-,-
2023-08-14,319.66424560546875,319.6839646920239,315.7576988733088,317.0500366268224,18836100,41.82739967792636,-4.0428850541990755,-2.286579552739239,-1.7563055014598365,0.0035283740707530153,0.005117663982969756,0.002725439064205304,0.009438929798477602,-0.22620837544058559,-,-
2023-08-15,317.5137023925781,320.7000964574307,316.5666743212441,318.63832268798944,16966300,40.069348382176635,-4.22467463559542,-2.6741985693104753,-1.5504760662849448,0.005009575390891641,0.003178550936659308,0.002562013375515093,-0.0067275062583784795,-0.09926683336784159,-,v
2023-08-16,316.7425842285156,320.7167146880456,316.1494272765782,317.13801214006867,20698900,39.42939515367067,-4.38047162971327,-3.0154531813910346,-1.3650184483222354,-0.004708506294109127,5.181860186054266e-05,-0.0013180384371176412,-0.002428613814937308,0.22000082516518038,-,v
2023-08-17,313.2627868652344,318.19581584517493,312.6004217100495,316.8810112071374,21257200,36.58945250102565,-4.7302055699851735,-3.3584036591098627,-1.3718019108753108,-0.0008103756821737917,-0.00786020412226629,-0.011225721954017387,-0.010986199950843156,0.02697244781123631,-,v
2023-08-18,312.8673400878906,314.74564524442695,307.9935939126714,310.90003574711136,24744800,36.269745072260044,-4.981853778134621,-3.6830936829148144,-1.2987600952198064,-0.018874515191812602,-0.010842916307946426,-0.014737113188065809,-0.0012623483986110573,0.16406676326138903,v,^
2023-08-21,318.2056884765625,319.0855132833144,313.4209415411844,314.3007663479363,24040000,43.45283361028486,-4.696389639233587,-3.885752874178569,-0.8106367650550177,0.010938340977197925,0.01378849272248761,0.017621625046045253,0.017062657889354016,-0.028482751931719008,-,^
2023-08-22,318.779052734375,322.357724957099,317.7904679139887,321.7843590357293,16102000,44.18054561241355,-4.3734768301924305,-3.983297665381342,-0.3901791648110886,0.023810290934857425,0.01025496783014157,0.01394139891009849,0.0018018667754102768,-0.3301996672212978,-,^
2023-08-23,323.2672424316406,325.44214114565574,319.76764365334907,320.1235498834675,21166400,49.64352184092845,-3.712610045774909,-3.9291601414600557,0.21655009568514672,-0.005161248847640354,0.009568302385082328,0.006221633242616598,0.014079311858064436,0.31451993541175005,^,^
2023-08-24,316.3174743652344,329.1789720519846,316.30757886325165,329.0504512030628,23281400,42.67830451659191,-3.706925430280535,-3.8847131992241515,0.1777877689436167,0.027885800100757585,0.011482320307917293,-0.010820559424231102,-0.021498522442699675,0.09992251870889701,-,^
2023-08-25,319.2931213378906,321.6459277591277,315.16081405176266,317.8003486742055,21684100,46.161371703870806,-3.42285395957839,-3.7923413512949993,0.36948739171660927,-0.03418959763685181,-0.022884342356070286,-0.003625473710147098,0.009407153299474169,-0.06860841701959508,-,^
2023-08-28,320.0049133300781,322.42692799992096,318.0475045559713,321.9425310997952,14808500,46.991122744141485,-3.1045028311947362,-3.654773647274947,0.5502708160802108,0.0130339140371305,0.002428136573139339,0.00915942076394849,0.0022292744334890813,-0.31708025696247477,-,^
2023-08-29,324.6611328125,325.22463338047504,318.2056753742059,318.2056753742059,19284600,52.182749359367975,-2.4482671698326612,-3.41347235178649,0.965205181953829,-0.011607213600588029,0.008677021481762637,0.0004973182180927349,0.014550462472490588,0.3022655907080394,-,-
2023-08-30,325.03680419921875,326.0451498323158,322.72351939208045,324.9181788505266,15222100,52.58622630502762,-1.8762538525049308,-3.1060286519301785,1.2297747994252477,0.02109485780989573,0.002522922213216372,0.014197873788899695,0.0011571184498260223,-0.21066031963328247,-,-
2023-08-31,324.01861572265625,327.1326523087655,323.0497916021966,325.44218047674366,26411000,51.32223403362658,-1.487936472643412,-2.7824102160728255,1.2944737434294136,0.001612718709894434,0.0033354352211925065,0.0010109960709734356,-0.003132532880610217,0.7350431280835101,-,-
2023-09-01,324.9083251953125,328.20029972236824,323.0497807085255,327.52806921372286,14931200,52.39893184678617,-1.0957686931936905,-2.4450819114969984,1.3493132183033079,0.006409398849047676,0.0032636528517338004,-3.372133772217012e-08,0.00274585912501335,-0.4346598008405589,-,-
2023-09-05,329.7424621582031,331.02764055502126,324.9082979662232,325.2444131923776,18553900,57.853719686631834,-0.3903981829873828,-2.0341451657950755,1.6437469828076927,-0.006972397898071803,0.008614680836808386,0.005753036741339201,0.014878464440653216,0.24262617873982006,-,-
2023-09-06,329.0801696777344,330.6421206560539,326.41097819074616,329.57446216279004,17535800,56.89182704339223,0.11385906369508803,-1.6045443198970428,1.7184033835921309,0.013313215522786859,-0.0011646154330827718,0.00462493643261519,-0.00200851439069738,-0.054872560485935584,-,-
2023-09-07,326.14404296875,329.27784015884396,325.27408344304047,327.5082949368657,18381000,52.70793053035612,0.27341393187549556,-1.2289526695425352,1.5023666014180308,-0.006269196989249104,-0.004126154570092244,-0.0034830162698796796,-0.008922223152673436,0.04819854241038324,-,-
2023-09-08,330.4542236328125,332.3226633487049,325.69913325335335,326.32194649198414,19530100,57.63352596424097,0.7391375547127268,-0.8353346246914829,1.5744721794042098,-0.0036223462526658867,0.00924697267326624,0.0013067435493590018,0.01321557378399052,0.06251564115118868,-,-
2023-09-11,334.0823669433594,334.5568985327326,331.60100931332755,333.39034548000865,16583300,61.28849819315165,1.3850220525951045,-0.3912632892341654,1.77628534182927,0.021660814002891993,0.00672309002796867,0.018120637905975956,0.010979261425867914,-0.15088504411139725,-,-
2023-09-12,327.9827880859375,332.94550339059816,327.69612019842117,331.9865748697913,17565500,53.00887704925709,1.388697097322904,-0.03527121192275155,1.4239683092456557,-0.004210591666043095,-0.004816505500862545,-0.011775866192303086,-0.01825770965773843,0.059228259755296,-,-
2023-09-13,332.22381591796875,333.0048063818992,327.38965178199726,327.52803797035625,16544400,57.325606212456016,1.7140664084560058,0.31459631215299994,1.3994700963030058,-0.013429871075912425,0.00017811621030205949,-0.000935221375945372,0.012930641442440605,-0.05813099541715294,-,-
2023-09-14,334.8337097167969,336.9690265009899,332.7280191029121,335.27855480966366,20267000,59.77453654602997,2.157648520407463,0.6832067538038926,1.4744417666035703,0.023663674375287824,0.01190439309919289,0.016305852344012273,0.007855829936865621,0.22500664877541654,-,-
2023-09-15,326.45050048828125,333.54853269059,325.88699986571044,333.07403125618623,37666900,49.874062898148644,1.811849740654111,0.9089353511739363,0.9029143894801747,-0.006575199999680703,-0.010150766217054352,-0.02056039420919875,-0.025036933215613733,0.8585335767503823,-,-
2023-09-18,325.3037109375,326.62841094537885,322.6345199175024,324.0580844389393,16834200,48.68610008213814,1.4287951229428586,1.012907305527721,0.4158878174151377,-0.027068897515796553,-0.02074697103114065,-0.00998039182154642,-0.0035129048632670523,-0.5530771048320939,-,-
2023-09-19,324.89837646484375,325.6299497048408,320.8056512322667,322.446705559853,16505900,48.24865073912585,1.0800641668267872,1.0263386777875343,0.053725489039252894,-0.004972500167296223,-0.0030568719899416452,-0.005668546210440661,-0.0012460185944024316,-0.01950196623540179,-,-
2023-09-20,317.10833740234375,325.82766263304757,316.85132586781475,325.74858912301113,21436500,40.68299646008662,0.17310586668656924,0.8556921155673414,-0.6825862488807721,0.010240090862225326,0.0006071705885346557,-0.012326233497641836,-0.02397684822947377,0.2987174283135121,-,-
2023-09-21,315.8825378417969,321.6361093088124,311.40424936718983,315.61563077468617,35529500,39.62994570108402,-0.6372312948536774,0.5571074334831376,-1.194338728336815,-0.031106683763712284,-0.012864326160531458,-0.01719126939332216,-0.003865554499727919,0.6574300842021785,-,v
2023-09-22,313.39129638671875,317.78061558235316,312.54109771841047,317.6520947233704,21447900,37.50519100262283,-1.4635804543589188,0.15296985591472634,-1.6165503102736452,0.006452354541774952,-0.011987129600418922,0.0036507156004801367,-0.00788660706634503,-0.3963354395643057,-,v
2023-09-25,313.91522216796875,314.04374301753984,311.4042083579565,312.9760545512673,17836000,38.25495752618027,-2.0525313807734165,-0.28813039142290225,-1.7644009893505141,-0.014720633831095231,-0.011759284177750295,-0.003637567567124411,0.0016717942945150277,-0.16840343343637376,-,v
2023-09-26,308.5768737792969,312.27417127506453,306.48104866233854,311.5327326754824,26297600,33.804737395550504,-2.916420651781152,-0.8137884434945524,-2.1026322082866,-0.004611604801058156,-0.005634793820351591,-0.015809547730834983,-0.017005700939903612,0.4744113029827315,v,v
2023-09-27,309.2194519042969,310.7121944558891,306.1548329521496,308.7350248311766,19410100,34.788123739128736,-3.5087616187897197,-1.352783078553586,-2.155978540236134,-0.008980461925393035,-0.005001940483254197,-0.001064391131564979,0.0020823923618449314,-0.26190602944755415,-,^
2023-09-28,310.0597839355469,311.87877653956156,305.9176107720618,307.4400098031896,19683600,36.12453764098545,-3.8658255007760545,-1.8553915629980797,-2.0104339377779747,-0.004194584105561505,0.003754542320797416,-0.0007748438193849738,0.0027175911026129373,0.014090602315289358,-,v
2023-09-29,312.1456298828125,315.823166301502,311.3844304982505,314.1227993515873,24140300,39.44196961158345,-3.935129144706764,-2.2713390793398167,-1.663790065366947,0.021736889589210495,0.012647188775412266,0.01787023542839461,0.006727237956468457,0.22641691560486898,-,v
2023-10-02,318.1265869140625,318.21558609786393,311.58216015238867,312.66960950158256,20570000,47.811746279968816,-3.467468713444987,-2.510565006160851,-0.9569037072841358,-0.004626183941453421,0.007575187800118455,0.0006350017366694161,0.01916079053708164,-0.14789791344763736,^,v
2023-10-03,309.8126220703125,317.7213009072656,307.657484158639,317.1676656330005,21033500,39.61527395876884,-3.724775044425769,-2.7534070138138347,-0.9713680306119343,0.014385971628608774,-0.001553302893360975,-0.012595958612746538,-0.02613414026283789,0.022532814778803978,v,v
2023-10-04,315.31903076171875,316.38671934680445,310.4156581127954,310.4453144529802,20720100,46.19435389273471,-3.4446630714418234,-2.8916582253394325,-0.5530048461023909,-0.021194944845982056,-0.0042004787109022335,0.00896507998724383,0.0177733516943559,-0.014900040411724103,-,^
2023-10-05,315.71441650390625,316.327364401189,311.3053368933147,315.4475094779053,16965600,46.643884751925285,-3.154405961363125,-2.944207772544171,-0.2101981888189539,0.01611296673534679,-0.00018760251927762983,0.0028660886049631795,0.0012539228641936795,-0.18120086293019821,-,^
2023-10-06,323.5242919921875,325.4322535375942,312.6893801694388,312.9365263852443,25645500,54.69546499934071,-2.2680388878903273,-2.8089739956134023,0.5409351077230751,-0.007960066309659397,0.028783122047126186,0.0044459349458516595,0.024737151932321177,0.5116176262554817,-,^
2023-10-09,326.0550842285156,326.529585679886,319.49086590519653,321.0429514638944,19891200,56.96191890123557,-1.345858593378125,-2.516350915166347,1.1704923217882217,0.0259043748337342,0.0033719218988386146,0.021751572541645725,0.007822572520734372,-0.22437854594373285,^,^
2023-10-10,324.6413879394531,327.32044439073553,323.92960565259705,327.1820280328287,20557100,55.297751563815254,-0.7207887379063322,-2.157238479714344,1.4364497418080115,0.019122290462822322,0.002422012416433361,0.013893166350231967,-0.004335759070917322,0.03347711550836552,-,^
2023-10-11,328.62542724609375,329.02085519813727,325.38286976858666,327.4292177169471,20063200,58.93856700424853,0.09496757489228003,-1.706797268793019,1.801764843685299,0.0007555111923616131,0.005194942254727941,0.004486357809320385,0.012272123809992097,-0.02402576238866372,-,^
2023-10-12,327.3797607421875,329.82156651499986,324.9676113079431,326.7964993042076,19313100,57.3653740897381,0.6336412319027431,-1.2387095686538667,1.8723508005566099,-0.001932382263107879,0.0024336187333182657,-0.0012762148816835017,-0.003790535973874687,-0.03738685753020454,-,^
2023-10-13,323.98895263671875,330.019296623983,322.6345659293272,328.5858665652145,21072400,53.20243524772238,0.7779661999857694,-0.8353744149259396,1.613340614911709,0.005475478668886202,0.0005995063060078021,-0.007179316637820565,-0.01035741518590405,0.09109361003671079,-,-
2023-10-16,328.8428649902344,332.3029118179807,326.8261435346823,327.27098859672117,22158000,57.911035704583895,1.2693822892202888,-0.41442307409669393,1.6838053633169827,-0.004001626674445924,0.006919641419027789,0.012991718953861975,0.014981721796416325,0.05151762495017187,-,-
2023-10-17,328.26947021484375,329.653482917614,323.6725568735075,325.827664522765,18338500,57.179134189359765,1.5941881059487173,-0.012700838087611707,1.606888944036329,-0.004410180322260926,-0.007972933146664585,-0.009649126067664437,-0.001743674065750711,-0.17237566567379725,-,v
2023-10-18,326.3417663574219,331.759222794045,324.55242999504236,328.6946033870838,23153600,54.6772387433377,1.6767212659735833,0.32518358272462733,1.351537683248956,0.00879894243638879,0.006387737383491521,0.0027184050759010425,-0.005872321468579633,0.2625678217956757,-,v
2023-10-19,327.5379333496094,333.0344625947889,327.1326099487148,328.35844548463956,25052100,55.964799526868354,1.8176967922532867,0.6236862246303593,1.1940105676229273,-0.001022705876458807,0.0038438714378576933,0.007949963442615005,0.003665381252111688,0.0819958883283809,-,v
2023-10-20,322.9410400390625,328.13111072358873,321.73496526369917,327.9333816774439,25012600,50.07707324442541,1.5407294699244858,0.8070948736891846,0.7336345962353011,-0.0012945115712443833,-0.014723256665380657,-0.016499867395860734,-0.01403468985572498,-0.001576714127757728,v,^
2023-10-23,325.5607604980469,328.93183835802176,320.6870445710428,321.7547029032871,24374700,53.10492825284114,1.5151546589029863,0.9487068307319451,0.5664478281710412,-0.0188412620348426,0.0024402673451697776,-0.0032570929671802418,0.008112070422104045,-0.025503146414207256,-,v
2023-10-24,326.7569274902344,328.0519711439017,323.86038131335783,327.5181269130942,31153600,54.46299478786593,1.5732714227626161,1.0736197491380794,0.49965167362453666,0.017912477915014158,-0.0026749226177441576,0.009895431686552048,0.0036741743395536375,0.2781121408673748,-,v
2023-10-25,336.78125,342.24812359609695,333.7660477847726,341.08157042022475,55053800,63.89853153942362,2.400536535707829,1.3390031064520294,1.0615334292557996,0.041412802506438195,0.043274095877838814,0.030586224938178974,0.03067822490179717,0.7671729751938781,^,v
2023-10-26,324.1470947265625,337.7302406507204,323.20792706940125,336.6526868052071,37828500,49.872390707052,2.013469334171816,1.473896351995987,0.5395729821758293,-0.012984822397648421,-0.013200606910290347,-0.03163329759107103,-0.037514425976616916,-0.31288121800856616,v,v
2023-10-27,326.045166015625,332.8762909295408,324.65125776087774,326.6580837937659,29856500,51.591562877653075,1.8386791299970469,1.546852907596199,0.2918262224008479,-0.029688172419738423,-0.01437226856507512,0.004465641373847085,0.005855586306160232,-0.21074057919293654,-,v
2023-10-30,333.4595642089844,335.5751503381647,328.04210819348634,329.60408920215934,22828100,57.695094251643155,2.272243593660903,1.6919310448091398,0.5803125488517633,0.009018620859398085,0.008107694906980267,0.010444593549383763,0.022740402147241268,-0.23540602548858702,-,v
2023-10-31,334.25042724609375,335.1302822914459,330.8694837708354,334.98200058976215,20265300,58.29906508555127,2.6491251269144414,1.8833698612302003,0.765755265684241,0.016316276295663013,-0.0013256882885115395,0.008618941004004954,0.002371690969444673,-0.11226514690228273,-,v
2023-11-01,342.11956787109375,343.45416345864317,335.7728398301243,335.9112561909914,28158800,63.83205391241266,3.54195093499726,2.215086075983612,1.3268648590136478,0.0027740463654561953,0.024837747010753253,0.014819608032166087,0.023542649413597516,0.38950817407094895,-,-
2023-11-02,344.3439025878906,344.8480603761851,340.83440806099617,343.2762139918915,24348100,65.2361579453798,4.378534027741068,2.6477756663351033,1.730758361405965,0.021925308143626365,0.004058465629023678,0.015074382530262387,0.006501629622176264,-0.13532892026648868,-,-
2023-11-03,348.7727355957031,350.34461211282445,343.36517506433484,345.6389384028993,23624000,67.9076325187259,5.337376018089628,3.1856957366860086,2.1516802814036198,0.0068828666674343175,0.015939053653494017,0.00742520984819639,0.012861656543147637,-0.029739486859344244,-,^
2023-11-06,352.46014404296875,353.4586243635472,349.31645156155355,349.4153160772212,23828300,69.9763598288375,6.321932940588056,3.812943177466418,2.5089897631216376,0.010925787736102421,0.008888426261054905,0.01733220760114551,0.010572524945126727,0.008647985099898392,-,^
2023-11-07,356.4145202636719,358.3224819200667,353.54763002740117,355.29741447617323,25833900,72.0566387099796,7.336713442309986,4.5176972304351315,2.819016211874854,0.01683411724760253,0.01376075506794483,0.012112737453197298,0.011219357103312788,0.08416882446502694,-,^
2023-11-08,359.05401611328125,359.7163510431648,356.43424222372255,357.55134788937477,26767800,73.38236933645858,8.258718194427786,5.265901423233663,2.992816771194123,0.0063437934568832954,0.003889985120746786,0.008164705265023775,0.007405691125200731,0.036150174770359866,^,^
2023-11-09,356.57269287109375,360.6258970276353,356.2464429567003,358.1643000917095,24847300,70.01925839861764,8.689029827685431,5.950527104124017,2.738502723561414,0.0017143053884511872,0.0025285088704831704,-0.0005268833483859092,-0.006910724099531196,-0.07174665082673959,-,^
2023-11-10,365.4501953125,365.8752795812783,356.94835909084804,357.3635478564213,28042100,74.51874019995279,9.635325121686833,6.68748670763658,2.9478384140502527,-0.0022357120323917012,0.01455631056147011,0.0019703105757971073,0.02489675350606735,0.1285773504565888,-,^
2023-11-13,362.49432373046875,364.2638992456972,361.72322867303586,364.0167530071711,19986500,70.71333511496243,10.031124270025146,7.3562142201142935,2.674910049910852,0.0186174700543964,-0.00440417930783743,0.013376919827701395,-0.008088302099561462,-0.28726807193469817,-,^
2023-11-14,366.0433349609375,367.7041805891428,363.1566838302052,366.77490833178183,27683900,72.52735623670368,10.5100205183615,7.986975479763736,2.5230450385977647,0.007577001063345135,0.009444475147193154,0.003962850719949396,0.009790529114898971,0.38512996272483924,-,-
2023-11-15,366.1919250488281,369.6193627244979,363.6559833296178,367.7867626439103,26860100,72.60386810720959,10.777305158475428,8.545041415506075,2.2322637429693533,0.002758788262617884,0.0052084861594081655,0.0013748872639394172,0.0004059357832768562,-0.02975736800089579,-,-
2023-11-16,372.6307678222656,372.8090670130161,366.6971049772861,367.4697650343208,27182300,75.75491418899337,11.377537788257996,9.11154069005646,2.2659970982015363,-0.0008619059786456607,0.00862970020024556,0.008362633332260616,0.01758324619686502,0.011995487730872112,-,-
2023-11-17,366.3702087402344,370.84767066024057,363.5470174090878,370.09481157714856,40157000,67.61200983818001,11.21872914934147,9.532978381913463,1.685750767428008,0.007143571506032842,-0.005261128353155176,-0.008590434790570312,-0.01680097196111663,0.47732163944920036,-,-
2023-11-20,373.8887634277344,375.30530165844715,367.50935336596496,367.7272846499551,52465100,71.56501558225469,11.566228405610957,9.939628386652961,1.6266000189579959,-0.006397082188491998,0.012020113245609476,0.010899101813888423,0.020521741419294415,0.3064994895036979,-,-
2023-11-21,369.5599365234375,372.6802933507884,367.62827122388927,372.13548017935176,28423100,66.53020809789498,11.361357261825617,10.223974161687492,1.1373831001381252,0.011987675958265998,-0.0069943278074117154,0.00032357777247082886,-0.01157784701688036,-0.4582474826122508,-,-
2023-11-22,374.29498291015625,376.21673272866195,371.4420747164796,374.4435655805661,23345300,69.09171596836049,11.449096023192737,10.468998533988541,0.980097489204196,0.006202271818053884,0.009489204127423045,0.010374075638670543,0.01281266154351779,-0.1786504638832499,-,-
2023-11-24,373.8788757324219,374.4138035112927,371.61044336899096,373.7798105540461,10176600,68.59489475703631,11.35416945426573,10.64603271804398,0.7081367362217499,-0.0017726436972974602,-0.004792262173701767,0.00045328373916664333,-0.0011117092045934696,-0.5640835628584768,-,-
2023-11-27,375.0477600097656,377.05868938301023,372.6604615641083,373.2349912204299,22179200,69.26351473299778,11.243648871626533,10.765555948760491,0.47809292286604155,-0.0014575943329004915,0.007064071481642786,0.0028255884996071234,0.0031263715422646943,1.1794312442269521,-,-
2023-11-28,379.0993347167969,379.3965000397917,374.6020413692927,374.7902561506727,20453100,71.52638048503935,11.35212846161113,10.88287045133062,0.4692580102805106,0.004166985858312211,0.006200124072480273,0.005210050449235615,0.010802823370884118,-0.07782516952820662,-,-
2023-11-29,375.2855529785156,380.68425789892774,373.88881549531266,380.1493603159181,28963400,66.55899346633323,11.003517306988442,10.906999822462184,0.09651748452625775,0.014298942081063526,0.0033942270395246332,-0.0019039561860714205,-0.010060111925889514,0.41608851469948327,-,-
2023-11-30,375.3450012207031,376.51389184921896,371.9373642934916,374.92893951997735,30554400,66.5979340937034,10.609735010783481,10.847546860126444,-0.23781184934296284,-0.013732551835947793,-0.010954921206161372,-0.005219335591079011,0.00015840802214661664,0.05493139617586329,-,-
2023-12-01,370.98638916015625,374.6020416682448,367.8164846369156,373.21521977574577,33020400,60.990316702530826,9.832611907664386,10.644559869634033,-0.811947961969647,-0.0045707854571740425,-0.0050777679718118085,-0.011079499002214388,-0.011612282157406506,0.08070850679443886,-,-
2023-12-04,365.66693115234375,366.0433304982238,359.48562013715417,365.6272990310323,32063300,54.9131918780259,8.687357989695215,10.25311949364627,-1.5657615039510553,-0.02033122001099752,-0.022847476035917524,-0.022649513677955868,-0.01433868778812819,-0.028985112233649524,-,-
2023-12-05,369.01507568359375,369.5698044164444,362.1800014727598,363.002209215325,23065000,57.76568261796152,7.95816650101915,9.794128895120847,-1.8359623941016974,-0.0071796876837811885,0.009634034073017439,0.007495101847405206,0.00915626830323113,-0.28064173057670294,-,-
2023-12-06,365.330078125,370.65946442979055,364.5673336677576,370.0255016850389,21182100,53.736112756936166,7.002211352783775,9.235745386653432,-2.233534033869658,0.01934779538916742,0.0029484552047391865,0.006591562718234245,-0.009986035263647053,-0.08163451116410148,-,-
2023-12-07,367.4598693847656,367.95516505438763,362.8734266471938,364.76545973280383,23118900,55.66122896512168,6.3433442419506605,8.657265157712878,-2.3139209157622176,-0.014215349829354018,-0.007295913459442138,-0.004646348874766559,0.005829772546231293,0.09143569334485258,-,-
2023-12-08,370.708984375,370.93680102116286,364.765436714598,365.7263114622475,20144800,58.49844205364247,6.014037653003811,8.128619656771065,-2.1145820037672536,0.002634163141837842,0.008103258902030896,0.005213966988119267,0.008842094772619102,-0.12864366384213777,-,-
2023-12-11,367.8065490722656,368.10374460980563,362.6554922898368,365.0131044942587,27708800,55.106169957770646,5.455964573092217,7.594088640035295,-2.138124066943078,-0.0019501111777746605,-0.007637571692962308,-0.005784386930311358,-0.007829417211529854,0.3754815138397998,-,-
2023-12-12,370.8576354980469,370.8972676209592,366.974503674847,367.3608488547249,24838300,57.871811023342126,5.199943104869476,7.115259533002132,-1.9153164281326562,0.006431945405683814,0.007588955700830402,0.011909405694477737,0.008295356440708224,-0.1035952477191362,-,-
2023-12-13,370.84765625,374.0869091144722,367.2815215613571,372.48212583174757,30955500,57.85925621767052,4.939301808214111,6.680067988044528,-1.740766179830417,0.013940726108916168,0.008599797766029038,0.0008366191204991491,-2.6908568387606913e-05,0.24628094515325127,-,-
2023-12-14,362.4870910644531,370.24343838413614,360.70403869901645,369.79766017755225,43277500,48.388081867285436,4.011867651494981,6.146427920734619,-2.134560269239638,-0.007206965027384715,-0.010274272199030432,-0.01790855917384304,-0.022544473571947665,0.3980552728917317,-,-
2023-12-15,367.2419128417969,368.8961833355917,362.833769592936,363.39841387280694,78478200,53.09102982370491,3.6188281815859114,5.640907972904878,-2.0220797913189665,-0.017304723620135465,-0.0036388357196128762,0.005904372187239826,0.013117216845932589,0.8133718444919416,-,-
2023-12-18,369.1438293457031,369.4905423350022,365.21118080921997,365.9739554317672,21802900,54.862757950879136,3.4213709028338144,5.197000558890665,-1.775629656056851,0.007087376996262051,0.0016111822953446264,0.006552342740729911,0.005178920045342261,-0.722178898088896,-,-
2023-12-19,369.74810791015625,369.74810791015625,366.36027245806446,367.9947420109948,20603700,55.43863542071744,3.27588248270996,4.812776943654525,-1.5368944609445645,0.0055216677286324956,0.0006970829984613847,0.0031463758757286353,0.0016369732240253398,-0.055001857551059685,-,-
2023-12-20,367.1329650878906,372.4920679743351,367.0438154931247,371.47176008252643,26316700,52.32716835118198,2.9159484528286725,4.433411245489355,-1.517462792660682,0.009448553673703675,0.007421160529226034,0.001865767351012515,-0.007072768639835969,0.2772802943160695,-,-
2023-12-21,370.0254821777344,370.8872917707244,366.5584126323143,369.0546918220557,17708000,55.31450685733258,2.8314607790023274,4.1130211521919495,-1.2815603731896221,-0.006506734885940557,-0.004308215775808866,-0.0013224657120520789,0.00787866349498545,-0.3271192816728541,-,v
2023-12-22,371.05572509765625,371.65008600262695,369.20332395768446,370.16419885542587,17091100,56.36335645184671,2.8151839936449505,3.85345372048255,-1.0382697268375995,0.003006348538457715,0.0020566739514333854,0.0072155248228424895,0.002784248570824044,-0.0348373616444545,-,v
2023-12-26,371.13494873046875,373.393495737859,369.98585916804944,371.47174615266005,12673100,56.448011808398164,2.776669491567702,3.6380968746995808,-0.8614273831318786,0.0035323440280752294,0.004690997798449947,0.00211952374094726,0.00021350871972569685,-0.2584971125322536,-,v
2023-12-27,370.550537109375,371.5312129344826,369.30238225527376,370.1741075355698,14905400,55.591253459460255,2.6682316242511206,3.444123824609889,-0.7758922003587685,-0.0034932363780822984,-0.004987453784368601,-0.0018473055005738814,-0.0015746607078983565,0.17614474753611975,v,v
2023-12-28,371.7491455078125,372.91803612376333,370.63968795840486,371.8382951076273,14327000,57.03171244640146,2.648481467975273,3.284995353282966,-0.6365138853076928,0.004495688753426874,0.0037327232302426516,0.003621167280222659,0.00323466917033155,-0.03880472848766214,-,v
2023-12-29,372.50201416015625,373.61147173786514,369.9661024881211,372.46238203796617,18723000,57.954243792368054,2.662883472014755,3.160572977029324,-0.49768950501456866,0.0016783826156427928,0.001859485320982568,-0.0018173592633698998,0.002025206140864988,0.30683325190200317,-,v
